name,yomi_kana,yomi_romaji,yomi_source,gym,orgs,source_urls
COMACHI,COMACHI,,published_kana,MSJキックボクシングジム,K-1,https://www.k-1.co.jp/fighter/809
HASE・FLYSKYGYM,HaseFlyskyGym,,published_kana,FLYSKY GYM,K-1,https://www.k-1.co.jp/fighter/652
“KONG” 光生,“コング” コウセイ,“Kong” Kosei,published_kana,K-1ジム蒲田チームアスラ,K-1 WORLD GP|Krush|Krush-EX,https://www.k-1.co.jp/fighter/1114
“TANK” 和将,“タンク” カズマサ,“TANK” Kazumasa,published_kana,K-1ジム蒲田チームアスラ,Krush|Krush-EX,https://www.k-1.co.jp/fighter/884
“DARUMA” 健太,“ダルマ” ケンタ,“DARUMA” Kenta,published_kana,K-1ジム蒲田チームアスラ,Krush|Krush-EX,https://www.k-1.co.jp/fighter/1291
“ブラックパンサー”ベイノア,“ブラックパンサー”ベイノア,,published_kana,極真会館,RISE,https://rise-rc.com/fighter/beynoah/|https://ja.wikipedia.org/wiki/“ブラックパンサー”ベイノア|https://www.k-1.co.jp/fighter/1256
相内 誠,アイウチ マコト,Makoto Aiuchi,published_kana,K26,RISE,https://rise-rc.com/fighter/aiuchi_makoto/|https://ja.wikipedia.org/wiki/相内誠
AIKO,アイコ,,published_kana,AX GYM,K-1,https://www.k-1.co.jp/fighter/1098
愛鷹 亮,アイタカ リョウ,Aitaka Ryo,published_kana,力道場静岡,K-1 WORLD GP|Krush|Krush-EX|RISE,https://www.k-1.co.jp/fighter/793|https://rise-rc.com/fighter/aitaka_ryo/|https://ja.wikipedia.org/wiki/愛鷹亮
アイマン・ラマー,アイマン・ラマー,,published_kana,URBAN MULTI BOXING,RISE,https://rise-rc.com/fighter/aiman-lahmar/
aimi-,アイミ,,published_kana,DANGER GYM,K-1,https://www.k-1.co.jp/fighter/1478
相見梨夏,アイミ リカ,Rika Aimi,converted,サクシードジム team EXCEED,RISE,https://rise-rc.com/fighter/aimi_rika/
アイメリック・ラジジ,アイメリック・ラジジ,,published_kana,MARSEILLE BOXE PIEDS POINGS,K-1 WORLD GP,https://www.k-1.co.jp/fighter/1660
愛来,アイラ,AIRA,converted,一神會舘,KNOCK OUT,https://knockoutkb.com/fighters/aira_419
アイリン・ゴンザレス,アイリン・ゴンザレス,,published_kana,アルゼンチン,KNOCK OUT,https://knockoutkb.com/fighters/ayelen_gonzalez
青木 朋哉,アオキ トモヤ,Aoki Tomoya,published_kana,,K-1,https://www.k-1.co.jp/fighter/635
青木 繭,アオキ マユ,Aoki Mayu,published_kana,WORLD TREE GYM,Krush|Krush-EX,https://www.k-1.co.jp/fighter/1382
青津潤平,アオツ ジュンペイ,,published_kana,,,https://ja.wikipedia.org/wiki/青津潤平|https://www.k-1.co.jp/fighter/211
赤田 功輝,アカダ コウキ,Akada Koki,published_kana,RAIGHT,K-1 WORLD GP|Krush|Krush-EX,https://www.k-1.co.jp/fighter/1112
AKARI,アカリ,,published_kana,TARGET,RISE,https://rise-rc.com/fighter/akari/|https://ja.wikipedia.org/wiki/AKARI_(キックボクサー)
アガティーノ・ラ・ローザ,アガティーノ・ラ・ローザ,,published_kana,Team Cutispoto,K-1,https://www.k-1.co.jp/fighter/1504
晃弘,アキヒロ,Akihiro,published_kana,K-1 GYM横浜infinity,K-1,https://www.k-1.co.jp/fighter/910
秋元 和也,アキモト カズヤ,Akimoto Kazuya,published_kana,K-1ジム三軒茶屋シルバーウルフ,K-1,https://www.k-1.co.jp/fighter/54
秋元皓貴,アキモト ヒロキ,,published_kana,,,https://ja.wikipedia.org/wiki/秋元皓貴
秋元 僚平,アキモト リョウヘイ,Akimoto Ryohei,published_kana,K-1ジム五反田チームキングス,K-1,https://www.k-1.co.jp/fighter/698
AKIRA,アキラ,,published_kana,,K-1,https://www.k-1.co.jp/fighter/494
AKIRA Jr.,アキラ ジュニア,,published_kana,Team Aj,K-1 WORLD GP,https://www.k-1.co.jp/fighter/1295|https://ja.wikipedia.org/wiki/AKIRA_Jr
アキレアス・カラピペリス,アキレアス・カラピペリス,,published_kana,KRITIKOS CAMP,K-1 WORLD GP,https://www.k-1.co.jp/fighter/1743
明世流,アクセル,Akuseru,published_kana,GRANDIR GYM×a,K-1 WORLD GP|Krush|Krush-EX,https://www.k-1.co.jp/fighter/1266
アクラム・ハミディ,アクラム・ハミディ,,published_kana,Team Valente,K-1,https://www.k-1.co.jp/fighter/893
明戸 仁志,アケト ヒトシ,Aketo Hitoshi,published_kana,ALONZA ABLAZE,K-1,https://www.k-1.co.jp/fighter/212
麻原将平,アサハラ ショウヘイ,Shohei Asahara,published_kana,パウンドフォーパウンド,RISE,https://rise-rc.com/fighter/asahara_syohei/|https://ja.wikipedia.org/wiki/麻原将平|https://www.k-1.co.jp/fighter/586
朝久 泰央,アサヒサ タイオウ,Asahisa Taio,published_kana,朝久道場,K-1 WORLD GP|Krush|Krush-EX,https://www.k-1.co.jp/fighter/104
朝久 裕貴,アサヒサ ヒロタカ,Asahisa Hirotaka,published_kana,朝久道場,K-1 WORLD GP|Krush|Krush-EX,https://www.k-1.co.jp/fighter/168
旭野 穂,アサヒノ ミノル,ASAHINO Minoru,published_kana,キャピタルレイズ fightingGlaNz池袋,KNOCK OUT,https://knockoutkb.com/fighters/asahino_minoru_119|https://ja.wikipedia.org/wiki/旭野穂
阿佐美ザウルス,アサミ ザウルス,Asami Zaurus,published_kana,TANG TANG FIGHT CLUB,K-1,https://www.k-1.co.jp/fighter/354
浅利 一徹,アサリ イッテツ,Asari Ittetsu,published_kana,池袋BLUE DOG GYM,K-1,https://www.k-1.co.jp/fighter/651
足利 正和,アシカガ マサカズ,Ashikaga Masakazu,published_kana,,K-1,https://www.k-1.co.jp/fighter/806
芦澤竜誠,アシザワ リュウセイ,,published_kana,,,https://ja.wikipedia.org/wiki/芦澤竜誠|https://www.k-1.co.jp/fighter/708
アシュラフ・アーシラ,アシュラフ・アーシラ,,published_kana,Hammer crew 69/ Empire Fight gym,RISE,https://rise-rc.com/fighter/achraf-aasila/
アジス・カトゥー,アジス・カトゥー,,published_kana,,,https://ja.wikipedia.org/wiki/アジス・カトゥー
アジス・ヤヤ,アジス・ヤヤ,,published_kana,,,https://ja.wikipedia.org/wiki/アジス・ヤヤ
アスランベック・ジクレーブ,アスランベック・ジクレーブ,,published_kana,Kuzbass Muay Thai,K-1 WORLD GP,https://www.k-1.co.jp/fighter/1553
アスラン・コシエフ,アスラン・コシエフ,,published_kana,Fight Club TITAN,K-1 WORLD GP,https://www.k-1.co.jp/fighter/1696
AZUMA,アズマ,,published_kana,,,https://ja.wikipedia.org/wiki/AZUMA
東里美,アズマ サトミ,,published_kana,,,https://ja.wikipedia.org/wiki/東里美
アゼム・マクスタイ,アゼム・マクスタイ,,published_kana,,,https://ja.wikipedia.org/wiki/アゼム・マクスタイ
安達 元貴,アダチ ゲンキ,Adachi Genki,published_kana,RBアカデミー,K-1,https://www.k-1.co.jp/fighter/749
足立 麻衣子,アダチ マイコ,Adachi Maiko,published_kana,ONESIDE KICKBOXING GYM,K-1,https://www.k-1.co.jp/fighter/1535
アダム・ブアフフ,アダム・ブアフフ,,published_kana,Club Royal Rabat,K-1,https://www.k-1.co.jp/fighter/1045
アダム・ワット,アダム・ワット,,published_kana,,,https://ja.wikipedia.org/wiki/アダム・ワット
敦YAMATO,アツシヤマト,Atsushi Yamato,published_kana,大和ジム,K-1,https://www.k-1.co.jp/fighter/815
アティラ・カラチ,アティラ・カラチ,,published_kana,,,https://ja.wikipedia.org/wiki/アティラ・カラチ
アティ・フェロージム,アティ・フェロージム,,published_kana,FELLOWGYM,RISE,https://rise-rc.com/fighter/artty_fellowgym/
後川聡之,アトカワ トシユキ,,published_kana,,,https://ja.wikipedia.org/wiki/後川聡之
アトム山田,アトムヤマダ,,published_kana,,,https://ja.wikipedia.org/wiki/アトム山田
アドナン・レズヴィッチ,アドナン・レズヴィッチ,,published_kana,Gladiator Gym Sarajevo,K-1,https://www.k-1.co.jp/fighter/1471
アナトリー・ノスイレフ,アナトリー・ノスイレフ,,published_kana,,,https://ja.wikipedia.org/wiki/アナトリー・ノスイレフ
寧仁太・アリ,アニンタ アリ,Ayinta Ali,published_kana,,K-1,https://www.k-1.co.jp/fighter/988
アヌワット・ゲーオサムリット,アヌワット・ゲーオサムリット,,published_kana,,,https://ja.wikipedia.org/wiki/アヌワット・ゲーオサムリット
アビラル・ヒマラヤン・チーター,アビラル・ヒマラヤン・チーター,,published_kana,志村道場,K-1 WORLD GP|Krush|Krush-EX,https://www.k-1.co.jp/fighter/1121
アフマド・アコーダッド,アフマド・アコーダッド,,published_kana,Brutal Gym,RISE,https://rise-rc.com/fighter/ahmed-akoudad/
アフマド・チクムーサ,アフマド・チクムーサ,,published_kana,ドイツ,KNOCK OUT,https://knockoutkb.com/fighters/ahmad_chickmousa_628
アブデラ・エズビリ,アブデラ・エズビリ,,published_kana,Team EZBIRI,RISE,https://rise-rc.com/fighter/abdallah_ezbiri/
アブネル・フェレイラ,アブネル・フェレイラ,,published_kana,生年月日,K-1 WORLD GP,https://www.k-1.co.jp/fighter/1513
アブラーム・ハツィゲオルギウ,アブラーム・ハツィゲオルギウ,,published_kana,AIAS CHOLARGOU,K-1 WORLD GP,https://www.k-1.co.jp/fighter/1773
アブロール・ハキモフ,アブロール・ハキモフ,,published_kana,Osh Asia Sports Club,K-1 WORLD GP,https://www.k-1.co.jp/fighter/1753
安倍基江,アベ モトエ,,published_kana,,,https://ja.wikipedia.org/wiki/安倍基江
天田ヒロミ,アマダ ヒロミ,,published_kana,,,https://ja.wikipedia.org/wiki/天田ヒロミ
天野 颯大,アマノ ソウタ,Amano Sota,published_kana,キング・ムエ,K-1 WORLD GP|Krush|Krush-EX,https://www.k-1.co.jp/fighter/1206
アマラ忍,アマラ シノブ,,published_kana,,,https://ja.wikipedia.org/wiki/アマラ忍
アマンシオ・パラスキフ,アマンシオ・パラスキフ,,published_kana,Amansio Fight Club,K-1,https://www.k-1.co.jp/fighter/1383
愛弥,アミ,Ami,converted,NEXT LEVEL 渋谷,RISE,https://rise-rc.com/fighter/ami/
アミール・ゼヤダ,アミール・ゼヤダ,,published_kana,,,https://ja.wikipedia.org/wiki/アミール・ゼヤダ
アム・ザ・ロケット,アム・ザ・ロケット,,published_kana,タイ/Elite Fight Club,KNOCK OUT,https://knockoutkb.com/fighters/amp_the_rocket_414
雨宮 空,アメミヤ ソラ,Amemiya Sora,published_kana,K-1ジム三軒茶屋シルバーウルフ,K-1 WORLD GP|Krush|Krush-EX,https://www.k-1.co.jp/fighter/1479
綾香,アヤカ,Ayaka,published_kana,K-1 GYM SAGAMI-ONO KREST,K-1,https://www.k-1.co.jp/fighter/1210
恵音,アヤネ,Ayane,published_kana,NEXT LEVEL渋谷,Krush|Krush-EX|KNOCK OUT,https://www.k-1.co.jp/fighter/1508|https://knockoutkb.com/fighters/ayane_489
アヤブ・セギリ,アヤブ・セギリ,,published_kana,Kaizen Fight Club Burriana,K-1 WORLD GP,https://www.k-1.co.jp/fighter/1299
綾芽,アヤメ,Ayame,converted,楠誠会館,RISE,https://rise-rc.com/fighter/ayame/
愛弓,アユミ,,published_kana,,,https://ja.wikipedia.org/wiki/愛弓
歩夢,アユム,Ayumu,published_kana,BLAITE,K-1 WORLD GP|Krush|Krush-EX,https://www.k-1.co.jp/fighter/1434
新井 昂弥,アライ タカヤ,ARAI Takaya,converted,Ten Clover Gym,KNOCK OUT,https://knockoutkb.com/fighters/arai_takaya_179
新井 真惺,アライ マサト,Arai Masato,published_kana,team M m,K-1 WORLD GP|Krush|Krush-EX,https://www.k-1.co.jp/fighter/1525
新井 優騎,アライ ユウキ,Arai Yuki,published_kana,Y’ZD GYM,K-1,https://www.k-1.co.jp/fighter/1082
荒木 虎之介,アラキ トラノスケ,Araki Toranosuke,published_kana,K-1ジム目黒TEAM TIGER,K-1,https://www.k-1.co.jp/fighter/169
新太,アラタ,Arata,published_kana,TEAM ONE,K-1,https://www.k-1.co.jp/fighter/1185
アラッサン・カマラ,アラッサン・カマラ,,published_kana,Emergence Le Havre,K-1 WORLD GP,https://www.k-1.co.jp/fighter/1686
アラン・クドー,アラン・クドー,,published_kana,Brazilian Thai,K-1 WORLD GP|Krush|Krush-EX,https://www.k-1.co.jp/fighter/1188
アラン・レヴェック,アラン・レヴェック,,published_kana,Mahmoudi Gym,K-1 WORLD GP,https://www.k-1.co.jp/fighter/1779
アリエル・ビジャルバ,アリエル・ビジャルバ,,published_kana,Brazilian TKO,K-1 WORLD GP,https://www.k-1.co.jp/fighter/1632
アリエル・マチャド,アリエル・マチャド,,published_kana,Hemmers Gym/Madison Team,K-1 WORLD GP,https://www.k-1.co.jp/fighter/1403|https://ja.wikipedia.org/wiki/アリエル・マチャド
ARISA,アリサ,,published_kana,SUBMIT MMA,K-1,https://www.k-1.co.jp/fighter/1195
アリシェル・カルメノフ,アリシェル・カルメノフ,,published_kana,Nural sports school,RISE,https://rise-rc.com/fighter/alisher-karmenov/
ARINA,アリナ,,published_kana,闘神塾,K-1,https://www.k-1.co.jp/fighter/1152
有馬 大翔,アリマ ダイト,Arima Daito,published_kana,SHINE SPORTS CLUB,Krush|Krush-EX,https://www.k-1.co.jp/fighter/1302
アリヤン・モハマディ,アリヤン・モハマディ,,published_kana,K-1ジム目黒TEAM TIGER,Krush|Krush-EX,https://www.k-1.co.jp/fighter/1430
アリン・ネキタ,アリン・ネキタ,,published_kana,TORNADO FIGHT GYM,K-1 WORLD GP,https://www.k-1.co.jp/fighter/1473
アリ・グンヤー,アリ・グンヤー,,published_kana,,,https://ja.wikipedia.org/wiki/アリ・グンヤー
アリ・ザリンファー,アリ・ザリンファー,,published_kana,WSRフェアテックス・イラン,K-1,https://www.k-1.co.jp/fighter/939
アリ・ラーマリ,アリ・ラーマリ,,published_kana,Team Jesus Cabello,K-1 WORLD GP,https://www.k-1.co.jp/fighter/1593
アルコラック・カバジェロ,アルコラック・カバジェロ,,published_kana,Fighter 360,K-1 WORLD GP,https://www.k-1.co.jp/fighter/1778
アルトゥール・キシェンコ,アルトゥール・キシェンコ,,published_kana,,,https://ja.wikipedia.org/wiki/アルトゥール・キシェンコ
アルバン・ガロニア,アルバン・ガロニア,,published_kana,,,https://ja.wikipedia.org/wiki/アルバン・ガロニア
アルバート・クラウス,アルバート・クラウス,,published_kana,,,https://ja.wikipedia.org/wiki/アルバート・クラウス
アルビアール・リマ,アルビアール・リマ,,published_kana,,,https://ja.wikipedia.org/wiki/アルビアール・リマ
アルビオン・モリーナ,アルビオン・モリーナ,,published_kana,Gladiators Gym,K-1 WORLD GP,https://www.k-1.co.jp/fighter/1656
アルフォセヌー・カマラ,アルフォセヌー・カマラ,,published_kana,Emergence Le Havre,K-1 WORLD GP,https://www.k-1.co.jp/fighter/1661
アルベルト・エナケ,アルベルト・エナケ,,published_kana,SCORPIONS IASI,K-1 WORLD GP,https://www.k-1.co.jp/fighter/1732
アルベルト・カンポス,アルベルト・カンポス,,published_kana,Phuket fight club,RISE,https://rise-rc.com/fighter/albert_campos/
アレキサンダー・ピチュクノフ,アレキサンダー・ピチュクノフ,,published_kana,,,https://ja.wikipedia.org/wiki/アレキサンダー・ピチュクノフ
アレクサンダー・ウスティノフ,アレクサンダー・ウスティノフ,,published_kana,,,https://ja.wikipedia.org/wiki/アレクサンダー・ウスティノフ
アレクサンダー・プリリップ,アレクサンダー・プリリップ,,published_kana,,K-1,https://www.k-1.co.jp/fighter/36
アレクサンドル・アマリティ,アレクサンドル・アマリティ,,published_kana,SCORPIONS SCOBINTI,K-1 WORLD GP,https://www.k-1.co.jp/fighter/1496
アレクセイ・イグナショフ,アレクセイ・イグナショフ,,published_kana,,,https://ja.wikipedia.org/wiki/アレクセイ・イグナショフ
アレクセイ・クジン,アレクセイ・クジン,,published_kana,,,https://ja.wikipedia.org/wiki/アレクセイ・クジン
アレスター・タグレ,アレスター・タグレ,,published_kana,WCCS Philippines TRIBU BANWAR,RISE,https://rise-rc.com/fighter/alester_tagure/
アレックス・ゴング,アレックス・ゴング,,published_kana,,,https://ja.wikipedia.org/wiki/アレックス・ゴング
アレックス・リーバス,アレックス・リーバス,,published_kana,Team Jesus Cabello,K-1,https://www.k-1.co.jp/fighter/917
アレックス・ロバーツ,アレックス・ロバーツ,,published_kana,,,https://ja.wikipedia.org/wiki/アレックス・ロバーツ
アレッサンドロ・アバター,アレッサンドロ・アバター,,published_kana,R8 Centro de Lutas,K-1 WORLD GP,https://www.k-1.co.jp/fighter/1681
アレン・クラーク,アレン・クラーク,,published_kana,ドイツ,KNOCK OUT,https://knockoutkb.com/fighters/alen_kalac_513
空龍,アロン,Aron,published_kana,ホライズンキックボクシングジム,Krush|Krush-EX|RISE,https://www.k-1.co.jp/fighter/1724|https://rise-rc.com/fighter/aron/
アワターン・トー.モースィー,アワターン・トー.モースィー,,published_kana,トー.モースィージム,K-1,https://www.k-1.co.jp/fighter/1071
粟納 貴之,アワノ タカユキ,Awano Takayuki,published_kana,,K-1,https://www.k-1.co.jp/fighter/103
アンゲロス・カポニス,アンゲロス・カポニス,,published_kana,DIAMOND CAMP,K-1,https://www.k-1.co.jp/fighter/1614
アンジェロス・マルティノス,アンジェロス・マルティノス,,published_kana,FFK-POLITIS TEAM,K-1 WORLD GP,https://www.k-1.co.jp/fighter/1410
アンダーソン・ブラドック・シルバ,アンダーソン・ブラドック・シルバ,,published_kana,,,https://ja.wikipedia.org/wiki/アンダーソン・ブラドック・シルバ
アンディ・オロゴン,アンディ・オロゴン,,published_kana,,,https://ja.wikipedia.org/wiki/アンディ・オロゴン
アンディ・サワー,アンディ・サワー,,published_kana,TEAM SOUWER,SHOOT BOXING,https://shootboxing.org/fighter/andy_sower/|https://ja.wikipedia.org/wiki/アンディ・サワー
アンディ・ターランド,アンディ・ターランド,,published_kana,Tornado gym,RISE,https://rise-rc.com/fighter/andy-turland/
アンディ・ハウソン,アンディ・ハウソン,,published_kana,,K-1,https://www.k-1.co.jp/fighter/101
アンディ・フグ,アンディ・フグ,,published_kana,,,https://ja.wikipedia.org/wiki/アンディ・フグ
アンデルソン・ブラドック,アンデルソン・ブラドック,,published_kana,生年月日,K-1 WORLD GP,https://www.k-1.co.jp/fighter/1515
アントニア・プリフティ,アントニア・プリフティ,,published_kana,Fight Club Galatsi/Theofanous Elite Team,K-1 WORLD GP,https://www.k-1.co.jp/fighter/1429
アントニオ・オルデン,アントニオ・オルデン,,published_kana,El Origen Thaimartin/Orden Team,K-1 WORLD GP,https://www.k-1.co.jp/fighter/754
アントニオ・カンパーニャ,アントニオ・カンパーニャ,,published_kana,,K-1,https://www.k-1.co.jp/fighter/440
アントニオ・ゴメス,アントニオ・ゴメス,,published_kana,MTK Marbella,K-1,https://www.k-1.co.jp/fighter/1000
アントニオ・プラチバット,アントニオ・プラチバット,,published_kana,Ameno Gym,K-1,https://www.k-1.co.jp/fighter/825
アントニー・ハードンク,アントニー・ハードンク,,published_kana,,,https://ja.wikipedia.org/wiki/アントニー・ハードンク
安東辰也,アンドウ タツヤ,,published_kana,,,https://ja.wikipedia.org/wiki/安東辰也
安東 雅喬,アンドウ マサタカ,Ando Masataka,published_kana,湘南格闘クラブ,K-1,https://www.k-1.co.jp/fighter/895
安藤 優介,アンドウ ユウスケ,Ando Yusuke,published_kana,猛者連 team OGRE,K-1,https://www.k-1.co.jp/fighter/1461
アンドリュー“KEN”ブリュースター,アンドリュー“KEN”ブリュースター,,published_kana,,K-1,https://www.k-1.co.jp/fighter/102
アンドリュー・トムソン,アンドリュー・トムソン,,published_kana,,,https://ja.wikipedia.org/wiki/アンドリュー・トムソン
アンドレイ・アヴデーエフ,アンドレイ・アヴデーエフ,,published_kana,Fight Club Alexander Nevsky/FightRepublic,K-1 WORLD GP,https://www.k-1.co.jp/fighter/1754
アンドレイ・エリン,アンドレイ・エリン,,published_kana,SPK MASHINA,K-1 WORLD GP,https://www.k-1.co.jp/fighter/1760
アンドレイ・ヴァルガ,アンドレイ・ヴァルガ,,published_kana,GRAND MMA SATU-MARE,K-1 WORLD GP,https://www.k-1.co.jp/fighter/1730
アンドレ・グロース,アンドレ・グロース,,published_kana,Firewalker Gym,K-1,https://www.k-1.co.jp/fighter/902
アンドレ・デデ,アンドレ・デデ,,published_kana,CM System,K-1 WORLD GP,https://www.k-1.co.jp/fighter/1645
アンドレ・マルティンス,アンドレ・マルティンス,,published_kana,Canguboxe,K-1 WORLD GP,https://www.k-1.co.jp/fighter/1628
アンバー・ボイナザロフ,アンバー・ボイナザロフ,,published_kana,Anvar Muaythai,RISE,https://rise-rc.com/fighter/anvar-boynazarov/
アンビ・エンスエ・アボモ,アンビ・エンスエ・アボモ,,published_kana,Pure Impact,K-1,https://www.k-1.co.jp/fighter/1317
安保 璃紅,アンポ リク,Anpo Riku,published_kana,team ALL-WIN,K-1 WORLD GP|Krush|Krush-EX,https://www.k-1.co.jp/fighter/724|https://ja.wikipedia.org/wiki/安保璃紅
安保瑠輝也,アンポ ルキヤ,,published_kana,,,https://ja.wikipedia.org/wiki/安保瑠輝也|https://www.k-1.co.jp/fighter/260
アーサー・メイヤー,アーサー・メイヤー,,published_kana,Singpatong Phuket,K-1,https://www.k-1.co.jp/fighter/1007
アーシュイン・バルラック,アーシュイン・バルラック,,published_kana,,,https://ja.wikipedia.org/wiki/アーシュイン・バルラック
アースラン・マゴメドフ,アースラン・マゴメドフ,,published_kana,,,https://ja.wikipedia.org/wiki/アースラン・マゴメドフ
アーネスト・ホースト,アーネスト・ホースト,,published_kana,,,https://ja.wikipedia.org/wiki/アーネスト・ホースト
アーロン・アルバレス,アーロン・アルバレス,,published_kana,Team Marcelo Salas,K-1 WORLD GP,https://www.k-1.co.jp/fighter/1788
アーロン・クラーク,アーロン・クラーク,,published_kana,SOMA FIGHT CLUB,K-1 WORLD GP|Krush|Krush-EX,https://www.k-1.co.jp/fighter/1367
イアン・シャファー,イアン・シャファー,,published_kana,,,https://ja.wikipedia.org/wiki/イアン・シャファー
飯塚 祐己,イイズカ ユウキ,Izuka Yuki,published_kana,KFG URAWA,K-1,https://www.k-1.co.jp/fighter/61
飯田なお,イイダ ナオ,,published_kana,,,https://ja.wikipedia.org/wiki/飯田なお
イェトキン・オズクル,イェトキン・オズクル,,published_kana,,K-1,https://www.k-1.co.jp/fighter/266
庵谷鷹志,イオタニ タカシ,,published_kana,,,https://ja.wikipedia.org/wiki/庵谷鷹志
イオヌット・イフティモアイエ,イオヌット・イフティモアイエ,,published_kana,,,https://ja.wikipedia.org/wiki/イオヌット・イフティモアイエ
イオヌット・ポパ,イオヌット・ポパ,,published_kana,Team Super Pro Alin Balasa Sibiu,K-1 WORLD GP,https://www.k-1.co.jp/fighter/1523
五十嵐 充,イガラシ ミツル,Igarashi Mitsuru,published_kana,,K-1,https://www.k-1.co.jp/fighter/215
猪狩元秀,イガリ ゲンシュウ,,published_kana,,,https://ja.wikipedia.org/wiki/猪狩元秀
イグナシオ・エル・フィーノ,イグナシオ・エル・フィーノ,,published_kana,Picante Fight Club,K-1,https://www.k-1.co.jp/fighter/1635
池内 紀子,イケウチ ノリコ,Ikeuchi Noriko,published_kana,POWER OF DREAM,K-1 WORLD GP|Krush|Krush-EX,https://www.k-1.co.jp/fighter/1151|https://ja.wikipedia.org/wiki/池内紀子
池田 幸司,イケダ コウジ,Ikeda Koji,published_kana,ReBORN経堂,K-1 WORLD GP|Krush|Krush-EX|RISE,https://www.k-1.co.jp/fighter/1002|https://rise-rc.com/fighter/ikeda_koji/
池野 翔,イケノ ショウ,Ikeno Sho,published_kana,,K-1,https://www.k-1.co.jp/fighter/108
池野興信,イケノクニノブ,,published_kana,,,https://ja.wikipedia.org/wiki/池野興信
イゴール・シウバ,イゴール・シウバ,,published_kana,Brazilian Thai,K-1 WORLD GP|Krush|Krush-EX,https://www.k-1.co.jp/fighter/1310
イゴール・ベクレフ,イゴール・ベクレフ,,published_kana,Kuzbass Muay Thai,K-1 WORLD GP,https://www.k-1.co.jp/fighter/1591
イゴール・ミヒャレヴィッチ,イゴール・ミヒャレヴィッチ,,published_kana,Old Lion Gym,K-1,https://www.k-1.co.jp/fighter/1474
イゴール・ユルコビッチ,イゴール・ユルコビッチ,,published_kana,,,https://ja.wikipedia.org/wiki/イゴール・ユルコビッチ
伊澤 波人,イザワ ナミト,Izawa Namito,published_kana,K-1 GYM SAGAMI-ONO KREST,K-1 WORLD GP|Krush|Krush-EX,https://www.k-1.co.jp/fighter/106
石井 一成,イシイ イッセイ,Ishii Issei,published_kana,ウォーワンチャイプロモーション,K-1 WORLD GP|RISE,https://www.k-1.co.jp/fighter/1292|https://rise-rc.com/fighter/ishii_issei/
石井 慧,イシイ サトシ,Ishii Satoshi,published_kana,チーム・クロコップ,K-1,https://www.k-1.co.jp/fighter/1190
石井 振一朗,イシイ シンイチロウ,Ishii Shinichiro,published_kana,,K-1,https://www.k-1.co.jp/fighter/579
石井達也,イシイ タツヤ,,published_kana,,,https://ja.wikipedia.org/wiki/石井達也
石井宏和,イシイ ヒロカズ,,published_kana,,,https://ja.wikipedia.org/wiki/石井宏和
石井宏樹,イシイ ヒロキ,,published_kana,,,https://ja.wikipedia.org/wiki/石井宏樹
石川 慶,イシカワ ケイ,Ishikawa Kei,published_kana,team NOVA,K-1 WORLD GP|Krush|Krush-EX,https://www.k-1.co.jp/fighter/1437
石川泰市,イシカワ タイチ,Taichi Ishikawa,converted,Ten Clover Gym,RISE,https://rise-rc.com/fighter/ishikawa_taichi/
石川直生,イシカワ ナオキ,,published_kana,,,https://ja.wikipedia.org/wiki/石川直生|https://www.k-1.co.jp/fighter/171
石川 優斗,イシカワ マサト,Ishikawa Masato,published_kana,K-1 GYM SAGAMI-ONO KREST,K-1 WORLD GP|Krush|Krush-EX,https://www.k-1.co.jp/fighter/1425
石川 祐樹,イシカワ ユウキ,Ishikawa Yuki,published_kana,K-1ジム三軒茶屋シルバーウルフ,K-1,https://www.k-1.co.jp/fighter/270
石黒竜也,イシグロ タツヤ,,published_kana,,,https://ja.wikipedia.org/wiki/石黒竜也|https://www.k-1.co.jp/fighter/529
石毛慎也,イシゲ シンヤ,,published_kana,,,https://ja.wikipedia.org/wiki/石毛慎也
石郷 慶人,イシゴウ ケイト,Ishigo Keito,published_kana,SHINE SPORTS CLUB,K-1 WORLD GP|Krush|Krush-EX,https://www.k-1.co.jp/fighter/1204
石田勝希,イシダ カツキ,,published_kana,,,https://ja.wikipedia.org/wiki/石田勝希|https://www.k-1.co.jp/fighter/746
石田 協,イシダ カノウ,Ishida Kano,published_kana,K-1 GYM SAGAMI-ONO KREST,Krush|Krush-EX|KNOCK OUT,https://www.k-1.co.jp/fighter/1290|https://knockoutkb.com/fighters/ishida_kanou_401
石田 圭祐,イシダ ケイスケ,Ishida Keisuke,published_kana,K-1 GYM SAGAMI-ONO KREST,K-1,https://www.k-1.co.jp/fighter/107
石田 迅,イシダ ジン,Jin Ishida,converted,LEGEND GYM,RISE,https://rise-rc.com/fighter/ishida_jin/
石田 龍大,イシダ リョウタ,Ishida Ryota,published_kana,POWER OF DREAM,K-1 WORLD GP|Krush|Krush-EX,https://www.k-1.co.jp/fighter/1042
石田 廉,イシダ レン,Ishida Ren,published_kana,top UN,Krush|Krush-EX,https://www.k-1.co.jp/fighter/1586
石塚 宏人,イシツカ ヒロト,Ishitsuka Hiroto,published_kana,ドージョー☆シャカリキ,K-1,https://www.k-1.co.jp/fighter/682
石原 海星,イシハラ カイセイ,ISHIHARA Kaisei,converted,クロスポイント・パラエストラ拝島,KNOCK OUT,https://knockoutkb.com/fighters/ishihara_kaisei_603
石橋 健太朗,イシバシ ケンタロウ,Ishibashi Kentaro,published_kana,K-1ジム目黒TEAM TIGER,K-1 WORLD GP,https://www.k-1.co.jp/fighter/1027
石橋 真幸,イシバシ マサユキ,Ishibashi Masayuki,published_kana,名古屋JKファクトリー,K-1,https://www.k-1.co.jp/fighter/170
イスマイル・アル・カディ,イスマイル・アル・カディ,,published_kana,ALEXY MUAY THAI CYPRUS,K-1,https://www.k-1.co.jp/fighter/1324
イスマエル・ロント,イスマエル・ロント,,published_kana,,,https://ja.wikipedia.org/wiki/イスマエル・ロント
磯部 心,イソベ シン,Isobe Shin,published_kana,,K-1,https://www.k-1.co.jp/fighter/105
磯部 由和,イソベ ヨシカズ,Isobe Yoshikazu,published_kana,,K-1,https://www.k-1.co.jp/fighter/214
板倉直人,イタクラ ナオト,,published_kana,,,https://ja.wikipedia.org/wiki/板倉直人
板橋寛,イタバシ カン,,published_kana,,,https://ja.wikipedia.org/wiki/板橋寛|https://www.k-1.co.jp/fighter/213
板橋 武留,イタバシ タケル,Itabashi Takeru,published_kana,KIWAMI GYM,Krush|Krush-EX,https://www.k-1.co.jp/fighter/1196
イッサム・チャディッド,イッサム・チャディッド,,published_kana,RG Fighters/Mejiro Gym,K-1,https://www.k-1.co.jp/fighter/852
一志,イッシ,Isshi,published_kana,拳心会,K-1 WORLD GP|Krush|Krush-EX,https://www.k-1.co.jp/fighter/1618
ISSEI,イッセイ,,published_kana,マッハキックボクシングジムプラス,K-1,https://www.k-1.co.jp/fighter/891
いつか,イツカ,,published_kana,,,https://ja.wikipedia.org/wiki/横瀬いつか
イティポン・シットポージョーウォー,イティポン・シットポージョーウォー,,published_kana,タイ/ノーナクシンムエタイジム,KNOCK OUT,https://knockoutkb.com/fighters/aitthiphon_por_jorwor_415
伊藤 健人,イトウ ケント,Ito Kento,published_kana,K-1ジム蒲田チームアスラ,K-1,https://www.k-1.co.jp/fighter/82
伊藤紗弥,イトウ サヤ,,published_kana,,,https://ja.wikipedia.org/wiki/伊藤紗弥
伊藤隆,イトウ タカシ,,published_kana,,,https://ja.wikipedia.org/wiki/伊藤隆_(キックボクサー)
伊藤 渚,イトウ ナギサ,Ito Nagisa,published_kana,K-1ジム川口ブルードラゴン,K-1 WORLD GP|Krush|Krush-EX,https://www.k-1.co.jp/fighter/1138
伊藤 将彦,イトウ マサヒコ,Ito Masahiko,published_kana,,K-1,https://www.k-1.co.jp/fighter/582
伊藤 佑一郎,イトウ ユウイチロウ,Ito Yuichiro,published_kana,池袋BLUE DOG GYM,K-1,https://www.k-1.co.jp/fighter/110
伊藤 友哉,イトウ ユウヤ,Ito Yuya,published_kana,,K-1,https://www.k-1.co.jp/fighter/433
伊奈 良太,イナ リョウタ,Ina Ryota,published_kana,,K-1,https://www.k-1.co.jp/fighter/109
稲垣 柊,イナガキ シュウ,Inagaki Shu,published_kana,K-1ジム大宮チームレオン,K-1 WORLD GP|Krush|Krush-EX,https://www.k-1.co.jp/fighter/995
稲垣 澪,イナガキ レイ,Inagaki Rei,published_kana,生年月日,K-1 WORLD GP|Krush|Krush-EX,https://www.k-1.co.jp/fighter/1065
稲毛忠治,イナゲチュウジ,,published_kana,,,https://ja.wikipedia.org/wiki/稲毛忠治
稲妻 ショーヘイ,イナズマ ショウヘイ,Inazuma Shohei,published_kana,,K-1,https://www.k-1.co.jp/fighter/112
稲津 航大,イナツ コウダイ,Inatsu Kodai,published_kana,K-1ジム琉球チーム琉神,Krush|Krush-EX,https://www.k-1.co.jp/fighter/1123
稲村 健心,イナムラ ケンシン,Inamura Kenshin,published_kana,T-KIX GYM,Krush|Krush-EX,https://www.k-1.co.jp/fighter/1790
犬童 凛,イヌドウ リン,Inudo Rin,published_kana,K-1ジム目黒TEAM TIGER,Krush|Krush-EX,https://www.k-1.co.jp/fighter/1217
井上 海山,イノウエ カイザン,Inoue Kaizan,published_kana,POWER OF DREAM,Krush|Krush-EX,https://www.k-1.co.jp/fighter/1213
井上 咲也,イノウエ サキヤ,Inoue Sakiya,published_kana,K-1ジム大宮チームレオン,K-1,https://www.k-1.co.jp/fighter/1094
井上 修一,イノウエ シュウイチ,Inoue Shuichi,published_kana,K-1ジム川口TEAM SIRIUS,K-1 WORLD GP|Krush|Krush-EX,https://www.k-1.co.jp/fighter/1088
井上 大和,イノウエ ヤマト,Inoue Yamato,published_kana,NJKF TOKEN GYM,Krush|Krush-EX,https://www.k-1.co.jp/fighter/1602
井上由久,イノウエ ヨシヒサ,,published_kana,,,https://ja.wikipedia.org/wiki/井上由久
猪瀬 尚希,イノセ ナオキ,Inose Naoki,published_kana,K-1ジム総本部チームペガサス,K-1 WORLD GP|Krush|Krush-EX,https://www.k-1.co.jp/fighter/1702
イブラヒム・エル・ボウニ,イブラヒム・エル・ボウニ,,published_kana,Gym Haarlem,K-1 WORLD GP,https://www.k-1.co.jp/fighter/741
今井教行,イマイ ノリユキ,,published_kana,,,https://ja.wikipedia.org/wiki/今井教行
今井 良次,イマイ リョウジ,Imai Ryoji,published_kana,ポゴナ・クラブジム,K-1,https://www.k-1.co.jp/fighter/457
イマッド・サヒ,イマッド・サヒ,,published_kana,Voodoo Fight-gym,RISE,https://rise-rc.com/fighter/imad-salhi/
今村 流星,イマムラ リュウセイ,Imamura Ryusei,published_kana,KINGS,Krush|Krush-EX|KNOCK OUT,https://www.k-1.co.jp/fighter/1364|https://knockoutkb.com/fighters/imamura_ryusei_433
イム・スジョン,イム・スジョン,,published_kana,,,https://ja.wikipedia.org/wiki/イム・スジョン_(格闘家)
イム・チビン,イム・チビン,,published_kana,,,https://ja.wikipedia.org/wiki/イム・チビン
イモト・ボルケーノ,イモト・ボルケーノ,,published_kana,FIGHT SCIENCE,SHOOT BOXING,https://shootboxing.org/fighter/imoto_volcano/
イリアス・バニス,イリアス・バニス,,published_kana,Vos Gym/Fearless,RISE,https://rise-rc.com/fighter/ilias-bannis/
イリアス・ブライド,イリアス・ブライド,,published_kana,,K-1,https://www.k-1.co.jp/fighter/18
イリアーナ・ヴァレンティーノ,イリアーナ・ヴァレンティーノ,,published_kana,Kick And Punch/Gracie Fighter Dojo,SHOOT BOXING,https://shootboxing.org/fighter/jieana_valentino/
入江 亮太,イリエ リョウタ,Irie Ryota,published_kana,K-1ジム福岡チームbeginning,K-1,https://www.k-1.co.jp/fighter/1141
岩尾 力,イワオ チカラ,Iwao Chikara,published_kana,POWER OF DREAM,K-1 WORLD GP|Krush|Krush-EX,https://www.k-1.co.jp/fighter/111
岩上 行統,イワガミ ユキト,Iwagami Yukito,published_kana,K-1ジム三軒茶屋シルバーウルフ,K-1 WORLD GP|Krush|Krush-EX,https://www.k-1.co.jp/fighter/1557
岩切 博史,イワキリ ヒロシ,Iwakiri Hiroshi,published_kana,月心会チーム侍,K-1,https://www.k-1.co.jp/fighter/593
岩切 康浩,イワキリ ヤスヒロ,Iwakiri Yasuhiro,published_kana,エイワスポーツジム,K-1,https://www.k-1.co.jp/fighter/474
岩﨑 悠斗,イワサキ ヒロト,Iwasaki Hiroto,published_kana,サイガジム,K-1 WORLD GP|Krush|Krush-EX,https://www.k-1.co.jp/fighter/268
岩下 文耶,イワシタ フミヤ,Iwashita Fumiya,published_kana,,K-1,https://www.k-1.co.jp/fighter/616
岩下雅大,イワシタ マサヒロ,,published_kana,,,https://ja.wikipedia.org/wiki/岩下雅大|https://www.k-1.co.jp/fighter/792
岩下 隆樹,イワシタ リュウキ,Iwashita Ryuki,published_kana,,K-1,https://www.k-1.co.jp/fighter/269
岩永唯伽,イワナガ ユイカ,Yuika Iwanaga,published_kana,OISHI GYM,RISE,https://rise-rc.com/fighter/iwanaga_yuika/|https://ja.wikipedia.org/wiki/岩永唯伽
岩政泰樹,イワマサ タイキ,Taiki Iwamasa,converted,リアルディール,RISE,https://rise-rc.com/fighter/iwamasa_taiki/
イワン・ストルガー,イワン・ストルガー,,published_kana,,,https://ja.wikipedia.org/wiki/イワン・ストルガー
イワン・チテンコフ,イワン・チテンコフ,,published_kana,,,https://ja.wikipedia.org/wiki/イワン・チテンコフ
イワン・ヒポリット,イワン・ヒポリット,,published_kana,,,https://ja.wikipedia.org/wiki/イワン・ヒポリット
イワン・ルーデン,イワン・ルーデン,,published_kana,,,https://ja.wikipedia.org/wiki/イワン・ルーデン
インディゴ・ボイド,インディゴ・ボイド,,published_kana,Beast Fight Club,K-1,https://www.k-1.co.jp/fighter/928
イヴァン・ガラズ,イヴァン・ガラズ,,published_kana,Brutal Striker,K-1 WORLD GP,https://www.k-1.co.jp/fighter/1675
イヴァン・バルテク,イヴァン・バルテク,,published_kana,Cerberos Gym,K-1 WORLD GP,https://www.k-1.co.jp/fighter/1475
イ・スファン,イ・スファン,,published_kana,,,https://ja.wikipedia.org/wiki/イ・スファン
イ・ソルビン,イ・ソルビン,,published_kana,,K-1,https://www.k-1.co.jp/fighter/437
イ・ソンヒョン,イ・ソンヒョン,,published_kana,RAON,RISE,https://rise-rc.com/fighter/lee_sunghyun/
イ・チンジン,イ・チンジン,,published_kana,,,https://ja.wikipedia.org/wiki/池仁珍
イ・ドギョン,イ・ドギョン,,published_kana,チームサイコピットブルス,Krush|Krush-EX|RISE,https://www.k-1.co.jp/fighter/1354|https://rise-rc.com/fighter/dokyeou_lee/
イ・ヒョンソク,イ・ヒョンソク,,published_kana,TEAM ILDO,K-1 WORLD GP,https://www.k-1.co.jp/fighter/1795
ウィッティコーン・ソンナムタンキリ,ウィッティコーン・ソンナムタンキリ,,published_kana,ソンナムタンキリ,RISE,https://rise-rc.com/fighter/witthikorn_saunnamtankiri/
ウィリアム・ディンダー,ウィリアム・ディンダー,,published_kana,,,https://ja.wikipedia.org/wiki/ウィリアム・ディンダー
ウィン・シットチェニイム,ウィン・シットチェニイム,,published_kana,タイ,KNOCK OUT,https://knockoutkb.com/fighters/win_sitchenim_128
ウェイ・ルイ,ウェイ・ルイ,,published_kana,,K-1,https://www.k-1.co.jp/fighter/738
ウェズレイ・コタス,ウェズレイ・コタス,,published_kana,生年月日,K-1 WORLD GP,https://www.k-1.co.jp/fighter/1518
ウェダーソン・マカブロ,ウェダーソン・マカブロ,,published_kana,Altamiro Fight Club,K-1,https://www.k-1.co.jp/fighter/1648
上垣内 一成,ウエガイト イッセイ,Uegaito Issei,published_kana,月心会ラスカルジム,Krush|Krush-EX,https://www.k-1.co.jp/fighter/1389
上杉 隼土,ウエスギ ハヤト,Uesugi Hayato,published_kana,,K-1,https://www.k-1.co.jp/fighter/488
上杉 隼琉,ウエスギ ハヤト,Uesugi Hayato,published_kana,,K-1,https://www.k-1.co.jp/fighter/172
上田 咲也,ウエダ サクヤ,Ueda Sakuya,published_kana,HIGHSPEED GYM,K-1 WORLD GP|Krush|Krush-EX,https://www.k-1.co.jp/fighter/1490
上田 幹雄,ウエダ ミキオ,Ueda Mikio,published_kana,BRAVE,K-1 WORLD GP,https://www.k-1.co.jp/fighter/1409
上野 奏貴,ウエノ カナタ,Ueno Kanata,published_kana,kickboxing gym  SHINYUUKI＋,K-1 WORLD GP|Krush,https://www.k-1.co.jp/fighter/1485|https://ja.wikipedia.org/wiki/上野奏貴
上野 空大,ウエノ クウト,Ueno Kuto,published_kana,kickboxing gym  SHINYUUKI＋,K-1 WORLD GP|Krush,https://www.k-1.co.jp/fighter/1348|https://ja.wikipedia.org/wiki/上野空大
上野hippo宣子,ウエノ ヒッポー ノリコ,Ueno hippo Noriko,published_kana,ナックルズGYM,K-1 WORLD GP|Krush|Krush-EX,https://www.k-1.co.jp/fighter/1198
上原誠,ウエハラ マコト,,published_kana,,,https://ja.wikipedia.org/wiki/上原誠|https://www.k-1.co.jp/fighter/678
上羽 優希,ウエバ ユウキ,Ueba Yuki,published_kana,,K-1,https://www.k-1.co.jp/fighter/644
上松大輔,ウエマツ ダイスケ,,published_kana,,,https://ja.wikipedia.org/wiki/上松大輔
植村 真弥,ウエムラ シンヤ,Uemura Shinya,published_kana,WSRフェアテックス幕張,K-1 WORLD GP|Krush|Krush-EX,https://www.k-1.co.jp/fighter/875
ウエンツ☆修一,ウエンツシュウイチ,Wentz Shuichi,published_kana,スクランブル渋谷,K-1,https://www.k-1.co.jp/fighter/113
ウォン・ガヨン,ウォン・ガヨン,,published_kana,嶺南ムビジム,Krush|Krush-EX,https://www.k-1.co.jp/fighter/1355
ウォーム,ウォーム,,published_kana,ONE LINK,RISE,https://rise-rc.com/fighter/warm/
ウォーレン・スティーブルマンズ,ウォーレン・スティーブルマンズ,,published_kana,,,https://ja.wikipedia.org/wiki/ウォーレン・スティーブルマンズ
宇佐美 秀 メイソン,ウサミ ヒデ メイソン,Usami Hide Meison,published_kana,Battle-Box,K-1 WORLD GP|RISE|KNOCK OUT,https://www.k-1.co.jp/fighter/1421|https://rise-rc.com/fighter/usami_hide_meison/|https://knockoutkb.com/fighters/usami_hide_meison_134
鵜澤 悠也,ウザワ ユウヤ,Uzawa Yuya,published_kana,RIKI GYM,K-1 WORLD GP|Krush|Krush-EX,https://www.k-1.co.jp/fighter/1060
内田 晶,ウチダ ショウ,Uchida Sho,published_kana,チーム・タイガーホーク,K-1 WORLD GP|Krush|Krush-EX|KNOCK OUT,https://www.k-1.co.jp/fighter/410|https://knockoutkb.com/fighters/uchida_sho_89
内田ノボル,ウチダ ノボル,,published_kana,,,https://ja.wikipedia.org/wiki/内田ノボル
内田雅之,ウチダ マサユキ,,published_kana,,,https://ja.wikipedia.org/wiki/内田雅之_(キックボクサー)
内田 道隆,ウチダ ミチタカ,Uchida Michitaka,published_kana,K-1 GYM横浜infinity,K-1,https://www.k-1.co.jp/fighter/969
内田 竜斗,ウチダ リュウト,Uchida Ryuto,published_kana,チーム・タイガーホーク,K-1 WORLD GP|Krush|Krush-EX,https://www.k-1.co.jp/fighter/1222
内村 洋次郎,ウチムラ ヨウジロウ,Uchimura Yojiro,published_kana,,K-1,https://www.k-1.co.jp/fighter/524
内山政人,ウチヤマ マサト,,published_kana,,,https://ja.wikipedia.org/wiki/内山政人|https://www.k-1.co.jp/fighter/355
宇都宮 城,ウツノミヤ ジョー,Utsunomiya Joe,published_kana,,K-1,https://www.k-1.co.jp/fighter/271
ウマル・パスハエフ,ウマル・パスハエフ,,published_kana,,K-1,https://www.k-1.co.jp/fighter/777
ウマール・セマタ,ウマール・セマタ,,published_kana,Tiger Muay Thai,K-1 WORLD GP,https://www.k-1.co.jp/fighter/1452
梅井泰成,ウメイ タイセイ,Taisei Umei,published_kana,Mouton,RISE,https://rise-rc.com/fighter/umei_taisei/|https://ja.wikipedia.org/wiki/梅井泰成
梅下湧暉,ウメシタ ユウキ,,published_kana,,,https://ja.wikipedia.org/wiki/男子キックボクサー一覧
梅田 将成,ウメタ マサシゲ,Umeta Masashige,published_kana,KFG URAWA,K-1,https://www.k-1.co.jp/fighter/1127
梅田 凌,ウメダ リョウ,Umeda Ryo,published_kana,,K-1,https://www.k-1.co.jp/fighter/432
梅野源治,ウメノ ゲンジ,UMENO Genji,published_kana,PHOENIX,RISE|KNOCK OUT,https://rise-rc.com/fighter/umeno_genji/|https://knockoutkb.com/fighters/umeno_genji_213|https://ja.wikipedia.org/wiki/梅野源治
梅野孝明,ウメノ タカアキ,,published_kana,,,https://ja.wikipedia.org/wiki/梅野孝明
梅原 タカユキ,ウメハラ タカユキ,Umehara Takayuki,published_kana,,K-1,https://www.k-1.co.jp/fighter/600
梅村 直希,ウメムラ ナオキ,Umemura Naoki,published_kana,湘南格闘クラブ,K-1,https://www.k-1.co.jp/fighter/1105
ウラジーミル・トゥラエフ,ウラジーミル・トゥラエフ,,published_kana,Makeev Team,K-1 WORLD GP,https://www.k-1.co.jp/fighter/1757
卜部功也,ウラベ コウヤ,,published_kana,,,https://ja.wikipedia.org/wiki/卜部功也|https://www.k-1.co.jp/fighter/5
卜部弘嵩,ウラベ ヒロタカ,,published_kana,,,https://ja.wikipedia.org/wiki/卜部弘嵩|https://www.k-1.co.jp/fighter/7
Uver∞miyU,ウーバーミユ,,published_kana,,,https://ja.wikipedia.org/wiki/Uver∞miyU
ウー・ユートン,ウー・ユートン,,published_kana,ティエ・インホァGYM/CFP,K-1 WORLD GP,https://www.k-1.co.jp/fighter/1683
栄基,エイキ,,published_kana,,,https://ja.wikipedia.org/wiki/栄基
EITO,エイト,,published_kana,,K-1,https://www.k-1.co.jp/fighter/970
エイブラハム・ヴィダレス,エイブラハム・ヴィダレス,,published_kana,Living legacy,RISE,https://rise-rc.com/fighter/abraham-vidales/
エイミー・デイビス,エイミー・デイビス,,published_kana,,,https://ja.wikipedia.org/wiki/エイミー・デイビス
エイル ルーククロンタン,エイル ルーククロンタン,,published_kana,HIDE GYM,KNOCK OUT,https://knockoutkb.com/fighters/eiru_lukklongtan_375
エイ・マムリンプートング,エイ・マムリンプートング,,published_kana,カンボジア,KNOCK OUT,https://knockoutkb.com/fighters/eh_amerinphouthong
江川 優生,エガワ ユウキ,Egawa Yuuki,published_kana,POWER OF DREAM,K-1 WORLD GP|Krush|Krush-EX,https://www.k-1.co.jp/fighter/114
エダー・ロープス,エダー・ロープス,,published_kana,Jazzy Fight Club K.O Team,K-1,https://www.k-1.co.jp/fighter/1046
エドアルド・トッチ,エドアルド・トッチ,,published_kana,,K-1,https://www.k-1.co.jp/fighter/427
エドゥアルド・カタリン,エドゥアルド・カタリン,,published_kana,Moi Rui & Susi Team,RISE,https://rise-rc.com/fighter/eduardo-catalin/
エドゥアルド・ファティコフ,エドゥアルド・ファティコフ,,published_kana,Archangel Michael,K-1 WORLD GP,https://www.k-1.co.jp/fighter/1759
榎田洸之,エノキダ ヒロユキ,,published_kana,,,https://ja.wikipedia.org/wiki/榎田洸之
江幡 睦,エバタ ムツキ,Mutsuki Ebata,published_kana,伊原道場,RISE,https://rise-rc.com/fighter/ebata_mutsuki/|https://ja.wikipedia.org/wiki/江幡睦|https://www.k-1.co.jp/fighter/1278
江幡 塁,エバタ ルイ,Rui Ebata,published_kana,伊原道場,RISE,https://rise-rc.com/fighter/ebata_rui/|https://ja.wikipedia.org/wiki/江幡塁
エミリー・チャン,エミリー・チャン,,published_kana,香港/Warrior Hong Kong,KNOCK OUT,https://knockoutkb.com/fighters/emily_chong_507
エミリー・マシュー,エミリー・マシュー,,published_kana,Team Lamouret,K-1,https://www.k-1.co.jp/fighter/800
エミール・アラゾフ,エミール・アラゾフ,,published_kana,ベラルーシ,KNOCK OUT,https://knockoutkb.com/fighters/emil_allazov
エムレ・カラジャ,エムレ・カラジャ,,published_kana,Emre Karaca Fight Club,K-1,https://www.k-1.co.jp/fighter/1368
エリアス・マムーディ,エリアス・マムーディ,,published_kana,,K-1,https://www.k-1.co.jp/fighter/680
エリヴァン・バルト,エリヴァン・バルト,,published_kana,Dersim Kickboks,K-1 WORLD GP,https://www.k-1.co.jp/fighter/1268
エルソン・パトリック,エルソン・パトリック,,published_kana,,K-1,https://www.k-1.co.jp/fighter/823
愛瑠斗,エルト,Eruto,published_kana,RAUSU GYM,K-1 WORLD GP|Krush|Krush-EX,https://www.k-1.co.jp/fighter/1120
エロール・ジマーマン,エロール・ジマーマン,,published_kana,,,https://ja.wikipedia.org/wiki/エロール・ジマーマン|https://www.k-1.co.jp/fighter/1537
遠藤 健太郎,エンドウ ケンタロウ,Endo Kentaro,published_kana,KICK-DIET吉野町,Krush|Krush-EX,https://www.k-1.co.jp/fighter/1273
遠藤 信玄,エンドウ シンゲン,Endo Shingen,published_kana,MASTERPIECE KICKBOXING,K-1,https://www.k-1.co.jp/fighter/95
遠藤 大翼,エンドウ ダイスケ,Endo Daisuke,published_kana,,K-1,https://www.k-1.co.jp/fighter/455
遠藤智史,エンドウ トモフミ,,published_kana,,,https://ja.wikipedia.org/wiki/遠藤智史
エン・ペンジェー,エン・ペンジェー,,published_kana,仏山温拿拳館,RISE,https://rise-rc.com/fighter/yuan_pengjie/
エヴェルトン・テイシェイラ,エヴェルトン・テイシェイラ,,published_kana,,,https://ja.wikipedia.org/wiki/エヴェルトン・テイシェイラ
エヴジェニー・オルロフ,エヴジェニー・オルロフ,,published_kana,,,https://ja.wikipedia.org/wiki/エヴジェニー・オルロフ
エークモンコン・ガイヤーンハーダオ,エークモンコン・ガイヤーンハーダオ,,published_kana,,K-1,https://www.k-1.co.jp/fighter/1392
及川知浩,オイカワ トモヒロ,,published_kana,,,https://ja.wikipedia.org/wiki/及川知浩
オウヤン・フェン,オウヤン・フェン,,published_kana,天津阿福ファイトクラブ/CFP,K-1 WORLD GP,https://www.k-1.co.jp/fighter/1418
大石 綾乃,オオイシ アヤノ,Oishi Ayano,published_kana,,K-1,https://www.k-1.co.jp/fighter/387
大石 和希,オオイシ カズキ,Oishi Kazuki,published_kana,K-1ジム三軒茶屋シルバーウルフ,K-1,https://www.k-1.co.jp/fighter/1081
大石駿介,オオイシ シュンスケ,,published_kana,,,https://ja.wikipedia.org/wiki/大石駿介|https://www.k-1.co.jp/fighter/530
大石亨,オオイシ トオル,,published_kana,,,https://ja.wikipedia.org/wiki/大石亨
大石 昌輝,オオイシ マサキ,Oishi Masaki,published_kana,K-1 GYM SAGAMI-ONO KREST,K-1 WORLD GP|Krush|Krush-EX,https://www.k-1.co.jp/fighter/1349
大泉 翔,オオイズミ ショウ,Oizumi Sho,published_kana,,K-1,https://www.k-1.co.jp/fighter/960
大岩 翔大,オオイワ ショウタ,Oiwa Shota,published_kana,湘南格闘クラブ,K-1,https://www.k-1.co.jp/fighter/722
大岩 龍矢,オオイワ タツヤ,Oiwa Tatsuya,published_kana,team VASILEUS,K-1 WORLD GP|Krush|Krush-EX,https://www.k-1.co.jp/fighter/177
大江慎,オオエ マコト,,published_kana,,,https://ja.wikipedia.org/wiki/大江慎
大川 かおる,オオカワ カオル,Okawa Kaoru,published_kana,,K-1,https://www.k-1.co.jp/fighter/386
大川 一貴,オオカワ カズキ,Okawa Kazuki,published_kana,,K-1,https://www.k-1.co.jp/fighter/116
大木 渉人,オオキ タカヒト,Oki Takahito,published_kana,クロスポイント大泉,K-1,https://www.k-1.co.jp/fighter/836
大久保 世璃,オオクボ セリ,Okubo Seri,published_kana,K-1ジム・ウルフ TEAM ASTER,K-1 WORLD GP|Krush|Krush-EX,https://www.k-1.co.jp/fighter/1576
大久保 琉唯,オオクボ ルイ,Okubo Rui,published_kana,K-1ジム・ウルフ TEAM ASTER,K-1 WORLD GP|Krush|Krush-EX,https://www.k-1.co.jp/fighter/1224
大沢昇,オオサワ ノボル,,published_kana,,,https://ja.wikipedia.org/wiki/大沢昇
大鹿 統毅,オオシカ トウキ,Oshika Toki,published_kana,K-1ジム総本部チームペガサス,K-1 WORLD GP|Krush|Krush-EX,https://www.k-1.co.jp/fighter/1331
大関 敬真,オオゼキ ケイマ,Ozeki Keima,published_kana,POWER OF DREAM,K-1,https://www.k-1.co.jp/fighter/1064
大田 一航,オオタ イッコウ,Ota Ikko,published_kana,新興ムエタイジム,K-1,https://www.k-1.co.jp/fighter/1233
太田 黎,オオタ レイ,Ota Rei,published_kana,真闘会,Krush|Krush-EX,https://www.k-1.co.jp/fighter/1394
大髙 瑞基,オオタカ ミズキ,Otaka Mizuki,published_kana,,K-1,https://www.k-1.co.jp/fighter/115
大高一郎,オオタカイチロウ,,published_kana,,,https://ja.wikipedia.org/wiki/大高一郎|https://www.k-1.co.jp/fighter/610
大滝 裕太,オオタキ ユウタ,Otaki Yuta,published_kana,,K-1,https://www.k-1.co.jp/fighter/174
大槻翔太,オオツキ ショウタ,,published_kana,,,https://ja.wikipedia.org/wiki/大槻翔太
大月 晴明,オオツキ ハルアキ,Otsuki Haruaki,published_kana,NEXT LEVEL渋谷,Krush|Krush-EX,https://www.k-1.co.jp/fighter/218|https://ja.wikipedia.org/wiki/大月晴明
桜朋梨恵,オオトモ リエ,,published_kana,,,https://ja.wikipedia.org/wiki/桜朋凛|https://www.k-1.co.jp/fighter/491
大西 日和,オオニシ ヒヨリ,Onishi Hiyori,published_kana,SHINE SPORTS CLUB,K-1 WORLD GP|Krush|Krush-EX,https://www.k-1.co.jp/fighter/1477
大野崇,オオノ タカシ,,published_kana,,,https://ja.wikipedia.org/wiki/大野崇
大野 祐志郎,オオノ ユウジロウ,Ono Yujiro,published_kana,ALL-WIN team 華王州,K-1,https://www.k-1.co.jp/fighter/1142
大野 起和,オオノ ユキカ,Ono Yukika,published_kana,,K-1,https://www.k-1.co.jp/fighter/430
大野 聖,オオノセイ,Ono Sei,published_kana,,K-1,https://www.k-1.co.jp/fighter/175
大畑 貴志,オオハタ タカシ,Ohata Takashi,published_kana,,K-1,https://www.k-1.co.jp/fighter/220
大浜芳美,オオハマ ヨシミ,,published_kana,,,https://ja.wikipedia.org/wiki/大浜芳美
大東旭,オオヒガシ アキラ,,published_kana,,,https://ja.wikipedia.org/wiki/大東旭
大平 龍,オオヒラ リュウ,Ohira Ryu,published_kana,K-1ジム三軒茶屋シルバーウルフ,K-1 WORLD GP|Krush|Krush-EX,https://www.k-1.co.jp/fighter/1531
大前力也,オオマエ リキヤ,,published_kana,,,https://ja.wikipedia.org/wiki/大前力也|https://www.k-1.co.jp/fighter/554
大村 修輝,オオムラ ナオキ,Omura Naoki,published_kana,POWER OF DREAM,K-1 WORLD GP|Krush|Krush-EX,https://www.k-1.co.jp/fighter/1168
大利 賢佑,オオリ ケンスケ,Ori Kensuke,published_kana,team ALL-WIN,K-1 WORLD GP|Krush|Krush-EX,https://www.k-1.co.jp/fighter/1322
大脇 武,オオワキ タケル,Owaki Takeru,published_kana,BOND GYM,Krush|Krush-EX,https://www.k-1.co.jp/fighter/1545
大渡博之,オオワタリ ヒロユキ,,published_kana,,,https://ja.wikipedia.org/wiki/大渡博之|https://www.k-1.co.jp/fighter/584
岡嶋 形徒,オカジマ ケイト,Okajima Keito,published_kana,K-1 GYM SAGAMI-ONO KREST,K-1 WORLD GP|Krush|Krush-EX,https://www.k-1.co.jp/fighter/990
岡田明,オカダ アキラ,,published_kana,,,https://ja.wikipedia.org/wiki/岡田明
岡田敦子,オカダ アツコ,,published_kana,,,https://ja.wikipedia.org/wiki/岡田敦子
岡田清治,オカダ キヨハル,,published_kana,,,https://ja.wikipedia.org/wiki/岡田清治
オカハン バラ,オカハン バラ,,published_kana,リーブルロア,Krush|Krush-EX,https://www.k-1.co.jp/fighter/1373
岡本 和芳,オカモト カズヨシ,Okamoto Kazuyoshi,published_kana,Y'ZD GYM,K-1,https://www.k-1.co.jp/fighter/1245
小笠原 克樹,オガサワラ,Ogasawara,published_kana,,K-1,https://www.k-1.co.jp/fighter/591
小笠原仁,オガサワラ ヒトシ,,published_kana,,,https://ja.wikipedia.org/wiki/小笠原仁_(キックボクサー)
緒方 惇,オガタ アツシ,Ogata Atsushi,published_kana,,K-1,https://www.k-1.co.jp/fighter/273
緒形健一,オガタ ケンイチ,,published_kana,,,https://ja.wikipedia.org/wiki/緒形健一
小河 快士,オガワ カイト,Ogawa Kaito,published_kana,TEAM TMT,Krush|Krush-EX,https://www.k-1.co.jp/fighter/1547
小川 貴広,オガワ タカヒロ,Ogawa Takahiro,published_kana,,K-1,https://www.k-1.co.jp/fighter/567
小川 泰寛,オガワ ヤスヒロ,Ogawa Yasuhiro,published_kana,K-1ジム福岡チームbeginning,Krush|Krush-EX,https://www.k-1.co.jp/fighter/1551
小川 蓮武,オガワ レン,Ogawa Ren,published_kana,WSRフェアテックス西川口,Krush|Krush-EX,https://www.k-1.co.jp/fighter/1212
荻原 愛,オギワラ アイ,Ogiwara Ai,published_kana,ONESIDE KICKBOXING GYM,Krush|Krush-EX,https://www.k-1.co.jp/fighter/1534
奥村ユカ,オクムラ ユカ,,published_kana,,,https://ja.wikipedia.org/wiki/奥村ユカ
奥脇 奈々,オクワキ ナナ,Okuwaki Nana,published_kana,エイワスポーツジム,K-1 WORLD GP|Krush|Krush-EX,https://www.k-1.co.jp/fighter/1261
小倉 尚也,オグラ タカヤ,Ogura Takaya,published_kana,KNOCK OUTクロスポイント渋谷,K-1 WORLD GP|Krush|Krush-EX|KNOCK OUT,https://www.k-1.co.jp/fighter/797|https://knockoutkb.com/fighters/ogura_takaya_141
尾崎圭司,オザキ ケイジ,,published_kana,,,https://ja.wikipedia.org/wiki/尾崎圭司|https://www.k-1.co.jp/fighter/272
小澤 海斗,オザワ カイト,Ozawa Kaito,published_kana,Team KK,K-1 WORLD GP|Krush|Krush-EX,https://www.k-1.co.jp/fighter/176
小澤 聡子,オザワ サトコ,Ozawa Satoko,published_kana,K-1 GYM SAGAMI-ONO KREST,Krush|Krush-EX,https://www.k-1.co.jp/fighter/388
小澤 量哉,オザワ リキヤ,Ozawa Rikiya,published_kana,,K-1,https://www.k-1.co.jp/fighter/475
オスカル・ボルケス,オスカル・ボルケス,,published_kana,Team Promebox,K-1,https://www.k-1.co.jp/fighter/1318
オスダミロフ・ティムール,オスダミロフ・ティムール,,published_kana,,,https://ja.wikipedia.org/wiki/オスダミロフ・ティムール
小田 尋久,オダ ジンク,Oda Jinku,published_kana,TEAM3K,K-1 WORLD GP|Krush|Krush-EX|KNOCK OUT,https://www.k-1.co.jp/fighter/1338|https://knockoutkb.com/fighters/oda_jinku_105
落合 淳,オチアイ ジュン,Ochiai Jun,published_kana,,K-1,https://www.k-1.co.jp/fighter/219
落合 正司,オチアイ マサシ,Ochiai Masashi,published_kana,K-1ジム大宮チームレオン,K-1,https://www.k-1.co.jp/fighter/1159
オッカーサン,オッカーサン,,published_kana,インタージム,RISE,https://rise-rc.com/fighter/okka-san/
乙津 陸,オツ リク,Otsu Riku,published_kana,KNOCK OUTクロスポイント大泉,K-1 WORLD GP|Krush|Krush-EX|KNOCK OUT,https://www.k-1.co.jp/fighter/1436|https://knockoutkb.com/fighters/otsu_riku_124
翁長 正吾,オナガ ショウゴ,Onaga Shogo,published_kana,WSRフェアテックス西川口,Krush|Krush-EX,https://www.k-1.co.jp/fighter/1161
小野寺 隼,オノデラ ハヤト,Onodera Hayato,published_kana,K-1ジム大宮チームレオン,K-1 WORLD GP|Krush|Krush-EX,https://www.k-1.co.jp/fighter/1571
おやっち,オヤッチ,Oyacchi,published_kana,BRAVE FIGHT CLUB,RISE,https://rise-rc.com/fighter/oyacchi/
オルベン・キンジ,オルベン・キンジ,,published_kana,K-PLACE,KNOCK OUT,https://knockoutkb.com/fighters/oruben_kinji_461
オロール・ドス・サントス,オロール・ドス・サントス,,published_kana,KERN'S GYM,K-1,https://www.k-1.co.jp/fighter/1327
オンダー・ウーラル,オンダー・ウーラル,,published_kana,,K-1,https://www.k-1.co.jp/fighter/356
OD・KEN,オーディーケン,,published_kana,ReBORN経堂,K-1,https://www.k-1.co.jp/fighter/765
オーレ・ローセン,オーレ・ローセン,,published_kana,,,https://ja.wikipedia.org/wiki/オーレ・ローセン
KAI,カイ,,published_kana,ARROWS GYM,K-1 WORLD GP|Krush|Krush-EX,https://www.k-1.co.jp/fighter/1187
魁志,カイシ,Kaishi,published_kana,Vigor Kickboxing Gym,K-1 WORLD GP,https://www.k-1.co.jp/fighter/1423
海斗,カイト,Kaito,published_kana,LEGEND GYM,K-1 WORLD GP|Krush|Krush-EX,https://www.k-1.co.jp/fighter/824
柿﨑 瑠,カキザキ ルイ,Kakizaki Rui,published_kana,KNOCK OUTクロスポイント大泉,Krush|Krush-EX|KNOCK OUT,https://www.k-1.co.jp/fighter/1592|https://knockoutkb.com/fighters/kakizaki_rui
カク・ユンソブ,カク・ユンソブ,,published_kana,,,https://ja.wikipedia.org/wiki/カク・ユンソブ
影日“ポパイ”和徳,カゲビ ポパイ カズノリ,"Kagebi ""POPEYE"" Kazunori",published_kana,,K-1,https://www.k-1.co.jp/fighter/620
笠見 玲慈,カサミ レイジ,Kasami Reiji,published_kana,TEAM OJ,K-1,https://www.k-1.co.jp/fighter/674
風間健,カザマ ケン,,published_kana,,,https://ja.wikipedia.org/wiki/風間健
風間大輝,カザマ ダイキ,Daiki Kazama,converted,橋本道場,RISE|SHOOT BOXING,https://rise-rc.com/fighter/kazama_daiki/|https://shootboxing.org/fighter/kazama_daiki/
梶原龍児,カジワラ リュウジ,,published_kana,,,https://ja.wikipedia.org/wiki/梶原龍児|https://www.k-1.co.jp/fighter/274
カスペル・ムシンスキ,カスペル・ムシンスキ,,published_kana,Armia Polkowice,K-1 WORLD GP,https://www.k-1.co.jp/fighter/1459
一貴,カズキ,Kazuki,published_kana,,K-1,https://www.k-1.co.jp/fighter/508
KAZUNORI,カズノリ,,published_kana,Team Nomads,K-1,https://www.k-1.co.jp/fighter/118
KAZUHIRO,カズヒロ,,published_kana,,K-1,https://www.k-1.co.jp/fighter/92
一真,カズマ,Kazuma,published_kana,ポゴナ・クラブジム,K-1,https://www.k-1.co.jp/fighter/275
一馬,カズマ,Kazuma,published_kana,MONSTAR GYM,RISE,https://rise-rc.com/fighter/kazuma-1/|https://ja.wikipedia.org/wiki/一馬
和美,カズミ,Kazumi,published_kana,ヒデズキック福岡,K-1 WORLD GP|KNOCK OUT,https://www.k-1.co.jp/fighter/1783|https://knockoutkb.com/fighters/kazumi_442
和夢,カズム,Kazumu,published_kana,,K-1,https://www.k-1.co.jp/fighter/180
かずややねんけど,カズヤヤネンケド,Kazuyayanenkedo,published_kana,猛者連本部,RISE,https://rise-rc.com/fighter/kazuyayanenkedo/
kazyosi,カズヨシ,,published_kana,K-1ジム三軒茶屋シルバーウルフ,K-1,https://www.k-1.co.jp/fighter/57
知良,カズヨシ,Kazuyoshi,published_kana,RBアカデミー,K-1,https://www.k-1.co.jp/fighter/968
片岡亮,カタオカ リョウ,,published_kana,,,https://ja.wikipedia.org/wiki/片岡亮
カタリン・モロサヌ,カタリン・モロサヌ,,published_kana,,,https://ja.wikipedia.org/wiki/カタリン・モロサヌ
勝岡健,カツオカ ケン,,published_kana,,,https://ja.wikipedia.org/wiki/勝岡健
勝大,カツヒロ,Katsuhiro,published_kana,K-1ジム三軒茶屋シルバーウルフ,K-1,https://www.k-1.co.jp/fighter/119
カディル・イルディリム,カディル・イルディリム,,published_kana,D&K Sport Centar,K-1,https://www.k-1.co.jp/fighter/1470
加藤 一虎,カトウ カズトラ,Kato Kazutora,published_kana,POWER OF DREAM,K-1,https://www.k-1.co.jp/fighter/1458
加藤 和也,カトウ カズヤ,Kato Kazuya,published_kana,ドージョー☆シャカリキ,Krush|Krush-EX,https://www.k-1.co.jp/fighter/1376
加藤 虎於奈,カトウ コオナ,Kato Kona,published_kana,TEAM TOP ZEROS/LARA TOKYO,K-1,https://www.k-1.co.jp/fighter/838
加藤 港,カトウ ゴウ,Kato Go,published_kana,WSRフェアテックス三ノ輪,Krush|Krush-EX,https://www.k-1.co.jp/fighter/221
加藤 駿,カトウ シュン,Kato Shun,published_kana,,K-1,https://www.k-1.co.jp/fighter/711
加藤 久輝,カトウ ヒサキ,Kato Hisaki,published_kana,West A / ALIVE,K-1,https://www.k-1.co.jp/fighter/865
加藤督朗,カトウ マサアキ,,published_kana,,,https://ja.wikipedia.org/wiki/加藤督朗
加藤 洋介,カトウ ヨウスケ,Kato Yosuke,published_kana,K-1 GYM SAGAMI-ONO KREST,K-1,https://www.k-1.co.jp/fighter/639
加藤 りこ,カトウ リコ,Kato Riko,published_kana,K-1ジム五反田チームキングス,Krush|Krush-EX,https://www.k-1.co.jp/fighter/1054
上遠野 寧吾,カトウノ ネイゴ,Katono Neigo,published_kana,POWER OF DREAM,K-1 WORLD GP|Krush|Krush-EX,https://www.k-1.co.jp/fighter/1506
金澤元気,カナザワ ゲンキ,,published_kana,,,https://ja.wikipedia.org/wiki/金澤元気
金沢久幸,カナザワ ヒサユキ,,published_kana,,,https://ja.wikipedia.org/wiki/金沢久幸
金子 晃大,カネコ アキヒロ,Kaneko Akihiro,published_kana,K-1ジム自由ヶ丘/FROG GYM,K-1 WORLD GP|Krush|Krush-EX|RISE,https://www.k-1.co.jp/fighter/716|https://rise-rc.com/fighter/kaneko_akihiro/|https://ja.wikipedia.org/wiki/金子晃大
金子 桂,カネコ ケイ,Kaneko Kei,published_kana,K-1ジム目黒TEAM TIGER,K-1,https://www.k-1.co.jp/fighter/671
兼子ただし,カネコ タダシ,,published_kana,,,https://ja.wikipedia.org/wiki/兼子ただし
兼田 将暉,カネダ ショウキ,Kaneda Shoki,published_kana,RKS顕修塾,K-1 WORLD GP|Krush|Krush-EX|KNOCK OUT,https://www.k-1.co.jp/fighter/1215|https://knockoutkb.com/fighters/kaneda_shoki_274
カノンスック・ウィラサクレック,カノンスック・ウィラサクレック,,published_kana,,,https://ja.wikipedia.org/wiki/カノンスック・ウィラサクレック
カピタン・ペッティンディーアカデミー,カピタン・ペッティンディーアカデミー,,published_kana,Petchyindee Academy,RISE,https://rise-rc.com/fighter/capitan-petchyindee-academy/
カベロ・モンテイロ,カベロ・モンテイロ,,published_kana,CFHOUSE,K-1 WORLD GP,https://www.k-1.co.jp/fighter/1487
鎌田 裕史,カマタ ヒロフミ,Kamata Hirofumi,published_kana,,K-1,https://www.k-1.co.jp/fighter/117
カマル・エル・アムラーニ,カマル・エル・アムラーニ,,published_kana,,,https://ja.wikipedia.org/wiki/カマル・エル・アムラーニ
カミ シロ,カミ シロ,,published_kana,PHOENIX,KNOCK OUT,https://knockoutkb.com/fighters/kami_shiro_194
神風杏子,カミカゼ キョウコ,,published_kana,,,https://ja.wikipedia.org/wiki/神風杏子
神風萸暉美,カミカゼ ユキミ,,published_kana,,,https://ja.wikipedia.org/wiki/神風萸暉美
神風莉央,カミカゼ リオ,,published_kana,,,https://ja.wikipedia.org/wiki/神風莉央
神村エリカ,カミムラ エリカ,,published_kana,,,https://ja.wikipedia.org/wiki/神村エリカ
神谷 勇輝,カミヤ ユウキ,Kamiya Yuki,published_kana,,K-1,https://www.k-1.co.jp/fighter/1316
亀岡 悠太,カメオカ ユウタ,Kameoka Yuta,published_kana,,K-1,https://www.k-1.co.jp/fighter/179
亀本 勇翔,カメモト ユウショウ,Kamemoto Yusho,published_kana,K-1 GYM SAGAMI-ONO KREST,K-1,https://www.k-1.co.jp/fighter/121
カリム・ベノーイ,カリム・ベノーイ,,published_kana,,K-1,https://www.k-1.co.jp/fighter/75
カリュ・ギブレイン,カリュ・ギブレイン,,published_kana,ブラジル/ブラジリアン・タイ,RISE,https://rise-rc.com/fighter/callyu_gibrainn/
カリン・ペトリショル,カリン・ペトリショル,,published_kana,Respect Gym Gaesti / Steaua Bucharest,K-1 WORLD GP,https://www.k-1.co.jp/fighter/1729
カルロス・ブディオ,カルロス・ブディオ,,published_kana,ブラジリアン・タイ,RISE,https://rise-rc.com/fighter/carlos_budiao/
カルロス・モタ,カルロス・モタ,,published_kana,ブラジル,KNOCK OUT,https://knockoutkb.com/fighters/carlos_mota_323
カルロ・ドンヤシュフィリ,カルロ・ドンヤシュフィリ,,published_kana,Mejiro GYM/Gladiator Sport Management,K-1,https://www.k-1.co.jp/fighter/980
川上 浩平,カワカミ コウヘイ,Kawakami Kohei,published_kana,K-1ジム三軒茶屋シルバーウルフ,K-1,https://www.k-1.co.jp/fighter/947
川口 拓真,カワグチ タクマ,Kawaguchi Takuma,published_kana,k-1ジム総本部チームペガサス,K-1,https://www.k-1.co.jp/fighter/669
川口雄介,カワグチ ユウスケ,,published_kana,,,https://ja.wikipedia.org/wiki/川口雄介
川越 亮彦,カワゴエ アキヒコ,Kawagoe Akihiko,published_kana,K-1ジム総本部チームペガサス,K-1 WORLD GP|Krush|Krush-EX,https://www.k-1.co.jp/fighter/1061
河崎 鎧輝,カワサキ カイキ,KAWASAKI Kaiki,converted,真樹ジムオキナワ,KNOCK OUT,https://knockoutkb.com/fighters/kawasaki_kaiki_83
川﨑 聖亮朗,カワサキ シンイチロウ,Kawasaki Shinichiro,published_kana,HIGHSPEED GYM,K-1 WORLD GP|Krush|Krush-EX,https://www.k-1.co.jp/fighter/831
川島 えりさ,カワシマ エリサ,KAWASHIMA Erisa,converted,KNOCK OUT クロスポイント吉祥寺,KNOCK OUT,https://knockoutkb.com/fighters/kawashima_erisa_269
川島 康佑,カワシマ コウスケ,Kawashima Kosuke,published_kana,HALEO TOP TEAM,K-1 WORLD GP|Krush|Krush-EX,https://www.k-1.co.jp/fighter/1087
河内亮典,カワチ リョウスケ,,published_kana,,,https://ja.wikipedia.org/wiki/河内亮典
川中 清史,カワナカ キヨシ,Kawanaka Kiyoshi,published_kana,,K-1,https://www.k-1.co.jp/fighter/685
河西 和浩,カワニシ カズヒロ,Kawanishi Kazuhiro,published_kana,,K-1,https://www.k-1.co.jp/fighter/614
河野 一平,カワノ イッペイ,Kawano Ippei,published_kana,若獅子会館,K-1,https://www.k-1.co.jp/fighter/830
河野 直次郎,カワノ ナオジロウ,Kawano Naojiro,published_kana,CLIMB GYM,Krush|Krush-EX|KNOCK OUT,https://www.k-1.co.jp/fighter/1585|https://knockoutkb.com/fighters/kawano_naojiro_454
川原 誠也,カワハラ セイヤ,Kawahara Seiya,published_kana,パンクラスイズム横浜,K-1,https://www.k-1.co.jp/fighter/1029
川畑 勇人,カワバタ ユウト,Kawabata Yuto,published_kana,,K-1,https://www.k-1.co.jp/fighter/541
川森 悠人,カワモリ ユウト,Kawamori Yuto,published_kana,K-1 GYM BLOWS,K-1 WORLD GP|Krush|Krush-EX,https://www.k-1.co.jp/fighter/1669
瓦田 脩二,カワラダ シュウジ,Kawarada Shuji,published_kana,K-1ジム総本部チームペガサス,K-1 WORLD GP|Krush|Krush-EX,https://www.k-1.co.jp/fighter/820
神太,カンタ,Kanta,converted,楠誠会館,RISE,https://rise-rc.com/fighter/kanta/
神田 賢吾,カンダ ケンゴ,Kanda Kengo,published_kana,,K-1,https://www.k-1.co.jp/fighter/1086
菅藤 慶汰,カントウ ケイタ,Kanto Keita,published_kana,,K-1,https://www.k-1.co.jp/fighter/757
神原 瑠翔,カンバラ ルカ,Kanbara Ruka,published_kana,K-1ジム川口TEAM SIRIUS,K-1,https://www.k-1.co.jp/fighter/1167
神戸翔太,カンベ ショウタ,,published_kana,,,https://ja.wikipedia.org/wiki/神戸翔太
カン・ジュヒョン,カン・ジュヒョン,,published_kana,Kangsung gym,KNOCK OUT,https://knockoutkb.com/fighters/kang_juhyung_76
カン・ピナール,カン・ピナール,,published_kana,Mike's Gym,K-1 WORLD GP,https://www.k-1.co.jp/fighter/1519
カン・メンホン,カン・メンホン,,published_kana,Kun Khmer International Fight Gym,K-1,https://www.k-1.co.jp/fighter/1482
カン・ユンソン,カン・ユンソン,,published_kana,木浦スタージム,K-1 WORLD GP,https://www.k-1.co.jp/fighter/1351
カン・リー,カン・リー,,published_kana,,,https://ja.wikipedia.org/wiki/カン・リー
カーター・ウィリアムス,カーター・ウィリアムス,,published_kana,,,https://ja.wikipedia.org/wiki/カーター・ウィリアムス
カーチス・シュースター,カーチス・シュースター,,published_kana,,,https://ja.wikipedia.org/wiki/カーチス・シュースター
カール・グリシンスキー,カール・グリシンスキー,,published_kana,,,https://ja.wikipedia.org/wiki/カール・グリシンスキー
ガオグライ・ゲーンノラシン,ガオグライ・ゲーンノラシン,,published_kana,,,https://ja.wikipedia.org/wiki/ガオグライ・ゲーンノラシン
ガオラン・カウイチット,ガオラン・カウイチット,,published_kana,,,https://ja.wikipedia.org/wiki/ガオラン・カウイチット
ガブリエル・デ・ラモス,ガブリエル・デ・ラモス,,published_kana,Muay U,K-1 WORLD GP|Krush|Krush-EX,https://www.k-1.co.jp/fighter/1530
ガブリエル・デ・リマ,ガブリエル・デ・リマ,,published_kana,Santa Fé Team,K-1 WORLD GP,https://www.k-1.co.jp/fighter/1631
ガムライペット・パーンイーシップホック,ガムライペット・パーンイーシップホック,,published_kana,Pran26 Gym,K-1,https://www.k-1.co.jp/fighter/1131
我龍真吾,ガリュウ シンゴ,,published_kana,,,https://ja.wikipedia.org/wiki/我龍真吾
喜入 衆,キイレ トモ,Kiire Tomo,published_kana,,K-1,https://www.k-1.co.jp/fighter/618
菊崎 義史,キクザキ ヨシフミ,Kikuzaki Yoshifumi,published_kana,TANG TANG FIGHT CLUB,K-1,https://www.k-1.co.jp/fighter/336
菊崎U-TAN義史,キクザキウータン,kikuzakiu-tan,published_kana,TANG TANG FIGHT CLUB,K-1,https://www.k-1.co.jp/fighter/454
菊地 海斗,キクチ カイト,Kikuchi Kaito,published_kana,K-1 GYM SAGAMI-ONO KREST,Krush|Krush-EX,https://www.k-1.co.jp/fighter/1374
菊池浩一,キクチ コウイチ,,published_kana,,,https://ja.wikipedia.org/wiki/菊池浩一
菊地大介,キクチ ダイスケ,,published_kana,,,https://ja.wikipedia.org/wiki/菊地大介
菊地ヨックタイジム,キクチヨックタイジム,Kikuchi Yokthaigym,published_kana,,K-1,https://www.k-1.co.jp/fighter/414
紀州のマルちゃん,キシュウノマルチャン,Kishu No Maruchan,published_kana,武勇会,Krush|Krush-EX|KNOCK OUT,https://www.k-1.co.jp/fighter/1611|https://knockoutkb.com/fighters/kishu_no_maruchan_282
築,キズク,Kizuku,published_kana,,K-1,https://www.k-1.co.jp/fighter/223
木曽 徹,キソ トオル,Kiso Toru,published_kana,,K-1,https://www.k-1.co.jp/fighter/276
北川原 稜磨,キタガワラ リョウマ,Kitagawara Ryoma,published_kana,K-1ジム目黒TEAM TIGER,Krush|Krush-EX,https://www.k-1.co.jp/fighter/1672
北原 有起,キタハラ ユウキ,Kitahara Yuki,published_kana,K-1ジム五反田チームキングス,Krush|Krush-EX,https://www.k-1.co.jp/fighter/1339
北村 夏輝,キタムラ ナツキ,Kitamura Natsuki,published_kana,K-1ジム三軒茶屋シルバーウルフ,K-1,https://www.k-1.co.jp/fighter/992
喜多村誠,キタムラ マコト,,published_kana,,,https://ja.wikipedia.org/wiki/喜多村誠
北山 善,キタヤマ ゼン,Kitayama Zen,published_kana,岡山ジム,Krush|Krush-EX,https://www.k-1.co.jp/fighter/1319
北山高与志,キタヤマ タカヨシ,,published_kana,,,https://ja.wikipedia.org/wiki/北山高与志
きたりこ,キタリコ,Kitariko,published_kana,FASCINATE FIGHT TEAM,RISE,https://rise-rc.com/fighter/kitariko/
吉川英明,キッカワ ヒデアキ,,published_kana,,,https://ja.wikipedia.org/wiki/吉川英明
吉川 諒,キッカワ リョウ,Kikkawa Ryo,published_kana,VAINQUEUR GYM,K-1,https://www.k-1.co.jp/fighter/1020
木塚 勝樹,キヅカ カズキ,Kizuka Kazuki,published_kana,M-BLOW,K-1,https://www.k-1.co.jp/fighter/1604
城戸康裕,キド ヤスヒロ,,published_kana,,,https://ja.wikipedia.org/wiki/城戸康裕|https://www.k-1.co.jp/fighter/357
木浪利幸,キナミ トシユキ,,published_kana,,,https://ja.wikipedia.org/wiki/木浪利幸
木下 勝利,キノシタ ショウリ,Kinoshita Shori,published_kana,BEST GYM,K-1,https://www.k-1.co.jp/fighter/1651
Kiho,キホ,,published_kana,KNOCK OUT GYM調布,K-1 WORLD GP|Krush|Krush-EX|KNOCK OUT,https://www.k-1.co.jp/fighter/1139|https://knockoutkb.com/fighters/kiho_79
記村 一成,キムラ カズナリ,Kimura Kazunari,published_kana,,K-1,https://www.k-1.co.jp/fighter/358
木村 健太郎,キムラ ケンタロウ,Kimura Kentaro,published_kana,,K-1,https://www.k-1.co.jp/fighter/122
木村 茂樹,キムラ シゲキ,Kimura Shigeki,published_kana,,K-1,https://www.k-1.co.jp/fighter/688
木村天鮮,キムラ タカアキ,,published_kana,,,https://ja.wikipedia.org/wiki/木村天鮮
木村 太地,キムラ ダイチ,Kimura Daichi,published_kana,BANG BANG GYM,K-1 WORLD GP|Krush|Krush-EX,https://www.k-1.co.jp/fighter/1281
木村 秀和,キムラ ヒデカズ,Kimura Hidekazu,published_kana,HALEO TOP TEAM,K-1,https://www.k-1.co.jp/fighter/655
木村 萌那,キムラ モナ,Kimura Mona,published_kana,K-1ジム目黒TEAM TIGER,K-1 WORLD GP|Krush|Krush-EX,https://www.k-1.co.jp/fighter/1533|https://ja.wikipedia.org/wiki/木村萌那
木村琉音,キムラ リオ,,published_kana,,,https://ja.wikipedia.org/wiki/木村琉音
木村“フィリップ”ミノル,キムラ“フィリップ”ミノル,Kimura “Philip” Minoru,published_kana,Battle-Box,K-1 WORLD GP|Krush|Krush-EX|KNOCK OUT,https://www.k-1.co.jp/fighter/66|https://knockoutkb.com/fighters/kimura_philip_minoru_170
キムルアイ・ワンコンオーム,キムルアイ・ワンコンオーム,,published_kana,Wankhongohm Muay Thai Camp,RISE,https://rise-rc.com/fighter/kimluay-wankhongohm/
キム・ウスン,キム・ウスン,,published_kana,仁川MOOVI GYM,Krush|Krush-EX|KNOCK OUT,https://www.k-1.co.jp/fighter/1727|https://knockoutkb.com/fighters/kim_woo_seung_103
キム・ギョンソック,キム・ギョンソック,,published_kana,,,https://ja.wikipedia.org/wiki/キム・ギョンソック
キム・ジュンファ,キム・ジュンファ,,published_kana,安養サムサン,K-1,https://www.k-1.co.jp/fighter/1524
キム・タウンセンド,キム・タウンセンド,,published_kana,Double Dose Australia,K-1,https://www.k-1.co.jp/fighter/862
キム・ドンウック,キム・ドンウック,,published_kana,,,https://ja.wikipedia.org/wiki/キム・ドンウック_(格闘家)
キム・ヒョンジュン,キム・ヒョンジュン,,published_kana,釜山TAEHAN MUAY THAI GYM,K-1 WORLD GP,https://www.k-1.co.jp/fighter/1793
キム・フォーク,キム・フォーク,,published_kana,Drakstadens Kampsport,K-1,https://www.k-1.co.jp/fighter/1058
キム・フンジェ,キム・フンジェ,,published_kana,,K-1,https://www.k-1.co.jp/fighter/27
キム・ホソン,キム・ホソン,,published_kana,Seongnam Seolbong/KTK,K-1,https://www.k-1.co.jp/fighter/1037
キム・ミンス,キム・ミンス,,published_kana,,,https://ja.wikipedia.org/wiki/キム・ミンス
キム・ヨンヒョン,キム・ヨンヒョン,,published_kana,,,https://ja.wikipedia.org/wiki/キム・ヨンヒョン
キモ・レオポルド,キモ・レオポルド,,published_kana,,,https://ja.wikipedia.org/wiki/キモ・レオポルド
鬼山 桃太朗,キヤマ モモタロウ,Kiyama Momotaro,published_kana,team VASILEUS,K-1 WORLD GP|Krush|Krush-EX,https://www.k-1.co.jp/fighter/1040
許 裕雅,キョ ユウガ,Kyo Yuga,published_kana,POWER OF DREAM,Krush|Krush-EX,https://www.k-1.co.jp/fighter/1588
“狂拳”迅,キョウケン ジン,“Kyoken” Jin,published_kana,WIZARDキックボクシングジム,K-1 WORLD GP|Krush|Krush-EX|KNOCK OUT,https://www.k-1.co.jp/fighter/1034|https://knockoutkb.com/fighters/kyoken_jin_446
“狂拳”竹内 裕二,キョウケン タケウチ ユウジ,“Kyoken”Takeuchi Yuji,published_kana,GORI GYM,K-1 WORLD GP|Krush|Krush-EX,"https://www.k-1.co.jp/fighter/224|https://ja.wikipedia.org/wiki/""狂拳""竹内裕二"
恭士郎,キョウシロウ,Kyoshiro,published_kana,士魂村上塾,K-1,https://www.k-1.co.jp/fighter/785
京太郎,キョウタロウ,,published_kana,,,https://ja.wikipedia.org/wiki/藤本京太郎|https://www.k-1.co.jp/fighter/1128
清川裕哉,キヨカワ ユウヤ,,published_kana,,,https://ja.wikipedia.org/wiki/清川裕哉
希羅,キラ,KIRA,converted,MSJ KICK BOXING GYM,KNOCK OUT,https://knockoutkb.com/fighters/kira_73
紀空,キラ,Kira,converted,Croire,RISE,https://rise-rc.com/fighter/kira/
キラッ☆Chihiro,キラチヒロ,,published_kana,,K-1,https://www.k-1.co.jp/fighter/390
切詰大貴,キリヅメ ダイキ,,published_kana,,,https://ja.wikipedia.org/wiki/切詰大貴
基流・ザ・ビャー,キリュウ ザ ビャー,,published_kana,,,https://ja.wikipedia.org/wiki/基流・ザ・ビャー
キリルアン・チョー.ハーパヤック,キリルアン・チョー.ハーパヤック,,published_kana,Chor.Hapayak GYM,K-1,https://www.k-1.co.jp/fighter/1323
キル・ビー,キル・ビー,,published_kana,,K-1,https://www.k-1.co.jp/fighter/666
金泰泳,キン タイエイ,,published_kana,,,https://ja.wikipedia.org/wiki/金泰泳_(格闘家)
KING皇兵,キング コウヘイ,,published_kana,,,https://ja.wikipedia.org/wiki/KING皇兵
KING剛,キング タケシ,KING Takeshi,published_kana,ROYAL KINGS,Krush|Krush-EX|RISE|KNOCK OUT,https://www.k-1.co.jp/fighter/1707|https://rise-rc.com/fighter/king_takeshi/|https://knockoutkb.com/fighters/king_takeshi_452
金太郎,キンタロウ,Kintaro,published_kana,team Bonds,Krush|Krush-EX,https://www.k-1.co.jp/fighter/1748
金ちゃん,キンチャン,Kinchan,converted,KICK-BOXING K style,RISE,https://rise-rc.com/fighter/kinchan/
ギャリー・オニール,ギャリー・オニール,,published_kana,,,https://ja.wikipedia.org/wiki/ギャリー・オニール
銀二,ギンジ,Ginji,converted,SBHキックボクシングジム,RISE,https://rise-rc.com/fighter/ginji/
銀次,ギンジ,Ginji,published_kana,team Authentic,K-1 WORLD GP|Krush|Krush-EX,https://www.k-1.co.jp/fighter/1293
銀次,ギンジ,Ginji,converted,VAINQUEUR GYM,KNOCK OUT,https://knockoutkb.com/fighters/ginji_243
ギンティ・ブレーダ,ギンティ・ブレーダ,,published_kana,,,https://ja.wikipedia.org/wiki/ギンティ・ブレーダ
ギンペット・バーンランバー,ギンペット・バーンランバー,,published_kana,タイ/バーンランバージム,KNOCK OUT,https://knockoutkb.com/fighters/kingphet_baanramba_497
クォン・ギソプ,クォン・ギソプ,,published_kana,IB GYM,K-1,https://www.k-1.co.jp/fighter/1028
クォン・ジャンウォン,クォン・ジャンウォン,,published_kana,Cheonghak Muaythai Gym,K-1 WORLD GP,https://www.k-1.co.jp/fighter/1460
日下部 太市郎,クサカベ タイチロウ,Kusakabe Taichiro,published_kana,,K-1,https://www.k-1.co.jp/fighter/124
日下部竜也,クサカベ リュウヤ,,published_kana,,,https://ja.wikipedia.org/wiki/日下部竜也|https://www.k-1.co.jp/fighter/501
草津賢治,クサツ ケンジ,,published_kana,,,https://ja.wikipedia.org/wiki/草津賢治
草野 浩二郎,クサノ コウジロウ,Kusano Kojiro,published_kana,K-1ジム・ウルフ TEAM ASTER,Krush|Krush-EX,https://www.k-1.co.jp/fighter/1789
九島 亮,クシマ マコト,Kushima Makoto,published_kana,,K-1,https://www.k-1.co.jp/fighter/625
工藤 勇樹,クドウ ユウキ,Kudo Yuki,published_kana,エスジム,K-1,https://www.k-1.co.jp/fighter/702
国崇,クニタカ,,published_kana,,,https://ja.wikipedia.org/wiki/国崇|https://www.k-1.co.jp/fighter/622
久保 一馬,クボ カズマ,Kubo Kazuma,published_kana,FIGHT CLUB 428,K-1 WORLD GP|Krush|Krush-EX,https://www.k-1.co.jp/fighter/851
久保賢司,クボ ケンジ,,published_kana,,,https://ja.wikipedia.org/wiki/久保賢司|https://www.k-1.co.jp/fighter/499
久保優太,クボ ユウタ,,published_kana,,,https://ja.wikipedia.org/wiki/久保優太|https://www.k-1.co.jp/fighter/13
久保田 悠悟,クボタ ユウゴ,Kubota Yugo,published_kana,A-BLAZE×KICKGYM,K-1,https://www.k-1.co.jp/fighter/877
熊谷直子,クマガイ ナオコ,,published_kana,,,https://ja.wikipedia.org/wiki/熊谷直子
クマンドーイ・ペッティンディーアカデミー,クマンドーイ・ペッティンディーアカデミー,,published_kana,ペッティンディーアカデミー,RISE,https://rise-rc.com/fighter/kumandoi-petchyindeeacademy/
玖村 修平,クムラ シュウヘイ,Kumura Shuhei,published_kana,シューティングスター,K-1 WORLD GP|Krush|Krush-EX|KNOCK OUT,https://www.k-1.co.jp/fighter/879|https://knockoutkb.com/fighters/kumura_shuhei_135
呼良,クラ,Kura,published_kana,SHINE SPORTS CLUB,Krush|Krush-EX,https://www.k-1.co.jp/fighter/1314
クラウディオ・イストラテ,クラウディオ・イストラテ,,published_kana,Accademia NKT Team Saitta,K-1 WORLD GP,https://www.k-1.co.jp/fighter/1408
倉崎 昌史,クラサキ マサフミ,Kurasaki Masafumi,published_kana,GETOVER,K-1,https://www.k-1.co.jp/fighter/181
倉田 永輝,クラタ エイキ,Kurata Eiki,published_kana,K-1 GYM SAGAMI-ONO KREST,K-1 WORLD GP|Krush|Krush-EX,https://www.k-1.co.jp/fighter/1015
倉田 大珠,クラタ タイジュ,Kurata Taiju,published_kana,朝久道場 KING TEAM KURATA,K-1 WORLD GP|Krush|Krush-EX,https://www.k-1.co.jp/fighter/1663
倉田 光敏,クラタ ミツトシ,Kurata Mitsutoshi,published_kana,,K-1,https://www.k-1.co.jp/fighter/623
クラマック・チャンラッチ,クラマック・チャンラッチ,,published_kana,カンボジア,KNOCK OUT,https://knockoutkb.com/fighters/koramak_chanrach_624
倉持 厳,クラモチ,Kuramochi,published_kana,,K-1,https://www.k-1.co.jp/fighter/555
倉持 心一夢,クラモチ シマ,Kuramochi Shima,published_kana,,K-1,https://www.k-1.co.jp/fighter/409
栗秋 祥梧,クリアキ ショウゴ,Kuriaki Shogo,published_kana,クロスポイント吉祥寺,K-1,https://www.k-1.co.jp/fighter/937
クリスチャン・スペトゥク,クリスチャン・スペトゥク,,published_kana,,K-1,https://www.k-1.co.jp/fighter/739
クリスティーナ・モラレス,クリスティーナ・モラレス,,published_kana,Team Jesus Cabello,K-1,https://www.k-1.co.jp/fighter/1023
クリストス・ミハルツォス,クリストス・ミハルツォス,,published_kana,BULLS FIGHT ACADEMY,K-1 WORLD GP,https://www.k-1.co.jp/fighter/1742
クリストフ・プルボー,クリストフ・プルボー,,published_kana,,,https://ja.wikipedia.org/wiki/クリストフ・プルボー
クリス・ファン・ベンローイ,クリス・ファン・ベンローイ,,published_kana,,,https://ja.wikipedia.org/wiki/クリス・ファン・ベンローイ
クリス・ブラッドフォード,クリス・ブラッドフォード,,published_kana,TopTier Muay Thai/Team Greco,K-1,https://www.k-1.co.jp/fighter/951
クリス・マセーリ,クリス・マセーリ,,published_kana,,K-1,https://www.k-1.co.jp/fighter/700
栗原 圭佑,クリハラ ケイスケ,Kurihara Keisuke,published_kana,,K-1,https://www.k-1.co.jp/fighter/278
クルーズ・ブリッグス,クルーズ・ブリッグス,,published_kana,8limbs bondi,K-1,https://www.k-1.co.jp/fighter/974
CRAZY884,クレイジーハヤシ,,published_kana,,,https://ja.wikipedia.org/wiki/CRAZY884
クレイトン・ヌニェス,クレイトン・ヌニェス,,published_kana,AFAM,K-1 WORLD GP,https://www.k-1.co.jp/fighter/1682
蔵人,クロウド,Kuroudo,published_kana,名古屋JKファクトリー,K-1,https://www.k-1.co.jp/fighter/710
黒川 瑛斗,クロカワ エイト,Kurokawa Eito,published_kana,team VASILEUS,K-1 WORLD GP|Krush|Krush-EX,https://www.k-1.co.jp/fighter/1262
黒川 拓哉,クロカワ タクヤ,Kurokawa Takuya,published_kana,WEED GYM,K-1,https://www.k-1.co.jp/fighter/589
黒田アキヒロ,クロダ アキヒロ,,published_kana,,,https://ja.wikipedia.org/wiki/黒田アキヒロ|https://www.k-1.co.jp/fighter/551
黒田斗真,クロダ トウマ,,published_kana,,,https://ja.wikipedia.org/wiki/黒田斗真|https://www.k-1.co.jp/fighter/827
黒田英雄,クロダ ヒデオ,,published_kana,,,https://ja.wikipedia.org/wiki/黒田英雄_(格闘家)
黒田 勇斗,クロダ ユウト,Kuroda Yuto,published_kana,FORWARD GYM,K-1 WORLD GP|Krush|Krush-EX,https://www.k-1.co.jp/fighter/861
桑田 裕太,クワタ ユウタ,Kuwata Yuta,published_kana,,K-1,https://www.k-1.co.jp/fighter/729
桑名 大輔,クワナ ダイスケ,Kuwana Daisuke,published_kana,FKC,K-1,https://www.k-1.co.jp/fighter/1075
クンスックノーイ・ブームデックシーン,クンスックノーイ・ブームデックシーン,,published_kana,Boomdeksean,RISE,https://rise-rc.com/fighter/khunsuknoy-boomdeksean/
クンスック・ペッティンディーアカデミー,クンスック・ペッティンディーアカデミー,,published_kana,ペッティンディーアカデミー,RISE,https://rise-rc.com/fighter/kunsuk_petchyindeeacademy/
クンタップ・ウィラサクレック,クンタップ・ウィラサクレック,,published_kana,,,https://ja.wikipedia.org/wiki/クンタップ・ウィラサクレック
クンタップ・チャロンチャイ,クンタップ・チャロンチャイ,,published_kana,タイ/TEAM KUNTAP,KNOCK OUT,https://knockoutkb.com/fighters/kuntap_charoenchai_123
ク・テウォン,ク・テウォン,,published_kana,仁川YAK GYM,Krush|Krush-EX,https://www.k-1.co.jp/fighter/1721
グァニー・バラッジ,グァニー・バラッジ,,published_kana,,K-1,https://www.k-1.co.jp/fighter/31
グザヴィエ・バスター,グザヴィエ・バスター,,published_kana,,K-1,https://www.k-1.co.jp/fighter/225
グスタボ・ボリーノ,グスタボ・ボリーノ,,published_kana,TEIXEIRA TEAM,K-1 WORLD GP,https://www.k-1.co.jp/fighter/1638
グラウベ・フェイトーザ,グラウベ・フェイトーザ,,published_kana,,,https://ja.wikipedia.org/wiki/グラウベ・フェイトーザ
グレイシャア亜紀,グレイシャア アキ,,published_kana,,,https://ja.wikipedia.org/wiki/グレイシャア亜紀|https://www.k-1.co.jp/fighter/391
グレイス・スパイサー,グレイス・スパイサー,,published_kana,,K-1,https://www.k-1.co.jp/fighter/763
GRAVY未宇,グレイビー ミウ,Gravy Miu,published_kana,Typhoon Club,Krush|Krush-EX,https://www.k-1.co.jp/fighter/1747
グレゴリー・トニー,グレゴリー・トニー,,published_kana,,,https://ja.wikipedia.org/wiki/グレゴリー・トニー
グロリア・ペリトーレ,グロリア・ペリトーレ,,published_kana,Raini Clan,K-1,https://www.k-1.co.jp/fighter/1050
軍司 翔香,グンジ ショウカ,Gunji Syoka,published_kana,,K-1,https://www.k-1.co.jp/fighter/463
軍司 泰斗,グンジ タイト,GUNJI Taito,published_kana,TEAM SUERTE,KNOCK OUT,https://knockoutkb.com/fighters/gunji_taito_381|https://ja.wikipedia.org/wiki/軍司泰斗|https://www.k-1.co.jp/fighter/125
郡司 光,グンジ ヒカル,Gunji Hikaru,published_kana,池袋BLUE DOG GYM,K-1,https://www.k-1.co.jp/fighter/734
グンター・カルンダ,グンター・カルンダ,,published_kana,ReBORN経堂,K-1 WORLD GP|RISE,https://www.k-1.co.jp/fighter/1722|https://rise-rc.com/fighter/gunther_kalunda/
グ・テウォン,グ・テウォン,,published_kana,韓国/YAK GYM,KNOCK OUT,https://knockoutkb.com/fighters/ku_taewon_186
グーカン・サキ,グーカン・サキ,,published_kana,,,https://ja.wikipedia.org/wiki/グーカン・サキ
グート・イノセンテ,グート・イノセンテ,,published_kana,生年月日,K-1 WORLD GP,https://www.k-1.co.jp/fighter/1512
慧,ケイ,KEI,converted,真樹ジムオキナワ,KNOCK OUT,https://knockoutkb.com/fighters/kei_517
K-Jee,ケイジ,,published_kana,SHINE SPORTS CLUB,K-1 WORLD GP|Krush|Krush-EX,https://www.k-1.co.jp/fighter/60
ケイスリィ・ヴァンス,ケイスリィ・ヴァンス,,published_kana,オーストラリア,KNOCK OUT,https://knockoutkb.com/fighters/kaithly_vance_115
啓斗,ケイト,Keito,published_kana,team ALL-WIN,Krush|Krush-EX|KNOCK OUT,https://www.k-1.co.jp/fighter/1093|https://knockoutkb.com/fighters/keito_609
ケイト・ウィラサクレック,ケイト・ウィラサクレック,,published_kana,WSRフェアテックス三ノ輪,K-1 WORLD GP|Krush|Krush-EX,https://www.k-1.co.jp/fighter/1100
ケリス・べラ,ケリス・べラ,Kerrith Bhella,published_kana,,K-1,https://www.k-1.co.jp/fighter/51
ケリム・ジェマイ,ケリム・ジェマイ,,published_kana,ZAM-ZAM Ulm,K-1 WORLD GP,https://www.k-1.co.jp/fighter/1407
KEN,ケン,,published_kana,OGUNI-GYM,K-1,https://www.k-1.co.jp/fighter/359
拳志,ケンシ,Kenshi,converted,DFC博多,RISE,https://rise-rc.com/fighter/kenshi/
拳士浪,ケンシロウ,,published_kana,,,https://ja.wikipedia.org/wiki/拳士浪
健介,ケンスケ,Kensuke,published_kana,Jay's Box,K-1 WORLD GP|Krush|Krush-EX,https://www.k-1.co.jp/fighter/1242
健太,ケンタ,KENTA,published_kana,NJKF・E.S.G,KNOCK OUT,https://knockoutkb.com/fighters/kenta_107|https://ja.wikipedia.org/wiki/健太|https://www.k-1.co.jp/fighter/337
絢太,ケンタ,Kenta,published_kana,CUC,K-1,https://www.k-1.co.jp/fighter/1109
剣闘士“俊”,ケントウシシュン,Kentoshi Syun,published_kana,K-1ジム総本部チームペガサス,K-1,https://www.k-1.co.jp/fighter/226
ケースケ,ケースケ,,published_kana,HIDE’S KICK,RISE,https://rise-rc.com/fighter/ke-suke/
元太郎,ゲンタロウ,Gentaro,published_kana,IDEAL GYM,K-1,https://www.k-1.co.jp/fighter/1428
ゲンナロン・ウィラサクレック,ゲンナロン・ウィラサクレック,,published_kana,,,https://ja.wikipedia.org/wiki/ゲンナロン・ウィラサクレック
ゲーオガンワーン・ソー.アムヌワイデッー,ゲーオガンワーン・ソー.アムヌワイデッー,,published_kana,タイ,KNOCK OUT,https://knockoutkb.com/fighters/kaewganwan_sor_amnuwaides_411
ゲーオ・ウィラサクレック,ゲーオ・ウィラサクレック,,published_kana,ウィラサクレック・フェアテックスジム,K-1 WORLD GP|Krush|Krush-EX,https://www.k-1.co.jp/fighter/6
ゲーオ・フェアテックス,ゲーオ・フェアテックス,,published_kana,,,https://ja.wikipedia.org/wiki/ゲーオ・フェアテックス
ゲーリー・グッドリッジ,ゲーリー・グッドリッジ,,published_kana,,,https://ja.wikipedia.org/wiki/ゲーリー・グッドリッジ
小泉 竜,コイズミ リュウ,Koizumi Ryu,published_kana,池袋BLUE DOG GYM,K-1,https://www.k-1.co.jp/fighter/361
KOICHI,コウイチ,,published_kana,バンゲリングベイ・スピリット,K-1,https://www.k-1.co.jp/fighter/707
幸輝,コウキ,Koki,published_kana,インタージム,K-1,https://www.k-1.co.jp/fighter/1162
晃貴,コウキ,Koki,published_kana,team VASILEUS,K-1 WORLD GP|Krush|Krush-EX|KNOCK OUT,https://www.k-1.co.jp/fighter/736|https://knockoutkb.com/fighters/koki_504
虎宇輝,コウキ,Koki,published_kana,Y’ZD GYM,K-1,https://www.k-1.co.jp/fighter/340
髙口 賢史郎,コウグチ ケンシロウ,Koguchi Kenshiro,published_kana,K-1ジム五反田チームキングス,Krush|Krush-EX,https://www.k-1.co.jp/fighter/1038
高下 由暉,コウゲ ユウキ,Koge Yuki,published_kana,team Ares,K-1,https://www.k-1.co.jp/fighter/672
コウシ・ノーナクシン,コウシ・ノーナクシン,,published_kana,ウォーワンチャイプロモーション,KNOCK OUT,https://knockoutkb.com/fighters/koshi_nor_naksin_495
皇治,コウジ,,published_kana,,,https://ja.wikipedia.org/wiki/皇治|https://www.k-1.co.jp/fighter/184
光佑,コウスケ,Kosuke,published_kana,WSRフェアテックス三ノ輪,K-1 WORLD GP|Krush|Krush-EX,https://www.k-1.co.jp/fighter/922
KO-TA BRAVELY,コウタ ブレイブリー,,published_kana,BRAVELY GYM,K-1 WORLD GP|Krush|Krush-EX|RISE,https://www.k-1.co.jp/fighter/1521|https://rise-rc.com/fighter/ko-ta-bravely/
洪太星,コウタイセイ,Kotaisei,published_kana,,K-1,https://www.k-1.co.jp/fighter/537
KOTARO,コウタロウ,,published_kana,RICE GATE,K-1 WORLD GP|Krush|Krush-EX,https://www.k-1.co.jp/fighter/1699
光太郎,コウタロウ,Kotaro,published_kana,,K-1,https://www.k-1.co.jp/fighter/279
KOUMA,コウマ,,published_kana,WSRフェアテックス荒川,K-1,https://www.k-1.co.jp/fighter/1006
光弥,コウヤ,Koya,published_kana,POWER OF DREAM,K-1 WORLD GP|Krush|Krush-EX,https://www.k-1.co.jp/fighter/1546
小浦 翼,コウラ ツバサ,Koura Tsubasa,published_kana,K-1 GYM横浜infinity,K-1,https://www.k-1.co.jp/fighter/1431
小久保 裕気,コクボ ヒロキ,Kokubo Hiroki,published_kana,AX GYM,K-1,https://www.k-1.co.jp/fighter/699
小暮智,コグレ サトシ,,published_kana,,,https://ja.wikipedia.org/wiki/小暮智
KOKORO BRAVELY,ココロ ブレイブリー,,published_kana,BRAVELY GYM,Krush|Krush-EX,https://www.k-1.co.jp/fighter/1712
越川大樹,コシカワ ヒロキ,,published_kana,,,https://ja.wikipedia.org/wiki/越川大樹
小島 卓也,コジマ タクヤ,Kojima Takuya,published_kana,優弥道場,Krush|Krush-EX,https://www.k-1.co.jp/fighter/1080
小島 大輝,コジマ ダイキ,Kojima Daiki,published_kana,一信会館総本部,K-1,https://www.k-1.co.jp/fighter/958
小次郎,コジロウ,,published_kana,,,https://ja.wikipedia.org/wiki/小次郎_(格闘家)
こすず,コスズ,Kosuzu,published_kana,K-1ジム目黒TEAM TIGER,Krush|Krush-EX,https://www.k-1.co.jp/fighter/1532
コスタス・アスラニディス,コスタス・アスラニディス,,published_kana,VENUM GYM,K-1,https://www.k-1.co.jp/fighter/1563
児玉 兼慎,コダマ ケンシン,Kodama Kenshin,published_kana,K-1ジム三軒茶屋シルバーウルフ,K-1 WORLD GP|Krush|Krush-EX,https://www.k-1.co.jp/fighter/1102
東風 シンジロウ,コチ シンジロウ,Kochi Shinjiro,published_kana,,K-1,https://www.k-1.co.jp/fighter/185
小鉄,コテツ,Kotetsu,published_kana,K-1ジム蒲田チームアスラ,K-1 WORLD GP|Krush|Krush-EX,https://www.k-1.co.jp/fighter/59
小寺 雄太,コテラ ユウタ,Kotera Yuta,published_kana,谷山ジム,Krush|Krush-EX,https://www.k-1.co.jp/fighter/1359
壽美,コトミ,Kotomi,published_kana,NEXT LEVEL渋谷,K-1 WORLD GP|Krush|Krush-EX,https://www.k-1.co.jp/fighter/828
コナー・ロック,コナー・ロック,,published_kana,South Island Lee Gar,K-1 WORLD GP,https://www.k-1.co.jp/fighter/1751
小西 拓槙,コニシ タクマ,Konishi Takuma,published_kana,クロスポイント吉祥寺,K-1,https://www.k-1.co.jp/fighter/516
小西 陵太,コニシ リョウタ,Konishi Ryota,published_kana,,K-1,https://www.k-1.co.jp/fighter/590
此尾 昂希,コノオ コウキ,Konoo Koki,published_kana,,K-1,https://www.k-1.co.jp/fighter/993
琥伯,コハク,Kohaku,published_kana,VAINQUEUR GYM,K-1 WORLD GP|Krush,https://www.k-1.co.jp/fighter/1617
小林愛理奈,コバヤシ アリナ,KOBAYASHI Arina,published_kana,FASCINATE FIGHT TEAM,RISE|KNOCK OUT,https://rise-rc.com/fighter/kobayashi_arina/|https://knockoutkb.com/fighters/kobayashi_arina_545|https://ja.wikipedia.org/wiki/小林愛理奈
小林聡,コバヤシ サトシ,,published_kana,,,https://ja.wikipedia.org/wiki/小林聡
小林 孝彦,コバヤシ タカヒコ,Kobayashi Takahiko,published_kana,K-1ジム総本部チームペガサス,K-1 WORLD GP|Krush|Krush-EX,https://www.k-1.co.jp/fighter/1199
小林 聖人,コバヤシ マサト,Kobayashi Masato,published_kana,,K-1,https://www.k-1.co.jp/fighter/227
小比類巻太信,コヒルイマキ タイシン,,published_kana,,,https://ja.wikipedia.org/wiki/小比類巻太信
コブス・ハイサマン,コブス・ハイサマン,,published_kana,,,https://ja.wikipedia.org/wiki/コブス・ハイサマン
小巻 海斗,コマキ カイト,Komaki Kaito,published_kana,真樹ジムAICHI,K-1,https://www.k-1.co.jp/fighter/1156
小松 隆也,コマツ,Komatsu,published_kana,,K-1,https://www.k-1.co.jp/fighter/556
小宮由紀博,コミヤ ユキヒロ,,published_kana,,,https://ja.wikipedia.org/wiki/小宮由紀博|https://www.k-1.co.jp/fighter/628
小宮山工介,コミヤマ コウスケ,,published_kana,,,https://ja.wikipedia.org/wiki/小宮山工介|https://www.k-1.co.jp/fighter/696
コムパヤック・ウィラサクレック,コムパヤック・ウィラサクレック,,published_kana,,,https://ja.wikipedia.org/wiki/コムパヤック・ウィラサクレック
小森 玲哉,コモリ レイヤ,Komori Reiya,published_kana,ONE'S GOAL,Krush|Krush-EX|KNOCK OUT,https://www.k-1.co.jp/fighter/1666|https://knockoutkb.com/fighters/komori_reiya
小八ヶ代真紀,コヤガシロ マキ,,published_kana,,,https://ja.wikipedia.org/wiki/小八ヶ代真紀
子安慎悟,コヤス シンゴ,,published_kana,,,https://ja.wikipedia.org/wiki/子安慎悟
古谷野 一樹,コヤノ カズキ,Koyano Kazuki,published_kana,クロスポイント古河,K-1,https://www.k-1.co.jp/fighter/794
小山泰明,コヤマ ヤスアキ,,published_kana,,,https://ja.wikipedia.org/wiki/小山泰明
小山 佑介,コヤマ ユウスケ,Koyama Yusuke,published_kana,,K-1,https://www.k-1.co.jp/fighter/624
小雪,コユキ,Koyuki,published_kana,,K-1,https://www.k-1.co.jp/fighter/464
コンスタンティン・トリシン,コンスタンティン・トリシン,,published_kana,,K-1,https://www.k-1.co.jp/fighter/100
近藤 魁成,コンドウ カイセイ,Kondo Kaisei,published_kana,TEAM3K,K-1 WORLD GP|Krush|Krush-EX,https://www.k-1.co.jp/fighter/853|https://ja.wikipedia.org/wiki/近藤魁成
近藤 拳成,コンドウ ケンセイ,Kondo Kensei,published_kana,TEAM3K,K-1 WORLD GP|Krush|Krush-EX,https://www.k-1.co.jp/fighter/663|https://ja.wikipedia.org/wiki/近藤拳成
近藤 壮真,コンドウ ソウマ,Kondo Soma,published_kana,K-1ジム三軒茶屋シルバーウルフ,Krush|Krush-EX,https://www.k-1.co.jp/fighter/1540
近藤 大成,コンドウ タイセイ,Kondo Taisei,published_kana,,K-1,https://www.k-1.co.jp/fighter/339
今野貴充,コンノ タカミチ,,published_kana,,,https://ja.wikipedia.org/wiki/今野貴充
コンペット・フェアテックス,コンペット・フェアテックス,,published_kana,Fairtex Gym,K-1,https://www.k-1.co.jp/fighter/1304
コン・デシャン,コン・デシャン,,published_kana,象王格闘倶楽部,RISE,https://rise-rc.com/fighter/kong-dexiang/
コン・ロン,コン・ロン,,published_kana,,K-1,https://www.k-1.co.jp/fighter/778
コ・ユナ,コ・ユナ,,published_kana,BodyKick GYM,RISE|KNOCK OUT,https://rise-rc.com/fighter/ko_yuna/|https://knockoutkb.com/fighters/ko_yuna_595
皓太,コータ,Kota,published_kana,K-1ジム川口TEAM SIRIUS,K-1,https://www.k-1.co.jp/fighter/935
コーリー・ニコルソン,コーリー・ニコルソン,,published_kana,Ironfist Gym,RISE,https://rise-rc.com/fighter/corey-nicholson/
コーンリーチ,コーンリーチ,,published_kana,カンボジア,KNOCK OUT,https://knockoutkb.com/fighters/khonreach_217
剛王,ゴウオウ,Go-Oh,published_kana,,K-1,https://www.k-1.co.jp/fighter/360
郷州 征宜,ゴウシュウ マサノブ,Goshu Masanobu,published_kana,K-1ジム総本部チームペガサス,K-1,https://www.k-1.co.jp/fighter/694
郷野 聡寛,ゴウノ アキヒロ,Gono Akihiro,published_kana,,K-1,https://www.k-1.co.jp/fighter/503
後藤 勝也,ゴトウ カツヤ,Goto Katsuya,published_kana,池袋BLUE DOG GYM,K-1,https://www.k-1.co.jp/fighter/183
後藤 友宏,ゴトウ トモヒロ,Goto Tomohiro,published_kana,,K-1,https://www.k-1.co.jp/fighter/562
後藤 力,ゴトウ リキ,Goto Riki,published_kana,TEAM ONE,Krush|Krush-EX,https://www.k-1.co.jp/fighter/1718
後藤龍治,ゴトウ リュウジ,,published_kana,,,https://ja.wikipedia.org/wiki/後藤龍治
ゴルダン・ユキッチ,ゴルダン・ユキッチ,,published_kana,,,https://ja.wikipedia.org/wiki/ゴルダン・ユキッチ
ゴンナパー・ウィラサクレック,ゴンナパー・ウィラサクレック,,published_kana,ウィラサクレック・フェアテックスジム,K-1 WORLD GP|Krush|Krush-EX|KNOCK OUT,https://www.k-1.co.jp/fighter/726|https://knockoutkb.com/fighters/kongnapa_weerasakreck_328
ゴーラン・ラドニッチ,ゴーラン・ラドニッチ,,published_kana,,,https://ja.wikipedia.org/wiki/ゴーラン・ラドニッチ
紗彩,サアヤ,Saaya,converted,ドージョー☆シャカリキ,RISE,https://rise-rc.com/fighter/saaya/
才賀紀左衛門,サイガ キザエモン,,published_kana,,,https://ja.wikipedia.org/wiki/才賀紀左衛門|https://www.k-1.co.jp/fighter/447
西京 春馬,サイキョウ ハルマ,Saikyo Haruma,published_kana,K-1 GYM SAGAMI-ONO KREST,K-1,https://www.k-1.co.jp/fighter/55
西京 佑馬,サイキョウ ユウマ,Saikyo Yuma,published_kana,K-1 GYM SAGAMI-ONO KREST,K-1 WORLD GP|Krush|Krush-EX,https://www.k-1.co.jp/fighter/759
西城正三,サイジョウ ショウゾウ,,published_kana,,,https://ja.wikipedia.org/wiki/西城正三
齋藤 紘也,サイトウ コウヤ,Saito Koya,published_kana,K-1ジム川口ブルードラゴン,K-1 WORLD GP|Krush|Krush-EX|RISE,https://www.k-1.co.jp/fighter/1083|https://rise-rc.com/fighter/saito_koya/
斎藤 武彦,サイトウ タケヒコ,Saito Takehiko,published_kana,K-1ジム目黒TEAM TIGER,K-1,https://www.k-1.co.jp/fighter/327
斎藤天心,サイトウ テンシン,,published_kana,,,https://ja.wikipedia.org/wiki/斎藤天心
斎藤 史奈,サイトウ フミナ,Saito Fumina,published_kana,月心会チーム侍,K-1,https://www.k-1.co.jp/fighter/673
斉藤 雄太,サイトウ ユウタ,Saito Yuta,published_kana,K-1ジム五反田チームキングス,K-1 WORLD GP|Krush|Krush-EX,https://www.k-1.co.jp/fighter/338
斎藤 祐斗,サイトウ ユウト,Saito Yuto,published_kana,JK TRIBE,K-1 WORLD GP|Krush|Krush-EX,https://www.k-1.co.jp/fighter/898
齊藤 律,サイトウ リツ,Saito Ristu,published_kana,Y's glow,Krush|Krush-EX,https://www.k-1.co.jp/fighter/1804
齊藤 龍之介,サイトウ リュウノスケ,Saito Ryunosuke,published_kana,ドージョー☆シャカリキ,K-1 WORLD GP|Krush|Krush-EX,https://www.k-1.co.jp/fighter/1333
サイド・アマダ,サイド・アマダ,,published_kana,Team Mhiyaoui,K-1,https://www.k-1.co.jp/fighter/1013
サイボーグ・ワラス,サイボーグ・ワラス,,published_kana,,K-1,https://www.k-1.co.jp/fighter/665
酒井秀信,サカイ ヒデノブ,,published_kana,,,https://ja.wikipedia.org/wiki/酒井秀信
ダイヤモンド酒井理絵,サカイ リエ,,published_kana,,,https://ja.wikipedia.org/wiki/ダイヤモンド酒井理絵
坂上 りま,サカガミ リマ,Sakagami Rima,published_kana,岡澤道場サイクロンジム大船,Krush|Krush-EX,https://www.k-1.co.jp/fighter/1578
榊原 達也,サカキバラ タツヤ,Sakakibara Tatsuya,published_kana,WSRフェアテックス西川口,K-1,https://www.k-1.co.jp/fighter/994
榊原 統羽,サカキバラ トワ,Sakakibara Towa,published_kana,TAD,Krush|Krush-EX,https://www.k-1.co.jp/fighter/1723
阪部愛来,サカベ アイラ,Aira Sakabe,converted,DOBUITA,RISE,https://rise-rc.com/fighter/sakabe_aira/
坂本 寿希,サカモト ジュキ,Sakamoto Juki,published_kana,リーブルロア,Krush|Krush-EX,https://www.k-1.co.jp/fighter/1252
坂本奈緒子,サカモト ナオコ,,published_kana,,,https://ja.wikipedia.org/wiki/坂本奈緒子
坂本 英則,サカモト ヒデノリ,Sakamoto Hidenori,published_kana,修実館,K-1 WORLD GP,https://www.k-1.co.jp/fighter/1229
坂本 侑生,サカモト ユウキ,Sakamoto Yuki,published_kana,,K-1,https://www.k-1.co.jp/fighter/1399
坂本 優輝,サカモト ユウキ,Sakamoto Yuuki,published_kana,ARROWS GYM,K-1 WORLD GP|Krush|Krush-EX,https://www.k-1.co.jp/fighter/1221
坂本 柚佳里,サカモト ユカリ,Sakamoto Yukari,published_kana,,K-1,https://www.k-1.co.jp/fighter/393
サガエ・マテウス,サガエ・マテウス,,published_kana,Brazilian Thai,K-1 WORLD GP,https://www.k-1.co.jp/fighter/1701
サガエ・ルーカス,サガエ・ルーカス,,published_kana,Brazilian Thai,Krush|Krush-EX,https://www.k-1.co.jp/fighter/1231
作田 良典,サクタ ヨシノリ,Sakuta Yoshinori,published_kana,,K-1,https://www.k-1.co.jp/fighter/127
櫻井 光,サクライ ヒカル,Sakurai Hikaru,published_kana,K-1 GYM横浜infinity,K-1,https://www.k-1.co.jp/fighter/789
桜井 悠成,サクライ ユウセイ,Sakurai Yusei,published_kana,POWER OF DREAM,K-1,https://www.k-1.co.jp/fighter/737
桜井洋平,サクライ ヨウヘイ,,published_kana,,,https://ja.wikipedia.org/wiki/桜井洋平|https://www.k-1.co.jp/fighter/604
櫻井 梨華子,サクライ リカコ,Sakurai Rikako,published_kana,優弥道場,K-1 WORLD GP|Krush|Krush-EX,https://www.k-1.co.jp/fighter/936
さくら子,サクラコ,,published_kana,,,https://ja.wikipedia.org/wiki/さくら子
提髪 和希,サゲガミ カズキ,Sagegami Kazuki,published_kana,K-1 GYM SAGAMI-ONO KREST,K-1 WORLD GP|Krush|Krush-EX,https://www.k-1.co.jp/fighter/973
榊 克樹,ササキ カツキ,Sakaki Katsuki,published_kana,,K-1,https://www.k-1.co.jp/fighter/128
佐々木仁子,ササキ サトコ,,published_kana,,,https://ja.wikipedia.org/wiki/佐々木仁子
佐々木洵樹,ササキ ジュンキ,,published_kana,,,https://ja.wikipedia.org/wiki/佐々木洵樹|https://www.k-1.co.jp/fighter/949
佐々木 大蔵,ササキ ダイゾウ,Sasaki Daizo,published_kana,DyR studio,K-1 WORLD GP|Krush|Krush-EX|RISE,https://www.k-1.co.jp/fighter/280|https://rise-rc.com/fighter/sasaki_daizo/
佐々木郁矢,ササキ フミヤ,,published_kana,,,https://ja.wikipedia.org/wiki/佐々木郁矢
笹谷淳,ササタニ アツシ,,published_kana,,,https://ja.wikipedia.org/wiki/笹谷淳
指首 祐太,サシクビ ユウタ,Sashikubi Yuta,published_kana,,K-1,https://www.k-1.co.jp/fighter/131
佐生 光一,サショウ コウイチ,Sasho Koichi,published_kana,K-1ジム五反田チームキングス,Krush|Krush-EX,https://www.k-1.co.jp/fighter/1192
佐竹雅昭,サタケ マサアキ,,published_kana,,,https://ja.wikipedia.org/wiki/佐竹雅昭
貞松 宏隆,サダマツ ヒロタカ,Sadamatsu Hirotaka,published_kana,Mataharigym,K-1,https://www.k-1.co.jp/fighter/1113
サッシス,サッシス,,published_kana,カンボジア,KNOCK OUT,https://knockoutkb.com/fighters/saksith_223
サデック・ハシミ,サデック・ハシミ,,published_kana,J-mat academy,K-1,https://www.k-1.co.jp/fighter/966
SATOI,サトイ,,published_kana,,K-1,https://www.k-1.co.jp/fighter/129
佐藤 篤史,サトウ アツシ,Sato Atsushi,published_kana,,K-1,https://www.k-1.co.jp/fighter/363
佐藤堅一,サトウ ケンイチ,,published_kana,,,https://ja.wikipedia.org/wiki/佐藤堅一
佐藤 江平,サトウ コウヘイ,Sato Kohei,published_kana,,K-1,https://www.k-1.co.jp/fighter/186
佐藤孝也,サトウ タカヤ,,published_kana,,,https://ja.wikipedia.org/wiki/佐藤孝也
佐藤匠,サトウ タクミ,,published_kana,,,https://ja.wikipedia.org/wiki/佐藤匠_(格闘家)
佐藤友則,サトウ トモノリ,,published_kana,,,https://ja.wikipedia.org/wiki/佐藤友則
佐藤 啓樹,サトウ ヒロキ,Sato Hiroki,published_kana,K-1ジム目黒TEAM TIGER,K-1,https://www.k-1.co.jp/fighter/750
佐藤嘉洋,サトウ ヨシヒロ,,published_kana,,,https://ja.wikipedia.org/wiki/佐藤嘉洋|https://www.k-1.co.jp/fighter/362
佐藤ヨックタイジム,サトウヨックタイジム,Sato Yokthaigym,published_kana,,K-1,https://www.k-1.co.jp/fighter/412
智史,サトシ,Satoshi,published_kana,漢塾,Krush|Krush-EX,https://www.k-1.co.jp/fighter/1728
里見 柚己,サトミ ユズキ,Satomi Yuzuki,published_kana,team NOVA,K-1 WORLD GP|Krush|Krush-EX,https://www.k-1.co.jp/fighter/735
沙斗流,サトル,Satoru,published_kana,,K-1,https://www.k-1.co.jp/fighter/130
聖,サトル,Satoru,published_kana,,K-1,https://www.k-1.co.jp/fighter/890
SATORU成合,サトル ナリアイ,Satoru Nariai,published_kana,RAOU JAPAN,K-1,https://www.k-1.co.jp/fighter/924
サトルヴァシコバ,サトルヴァシコバ,,published_kana,,,https://ja.wikipedia.org/wiki/サトルヴァシコバ
真田岳明,サナダ タケアキ,,published_kana,,,https://ja.wikipedia.org/wiki/真田岳明
サニー・ダルベック,サニー・ダルベック,,published_kana,,K-1,https://www.k-1.co.jp/fighter/80
サネーガーム・サックチャムニ,サネーガーム・サックチャムニ,,published_kana,タイ,KNOCK OUT,https://knockoutkb.com/fighters/sanengarm_sakchamni_492
佐野 勇海,サノ イサミ,Sano Isami,published_kana,拳之会,K-1,https://www.k-1.co.jp/fighter/1211
佐野 純平,サノ ジュンペイ,Sano Junpei,published_kana,K-1ジム横浜チームオルカ,K-1 WORLD GP|Krush|Krush-EX,https://www.k-1.co.jp/fighter/837
佐野 隆則,サノ タカノリ,,published_kana,,,https://ja.wikipedia.org/wiki/佐野_隆則
佐野 天馬,サノ テンマ,Sano Tenma,published_kana,K-1 GYM SAGAMI-ONO KREST,K-1 WORLD GP|Krush|Krush-EX,https://www.k-1.co.jp/fighter/88
SAHO,サホ,,published_kana,闘神塾,K-1 WORLD GP|Krush|Krush-EX,https://www.k-1.co.jp/fighter/1209|https://ja.wikipedia.org/wiki/☆SAHO☆
サミ・ラミリ,サミ・ラミリ,,published_kana,Mejiro Gym Amsterdam,K-1,https://www.k-1.co.jp/fighter/997
サミール・ベナゾーズ,サミール・ベナゾーズ,,published_kana,,,https://ja.wikipedia.org/wiki/サミール・ベナゾーズ
サムエレ・プグリエーゼ,サムエレ・プグリエーゼ,,published_kana,Team Pugliese,K-1,https://www.k-1.co.jp/fighter/1499
寒川慶一,サムカワ ケイイチ,,published_kana,,,https://ja.wikipedia.org/wiki/寒川慶一
寒川直喜,サムカワ ナオキ,,published_kana,,,https://ja.wikipedia.org/wiki/寒川直喜|https://www.k-1.co.jp/fighter/424
サムゴー・ギャットモンテープ,サムゴー・ギャットモンテープ,,published_kana,,,https://ja.wikipedia.org/wiki/サムゴー・ギャットモンテープ
サム・グレコ,サム・グレコ,,published_kana,,,https://ja.wikipedia.org/wiki/サム・グレコ
サム・ヒル,サム・ヒル,,published_kana,City Kickboxing NZ,K-1,https://www.k-1.co.jp/fighter/912
鮫島 博人,サメシマ ヒロト,Sameshima Hiroto,published_kana,WSRフェアテックス荒川,K-1,https://www.k-1.co.jp/fighter/909
サモ・ペティ,サモ・ペティ,,published_kana,Nak muay team,RISE,https://rise-rc.com/fighter/samo_petje/
彩花,サヤカ,Sayaka,converted,KING EXCEED,RISE,https://rise-rc.com/fighter/sayaka-2/
紗耶香,サヤカ,Sayaka,converted,格闘技スタジオBLOOM,RISE,https://rise-rc.com/fighter/sayaka/
サリムカーン・イブラギモフ,サリムカーン・イブラギモフ,,published_kana,Archangel Michael,K-1 WORLD GP,https://www.k-1.co.jp/fighter/1658
沢村忠,サワムラ タダシ,,published_kana,,,https://ja.wikipedia.org/wiki/沢村忠
澤屋敷純一,サワヤシキ ジュンイチ,,published_kana,,,https://ja.wikipedia.org/wiki/澤屋敷純一
サンチェス弥生,サンチェスヤヨイ,Sanchez Yayoi,published_kana,,K-1,https://www.k-1.co.jp/fighter/394
サンティアゴ・ペルシバル,サンティアゴ・ペルシバル,,published_kana,アルゼンチン,KNOCK OUT,https://knockoutkb.com/fighters/santiago
サンドロ・マーティン,サンドロ・マーティン,,published_kana,THAIDRAGON CÁDIZ,K-1,https://www.k-1.co.jp/fighter/957
サンベル・ババヤン,サンベル・ババヤン,,published_kana,Team Babayan,RISE,https://rise-rc.com/fighter/samvel_babayan/
サン・ラデット,サン・ラデット,,published_kana,カンボジア,KNOCK OUT,https://knockoutkb.com/fighters/sen_radet_466
サーシャ・タダヨニ,サーシャ・タダヨニ,,published_kana,TEAM OTA,RISE,https://rise-rc.com/fighter/sasha-tadayoni/
サーマート・パヤクァルン,サーマート・パヤクァルン,,published_kana,,,https://ja.wikipedia.org/wiki/サーマート・パヤクァルン
ザカリア・ゾウガリー,ザカリア・ゾウガリー,,published_kana,‘T Oude Westen Gym,RISE|SHOOT BOXING,https://rise-rc.com/fighter/zakaria_zouggary/|https://shootboxing.org/fighter/zakariazouggary/
ザック・パンクハースト,ザック・パンクハースト,,published_kana,Taylormade Muay Thai,K-1 WORLD GP,https://www.k-1.co.jp/fighter/1749
ザビット・サメドフ,ザビット・サメドフ,,published_kana,,,https://ja.wikipedia.org/wiki/ザビット・サメドフ
ザリーナ・イスラモバ,ザリーナ・イスラモバ,,published_kana,ロシア,KNOCK OUT,https://knockoutkb.com/fighters/zarina_islamova_389
シェイン・チャップマン,シェイン・チャップマン,,published_kana,,,https://ja.wikipedia.org/wiki/シェイン・チャップマン
SHIORIN♡,シオリン,,published_kana,大和ジム,Krush|Krush-EX|KNOCK OUT,https://www.k-1.co.jp/fighter/1706|https://knockoutkb.com/fighters/shiorin_485
紫苑,シオン,Shion,published_kana,KIZUNA田川本部道場,K-1 WORLD GP|Krush|Krush-EX,https://www.k-1.co.jp/fighter/1111
重野 喬,シゲノ タカシ,Shigeno Takashi,published_kana,WSRフェアテックス湖北,K-1,https://www.k-1.co.jp/fighter/1232
SHIGERU,シゲル,,published_kana,,,https://ja.wikipedia.org/wiki/SHIGERU
宍戸 大樹,シシド ヒロキ,,published_kana,シーザージム,SHOOT BOXING,https://shootboxing.org/fighter/shishido_hiroki/|https://ja.wikipedia.org/wiki/宍戸大樹
獅子丸,シシマル,Shishimaru,published_kana,,K-1,https://www.k-1.co.jp/fighter/134
C-ZUKA,シズカ,,published_kana,T-GYM,K-1,https://www.k-1.co.jp/fighter/845
シッティチャイ・シッソンピーノン,シッティチャイ・シッソンピーノン,,published_kana,タイ,KNOCK OUT,https://knockoutkb.com/fighters/sitthichai_sitsongpeenong_494
シナ・カリミアン,シナ・カリミアン,,published_kana,SINA ARMY,K-1 WORLD GP,https://www.k-1.co.jp/fighter/900
しの,シノ,Shino,published_kana,KSG,Krush|Krush-EX,https://www.k-1.co.jp/fighter/1091
篠崎 澄人,シノザキ スミト,Shinozaki Sumito,published_kana,,K-1,https://www.k-1.co.jp/fighter/283
篠塚 辰樹,シノツカ タツキ,Shinotsuka Tatsuki,published_kana,MASTER BRIDGE SOUND,K-1,https://www.k-1.co.jp/fighter/1149
篠原 広耀,シノハラ ヒロアキ,Shinohara Hiroaki,published_kana,優弥道場,K-1,https://www.k-1.co.jp/fighter/753
篠原 悠人,シノハラ ユウト,Shinohara Yuto,published_kana,DURGA,K-1 WORLD GP|Krush|Krush-EX,https://www.k-1.co.jp/fighter/662
芝 宏二郎,シバ コウジロウ,Shiba Kojiro,published_kana,Striker GYM,K-1 WORLD GP,https://www.k-1.co.jp/fighter/1726
柴田早千予,シバタ サチヨ,,published_kana,,,https://ja.wikipedia.org/wiki/柴田早千予
柴山 藍,シバヤマ ラン,Ran Shibayama,converted,柔術&MMAアカデミーG-face,RISE,https://rise-rc.com/fighter/shibayama_ran/
シビサイ 頌真,シビサイ ショウマ,Shibisai Shoma,published_kana,,K-1,https://www.k-1.co.jp/fighter/483
嶋 拓実,シマ タクミ,Shima Takumi,published_kana,K-1ジム横浜チームオルカ,K-1 WORLD GP|Krush|Krush-EX,https://www.k-1.co.jp/fighter/1074
島宮古,シマ ミヤコ,,published_kana,,,https://ja.wikipedia.org/wiki/島宮古
嶋田翔太,シマダ ショウタ,,published_kana,,,https://ja.wikipedia.org/wiki/嶋田翔太|https://www.k-1.co.jp/fighter/563
嶋田 将幸,シマダ マサユキ,Shimada Masayuki,published_kana,Stay Gold,K-1,https://www.k-1.co.jp/fighter/833
島田美咲,シマダ ミサキ,Misaki Shimada,converted,SQUARE-UP KICKBOXING道場,RISE,https://rise-rc.com/fighter/shimada_misaki/
島野浩太朗,シマノ コウタロウ,,published_kana,,,https://ja.wikipedia.org/wiki/島野浩太朗|https://www.k-1.co.jp/fighter/229
清水隆広,シミズ タカヒロ,,published_kana,,,https://ja.wikipedia.org/wiki/清水隆広
清水 卓馬,シミズ タクマ,Shimizu Takuma,published_kana,K-1ジム川口TEAM SIRIUS,K-1,https://www.k-1.co.jp/fighter/987
清水 武,シミズ タケシ,Shimizu Takeshi,published_kana,,K-1,https://www.k-1.co.jp/fighter/608
清水 大輝,シミズ ダイキ,Shimizu Daiki,published_kana,,K-1,https://www.k-1.co.jp/fighter/714
志村 力輝,シムラ リキ,Shimura Riki,published_kana,兼清流総本部,K-1,https://www.k-1.co.jp/fighter/979
下関崇子,シモセキ タカコ,,published_kana,,,https://ja.wikipedia.org/wiki/下関崇子
下村 泰平,シモムラ タイヘイ,Shimomura Taihei,published_kana,K-1ジム総本部チームペガサス,K-1 WORLD GP|Krush|Krush-EX,https://www.k-1.co.jp/fighter/1207
シャヒッド・オラド・アラフ,シャヒッド・オラド・アラフ,,published_kana,,,https://ja.wikipedia.org/wiki/シャヒッド・オラド・アラフ
シャヒン・ヤクート,シャヒン・ヤクート,,published_kana,,,https://ja.wikipedia.org/wiki/シャヒン・ヤクート
シャミール・ガイダルベコフ,シャミール・ガイダルベコフ,,published_kana,,,https://ja.wikipedia.org/wiki/シャミール・ガイダルベコフ
シャルル・フランソワ,シャルル・フランソワ,,published_kana,,K-1,https://www.k-1.co.jp/fighter/282
シュエ・シェンジェン,シュエ・シェンジェン,,published_kana,一龍奥宇ジム/CFP,K-1,https://www.k-1.co.jp/fighter/874
瞬太,シュンタ,Shunta,published_kana,,K-1,https://www.k-1.co.jp/fighter/532
駿太,シュンタ,,published_kana,,,https://ja.wikipedia.org/wiki/駿太
シュー・イェン,シュー・イェン,,published_kana,,K-1,https://www.k-1.co.jp/fighter/366
翔栄,ショウエイ,Shoei,published_kana,,K-1,https://www.k-1.co.jp/fighter/490
翔太,ショウタ,Shota,published_kana,K-1ジム三軒茶屋シルバーウルフ,K-1,https://www.k-1.co.jp/fighter/187
翔・センチャイジム,ショウタセンチャイジム,Shota Saenchaigym,published_kana,,K-1,https://www.k-1.co.jp/fighter/228
翔太郎,ショウタロウ,Shotaro,published_kana,,K-1,https://www.k-1.co.jp/fighter/770
昇也,ショウヤ,Shoya,published_kana,士魂村上塾,Krush|Krush-EX,https://www.k-1.co.jp/fighter/1163
ショウ・ロン,ショウ・ロン,,published_kana,,K-1,https://www.k-1.co.jp/fighter/79
ショーン・クランシー,ショーン・クランシー,,published_kana,Siam Warriors,K-1,https://www.k-1.co.jp/fighter/930
白井 正太,シライ ショウタ,Shirai Shota,published_kana,,K-1,https://www.k-1.co.jp/fighter/281
白岡 伸仁,シラオカ ノブヒト,Shiraoka Nobuhito,published_kana,,K-1,https://www.k-1.co.jp/fighter/786
白神 喜弘,シラガ ヨシヒロ,Shiraga Yoshihiro,published_kana,,K-1,https://www.k-1.co.jp/fighter/436
白須 康仁,シラス ヤスヒト,Shirasu Yasuhito,published_kana,PROTAGONIST,K-1 WORLD GP|Krush|Krush-EX,https://www.k-1.co.jp/fighter/1328|https://ja.wikipedia.org/wiki/白須康仁
白幡 太陽,シラハタ タイヨウ,Shirahata Taiyo,published_kana,K-1 GYM SAGAMI-ONO KREST,Krush|Krush-EX,https://www.k-1.co.jp/fighter/1288
白幡 裕星,シラハタ ユウセイ,Shirahata Yusei,published_kana,K-1ジム総本部チームペガサス,K-1 WORLD GP|Krush|Krush-EX|KNOCK OUT,https://www.k-1.co.jp/fighter/1334|https://knockoutkb.com/fighters/shirahata_yusei_211
白濱 卓哉,シラハマ タクヤ,Shirahama Takuya,published_kana,,K-1,https://www.k-1.co.jp/fighter/479
シリモンコル・シンワッサ,シリモンコル・シンワッサ,,published_kana,,,https://ja.wikipedia.org/wiki/シリモンコン・シンワンチャー
シリル・アビディ,シリル・アビディ,,published_kana,,,https://ja.wikipedia.org/wiki/シリル・アビディ
シルビア・ラノッテ,シルビア・ラノッテ,,published_kana,,,https://ja.wikipedia.org/wiki/シルビア・ラノッテ
シルビュー・ヴィテズ,シルビュー・ヴィテズ,,published_kana,Voodoo Gym Madrid,K-1,https://www.k-1.co.jp/fighter/860
志朗,シロウ,Shiro,published_kana,BeWELLキックボクシングジム,RISE,https://rise-rc.com/fighter/shiro/|https://ja.wikipedia.org/wiki/志朗|https://www.k-1.co.jp/fighter/1254
神護,シンゴ,Shingo,published_kana,,K-1,https://www.k-1.co.jp/fighter/365
心直,シンタ,Shinta,published_kana,REON Fighting Sports GYM,K-1 WORLD GP|Krush|KNOCK OUT,https://www.k-1.co.jp/fighter/1413|https://knockoutkb.com/fighters/shinta_142
新藤栄作,シンドウ エイサク,,published_kana,,,https://ja.wikipedia.org/wiki/新藤栄作
シンノンシー・スイートオンクル,シンノンシー・スイートオンクル,,published_kana,,,https://ja.wikipedia.org/wiki/シンノンシー・スイートオンクル
シンパヤック・ハマジム,シンパヤック・ハマジム,,published_kana,HAMA・GYM,RISE,https://rise-rc.com/fighter/singphayak_hamagym/
臣龍,シンリュウ,Shinryu,published_kana,KIZUNA田川本部道場,Krush|Krush-EX,https://www.k-1.co.jp/fighter/1236
シン・ジョンミン,シン・ジョンミン,,published_kana,オーサムマルチジム,RISE,https://rise-rc.com/fighter/shin_jongmin/
シン・ノッパデッソーン,シン・ノッパデッソーン,,published_kana,,,https://ja.wikipedia.org/wiki/シン・ノッパデッソーン
シーザー武志,シーザー タケシ,,published_kana,,,https://ja.wikipedia.org/wiki/シーザー武志
44・ユウ・ウォーワンチャイ,シーシップシー・ユウ・ウォーワンチャイ,,published_kana,REVIVAL-GYM/team夢之力,K-1,https://www.k-1.co.jp/fighter/1148
Shi-mo,シーモ,,published_kana,,K-1,https://www.k-1.co.jp/fighter/132
ジェイコブ・ミクラ,ジェイコブ・ミクラ,,published_kana,Free Style MMA,K-1 WORLD GP,https://www.k-1.co.jp/fighter/1750
ジェイジェイ・モーリス,ジェイジェイ・モーリス,,published_kana,Gym One/Team Morris,K-1 WORLD GP,https://www.k-1.co.jp/fighter/1770
ジェイソン・サティー,ジェイソン・サティー,,published_kana,,,https://ja.wikipedia.org/wiki/ジェイソン・サティー
ジェイミー・ウィーラン,ジェイミー・ウィーラン,,published_kana,,K-1,https://www.k-1.co.jp/fighter/718
ジェイミー・ゲイマン,ジェイミー・ゲイマン,,published_kana,WCCS Philippines,RISE,https://rise-rc.com/fighter/jhaymie_gayman/
ジェイ・スノーデン,ジェイ・スノーデン,,published_kana,Prokick Gym,RISE,https://rise-rc.com/fighter/jay_snoddon/
ジェシー・アスティル,ジェシー・アスティル,,published_kana,Strikeforce,RISE,https://rise-rc.com/fighter/jesse_astill/
ジェット・イズミ,ジェット・イズミ,,published_kana,,,https://ja.wikipedia.org/wiki/ジェット・イズミ
ジェニファー・マイア,ジェニファー・マイア,,published_kana,Chute Boxe Monstro,K-1 WORLD GP,https://www.k-1.co.jp/fighter/1633
ジェファーソン・サルビアーノ,ジェファーソン・サルビアーノ,,published_kana,Equipe Castellano,K-1,https://www.k-1.co.jp/fighter/1514
ジェラルド・ヴィーラーデ,ジェラルド・ヴィーラーデ,,published_kana,WCCS Philippines TRIBU BANWAR,RISE,https://rise-rc.com/fighter/jerald_villarde/
ジェレミー・モンテーリョ,ジェレミー・モンテーリョ,,published_kana,Kona team,RISE,https://rise-rc.com/fighter/jeremy-monteiro/
ジェレル・ヴェネチアン,ジェレル・ヴェネチアン,,published_kana,,,https://ja.wikipedia.org/wiki/ジェレル・ヴェネチアン
ジェロム・レ・バンナ,ジェロム・レ・バンナ,,published_kana,Le Banner X tream Team,K-1 WORLD GP,https://www.k-1.co.jp/fighter/1538|https://ja.wikipedia.org/wiki/ジェロム・レ・バンナ
ジェン・ジュンフェン,ジェン・ジュンフェン,,published_kana,重慶鋒豹クラブ/CFP,K-1,https://www.k-1.co.jp/fighter/807
ジェームズ・コンデ,ジェームズ・コンデ,,published_kana,SBC sarcelles,RISE,https://rise-rc.com/fighter/james-conde/
ジェームズ・フィリップス,ジェームズ・フィリップス,,published_kana,,,https://ja.wikipedia.org/wiki/ジェームズ・フィリップス
ジェームズ・ワーリング,ジェームズ・ワーリング,,published_kana,,,https://ja.wikipedia.org/wiki/ジェームズ・ワーリング
実方 宏介,ジツカタ コウスケ,Jitsukata Kosuke,published_kana,真樹ジムAICHI,K-1,https://www.k-1.co.jp/fighter/1135
地主 正孝,ジヌシ,Jinushi,published_kana,,K-1,https://www.k-1.co.jp/fighter/536
ジャオスアヤイ・ソー.デッチャパン,ジャオスアヤイ・ソー.デッチャパン,,published_kana,Sor.Dechaphan Gym,K-1 WORLD GP,https://www.k-1.co.jp/fighter/1008
ジャオ・ジェンドン,ジャオ・ジェンドン,,published_kana,深圳盛力人和ファイトアカデミー/CFP,K-1,https://www.k-1.co.jp/fighter/1483
ジャオ・チョンヤン,ジャオ・チョンヤン,,published_kana,一龍奥宇ジム/CFP,K-1,https://www.k-1.co.jp/fighter/871
ジャオ・フーカイ,ジャオ・フーカイ,,published_kana,,K-1,https://www.k-1.co.jp/fighter/50
蛇鬼将矢,ジャキ マサヤ,JAKI Masaya,converted,チーム天野鰹節店,RISE|KNOCK OUT,https://rise-rc.com/fighter/jaki_masaya/|https://knockoutkb.com/fighters/jaki_masaya_304
ジャシンタ・オースティン,ジャシンタ・オースティン,,published_kana,Carioti MMA,K-1 WORLD GP,https://www.k-1.co.jp/fighter/1269
JASMINE,ジャスミン,,published_kana,ポゴナ・クラブジム,K-1,https://www.k-1.co.jp/fighter/1101
ジャダンバ・ナラントンガラグ,ジャダンバ・ナラントンガラグ,,published_kana,,,https://ja.wikipedia.org/wiki/ジャダンバ・ナラントンガラグ
ジャバル・アスケロフ,ジャバル・アスケロフ,,published_kana,Team Askerov,K-1 WORLD GP,https://www.k-1.co.jp/fighter/1343|https://ja.wikipedia.org/wiki/ジャバル・アスケロフ
ジャビット・バイラミ,ジャビット・バイラミ,,published_kana,,,https://ja.wikipedia.org/wiki/ジャビット・バイラミ
ジャマル・カスモフ,ジャマル・カスモフ,,published_kana,,,https://ja.wikipedia.org/wiki/ジャマル・カスモフ
ジャマル・ワヒィム,ジャマル・ワヒィム,,published_kana,フランス,KNOCK OUT,https://knockoutkb.com/fighters/jamal_wahim_133
ジャルンスック・ブーンラナームエタイ,ジャルンスック・ブーンラナームエタイ,,published_kana,ブーンラナームエタイジム,RISE,https://rise-rc.com/fighter/jarernsuk-boonlannamuaythai/
ジャルンチャイ・ライオンジム,ジャルンチャイ・ライオンジム,,published_kana,LION GYM,RISE,https://rise-rc.com/fighter/jaroenchai_liongym/
ジャレル・ミラー,ジャレル・ミラー,,published_kana,,,https://ja.wikipedia.org/wiki/ジャレル・ミラー
ジャン＝クロード・リビエール,ジャン=クロード・リビエール,,published_kana,,,https://ja.wikipedia.org/wiki/ジャン＝クロード・リビエール
ジャングルコーキ,ジャングルコーキ,,published_kana,,K-1,https://www.k-1.co.jp/fighter/364
ジャンジャン・シー・ラバヤン,ジャンジャン・シー・ラバヤン,,published_kana,Yaw-Yan Pasay,RISE,https://rise-rc.com/fighter/jan-jan_c_labuayan/
ジャンボかおる,ジャンボ カオル,,published_kana,,,https://ja.wikipedia.org/wiki/ジャンボかおる
ジャン・イヴ・テリオー,ジャン・イヴ・テリオー,,published_kana,,,https://ja.wikipedia.org/wiki/ジャン・イヴ・テリオー
ジャン・ウェイリー,ジャン・ウェイリー,,published_kana,,K-1,https://www.k-1.co.jp/fighter/395
ジャン・ジンホイ,ジャン・ジンホイ,,published_kana,リュウ・シャンミンファイトクラブ/CFP,K-1 WORLD GP,https://www.k-1.co.jp/fighter/1719
ジャン・チャオ,ジャン・チャオ,,published_kana,中国/中山拓武ジム/CFP,KNOCK OUT,https://knockoutkb.com/fighters/zhang_chao_417
ジャン・チュンユー,ジャン・チュンユー,,published_kana,盛利人合ファイトクラブ/CFP,K-1,https://www.k-1.co.jp/fighter/977
張慶軍,ジャン・チンジュン,,published_kana,,,https://ja.wikipedia.org/wiki/張慶軍
ジュアン・シューソン,ジュアン・シューソン,,published_kana,,K-1,https://www.k-1.co.jp/fighter/646
ジュニオール・ルイス,ジュニオール・ルイス,,published_kana,Rizzo RVT,K-1 WORLD GP,https://www.k-1.co.jp/fighter/1624
ジュムリアット・スラーターニー・ラーチャパッド,ジュムリアット・スラーターニー・ラーチャパッド,,published_kana,PETCHSEEMUEN,RISE,https://rise-rc.com/fighter/jumliat-suratthani-rajabhat/
ジュリオ・セザール・モリ,ジュリオ・セザール・モリ,,published_kana,Brazilian Thai / team Mori,K-1 WORLD GP|Krush|Krush-EX,https://www.k-1.co.jp/fighter/1147
JUN Da 雷音,ジュンダライオン,Jun Da Raion,published_kana,E.S.G,K-1,https://www.k-1.co.jp/fighter/550
隼也ウィラサクレック,ジュンヤ ウィラサクレック,,published_kana,,,https://ja.wikipedia.org/wiki/隼也ウィラサクレック|https://www.k-1.co.jp/fighter/764
ジュー・シュアイ,ジュー・シュアイ,,published_kana,遼寧創新ジム/CFP,K-1,https://www.k-1.co.jp/fighter/985
ジョアン・カナベラル,ジョアン・カナベラル,,published_kana,,K-1,https://www.k-1.co.jp/fighter/284
ジョアン・ペドロ・シマオ,ジョアン・ペドロ・シマオ,,published_kana,Impacto Team,K-1,https://www.k-1.co.jp/fighter/1679
ジョアン・ヴィクター,ジョアン・ヴィクター,,published_kana,TEIXEIRA TEAM,K-1 WORLD GP,https://www.k-1.co.jp/fighter/1640
ジョシュ・トナー,ジョシュ・トナー,,published_kana,,K-1,https://www.k-1.co.jp/fighter/717
ジョッキーレック・GTジム,ジョッキーレック・GTジム,,published_kana,,K-1,https://www.k-1.co.jp/fighter/706
ジョナサン・アイウル,ジョナサン・アイウル,,published_kana,Allstyles Gym,K-1 WORLD GP,https://www.k-1.co.jp/fighter/1655
ジョナサン・トゥフ,ジョナサン・トゥフ,,published_kana,Phuket Top Team Gym,K-1,https://www.k-1.co.jp/fighter/918
ジョナス・サルシチャ,ジョナス・サルシチャ,,published_kana,TF Team/CT Allan Popeye,K-1 WORLD GP,https://www.k-1.co.jp/fighter/1630
ジョニス・コリセウ,ジョニス・コリセウ,,published_kana,Coliseu Team/Uniao ABC/Fight Gym,K-1 WORLD GP,https://www.k-1.co.jp/fighter/1627
ジョニー・クレバー,ジョニー・クレバー,,published_kana,,K-1,https://www.k-1.co.jp/fighter/1517
ジョマール・ガラザ,ジョマール・ガラザ,,published_kana,Team Silent Philippines/Excalibur FT,RISE,https://rise-rc.com/fighter/joemar-gallaza/
ジョムトーン・ストライカージム,ジョムトーン・ストライカージム,,published_kana,Striker GYM,K-1,https://www.k-1.co.jp/fighter/1307
ジョムトーン・チュワタナ,ジョムトーン・チュワタナ,,published_kana,,,https://ja.wikipedia.org/wiki/ジョムトーン・チュワタナ
ジョムホート・キアタディサック,ジョムホート・キアタディサック,,published_kana,,,https://ja.wikipedia.org/wiki/ジョムホート・キアタディサック
ジョルジオ・ペトロシアン,ジョルジオ・ペトロシアン,,published_kana,,,https://ja.wikipedia.org/wiki/ジョルジオ・ペトロシアン
ジョン・へジン,ジョン・へジン,Jeong Hye Jin,published_kana,,K-1,https://www.k-1.co.jp/fighter/667
ジョン・ウェイン・パー,ジョン・ウェイン・パー,,published_kana,,,https://ja.wikipedia.org/wiki/ジョン・ウェイン・パー
ジョン・ソンジク,ジョン・ソンジク,,published_kana,PT365,RISE,https://rise-rc.com/fighter/jeong-seong-jik/
ジョン・ヒョヌ,ジョン・ヒョヌ,,published_kana,Baekryeon Chaigym,RISE,https://rise-rc.com/fighter/jung_hyeonwoo/
ジョ・サンヘ,ジョ・サンヘ,,published_kana,JINHAE-JUNG EUI HOI KWAN,RISE,https://rise-rc.com/fighter/cho_sanhae/
ジョー明日香,ジョー アスカ,,published_kana,,,https://ja.wikipedia.org/wiki/ジョー明日香
ジョーイ・クライエンブルフ,ジョーイ・クライエンブルフ,,published_kana,Ser’s Gym,K-1 WORLD GP,https://www.k-1.co.jp/fighter/1771
ジョージ,ジョージ,,published_kana,,K-1,https://www.k-1.co.jp/fighter/883
ジョージ“ザ・アイアンライオン”,ジョージ“ザ・アイアンライオン”,,published_kana,,,https://ja.wikipedia.org/wiki/ジョージ“ザ・アイアンライオン”
ジョージ・アリアス,ジョージ・アリアス,,published_kana,,,https://ja.wikipedia.org/wiki/ジョージ・アリアス_(ボクサー)
ジョージ・ランドルフ,ジョージ・ランドルフ,,published_kana,,,https://ja.wikipedia.org/wiki/ジョージ・ランドルフ_(格闘家)
ジョーダン・クラニオ,ジョーダン・クラニオ,,published_kana,TEIXEIRA TEAM,K-1,https://www.k-1.co.jp/fighter/1636
ジョーダン・スウィントン,ジョーダン・スウィントン,,published_kana,Look Borai,K-1 WORLD GP,https://www.k-1.co.jp/fighter/1308
ジョーダン・タイ,ジョーダン・タイ,,published_kana,,,https://ja.wikipedia.org/wiki/ジョーダン・タイ
ジョーダン・バルディノッチ,ジョーダン・バルディノッチ,,published_kana,fight house pesaro / team fight power,K-1,https://www.k-1.co.jp/fighter/1026
ジョーダン・ピケオー,ジョーダン・ピケオー,,published_kana,Mike's Gym,K-1 WORLD GP|Krush|Krush-EX,https://www.k-1.co.jp/fighter/46
ジョーダン・ワトソン,ジョーダン・ワトソン,,published_kana,,K-1,https://www.k-1.co.jp/fighter/761
ジラリー・キャルービー,ジラリー・キャルービー,,published_kana,CARCHARIAS GYM,RISE,https://rise-rc.com/fighter/djillali-kharroubi/
仁,ジン,Jin,converted,LEGEND GYM,RISE,https://rise-rc.com/fighter/jin-2/
仁あきら,ジン アキラ,,published_kana,,,https://ja.wikipedia.org/wiki/仁あきら
陣内まどか,ジンナイ マドカ,,published_kana,,,https://ja.wikipedia.org/wiki/陣内まどか
神保 克哉,ジンボ カツヤ,Jinbo Katsuya,published_kana,サクラバファミリア/K-1ジム蒲田,K-1 WORLD GP|Krush|Krush-EX|KNOCK OUT,https://www.k-1.co.jp/fighter/368|https://knockoutkb.com/fighters/jinbo_katsuya_569
ジン・イン,ジン・イン,,published_kana,鄭州順遠ジム/CFP,K-1,https://www.k-1.co.jp/fighter/880
ジン・シジュン,ジン・シジュン,,published_kana,チームサイコピットブルス,K-1,https://www.k-1.co.jp/fighter/1375
ジー・ウェンハオ,ジー・ウェンハオ,,published_kana,,K-1,https://www.k-1.co.jp/fighter/230
スアマニー・ゲーオサムリット,スアマニー・ゲーオサムリット,,published_kana,タイ,KNOCK OUT,https://knockoutkb.com/fighters/sueamanee_kaewsamrit_424
スアレック・ルークカムイ,スアレック・ルークカムイ,,published_kana,,K-1,https://www.k-1.co.jp/fighter/854
水津 空良,スイヅ ソラ,Suizu Sora,published_kana,team NOVA,K-1 WORLD GP|Krush|Krush-EX|KNOCK OUT,https://www.k-1.co.jp/fighter/1005|https://knockoutkb.com/fighters/suizu_sora_139
末松 晄,スエマツ アキ,Suematsu Aki,published_kana,K.I.K team BLADE,K-1 WORLD GP|Krush|Krush-EX,https://www.k-1.co.jp/fighter/1353
菅原 美優,スガワラ ミユウ,Sugawara Miyuu,published_kana,K-1ジム三軒茶屋シルバーウルフ,K-1,https://www.k-1.co.jp/fighter/945
杉貴美子,スギ キミコ,,published_kana,,,https://ja.wikipedia.org/wiki/杉貴美子
杦岡 誉崇,スギオカ ヤスタカ,Sugioka Yasutaka,published_kana,,K-1,https://www.k-1.co.jp/fighter/285
杉本 仁,スギモト ヒトシ,Sugimoto Hitoshi,published_kana,K-1ジム三軒茶屋シルバーウルフ,K-1,https://www.k-1.co.jp/fighter/86
杉山 明隆,スギヤマ アキタカ,Sugiyama Akitaka,published_kana,,K-1,https://www.k-1.co.jp/fighter/553
杉若 怜,スギワカ レイ,Sugiwaka Rei,published_kana,WIZARDキックボクシングジム,Krush|Krush-EX,https://www.k-1.co.jp/fighter/1603
スコーピオン謙太,スコーピオンケンタ,Scorpion Kenta,published_kana,,K-1,https://www.k-1.co.jp/fighter/286
鈴木 一晴,スズキ イッセイ,Suzuki Issei,published_kana,キックボクシングアカデミーROOTS,K-1,https://www.k-1.co.jp/fighter/1039
鈴木 健太郎,スズキ ケンタロウ,Suzuki Kentaro,published_kana,E.S.G,Krush|Krush-EX,https://www.k-1.co.jp/fighter/1274
鈴木悟,スズキ サトル,,published_kana,,,https://ja.wikipedia.org/wiki/鈴木悟_(格闘家)
鈴木 翔大,スズキ ショウタ,Suzuki Shota,published_kana,澁谷会/TEAM KAITO,Krush|Krush-EX,https://www.k-1.co.jp/fighter/1230
鈴木 翔也,スズキ ショウヤ,Suzuki Shoya,published_kana,OGUNI-GYM,K-1 WORLD GP|Krush|Krush-EX,https://www.k-1.co.jp/fighter/231
鈴木真治,スズキ シンジ,,published_kana,,,https://ja.wikipedia.org/wiki/鈴木真治_(キックボクサー)
鈴木 太尊,スズキ タイソン,Suzuki Tyson,published_kana,クボジム,K-1 WORLD GP|Krush|Krush-EX,https://www.k-1.co.jp/fighter/1468
鈴木 拓哉,スズキ タクヤ,Suzuki Takuya,published_kana,,K-1,https://www.k-1.co.jp/fighter/136
鈴木 勇人,スズキ ハヤト,Suzuki Hayato,published_kana,K-1ジム五反田チームキングス,K-1 WORLD GP|Krush|Krush-EX,https://www.k-1.co.jp/fighter/733
鈴木秀明,スズキ ヒデアキ,,published_kana,,,https://ja.wikipedia.org/wiki/鈴木秀明_(キックボクサー)
鈴木 ヒロ,スズキ ヒロ,Suzuki Hiro,published_kana,,K-1,https://www.k-1.co.jp/fighter/560
鈴木 雅博,スズキ マサヒロ,Suzuki Masahiro,published_kana,K-1 GYM SAGAMI-ONO KREST,K-1,https://www.k-1.co.jp/fighter/190
鈴木 万李弥,スズキ マリヤ,Suzuki Mariya,published_kana,KNOCK OUTクロスポイント吉祥寺,K-1 WORLD GP|Krush|Krush-EX|KNOCK OUT,https://www.k-1.co.jp/fighter/1150|https://knockoutkb.com/fighters/suzuki_mariya_87
鈴木 雄三,スズキ ユウゾウ,Suzuki Yuzo,published_kana,,K-1,https://www.k-1.co.jp/fighter/189
鈴輝 勇太,スズキ ユウタ,Suzuki Yuta,published_kana,team ALL-WIN,K-1,https://www.k-1.co.jp/fighter/963
鈴木 優也,スズキ ユウヤ,Suzuki Yuya,published_kana,K-1ジム目黒TEAM TIGER,K-1,https://www.k-1.co.jp/fighter/83
鈴木 力也,スズキ リキヤ,Suzuki Rikiya,published_kana,K-1ジム総本部チームペガサス,K-1,https://www.k-1.co.jp/fighter/999
鈴木“シャオリン”孝司,スズキ“シャオリン”コウジ,Xiaoling,published_kana,K-1ジム五反田チームキングス,K-1,https://www.k-1.co.jp/fighter/821
スタウロス・エグザコスティディス,スタウロス・エグザコスティディス,,published_kana,Nasos/Mejiro Gym,K-1,https://www.k-1.co.jp/fighter/812
スタニスラフ・カザンツェフ,スタニスラフ・カザンツェフ,,published_kana,Mike's Gym,K-1 WORLD GP,https://www.k-1.co.jp/fighter/1772
スタニスラブ・レニタ,スタニスラブ・レニタ,,published_kana,,K-1,https://www.k-1.co.jp/fighter/701
スタン・ザ・マン,スタン・ザ・マン,,published_kana,,,https://ja.wikipedia.org/wiki/スタン・ザ・マン_(キックボクサー)
須田 孝禎,スダ タカヨシ,Suda Takayoshi,published_kana,,K-1,https://www.k-1.co.jp/fighter/135
ステファン・ラテスク,ステファン・ラテスク,,published_kana,SCORPIONS IASI,K-1 WORLD GP,https://www.k-1.co.jp/fighter/1325
ステファン・レコ,ステファン・レコ,,published_kana,,,https://ja.wikipedia.org/wiki/ステファン・レコ
ステファン・ヴランチェアーヌ,ステファン・ヴランチェアーヌ,,published_kana,DORU TEAM BRAILA,K-1 WORLD GP,https://www.k-1.co.jp/fighter/1734
周藤 亮太,ストウ リョウタ,Suto Ryota,published_kana,Fighting Kairos,K-1,https://www.k-1.co.jp/fighter/1001
ストーヤン・コプリヴレンスキー,ストーヤン・コプリヴレンスキー,,published_kana,Mike's Gym,K-1 WORLD GP|RISE,https://www.k-1.co.jp/fighter/1444|https://rise-rc.com/fighter/stoyan-koprivlenski/
須藤信充,スドウ ノブミツ,,published_kana,,,https://ja.wikipedia.org/wiki/須藤信充
スドロー・ソージョートンプラシン,スドロー・ソージョートンプラシン,,published_kana,ソージョートンプラシン,RISE,https://rise-rc.com/fighter/sudlor_sor_jor_tong_prachin/
スネーク益荒男,スネークマサオ,Snake Masao,published_kana,,K-1,https://www.k-1.co.jp/fighter/542
スパイク・カーライル,スパイク・カーライル,,published_kana,Naughty House,KNOCK OUT,https://knockoutkb.com/fighters/spike_carlyle_479
スホン,スホン,,published_kana,ESPERANZA,RISE,https://rise-rc.com/fighter/suhon/
スラサック・クルーダームジム,スラサック・クルーダームジム,,published_kana,タイ/クルーダームジム,KNOCK OUT,https://knockoutkb.com/fighters/surasak_krudarmgym_496
スリマン・ベテルビエフ,スリマン・ベテルビエフ,,published_kana,Kickboxing Club Akhmat,K-1,https://www.k-1.co.jp/fighter/1605
スリヤンレック・オーボートー.ガムピー,スリヤンレック・オーボートー.ガムピー,,published_kana,オーボートー.ガムピージム,K-1,https://www.k-1.co.jp/fighter/1025
スーパーアンジ,スーパーアンジ,,published_kana,KUNISNIPE旭,K-1,https://www.k-1.co.jp/fighter/818
スーパー・ヤイ・チャン,スーパー・ヤイ・チャン,,published_kana,ミャンマー,KNOCK OUT,https://knockoutkb.com/fighters/super_yay_chan_547
スーリ・マンフレディ,スーリ・マンフレディ,,published_kana,LOOKYAMO TRAINING CAMP,K-1 WORLD GP,https://www.k-1.co.jp/fighter/1271
ズズ,ズズ,,published_kana,,K-1,https://www.k-1.co.jp/fighter/416
世愛,セア,SEA,converted,TEAM KAZE,RISE|KNOCK OUT,https://rise-rc.com/fighter/sea/|https://knockoutkb.com/fighters/sea_488|https://www.k-1.co.jp/fighter/1623
聖愛,セイナ,Seina,published_kana,魁塾,RISE,https://rise-rc.com/fighter/seina/|https://ja.wikipedia.org/wiki/聖愛
清宮 拓,セイミヤ タク,Seimiya Taku,published_kana,,K-1,https://www.k-1.co.jp/fighter/595
SEIYA,セイヤ,,published_kana,POWER OF DREAM,K-1 WORLD GP|Krush|Krush-EX,https://www.k-1.co.jp/fighter/643
惺也,セイヤ,Seiya,converted,OISHI GYM,RISE,https://rise-rc.com/fighter/seiya/
聖也,セイヤ,Seiya,published_kana,WSRフェアテックス西川口,K-1,https://www.k-1.co.jp/fighter/946
誠哉,セイヤ,Seiya,published_kana,,K-1,https://www.k-1.co.jp/fighter/233
セイ・マルセロ,セイ・マルセロ,,published_kana,志村道場,K-1,https://www.k-1.co.jp/fighter/234
関 太一,セキ タイチ,Seki Taichi,published_kana,,K-1,https://www.k-1.co.jp/fighter/478
関ナオト,セキ ナオト,,published_kana,,,https://ja.wikipedia.org/wiki/関ナオト
関口 功誠,セキグチ コウセイ,Sekiguchi Kosei,published_kana,ALONZA ABLAZE,K-1 WORLD GP|Krush|Krush-EX,https://www.k-1.co.jp/fighter/1390
関根 進,セキネ ススム,Sekine Susumu,published_kana,,K-1,https://www.k-1.co.jp/fighter/451
セク・バングラ,セク・バングラ,,published_kana,Gridin Gym,K-1 WORLD GP,https://www.k-1.co.jp/fighter/1802
セドリック・ペイノー,セドリック・ペイノー,,published_kana,,K-1,https://www.k-1.co.jp/fighter/232
セバスチャン・チオバヌ,セバスチャン・チオバヌ,,published_kana,,,https://ja.wikipedia.org/wiki/セバスチャン・チオバヌ
セミ・ケスキン,セミ・ケスキン,,published_kana,All Fit Gym,K-1 WORLD GP,https://www.k-1.co.jp/fighter/1768
セミー・シュルト,セミー・シュルト,,published_kana,,,https://ja.wikipedia.org/wiki/セミー・シュルト
聖来,セラ,Sera,published_kana,ドージョー☆シャカリキ,K-1 WORLD GP,https://www.k-1.co.jp/fighter/1705
せり,セリ,,published_kana,,,https://ja.wikipedia.org/wiki/せり_(格闘家)
セルカン・イルマッツ,セルカン・イルマッツ,,published_kana,,,https://ja.wikipedia.org/wiki/セルカン・イルマッツ
セルゲイ・アダムチャック,セルゲイ・アダムチャック,,published_kana,Mike's Gym,K-1 WORLD GP|RISE,https://www.k-1.co.jp/fighter/48|https://rise-rc.com/fighter/serhii-adamchuk/
セルゲイ・イバノビッチ,セルゲイ・イバノビッチ,,published_kana,,,https://ja.wikipedia.org/wiki/セルゲイ・イバノビッチ
セルゲイ・グール,セルゲイ・グール,,published_kana,,,https://ja.wikipedia.org/wiki/セルゲイ・グール
セルゲイ・マトキン,セルゲイ・マトキン,,published_kana,,,https://ja.wikipedia.org/wiki/セルゲイ・マトキン
セルゲイ・ラシェンコ,セルゲイ・ラシェンコ,,published_kana,,,https://ja.wikipedia.org/wiki/セルゲイ・ラシェンコ
セルヒオ・サンチェス,セルヒオ・サンチェス,,published_kana,Elite JT taldea,K-1,https://www.k-1.co.jp/fighter/811
セルヒオ・ハノ,セルヒオ・ハノ,,published_kana,Brazilian Thai,K-1 WORLD GP,https://www.k-1.co.jp/fighter/1220
セントリー・クンクメール,セントリー・クンクメール,,published_kana,カンボジア,KNOCK OUT,https://knockoutkb.com/fighters/sentry_kunkhmer_502
仙波昌希,センバ マサキ,Masaki Senba,converted,FLAT UP,RISE,https://rise-rc.com/fighter/senba_masaki/
セーンサックグン・オー.カムイン,セーンサックグン・オー.カムイン,,published_kana,タイ,KNOCK OUT,https://knockoutkb.com/fighters/saensakgun_oh_kamint_471
セーンダオレック・スターライトジム,セーンダオレック・スターライトジム,,published_kana,タイ/スターライトジム,KNOCK OUT,https://knockoutkb.com/fighters/saeng_dawlek_star_light
ゼバット・ポーツラック,ゼバット・ポーツラック,,published_kana,,,https://ja.wikipedia.org/wiki/ゼバット・ポーツラック
ゼ・ワリロ,ゼ・ワリロ,,published_kana,White Shark Fight Gym,RISE,https://rise-rc.com/fighter/ze-waliuo/
宗一郎,ソウイチロウ,Soichiro,published_kana,,K-1,https://www.k-1.co.jp/fighter/1197
壮泰,ソウタ,,published_kana,,,https://ja.wikipedia.org/wiki/壮泰
左右田 泰臣,ソウダ ヤスオミ,Soda Yasuomi,published_kana,K-1ジム三軒茶屋シルバーウルフ,K-1,https://www.k-1.co.jp/fighter/16
早田 吏喜,ソウダ リキ,Soda Riki,published_kana,TEAM3K,K-1 WORLD GP|Krush|Krush-EX,https://www.k-1.co.jp/fighter/1311
薔薇,ソウビ,,published_kana,,,https://ja.wikipedia.org/wiki/薔薇_(キックボクサー)
SOUL,ソウル,,published_kana,,K-1,https://www.k-1.co.jp/fighter/1329
祖根 亮麻,ソネ リョウマ,Sone Ryoma,published_kana,大和ジム,Krush|Krush-EX|KNOCK OUT,https://www.k-1.co.jp/fighter/1543|https://knockoutkb.com/fighters/sone_ryouma_528
ソフィアン・エラージ,ソフィアン・エラージ,,published_kana,,K-1,https://www.k-1.co.jp/fighter/39
ソフィア・ツォラキドゥ,ソフィア・ツォラキドゥ,,published_kana,KRITIKOS CAMP,K-1 WORLD GP|Krush,https://www.k-1.co.jp/fighter/1657|https://ja.wikipedia.org/wiki/ソフィア・ツォラキドゥ
ソルデティグレ・ヨースケ,ソルデティグレ・ヨースケ,,published_kana,,,https://ja.wikipedia.org/wiki/ソルデティグレ・ヨースケ|https://www.k-1.co.jp/fighter/558
孫悟空丸山,ソンゴクウ マルヤマ,,published_kana,,,https://ja.wikipedia.org/wiki/孫悟空丸山
ソンピチャイ・センチャイジム,ソンピチャイ・センチャイジム,,published_kana,センチャイムエタイジム,KNOCK OUT,https://knockoutkb.com/fighters/sonphichai_saenchaigym_357
ソン・スター,ソン・スター,,published_kana,,K-1,https://www.k-1.co.jp/fighter/727
ソン・ダーチェン,ソン・ダーチェン,,published_kana,,K-1,https://www.k-1.co.jp/fighter/760
ソ・ヨンテク,ソ・ヨンテク,,published_kana,AY-GYM,Krush|Krush-EX,https://www.k-1.co.jp/fighter/1467
ソー・バー・ヘイン,ソー・バー・ヘイン,,published_kana,ミャンマー,KNOCK OUT,https://knockoutkb.com/fighters/saw_ba_hein_548
ゾーラ・アカピャン,ゾーラ・アカピャン,,published_kana,Gridin Gym,K-1 WORLD GP,https://www.k-1.co.jp/fighter/1451
大雅,タイガ,TAIGA,converted,TRY HARD GYM,RISE|KNOCK OUT,https://rise-rc.com/fighter/taiga/|https://knockoutkb.com/fighters/taiga_493|https://www.k-1.co.jp/fighter/3
虎,タイガ,Taiga,published_kana,CMG,K-1,https://www.k-1.co.jp/fighter/1235
泰輝,タイキ,Taiki,published_kana,,K-1,https://www.k-1.co.jp/fighter/772
TAISUKE,タイスケ,,published_kana,,K-1,https://www.k-1.co.jp/fighter/237
タイチャーン,タイチャーン,,published_kana,,K-1,https://www.k-1.co.jp/fighter/192
泰斗,タイト,Taito,published_kana,LEOPARD GYM,K-1,https://www.k-1.co.jp/fighter/14
夢・センチャイジム,タイムセンチャイジム,Time Saenchaigym,published_kana,,K-1,https://www.k-1.co.jp/fighter/297
TAIRA,タイラ,,published_kana,,K-1,https://www.k-1.co.jp/fighter/509
タイロン・スポーン,タイロン・スポーン,,published_kana,,,https://ja.wikipedia.org/wiki/タイロン・スポーン
貴章,タカアキ,Takaaki,published_kana,,K-1,https://www.k-1.co.jp/fighter/139
高木 健太,タカギ ケンタ,Takagi Kenta,published_kana,リバーサルジム川口REDIPS,K-1,https://www.k-1.co.jp/fighter/881
高木 晟至,タカギ セイジ,TAKAGI Seiji,converted,TEAM REI,KNOCK OUT,https://knockoutkb.com/fighters/takagi_seiji_364
武士,タカシ,Takashi,published_kana,,K-1,https://www.k-1.co.jp/fighter/510
鷹史,タカシ,Takashi,published_kana,,K-1,https://www.k-1.co.jp/fighter/592
高田 彰二,タカダ ショウジ,Takada Shoji,published_kana,,K-1,https://www.k-1.co.jp/fighter/648
高梨knuckle美穂,タカナシ ナックル ミホ,Knuckle,published_kana,K-1ジム五反田チームキングス,K-1 WORLD GP|Krush|Krush-EX,https://www.k-1.co.jp/fighter/889
TAKANARI,タカナリ,,published_kana,,K-1,https://www.k-1.co.jp/fighter/295
高萩ツトム,タカハギ ツトム,,published_kana,,,https://ja.wikipedia.org/wiki/高萩勉|https://www.k-1.co.jp/fighter/93
高橋 功,タカハシ,Takahashi,published_kana,,K-1,https://www.k-1.co.jp/fighter/533
高橋 一熹,タカハシ カズキ,Takahashi Kazuki,published_kana,,K-1,https://www.k-1.co.jp/fighter/296
高橋 享祐,タカハシ キョウスケ,Takahashi Kyosuke,published_kana,戦-IKUSA-GYM,K-1,https://www.k-1.co.jp/fighter/1014
高橋 誠治,タカハシ セイジ,Takahashi Seiji,published_kana,,K-1,https://www.k-1.co.jp/fighter/292
高橋 龍太郎,タカハシ リュウタロウ,Takahashi Ryutaro,published_kana,マッハ道場,K-1,https://www.k-1.co.jp/fighter/1076
髙橋 直輝,タカハシナオキ,Takahashi Naoki,published_kana,若獅子会館,K-1 WORLD GP|Krush|Krush-EX,https://www.k-1.co.jp/fighter/975
貴哉,タカヤ,Takaya,published_kana,K-1ジム五反田チームキングス,K-1,https://www.k-1.co.jp/fighter/1160
貴センチャイジム,タカユキ センチャイジム,,published_kana,,,https://ja.wikipedia.org/wiki/貴センチャイジム
瀧,タキ,Taki,published_kana,魁塾,K-1 WORLD GP|RISE,https://www.k-1.co.jp/fighter/1555|https://rise-rc.com/fighter/taki/
滝上 正太,タキガミ ショウタ,Takigami Shota,published_kana,聖空会館,K-1 WORLD GP|RISE,https://www.k-1.co.jp/fighter/1527|https://rise-rc.com/fighter/takigami_shota/
瀧川リョウ,タキガワ リョウ,,published_kana,,,https://ja.wikipedia.org/wiki/瀧川リョウ
瀧澤博人,タキザワ ヒロヒト,,published_kana,,,https://ja.wikipedia.org/wiki/瀧澤博人
瀧谷渉太,タキヤ ショウタ,,published_kana,,,https://ja.wikipedia.org/wiki/瀧谷渉太|https://www.k-1.co.jp/fighter/33
瀧山 悠斗,タキヤマ ユウト,Takiyama Yuto,published_kana,,K-1,https://www.k-1.co.jp/fighter/1358
多久田 和馬,タクダ カズマ,Takuda Kazuma,published_kana,K-1 GYM横浜infinity,K-1,https://www.k-1.co.jp/fighter/954
戦熊,タクマ,Takuma,published_kana,team ALL-WIN,Krush|Krush-EX,https://www.k-1.co.jp/fighter/1352
タクミ,タクミ,,published_kana,富士見group,KNOCK OUT,https://knockoutkb.com/fighters/takumi_405
匠,タクミ,,published_kana,,,https://ja.wikipedia.org/wiki/匠
T-98,タクヤ,,published_kana,MUAYGORI GYM,RISE,https://rise-rc.com/fighter/t-98/|https://ja.wikipedia.org/wiki/T-98
武居 由樹,タケイ ヨシキ,Takei Yoshiki,published_kana,POWER OF DREAM,K-1,https://www.k-1.co.jp/fighter/56
竹内 将生,タケウチ マサキ,Takeuchi Masaki,published_kana,エイワスポーツジム,Krush|Krush-EX,https://www.k-1.co.jp/fighter/1249
竹内 悠希,タケウチ ユウキ,Takeuchi Yuki,published_kana,K-1ジム五反田チームキングス,K-1,https://www.k-1.co.jp/fighter/775
竹腰 一麻,タケコシ カズマ,Takekoshi Kazuma,published_kana,Club TOSHI,K-1,https://www.k-1.co.jp/fighter/887
竹添 翔太,タケゾエ ショウタ,Takezoe Shota,published_kana,インスパイヤードモーション,Krush|Krush-EX,https://www.k-1.co.jp/fighter/1598
武田幸三,タケダ コウゾウ,,published_kana,,,https://ja.wikipedia.org/wiki/武田幸三
竹田 哲紳,タケダ テッシン,TAKEDA Tesshin,converted,クレイン,KNOCK OUT,https://knockoutkb.com/fighters/takeda_tesshin_151
武田 雄陽,タケダ ユウヒ,Takeda Yuhi,published_kana,生年月日,Krush|Krush-EX,https://www.k-1.co.jp/fighter/431
竹野 蓮,タケノ レン,Takeno Ren,published_kana,,K-1,https://www.k-1.co.jp/fighter/369
武彦,タケヒコ,Takehiko,published_kana,月心会チーム侍,K-1,https://www.k-1.co.jp/fighter/289
竹見 浩史郎,タケミ コウシロウ,Takemi Koshiro,published_kana,JAPAN TOP TEAM,K-1 WORLD GP,https://www.k-1.co.jp/fighter/1587
竹山晴友,タケヤマ ハルトモ,,published_kana,,,https://ja.wikipedia.org/wiki/竹山晴友
威幸,タケユキ,Takeyuki,published_kana,,K-1,https://www.k-1.co.jp/fighter/609
タケル,タケル,,published_kana,,,https://ja.wikipedia.org/wiki/タケル_(格闘家)
武尊,タケル,,published_kana,,,https://ja.wikipedia.org/wiki/武尊|https://www.k-1.co.jp/fighter/64
たご りょうた,タゴ リョウタ,Ryota Tago,published_kana,FJ KICK ASS,RISE,https://rise-rc.com/fighter/tago-ryota/
田嶋はる,タジマ ハル,,published_kana,,,https://ja.wikipedia.org/wiki/田嶋はる
たすく,タスク,Tasuku,published_kana,,K-1,https://www.k-1.co.jp/fighter/141
田勢 ジャイル,タセ ジャイル,Tase Jairu,published_kana,,K-1,https://www.k-1.co.jp/fighter/1090
太刀風,タチカゼ,,published_kana,,,https://ja.wikipedia.org/wiki/太刀風_(格闘家)
立川隆史,タチカワ タカシ,,published_kana,,,https://ja.wikipedia.org/wiki/立川隆史
タップロン・ハーデスワークアウト,タップロン・ハーデスワークアウト,,published_kana,ハーデスワークアウトジム,RISE|KNOCK OUT,https://rise-rc.com/fighter/tapruwan-hadesworkout/|https://knockoutkb.com/fighters/tapuruwan_hadesworkout_234
竜樹,タツキ,Tatsuki,published_kana,WSRフェアテックス三ノ輪,K-1 WORLD GP|Krush|Krush-EX,https://www.k-1.co.jp/fighter/921
TATSUJI,タツジ,,published_kana,,,https://ja.wikipedia.org/wiki/TATSUJI|https://www.k-1.co.jp/fighter/627
龍翔,タツト,Tatsuto,published_kana,BLACK☆Jr,Krush|Krush-EX|RISE,https://www.k-1.co.jp/fighter/1601|https://rise-rc.com/fighter/tatsuto/
巽宇宙,タツミ ウチュウ,,published_kana,,,https://ja.wikipedia.org/wiki/巽宇宙
辰巳 璃央,タツミ リオ,Tatsumi Rio,published_kana,Team Free Style,Krush|Krush-EX,https://www.k-1.co.jp/fighter/1608
立嶋篤史,タテシマ アツシ,,published_kana,,,https://ja.wikipedia.org/wiki/立嶋篤史
田中 一輝,タナカ カズキ,Tanaka Kazuki,published_kana,月心会チーム侍,K-1,https://www.k-1.co.jp/fighter/138
田中 康友,タナカ コウスケ,Tanaka Kosuke,published_kana,ウォーワンチャイプロモーション,Krush|Krush-EX,https://www.k-1.co.jp/fighter/1595
田中 聡,タナカ サトシ,Tanaka Satoshi,published_kana,K-1ジム三軒茶屋シルバーウルフ,K-1 WORLD GP|Krush|Krush-EX,https://www.k-1.co.jp/fighter/1228
田中 秀汰,タナカ シュウタ,Tanaka Shuta,published_kana,PITBULL,Krush|Krush-EX,https://www.k-1.co.jp/fighter/1183
田中 将士,タナカ マサシ,Tanaka Masashi,published_kana,,K-1,https://www.k-1.co.jp/fighter/649
田中佑季,タナカ ユウキ,,published_kana,,,https://ja.wikipedia.org/wiki/田中佑季
田中義人,タナカ ヨシト,,published_kana,,,https://ja.wikipedia.org/wiki/田中義人
田中 陸登,タナカ リクト,Tanaka Rikuto,published_kana,拳狼会,Krush|Krush-EX|RISE,https://www.k-1.co.jp/fighter/1711|https://rise-rc.com/fighter/tanaka_rikuto/
田中STRIKE雄基,タナカストライクユウキ,Tanaka Strike Yuki,published_kana,BFA-SEED,K-1,https://www.k-1.co.jp/fighter/813
田邉 謙心,タナベ ケンシン,Tanabe Kenshin,published_kana,WIZARDキックボクシングジム,K-1 WORLD GP|Krush|Krush-EX,https://www.k-1.co.jp/fighter/1713
タナンチャイ・シッソンピーノン,タナンチャイ・シッソンピーノン,,published_kana,Sitsongpeenong Muay Thai Camp,K-1,https://www.k-1.co.jp/fighter/1454
谷川 聖哉,タニガワ セイヤ,Tanigawa Seiya,published_kana,Yogibo DATSURIKI GYM,K-1 WORLD GP|Krush|Krush-EX,https://www.k-1.co.jp/fighter/1057
谷口 健,タニグチ ケン,Taniguchi Ken,published_kana,,K-1,https://www.k-1.co.jp/fighter/193
谷嶋 颯斗,タニシマ ハヤト,Tanishima Hayato,published_kana,,K-1,https://www.k-1.co.jp/fighter/683
谷本弘行,タニモト ヒロユキ,,published_kana,,,https://ja.wikipedia.org/wiki/谷本弘行
谷山 佳菜子,タニヤマ カナコ,Taniyama Kanako,published_kana,,K-1,https://www.k-1.co.jp/fighter/396
谷山 俊樹,タニヤマ トシキ,Taniyama Toshiki,published_kana,谷山ジム,K-1,https://www.k-1.co.jp/fighter/293
種市 彩人,タネイチ アヤト,Taneichi Ayato,published_kana,池袋BLUE DOG GYM,K-1,https://www.k-1.co.jp/fighter/294
田畑 凌,タバタ リョウ,Tabata Ryo,published_kana,池袋BLUE DOG GYM,K-1,https://www.k-1.co.jp/fighter/745
タフマシブ・ケリモフ,タフマシブ・ケリモフ,,published_kana,Dzaniev Team,K-1,https://www.k-1.co.jp/fighter/1761
玉川 らいと,タマガワ ライト,Tamagawa Raito,published_kana,K-1ジム総本部チームペガサス,K-1,https://www.k-1.co.jp/fighter/1068
田村 勇気,タムラ ユウキ,Tamura Yuki,published_kana,ドージョー☆シャカリキ,K-1,https://www.k-1.co.jp/fighter/565
田村 陽典,タムラ ヨウスケ,Tamura Yosuke,published_kana,PURGE TOKYO,K-1,https://www.k-1.co.jp/fighter/370
タラス・ナチュック,タラス・ナチュック,,published_kana,LOTTATORI MILANO,K-1 WORLD GP,https://www.k-1.co.jp/fighter/1450
TARO,タロウ,,published_kana,月心会チーム侍,K-1,https://www.k-1.co.jp/fighter/194
俵家 翔太,タワラヤ ショウタ,Tawaraya Shota,published_kana,,K-1,https://www.k-1.co.jp/fighter/684
タン・スアン・ユン,タン・スアン・ユン,,published_kana,Eminent muay thai Gym,RISE,https://rise-rc.com/fighter/tanxuanyun/
タン・フォン,タン・フォン,,published_kana,中国/長沙鋭景ファイティングクラブ/CFP,KNOCK OUT,https://knockoutkb.com/fighters/tang_feng_463
TURBΦ,ターボ,,published_kana,,,https://ja.wikipedia.org/wiki/TURBΦ_(キックボクサー)|https://www.k-1.co.jp/fighter/486
大輝,ダイキ,Daiki,published_kana,DK9,Krush|Krush-EX,https://www.k-1.co.jp/fighter/1600
大輝,ダイキ,Daiki,published_kana,ハリケーンジム/チーム男鹿キック,Krush|Krush-EX,https://www.k-1.co.jp/fighter/1415
大久 和輝,ダイク カズキ,Daiku Kazuki,published_kana,K-1ジム五反田チームキングス,K-1,https://www.k-1.co.jp/fighter/1200
大宮司進,ダイグウジ ススム,,published_kana,,,https://ja.wikipedia.org/wiki/大宮司進
大地,ダイチ,Daichi,published_kana,ZEBRA GYM,K-1 WORLD GP|Krush|Krush-EX,https://www.k-1.co.jp/fighter/1558
大刀国秀,ダイトウクニヒデ,,published_kana,,,https://ja.wikipedia.org/wiki/大刀国秀
大夢,ダイナ,Daina,published_kana,WIZARDキックボクシングジム,K-1 WORLD GP|Krush|Krush-EX,https://www.k-1.co.jp/fighter/1174
”DYNAMITE”髙橋 佑太,ダイナマイト タカハシ ユウタ,Dynamite Takahashi Yuta,published_kana,Y'ZD GYM,K-1,https://www.k-1.co.jp/fighter/236
代常亮,ダイ・ジョウアン,,published_kana,,,https://ja.wikipedia.org/wiki/代常亮
ダウサコン・モータッサナイ,ダウサコン・モータッサナイ,,published_kana,ウィラサクレック・フェアテックスジム,K-1,https://www.k-1.co.jp/fighter/1158
ダウサヤーム・ウォーワンチャイ,ダウサヤーム・ウォーワンチャイ,,published_kana,ウォーワンチャイプロモーション,K-1 WORLD GP,https://www.k-1.co.jp/fighter/1379
ダグ・ヴィニー,ダグ・ヴィニー,,published_kana,,,https://ja.wikipedia.org/wiki/ダグ・ヴィニー
ダック可愛,ダック カワイ,,published_kana,,,https://ja.wikipedia.org/wiki/ダック可愛
ダニエル・ウィリアムス,ダニエル・ウィリアムス,,published_kana,,K-1,https://www.k-1.co.jp/fighter/37
ダニエル・ギタ,ダニエル・ギタ,,published_kana,,,https://ja.wikipedia.org/wiki/ダニエル・ギタ
ダニエル・ドーソン,ダニエル・ドーソン,,published_kana,,,https://ja.wikipedia.org/wiki/ダニエル・ドーソン
ダニエル・ピュータス,ダニエル・ピュータス,,published_kana,Ultimatum Fight School,K-1,https://www.k-1.co.jp/fighter/907
ダニエル・プエルタス,ダニエル・プエルタス,,published_kana,Ultimatum Fight School,RISE,https://rise-rc.com/fighter/daniel_puertas/
ダニラ・クワチ,ダニラ・クワチ,,published_kana,Gridin Gym,K-1 WORLD GP,https://www.k-1.co.jp/fighter/1564
ダニロ・ザノリニ,ダニロ・ザノリニ,,published_kana,Brazilian Thai,K-1 WORLD GP|Krush|Krush-EX,https://www.k-1.co.jp/fighter/552
ダニロ・トシッチ,ダニロ・トシッチ,,published_kana,Ares Gym,K-1 WORLD GP,https://www.k-1.co.jp/fighter/1476
ダニ・アントネッリ,ダニ・アントネッリ,,published_kana,CM System,K-1,https://www.k-1.co.jp/fighter/1647
ダニール・エルモリンカ,ダニール・エルモリンカ,,published_kana,Gridin Gym,K-1 WORLD GP,https://www.k-1.co.jp/fighter/1562
ダビッド・キリア,ダビッド・キリア,,published_kana,Team Kiria,K-1,https://www.k-1.co.jp/fighter/1453
ダビド・メヒア,ダビド・メヒア,,published_kana,Gimnasio Formas,K-1,https://www.k-1.co.jp/fighter/1059
ダリウス・スクリアウディス,ダリウス・スクリアウディス,,published_kana,,,https://ja.wikipedia.org/wiki/ダリウス・スクリアウディス
ダリル・フェルドンク,ダリル・フェルドンク,,published_kana,Fight Team Ringer,K-1 WORLD GP,https://www.k-1.co.jp/fighter/1449
ダルビッシュ黒木,ダルビッシュ クロギ,Darvish Kurogi,published_kana,DAR,K-1,https://www.k-1.co.jp/fighter/1203
ダン・マイ・トゥエイ,ダン・マイ・トゥエイ,,published_kana,ミャンマー,KNOCK OUT,https://knockoutkb.com/fighters/damg_mite_thway_549
チェン・ウェイティン,チェン・ウェイティン,,published_kana,,K-1,https://www.k-1.co.jp/fighter/397
チェン・ミンミン,チェン・ミンミン,,published_kana,,K-1,https://www.k-1.co.jp/fighter/480
チェン・ヨンホイ,チェン・ヨンホイ,,published_kana,Chinese Fighting Promotion,K-1 WORLD GP,https://www.k-1.co.jp/fighter/1619
チェ・ウンジ,チェ・ウンジ,,published_kana,大邱FEARLESS GYM,K-1 WORLD GP|Krush|Krush-EX,https://www.k-1.co.jp/fighter/1539
チェ・ジンスン,チェ・ジンスン,,published_kana,,K-1,https://www.k-1.co.jp/fighter/140
チェ・ホンマン,チェ・ホンマン,,published_kana,,,https://ja.wikipedia.org/wiki/チェ・ホンマン
チェ・ヨンス,チェ・ヨンス,,published_kana,,,https://ja.wikipedia.org/wiki/崔龍洙_(ボクサー)
千吉良 恭平,チギラ キョウヘイ,Chigira Kyohei,published_kana,リーブルロア,K-1,https://www.k-1.co.jp/fighter/142
CHIZU,チズ,,published_kana,,,https://ja.wikipedia.org/wiki/CHIZU
ちはる,チハル,,published_kana,,,https://ja.wikipedia.org/wiki/ちはる_(キックボクサー)
千葉歌織,チバ カオリ,,published_kana,,,https://ja.wikipedia.org/wiki/千葉歌織
茶圓 吏久,チャエン リク,Chaen Riku,published_kana,K-1ジム蒲田チームアスラ,Krush|Krush-EX,https://www.k-1.co.jp/fighter/1398
チャッキー,チャッキー,,published_kana,台湾/Power Punch,KNOCK OUT,https://knockoutkb.com/fighters/chucky_132
チャド・コリンズ,チャド・コリンズ,,published_kana,Strikeforce,RISE|KNOCK OUT,https://rise-rc.com/fighter/chadd_collins/|https://knockoutkb.com/fighters/chadd_collins_629
チャン,チャン,,published_kana,MONSTAR GYM,RISE,https://rise-rc.com/fighter/chan/
チャンヒョン・リー,チャンヒョン・リー,,published_kana,RAON,RISE,https://rise-rc.com/fighter/chanhyeong-lee/
チャンプアック・チョー・シープラーサート,チャンプアック・チョー・シープラーサート,,published_kana,,,https://ja.wikipedia.org/wiki/チャンプアック・チョー・シープラーサート
チャンプア・ゲッソンリット,チャンプア・ゲッソンリット,,published_kana,,,https://ja.wikipedia.org/wiki/チャンプア・ゲッソンリット
チャン・ウヒョク,チャン・ウヒョク,,published_kana,Seongnam Seolbong/KTK,Krush|Krush-EX,https://www.k-1.co.jp/fighter/1400
チャン・ドクジュン,チャン・ドクジュン,,published_kana,チームサイコピットブルス,K-1,https://www.k-1.co.jp/fighter/1402
チャン・リー,チャン・リー,,published_kana,K-1ジム五反田チームキングス,K-1,https://www.k-1.co.jp/fighter/888
チャ・ミンジュ,チャ・ミンジュ,,published_kana,大邱玄風ソルボンジム,RISE,https://rise-rc.com/fighter/cha_minju/
チャーパヤック・サクサトゥーン,チャーパヤック・サクサトゥーン,,published_kana,タイ,KNOCK OUT,https://knockoutkb.com/fighters/chartpayak_saksatun_178
チャールズ・ボンジョバーニ,チャールズ・ボンジョバーニ,,published_kana,,K-1,https://www.k-1.co.jp/fighter/653
チャーンスック・ペッティンディーアカデミー,チャーンスック・ペッティンディーアカデミー,,published_kana,Petchyindee Academy,RISE,https://rise-rc.com/fighter/changsuek-petchyindee-academy/
中條 弘之,チュウジョウ ヒロユキ,Chujyo Hiroyuki,published_kana,谷山ジム小田原,K-1,https://www.k-1.co.jp/fighter/798
チューチャイ・ルークパンチャマ,チューチャイ・ルークパンチャマ,,published_kana,,,https://ja.wikipedia.org/wiki/チューチャイ・ルークパンチャマ
チュートン・ウィラサクレック,チュートン・ウィラサクレック,,published_kana,,,https://ja.wikipedia.org/wiki/チュートン・ウィラサクレック
チュームーシーフー,チュームーシーフー,,published_kana,中国/郭強ファイトクラブ/CFP,KNOCK OUT,https://knockoutkb.com/fighters/qumuxifu
チュー・ジェンリャン,チュー・ジェンリャン,,published_kana,,K-1,https://www.k-1.co.jp/fighter/779
チョット・サレイヴァントン,チョット・サレイヴァントン,,published_kana,カンボジア,KNOCK OUT,https://knockoutkb.com/fighters/chhut_sereyvanthong
チョムラウン・クンクメール,チョムラウン・クンクメール,,published_kana,カンボジア,KNOCK OUT,https://knockoutkb.com/fighters/chomroeun_kunkhmer_317
チョン・ジェヒ,チョン・ジェヒ,,published_kana,,,https://ja.wikipedia.org/wiki/チョン・ジェヒ
チョン・ユジョン,チョン・ユジョン,,published_kana,BAEBANG KANGSUNG GYM,K-1 WORLD GP|RISE,https://www.k-1.co.jp/fighter/1481|https://rise-rc.com/fighter/jung-yujung/
チョ・ギョンジェ,チョ・ギョンジェ,,published_kana,JUNG WOO GYM,RISE,https://rise-rc.com/fighter/cho-kyeong-jae/
チョ・ジョンファン,チョ・ジョンファン,,published_kana,,,https://ja.wikipedia.org/wiki/チョ・ジョンファン
チンギス・アラゾフ,チンギス・アラゾフ,,published_kana,,K-1,https://www.k-1.co.jp/fighter/762
チ・インジン,チ・インジン,,published_kana,,,https://ja.wikipedia.org/wiki/池仁珍
ツイ・ジェンホイ,ツイ・ジェンホイ,,published_kana,福建闘士搏撃クラブ/CFP,K-1,https://www.k-1.co.jp/fighter/886
塚越 仁志,ツカコシ ヒトシ,Tsukakoshi Hitoshi,published_kana,K-1ジム三軒茶屋シルバーウルフ,K-1,https://www.k-1.co.jp/fighter/298
鬥嘩裟,ツカサ,Tsukasa,published_kana,,K-1,https://www.k-1.co.jp/fighter/466
塚本 拓真,ツカモト タクマ,Tsukamoto Takuma,published_kana,K-1ジム三軒茶屋シルバーウルフ,K-1 WORLD GP|Krush|Krush-EX,https://www.k-1.co.jp/fighter/908
九十田 慎吾,ツクダ シンゴ,Tsukuda Shingo,published_kana,,K-1,https://www.k-1.co.jp/fighter/143
辻井和花,ツジイ ホノカ,Honoka Tsujii,published_kana,BRING IT ONパラエストラAKK,RISE,https://rise-rc.com/fighter/tsujii_honoka/|https://ja.wikipedia.org/wiki/辻井和花
辻井和奏,ツジイ ワカナ,TSUJII Wakana,published_kana,BRING IT ONパラエストラAKK,RISE|KNOCK OUT,https://rise-rc.com/fighter/tsujii_wakana/|https://knockoutkb.com/fighters/tsujii_wakana_501|https://ja.wikipedia.org/wiki/辻井和奏
辻出優翔,ツジデ ユウト,,published_kana,,,https://ja.wikipedia.org/wiki/辻出優翔|https://www.k-1.co.jp/fighter/239
土屋 忍,ツチヤ シノブ,Tsuchiya Shinobu,published_kana,Y’ZD GYM,K-1,https://www.k-1.co.jp/fighter/238
土屋ジョー,ツチヤ ジョー,,published_kana,,,https://ja.wikipedia.org/wiki/土屋ジョー
堤 大輔,ツツミ ダイスケ,Tsutsumi Daisuke,published_kana,,K-1,https://www.k-1.co.jp/fighter/341
津乗 大貴,ツノリ ダイキ,Tsunori Daiki,published_kana,,K-1,https://www.k-1.co.jp/fighter/240
椿原 龍矢,ツバキハラ タツヤ,Tsubakihara Tatsuya,published_kana,月心会チーム侍,K-1 WORLD GP|Krush|Krush-EX,https://www.k-1.co.jp/fighter/661|https://ja.wikipedia.org/wiki/椿原龍矢
大空,ツバサ,Tsubasa,published_kana,KINGCRAFT,K-1,https://www.k-1.co.jp/fighter/1044
飛翔,ツバサ,Tsubasa,published_kana,K-1ジム総本部チームペガサス,K-1,https://www.k-1.co.jp/fighter/144
坪井 悠介,ツボイ ユウスケ,Tsuboi Yusuke,published_kana,,K-1,https://www.k-1.co.jp/fighter/569
鶴谷剛,ツルヤ タケシ,,published_kana,,,https://ja.wikipedia.org/wiki/鶴谷剛|https://www.k-1.co.jp/fighter/547
ティアッカ・フェイ,ティアッカ・フェイ,,published_kana,Senegal Warriors MMA,K-1 WORLD GP,https://www.k-1.co.jp/fighter/1736
ティアン・ターザン,ティアン・ターザン,,published_kana,Luc Verheije Fight Club,K-1 WORLD GP,https://www.k-1.co.jp/fighter/1559
ティエン・シン,ティエン・シン,,published_kana,,K-1,https://www.k-1.co.jp/fighter/654
ティエ・インホァ,ティエ・インホァ,,published_kana,,K-1,https://www.k-1.co.jp/fighter/780
ティボール・ナギー,ティボール・ナギー,,published_kana,,,https://ja.wikipedia.org/wiki/ティボール・ナギー
ティムール・ナドロフ,ティムール・ナドロフ,,published_kana,Club Vympel,K-1,https://www.k-1.co.jp/fighter/855
ティントーン・SEIKENKAI,ティントーン・セイケンカイ,,published_kana,SEIKENKAI,K-1 WORLD GP,https://www.k-1.co.jp/fighter/1391
テオドール・サリエフ,テオドール・サリエフ,,published_kana,,,https://ja.wikipedia.org/wiki/テオドール・サリエフ
テキサス・アユミ,テキサス・アユミ,,published_kana,,K-1,https://www.k-1.co.jp/fighter/731
テッサ・デ・コム,テッサ・デ・コム,,published_kana,Fightteam Vlaardingen,RISE,https://rise-rc.com/fighter/tessa_de_kom/
哲平,テッペイ,Teppei,published_kana,VAINQUEUR GYM,K-1,https://www.k-1.co.jp/fighter/1241
哲志,テツシ,Tetsushi,published_kana,K-1ジム五反田チームキングス,Krush|Krush-EX,https://www.k-1.co.jp/fighter/1282
テヘランカトウ,テヘランカトウ,,published_kana,和術慧⾈會 HEARTS,KNOCK OUT,https://knockoutkb.com/fighters/teheran_kato_407
テヨン,テヨン,,published_kana,,K-1,https://www.k-1.co.jp/fighter/342
寺尾新,テラオ シン,,published_kana,,,https://ja.wikipedia.org/wiki/寺尾新
寺崎 直樹,テラサキ ナオキ,Terasaki Naoki,published_kana,,K-1,https://www.k-1.co.jp/fighter/299
寺島 想,テラシマ ココロ,Terashima Kokoro,published_kana,AX GYM,K-1 WORLD GP|Krush|Krush-EX,https://www.k-1.co.jp/fighter/1223
寺戸伸近,テラド ノブチカ,Nobuchika Terado,published_kana,Booch Beat,RISE,https://rise-rc.com/fighter/terado_nobuchika/|https://ja.wikipedia.org/wiki/寺戸伸近|https://www.k-1.co.jp/fighter/65
輝久,テルク,Teruku,published_kana,月心会チーム侍,K-1,https://www.k-1.co.jp/fighter/1164
テル・エンリケ,テル・エンリケ,,published_kana,Uniao ABC,K-1 WORLD GP,https://www.k-1.co.jp/fighter/1787
天河,テンガ,Tenga,published_kana,KIWAMI GYM,Krush|Krush-EX,https://www.k-1.co.jp/fighter/1313
天馬,テンマ,Tenma,published_kana,WSRフェアテックス西川口,K-1,https://www.k-1.co.jp/fighter/1306
テーパリット・ジョウジム,テーパリット・ジョウジム,,published_kana,JOE GYM,RISE,https://rise-rc.com/fighter/tepparith_joegym/
ディエゴ・フレイタス,ディエゴ・フレイタス,,published_kana,,K-1,https://www.k-1.co.jp/fighter/783
ディミトラ・アガサゲリドゥ,ディミトラ・アガサゲリドゥ,,published_kana,Fight Club Galatsi,K-1 WORLD GP,https://www.k-1.co.jp/fighter/1385
ディラン・サルバドール,ディラン・サルバドール,,published_kana,,K-1,https://www.k-1.co.jp/fighter/98
ディン・ニン,ディン・ニン,,published_kana,,K-1,https://www.k-1.co.jp/fighter/300
ディーゼルレック・ウォーワンチャイ,ディーゼルレック・ウォーワンチャイ,,published_kana,ペッティンディームエタイアカデミー,RISE,https://rise-rc.com/fighter/diesellek-wor-wanchai/
DAVID,デイビッド,,published_kana,,,https://ja.wikipedia.org/wiki/DAVID_(キックボクサー)
出貝泰佑,デガイ タイスケ,,published_kana,,,https://ja.wikipedia.org/wiki/出貝泰佑|https://www.k-1.co.jp/fighter/62
デニス・ウォシク,デニス・ウォシク,,published_kana,Amrani Palace,RISE,https://rise-rc.com/fighter/denis-wosik/
デニス・ウォーシック,デニス・ウォーシック,,published_kana,Amrani Palace,K-1,https://www.k-1.co.jp/fighter/858
デニス・シュナイドミラー,デニス・シュナイドミラー,,published_kana,,,https://ja.wikipedia.org/wiki/デニス・シュナイドミラー
デニス・ジュニア,デニス・ジュニア,,published_kana,COLISEU FIGHT CLUB,K-1 WORLD GP,https://www.k-1.co.jp/fighter/1639
デニス・タプ,デニス・タプ,,published_kana,MSGYM FIGHT CLUB,K-1,https://www.k-1.co.jp/fighter/1659
デニス・デミルカプ,デニス・デミルカプ,,published_kana,Elite Training Center/Team Elite,K-1,https://www.k-1.co.jp/fighter/982
デニス・ピューリック,デニス・ピューリック,,published_kana,,K-1,https://www.k-1.co.jp/fighter/32
デニー・ビール,デニー・ビール,,published_kana,,,https://ja.wikipedia.org/wiki/デニー・ビール
デビット・ウィルソン,デビット・ウィルソン,,published_kana,,,https://ja.wikipedia.org/wiki/デビット・ウィルソン_(格闘家)
デミトリー・シャクタ,デミトリー・シャクタ,,published_kana,,,https://ja.wikipedia.org/wiki/デミトリー・シャクタ
デューウィー・クーパー,デューウィー・クーパー,,published_kana,,,https://ja.wikipedia.org/wiki/デューウィー・クーパー
デル・クック,デル・クック,,published_kana,,,https://ja.wikipedia.org/wiki/デル・クック
デング・シルバ,デング・シルバ,,published_kana,Squadron Thai Brasil,K-1 WORLD GP|Krush|Krush-EX,https://www.k-1.co.jp/fighter/1443
デンサヤーム・ウィラサクレック,デンサヤーム・ウィラサクレック,,published_kana,ウィラサクレック・フェアテックスジム,KNOCK OUT,https://knockoutkb.com/fighters/dansiam_weerasakreck|https://www.k-1.co.jp/fighter/1056
デンジャー内山,デンジャーウチヤマ,Danger Uchiyama,published_kana,,K-1,https://www.k-1.co.jp/fighter/287
デール・ウェスターマン,デール・ウェスターマン,,published_kana,,,https://ja.wikipedia.org/wiki/デール・ウェスターマン
デーングリアングライ・シンマーウィン,デーングリアングライ・シンマーウィン,,published_kana,タイ,KNOCK OUT,https://knockoutkb.com/fighters/denkriengkrai_singhamawynn
戸井田大輝,トイタ ダイキ,Daiki Toita,published_kana,TOP LEAD GYM,RISE,https://rise-rc.com/fighter/toita_daiki/|https://ja.wikipedia.org/wiki/戸井田大輝|https://www.k-1.co.jp/fighter/1441
トゥン・メンホン,トゥン・メンホン,,published_kana,Thun Sophea Kun Khmer Gym,K-1,https://www.k-1.co.jp/fighter/1806
TOODY NAOMI,トゥーディー ナオミ,,published_kana,TEAM3K,K-1 WORLD GP|Krush|Krush-EX,https://www.k-1.co.jp/fighter/1166
トゥー・チャン・ボティ,トゥー・チャン・ボティ,,published_kana,カンボジア,KNOCK OUT,https://knockoutkb.com/fighters/touch_chan_votey_468
闘士,トウシ,Toshi,published_kana,池袋BLUE DOG GYM,K-1,https://www.k-1.co.jp/fighter/25
TOJO,トウジョウ,,published_kana,K-1 GYM BLOWS,K-1 WORLD GP|Krush|Krush-EX,https://www.k-1.co.jp/fighter/1280
斗麗,トウマ,Toma,published_kana,WIZARDキックボクシングジム,K-1 WORLD GP|Krush|Krush-EX,https://www.k-1.co.jp/fighter/943
闘魔,トウマ,,published_kana,,,https://ja.wikipedia.org/wiki/闘魔|https://www.k-1.co.jp/fighter/145
冨樫 健一郎,トガシ ケンイチロウ,Togashi Kenichiro,published_kana,,K-1,https://www.k-1.co.jp/fighter/343
鴇稔之,トキ トシユキ,,published_kana,,,https://ja.wikipedia.org/wiki/鴇稔之
登坂 匠,トサカ タクミ,Tosaka Takumi,published_kana,HALEO TOP TEAM,K-1,https://www.k-1.co.jp/fighter/137
俊雄,トシオ,Toshio,published_kana,PAL-GYM,K-1,https://www.k-1.co.jp/fighter/894
利川 和希,トシカワ カズキ,Toshikawa Kazuki,published_kana,K-1ジム五反田チームキングス,K-1,https://www.k-1.co.jp/fighter/822
としぞう,トシゾウ,,published_kana,,,https://ja.wikipedia.org/wiki/としぞう
トスカ・ペトリディス,トスカ・ペトリディス,,published_kana,,,https://ja.wikipedia.org/wiki/トスカ・ペトリディス
トッド・ヘイズ,トッド・ヘイズ,,published_kana,,,https://ja.wikipedia.org/wiki/トッド・ヘイズ
トピ・ヘリン,トピ・ヘリン,,published_kana,,,https://ja.wikipedia.org/wiki/トピ・ヘリン
戸邊 隆馬,トベ リュウマ,Tobe Ryuma,published_kana,K-1ジム三軒茶屋シルバーウルフ,K-1,https://www.k-1.co.jp/fighter/77
冨沢 貴人,トミサワ タカヒト,Tomisawa Takahito,published_kana,Team KROSS×OVER/OOTA DOJO,K-1,https://www.k-1.co.jp/fighter/932
冨澤 大智,トミザワ ダイチ,Tomizawa Daichi,published_kana,K-1ジム総本部チームペガサス,K-1,https://www.k-1.co.jp/fighter/1189
冨永 康公,トミナガ ヤスタカ,Tominaga Yasutaka,published_kana,KINGS,K-1,https://www.k-1.co.jp/fighter/1243
富平辰文,トミヒラ タツフミ,,published_kana,,,https://ja.wikipedia.org/wiki/富平辰文
富平 禎仁,トミヒラ ヨシヒト,Tomihira Yoshihito,published_kana,,K-1,https://www.k-1.co.jp/fighter/301
富山勝治,トミヤマ カツジ,,published_kana,,,https://ja.wikipedia.org/wiki/富山勝治
TOMO,トモ,,published_kana,,,https://ja.wikipedia.org/wiki/TOMO_(格闘家)
TOMOKI,トモキ,,published_kana,,K-1,https://www.k-1.co.jp/fighter/411
トモコSP,トモコ スペシャル,,published_kana,,,https://ja.wikipedia.org/wiki/トモコSP|https://www.k-1.co.jp/fighter/642
TOMOYUKI,トモユキ,,published_kana,,K-1,https://www.k-1.co.jp/fighter/371
外山 侑樹,トヤマ ユウキ,Toyama Yuki,published_kana,大和ジム,K-1,https://www.k-1.co.jp/fighter/1542
豊樹,トヨキ,Toyoki,published_kana,NARIAGARI,K-1,https://www.k-1.co.jp/fighter/1427
豊嶋 里美,トヨシマ サトミ,Toyoshima Satomi,published_kana,TEAM OJ,Krush|Krush-EX,https://www.k-1.co.jp/fighter/810
豊田 優輝,トヨダ ユウキ,Toyoda Yuki,published_kana,BELLWOOD FIGHT TEAM,K-1 WORLD GP|Krush|Krush-EX|KNOCK OUT,https://www.k-1.co.jp/fighter/1032|https://knockoutkb.com/fighters/toyoda_yuki_140
トーマス・アギーレ,トーマス・アギーレ,,published_kana,Dojo Serpiente,K-1 WORLD GP|Krush|Krush-EX,https://www.k-1.co.jp/fighter/1511
トーマス・アダマンドポウロス,トーマス・アダマンドポウロス,,published_kana,,K-1,https://www.k-1.co.jp/fighter/302
トーマス・ハロン,トーマス・ハロン,,published_kana,生年月日,K-1 WORLD GP,https://www.k-1.co.jp/fighter/1491|https://ja.wikipedia.org/wiki/トーマス・ハロン
トーマス・ラドキー,トーマス・ラドキー,,published_kana,,,https://ja.wikipedia.org/wiki/トーマス・ラドキー
土井広之,ドイ ヒロユキ,,published_kana,,,https://ja.wikipedia.org/wiki/土井広之
ドゥエイン・ラドウィック,ドゥエイン・ラドウィック,,published_kana,,,https://ja.wikipedia.org/wiki/ドゥエイン・ラドウィック
ドゥエルバート・マヌエル,ドゥエルバート・マヌエル,,published_kana,Team wisse/Kickboxing fearless,RISE,https://rise-rc.com/fighter/dwelbert_manuel/
ドスティン・オルティス,ドスティン・オルティス,,published_kana,スペイン/Sleon Gym,KNOCK OUT,https://knockoutkb.com/fighters/dostin_ortiz_320
ドニー・ドラゴン,ドニー・ドラゴン,,published_kana,K-1ジム総本部チームペガサス,Krush|Krush-EX,https://www.k-1.co.jp/fighter/1115
ドマジョフ・オスタジック,ドマジョフ・オスタジック,,published_kana,,,https://ja.wikipedia.org/wiki/ドマジョフ・オスタジック
ドミトリー・グラフォフ,ドミトリー・グラフォフ,,published_kana,,K-1,https://www.k-1.co.jp/fighter/658
ドラガン・ヨバノビッチ,ドラガン・ヨバノビッチ,,published_kana,,,https://ja.wikipedia.org/wiki/ドラガン・ヨバノビッチ
ドラゴ,ドラゴ,,published_kana,,,https://ja.wikipedia.org/wiki/ドラゴ
ドンキング・ヨータラックムエタイ,ドンキング・ヨータラックムエタイ,,published_kana,タイ,KNOCK OUT,https://knockoutkb.com/fighters/donking_yotharak_muaythai_413
ドン・ウィルソン,ドン・ウィルソン,,published_kana,,,https://ja.wikipedia.org/wiki/ドン・ウィルソン_(ボクサー)
ドン・ウェンフェイ,ドン・ウェンフェイ,,published_kana,項城浩爽武校/CFP,K-1,https://www.k-1.co.jp/fighter/976
ドン・ザーチー,ドン・ザーチー,,published_kana,,K-1,https://www.k-1.co.jp/fighter/781
NAOTO,ナオト,,published_kana,,K-1,https://www.k-1.co.jp/fighter/304
ナオフォール“アイアン・レッグ”,ナオフォール“アイアン・レッグ”,,published_kana,,,https://ja.wikipedia.org/wiki/ナオフォール“アイアン・レッグ”
直也,ナオヤ,Naoya,published_kana,米子ジム,Krush|Krush-EX,https://www.k-1.co.jp/fighter/1360
中川 幸樹,ナカガワ ヨシキ,Nakagawa Yoshiki,published_kana,,K-1,https://www.k-1.co.jp/fighter/146
中迫剛,ナカサコ ツヨシ,,published_kana,,,https://ja.wikipedia.org/wiki/中迫剛
中里 康広,ナカザト ヤスヒロ,Nakazato Yasuhiro,published_kana,,K-1,https://www.k-1.co.jp/fighter/244
中澤 純,ナカザワ ジュン,Nakazawa Jun,published_kana,,K-1,https://www.k-1.co.jp/fighter/328
中澤 誠弥,ナカザワ セイヤ,Nakazawa Seiya,published_kana,PITBULL,K-1 WORLD GP|Krush|Krush-EX,https://www.k-1.co.jp/fighter/1182
中沢夏美,ナカザワ ナツミ,,published_kana,,,https://ja.wikipedia.org/wiki/中沢夏美
中澤 良介,ナカザワ リョウスケ,Nakazawa Ryosuke,published_kana,TRY HARD GYM,K-1,https://www.k-1.co.jp/fighter/771
中嶋 志津麻,ナカシマ シヅマ,Nakashima Shizuma,published_kana,,K-1,https://www.k-1.co.jp/fighter/849
中嶋 剛志,ナカシマ ツヨシ,Nakashima Tsuyoshi,published_kana,,K-1,https://www.k-1.co.jp/fighter/195
中島 龍之介,ナカシマ リュウノスケ,Nakashima Ryunosuke,published_kana,K-1 GYM BLOWS,K-1 WORLD GP|Krush|Krush-EX,https://www.k-1.co.jp/fighter/1297
中島 千博,ナカジマ チヒロ,Nakajima Chihiro,published_kana,POWER OF DREAM,K-1 WORLD GP|Krush|Krush-EX,https://www.k-1.co.jp/fighter/961
中島 弘貴,ナカジマ ヒロキ,NAKAJIMA Hiroki,published_kana,NEXT LEVEL渋谷,KNOCK OUT,https://knockoutkb.com/fighters/nakajima_hiroki_104|https://ja.wikipedia.org/wiki/中島弘貴|https://www.k-1.co.jp/fighter/11
中嶋平八,ナカジマ ヘイハチ,,published_kana,,,https://ja.wikipedia.org/wiki/中嶋平八
中島 玲,ナカジマ レイ,Nakajima Rei,published_kana,KNOCK OUT クロスポイント渋谷/ハイブリッドアカデミー,K-1 WORLD GP|KNOCK OUT,https://www.k-1.co.jp/fighter/1455|https://knockoutkb.com/fighters/nakajima_rei
中須賀 芳徳,ナカスカ ヨシノリ,Nakasuka Yoshinori,published_kana,OGUNI-GYM,K-1,https://www.k-1.co.jp/fighter/598
中野 滉太,ナカノ コウタ,Nakano Kota,published_kana,POWER OF DREAM,K-1,https://www.k-1.co.jp/fighter/788
中野 大輝,ナカノ ヒロキ,Nakano Hiroki,published_kana,TAD,K-1 WORLD GP|Krush|Krush-EX,https://www.k-1.co.jp/fighter/1583
中野 祐基,ナカノ ユウキ,Nakano Yuki,published_kana,,K-1,https://www.k-1.co.jp/fighter/242
中平 卓見,ナカヒラ タクミ,Nakahira Takumi,published_kana,北眞舘,K-1,https://www.k-1.co.jp/fighter/1041
仲峯 シルビオ,ナカミネ シルビオ,Nakamine Silvio,published_kana,,K-1,https://www.k-1.co.jp/fighter/303
中村 圭佑,ナカムラ ケイスケ,Nakamura Keisuke,published_kana,K-1 GYM横浜infinity,K-1,https://www.k-1.co.jp/fighter/243
中村高明,ナカムラ タカアキ,,published_kana,,,https://ja.wikipedia.org/wiki/中村高明
中村 広輝,ナカムラ ヒロキ,Nakamura Hiroki,published_kana,赤雲會,K-1,https://www.k-1.co.jp/fighter/839
中村総帥,ナカムラソウスイ,Nakamura Sousui,published_kana,,K-1,https://www.k-1.co.jp/fighter/372
ナカムランチャイ・ケンタ,ナカムランチャイ・ケンタ,,published_kana,team AKATSUKI,KNOCK OUT,https://knockoutkb.com/fighters/nakamuranchai_kenta_191
長井 憲治,ナガイ,Nagai,published_kana,,K-1,https://www.k-1.co.jp/fighter/538
永井 卓海,ナガイ タクミ,Nagai Takumi,published_kana,team ALL-WIN,K-1,https://www.k-1.co.jp/fighter/1062
永坂 吏羅,ナガサカ リラ,Nagasaka Lyra,published_kana,K-1 GYM SAGAMI-ONO KREST,K-1 WORLD GP|Krush|Krush-EX,https://www.k-1.co.jp/fighter/934
長崎秀哉,ナガサキ ヒデヤ,,published_kana,,,https://ja.wikipedia.org/wiki/長崎秀哉|https://www.k-1.co.jp/fighter/920
永澤サムエル聖光,ナガサワ サムエル キヨミツ,Nagasawa Samuel Kiyomitsu,published_kana,B Make,K-1 WORLD GP|Krush|Krush-EX,https://www.k-1.co.jp/fighter/1497
長島☆自演乙☆雄一郎,ナガシマ ジエンオツ ユウイチロウ,,published_kana,,,https://ja.wikipedia.org/wiki/長島☆自演乙☆雄一郎
長嶋 卓哉,ナガシマ タクヤ,Nagashima Takuya,published_kana,菅原道場,K-1,https://www.k-1.co.jp/fighter/681
長野 翔,ナガノ カケル,Nagano Kakeru,published_kana,K-1ジム三軒茶屋シルバーウルフ,K-1 WORLD GP|Krush|Krush-EX,https://www.k-1.co.jp/fighter/1296
長野 将大,ナガノ ショウタ,Shota Nagano,published_kana,リバーサルジム武蔵小杉 所プラス,K-1,https://www.k-1.co.jp/fighter/1667
永野 裕典,ナガノ ユウスケ,Nagano Yusuke,published_kana,,K-1,https://www.k-1.co.jp/fighter/597
長野 龍生,ナガノ リュウキ,Nagano Ryuki,published_kana,ALONZA ABLAZE,K-1 WORLD GP|Krush|Krush-EX,https://www.k-1.co.jp/fighter/1267
那稀,ナギ,Nagi,published_kana,拳心会,Krush|Krush-EX,https://www.k-1.co.jp/fighter/1690
南雲 大輝,ナグモ ダイキ,Nagumo Daiki,published_kana,スタースポーツクラブ,K-1,https://www.k-1.co.jp/fighter/1010
名城裕司,ナシロ ユウジ,,published_kana,,,https://ja.wikipedia.org/wiki/名城裕司|https://www.k-1.co.jp/fighter/344
那須 儀治,ナス,Nasu,published_kana,,K-1,https://www.k-1.co.jp/fighter/573
那須川天心,ナスカワ テンシン,Tenshin Nasukawa,published_kana,TARGET/Cygames,RISE,https://rise-rc.com/fighter/nasukawa_tenshin/|https://ja.wikipedia.org/wiki/那須川天心|https://www.k-1.co.jp/fighter/1251
那須川梨々,ナスカワ リリ,,published_kana,,,https://ja.wikipedia.org/wiki/那須川梨々
ナックロップ・フェアテックス,ナックロップ・フェアテックス,,published_kana,Fairtex Gym,K-1 WORLD GP,https://www.k-1.co.jp/fighter/1300
夏気,ナツキ,Natsuki,published_kana,VRK GYM,Krush|Krush-EX,https://www.k-1.co.jp/fighter/1226
撫子,ナデシコ,Nadeshiko,published_kana,Grabs Kickboxing Studio,RISE,https://rise-rc.com/fighter/nadeshiko/|https://ja.wikipedia.org/wiki/撫子_(キックボクサー)
鍋島 好一朗,ナベシマ コウイチロウ,Nabeshima Koichiro,published_kana,,K-1,https://www.k-1.co.jp/fighter/748
並木 義弘,ナミキ ヨシヒロ,Namiki Yoshihiro,published_kana,TEAM OJ,K-1,https://www.k-1.co.jp/fighter/641
ナムワーン・ソーコンクラパン,ナムワーン・ソーコンクラパン,,published_kana,ソーコンクラパン,RISE,https://rise-rc.com/fighter/namwan-sor-kongkrapan/
成沢紀予,ナルサワ キヨ,,published_kana,,,https://ja.wikipedia.org/wiki/成沢紀予
ナロンチャイ・ドラゴンテイルジム,ナロンチャイ・ドラゴンテイルジム,,published_kana,,,https://ja.wikipedia.org/wiki/ナロンチャイ・ドラゴンテイルジム
南原健太,ナンバラ ケンタ,Kenta Nanbara,published_kana,TARGET SHIBUYA,RISE,https://rise-rc.com/fighter/nanbara_kenta/|https://ja.wikipedia.org/wiki/南原健太
NIIZUMAX!,ニイヅマックス,,published_kana,,,https://ja.wikipedia.org/wiki/NIIZUMAX!
新美 貴士,ニイミ タカヒト,Niimi Takahito,published_kana,名古屋JKファクトリー,K-1 WORLD GP|Krush|Krush-EX|RISE,https://www.k-1.co.jp/fighter/899|https://rise-rc.com/fighter/niimi_takahito/
ニカ・パパヴァ,ニカ・パパヴァ,,published_kana,ジョージア,KNOCK OUT,https://knockoutkb.com/fighters/nika_papava_574
ニキータ・ココシュ,ニキータ・ココシュ,,published_kana,Chinuk Gym,K-1 WORLD GP,https://www.k-1.co.jp/fighter/1800
ニキータ・コズロフ,ニキータ・コズロフ,,published_kana,Archangel Michael,K-1 WORLD GP,https://www.k-1.co.jp/fighter/1694
ニキータ・コンドラトフ,ニキータ・コンドラトフ,,published_kana,Archangel Michael/RCC Martial Arts Academy,K-1 WORLD GP,https://www.k-1.co.jp/fighter/1801
ニキー・ホルツケン,ニキー・ホルツケン,,published_kana,,,https://ja.wikipedia.org/wiki/ニキー・ホルツケン
肉弾子,ニクダンゴ,Nikudango,published_kana,米子ジム,K-1 WORLD GP|Krush|Krush-EX,https://www.k-1.co.jp/fighter/1486
ニコラオス・リヴァノス,ニコラオス・リヴァノス,,published_kana,TSOTRAS KICKBOXING CLUB,K-1 WORLD GP,https://www.k-1.co.jp/fighter/1740
ニコラス・ギャフィー,ニコラス・ギャフィー,,published_kana,Marbella fight school,K-1,https://www.k-1.co.jp/fighter/927
ニコラス・ペタス,ニコラス・ペタス,,published_kana,,,https://ja.wikipedia.org/wiki/ニコラス・ペタス
ニコラス・ラーセン,ニコラス・ラーセン,,published_kana,Team Larsen,K-1,https://www.k-1.co.jp/fighter/1048
ニコラ・ディムコフスキー,ニコラ・ディムコフスキー,,published_kana,,,https://ja.wikipedia.org/wiki/ニコラ・ディムコフスキー
ニコラ・ヴェルモン,ニコラ・ヴェルモン,,published_kana,,,https://ja.wikipedia.org/wiki/ニコラ・ヴェルモン
西内 貴洋,ニシウチ タカウミ,Nishiuchi Takaumi,published_kana,,K-1,https://www.k-1.co.jp/fighter/345
西川 康平,ニシカワ コウヘイ,NISHIKAWA Kohei,published_kana,8ball fitness,KNOCK OUT,https://knockoutkb.com/fighters/nishikawa_kohei_70|https://ja.wikipedia.org/wiki/西川康平
西川 翔貴,ニシカワ ショウキ,Nishikawa Shoki,published_kana,岡山ジム,K-1,https://www.k-1.co.jp/fighter/245
西川純,ニシカワ ジュン,,published_kana,,,https://ja.wikipedia.org/wiki/西川純_(キックボクサー)
錦利弘,ニシキ トシヒロ,,published_kana,,,https://ja.wikipedia.org/wiki/錦利弘
西田和嗣,ニシダ カズシ,,published_kana,,,https://ja.wikipedia.org/wiki/西田和嗣
西林 翔平,ニシバヤシ ショウヘイ,Nishibayashi Shohei,published_kana,K-1ジム福岡チームbeginning,K-1,https://www.k-1.co.jp/fighter/1069
西槇 隼汰,ニシマキ ハヤタ,Nishimaki Hayata,published_kana,POWER OF DREAM,K-1,https://www.k-1.co.jp/fighter/1186
西元 也史,ニシモト ナルフミ,Nishimoto Narufumi,published_kana,K-1 GYM SAGAMI-ONO KREST,K-1 WORLD GP|Krush|Krush-EX,https://www.k-1.co.jp/fighter/998
西本 竜也,ニシモト リュウヤ,Nishimoto Ryuya,published_kana,ISN GYM/CLIMB,K-1 WORLD GP|Krush|Krush-EX,https://www.k-1.co.jp/fighter/1650
西山誠人,ニシヤマ マコト,,published_kana,,,https://ja.wikipedia.org/wiki/西山誠人|https://www.k-1.co.jp/fighter/306
ニダル・ブチリ,ニダル・ブチリ,,published_kana,Hemmers Gym,K-1 WORLD GP,https://www.k-1.co.jp/fighter/1472
新田明臣,ニッタ アケオミ,,published_kana,,,https://ja.wikipedia.org/wiki/新田明臣
二戸 伸也,ニト シンヤ,Nito Shinya,published_kana,クロスポイント吉祥寺,K-1,https://www.k-1.co.jp/fighter/599
丹藤 義則,ニトウ ヨシノリ,Nito Yoshinori,published_kana,,K-1,https://www.k-1.co.jp/fighter/607
丹羽 圭介,ニワ ケイスケ,NIWA Keisuke,published_kana,TEAMニワールド,KNOCK OUT,https://knockoutkb.com/fighters/niwa_keisuke_331|https://ja.wikipedia.org/wiki/丹羽圭介_(格闘家)
忍者,ニンジャ,,published_kana,,,https://ja.wikipedia.org/wiki/忍者
ヌシアン・ポー.プラムック,ヌシアン・ポー.プラムック,,published_kana,,,https://ja.wikipedia.org/wiki/ヌシアン・ポー.プラムック
ヌルティレク・ザリンベコフ,ヌルティレク・ザリンベコフ,,published_kana,Al Munar Team,K-1 WORLD GP,https://www.k-1.co.jp/fighter/1662
ヌンポントーン・レフティージム,ヌンポントーン・レフティージム,,published_kana,,,https://ja.wikipedia.org/wiki/ヌンポントーン・レフティージム
ヌンラーンレック・ジットムアンノン,ヌンラーンレック・ジットムアンノン,,published_kana,ジットムアンノンジム,RISE,https://rise-rc.com/fighter/nuenglanlek_jitmuangnon/
"ネイサン・""カーネッジ""・コーベット","ネイサン・""カーネッジ""・コーベット",,published_kana,,,https://ja.wikipedia.org/wiki/ネイサン・コーベット
ネイサン・ブリッグス,ネイサン・ブリッグス,,published_kana,,,https://ja.wikipedia.org/wiki/ネイサン・ブリッグス
乃亜,ノア,Noa,published_kana,昇龍會,K-1,https://www.k-1.co.jp/fighter/1205
野杁正明,ノイリ マサアキ,,published_kana,,,https://ja.wikipedia.org/wiki/野杁正明|https://www.k-1.co.jp/fighter/41
野口 陽平,ノグチ ヨウヘイ,Noguchi Yohei,published_kana,,K-1,https://www.k-1.co.jp/fighter/96
野地竜太,ノジ リュウタ,,published_kana,,,https://ja.wikipedia.org/wiki/野地竜太
NOZOMI,ノゾミ,,published_kana,TAD,K-1 WORLD GP|Krush|Krush-EX,https://www.k-1.co.jp/fighter/1099
野田貢,ノダ ミツグ,,published_kana,,,https://ja.wikipedia.org/wiki/野田貢
野田蒼,ノダアオイ,Aoi Noda,published_kana,月心会チーム侍,RISE,https://rise-rc.com/fighter/noda_aoi/|https://ja.wikipedia.org/wiki/野田蒼|https://www.k-1.co.jp/fighter/984
野田哲司,ノダテツジ,,published_kana,,,https://ja.wikipedia.org/wiki/野田哲司
能登 崇,ノト タカシ,Noto Takashi,published_kana,,K-1,https://www.k-1.co.jp/fighter/505
野中 大翔,ノナカ ダイト,Nonaka Daito,published_kana,K.I.K team BLADE,K-1 WORLD GP|Krush|Krush-EX,https://www.k-1.co.jp/fighter/1594
延谷 美智子,ノブタニ ミチコ,Nobutani Michiko,published_kana,K-1ジム川口TEAM SIRIUS,K-1,https://www.k-1.co.jp/fighter/956
ノブ・ハヤシ,ノブ・ハヤシ,,published_kana,,,https://ja.wikipedia.org/wiki/ノブ・ハヤシ
野辺 広大,ノベ コウダイ,Nobe Kodai,published_kana,,K-1,https://www.k-1.co.jp/fighter/246
ノラシン・スペチアーレジム,ノラシン・スペチアーレジム,,published_kana,Speciale gym,RISE,https://rise-rc.com/fighter/norasin_specialegym/
訓 -NORI-,ノリ,Nori,published_kana,K-1ジム総本部チームペガサス,K-1 WORLD GP|Krush|Krush-EX,https://www.k-1.co.jp/fighter/413
NORIKO,ノリコ,,published_kana,,,https://ja.wikipedia.org/wiki/角田紀子
ノ・ジェギル,ノ・ジェギル,,published_kana,,,https://ja.wikipedia.org/wiki/ノ・ジェギル
NOMAN,ノーマン,,published_kana,,K-1,https://www.k-1.co.jp/fighter/9
ハイメ・モライス,ハイメ・モライス,,published_kana,生年月日,K-1 WORLD GP,https://www.k-1.co.jp/fighter/1516
ハキム・タト,ハキム・タト,,published_kana,Team MMA,K-1 WORLD GP,https://www.k-1.co.jp/fighter/1769
ハキム・ハメッシュ,ハキム・ハメッシュ,,published_kana,,K-1,https://www.k-1.co.jp/fighter/99
萩原 秀斗,ハギワラ シュウト,Hagiwara Shuto,published_kana,K-1ジム総本部チームペガサス,K-1,https://www.k-1.co.jp/fighter/915
白虎,ハクト,,published_kana,,,https://ja.wikipedia.org/wiki/白虎_(キックボクサー)|https://www.k-1.co.jp/fighter/540
橋本 楓汰,ハシモト フウタ,Hashimoto Futa,published_kana,POWER OF DREAM,K-1 WORLD GP|Krush|Krush-EX,https://www.k-1.co.jp/fighter/1337|https://ja.wikipedia.org/wiki/橋本楓汰
橋本 実生,ハシモト マオ,Hashimoto Mao,published_kana,KRAFT GYM,K-1 WORLD GP|Krush|Krush-EX,https://www.k-1.co.jp/fighter/989
橋本 裕也,ハシモト ユウヤ,Hashimoto Yuya,published_kana,K-1ジム五反田チームキングス,Krush|Krush-EX,https://www.k-1.co.jp/fighter/878
橋本 雷汰,ハシモト ライタ,Hashimoto Raita,published_kana,ALONZA ABLAZE,K-1 WORLD GP|Krush|Krush-EX,https://www.k-1.co.jp/fighter/1332|https://ja.wikipedia.org/wiki/橋本雷汰
橋本 亮汰,ハシモト リョウタ,Hashimoto Ryota,published_kana,NEXT LEVEL渋谷,K-1,https://www.k-1.co.jp/fighter/787
蓮實 光,ハスミ ヒカル,Hasumi Hikaru,published_kana,Re CAST GYM,K-1 WORLD GP|Krush|Krush-EX,https://www.k-1.co.jp/fighter/876
長谷川 康也,ハセガワ,Hasegawa,published_kana,,K-1,https://www.k-1.co.jp/fighter/557
長谷川 翔平,ハセガワ ショウヘイ,Hasegawa Shohei,published_kana,team ALL-WIN,Krush|Krush-EX,https://www.k-1.co.jp/fighter/1350
長谷川 豊,ハセガワ ユタカ,Hasegawa Yutaka,published_kana,KFG URAWA,K-1,https://www.k-1.co.jp/fighter/415
畑 孟,ハタ ハジメ,Hata Hajime,published_kana,,K-1,https://www.k-1.co.jp/fighter/719
秦 文也,ハタ フミヤ,Hata Fumiya,published_kana,,K-1,https://www.k-1.co.jp/fighter/664
畑尾 龍宏,ハタオ,Hatao,published_kana,,K-1,https://www.k-1.co.jp/fighter/596
畠山 隼人,ハタケヤマ ハヤト,Hatakeyama Hayato,published_kana,E.S.G,K-1,https://www.k-1.co.jp/fighter/459
畑中 滉平,ハタナカ コウヘイ,Hatanaka Kohei,published_kana,Team Hatton,K-1 WORLD GP,https://www.k-1.co.jp/fighter/1781
羽田 大輔,ハダ ダイスケ,Hada Daisuke,published_kana,,K-1,https://www.k-1.co.jp/fighter/469
羽田真宏,ハダ マサヒロ,,published_kana,,,https://ja.wikipedia.org/wiki/羽田真宏
ハッサン・トイ,ハッサン・トイ,,published_kana,Team Toy,K-1,https://www.k-1.co.jp/fighter/1024
服部 華鈴,ハットリ カリン,Hattori Karin,published_kana,キング・ムエ,Krush|Krush-EX,https://www.k-1.co.jp/fighter/1704
服部 浩典,ハットリ ヒロノリ,Hattori Hironori,published_kana,,K-1,https://www.k-1.co.jp/fighter/308
羽鳥 仁,ハトリ ジン,Hatori Jin,published_kana,TEAM BIRD,K-1,https://www.k-1.co.jp/fighter/1089
花形満(キックボクサー),ハナガタ ミツル,,published_kana,,,https://ja.wikipedia.org/wiki/花形満(キックボクサー)
塙 隆雄,ハナワ タカオ,Hanawa Takao,published_kana,,K-1,https://www.k-1.co.jp/fighter/197
ハビエル・エルナンデス,ハビエル・エルナンデス,,published_kana,,K-1,https://www.k-1.co.jp/fighter/28
ハビエル・セシーリオ,ハビエル・セシーリオ,,published_kana,ELITE GYM,RISE,https://rise-rc.com/fighter/javier-cecilio/
濱崎 一輝,ハマサキ カズキ,Hamasaki Kazuki,published_kana,,K-1,https://www.k-1.co.jp/fighter/583
浜崎 瞬太,ハマザキ シュンタ,Hamazaki Shunta,published_kana,武道格闘技道場 ∞ø N,K-1 WORLD GP|Krush|Krush-EX,https://www.k-1.co.jp/fighter/1609
濱田 修成,ハマダ シュウセイ,Hamada Syusei,published_kana,,K-1,https://www.k-1.co.jp/fighter/147
ハマダ・アズマニ,ハマダ・アズマニ,,published_kana,アルティメットファイトスクール,RISE,https://rise-rc.com/fighter/hamada-azmani/
浜名 颯斗,ハマナ ハヤト,Hamana Hayato,published_kana,K-1ジム大宮チームレオン,K-1 WORLD GP|Krush|Krush-EX,https://www.k-1.co.jp/fighter/1577
ハムザ・ハッザール,ハムザ・ハッザール,,published_kana,FIGHT MASTERS,RISE,https://rise-rc.com/fighter/hamza_hazzar/
早坂 太郎,ハヤサカ タロウ,Hayasaka Taro,published_kana,名古屋JKファクトリー,K-1,https://www.k-1.co.jp/fighter/309
林 京平,ハヤシ キョウヘイ,Hayashi Kyohei,published_kana,湘南格闘クラブ,K-1,https://www.k-1.co.jp/fighter/196
林恭平,ハヤシ キョウヘイ,,published_kana,,,https://ja.wikipedia.org/wiki/林恭平
林 健太,ハヤシ ケンタ,Hayashi Kenta,published_kana,K-1 GYM SAGAMI-ONO KREST,K-1 WORLD GP|Krush|Krush-EX,https://www.k-1.co.jp/fighter/199
林 将多,ハヤシ ショウタ,Hayashi Shota,published_kana,FLYSKY GYM,K-1,https://www.k-1.co.jp/fighter/247
林 眞平,ハヤシ シンペイ,Hayashi Shinpei,published_kana,SOLARE KICKBOXING GYM,K-1,https://www.k-1.co.jp/fighter/1298
林 完,ハヤシ タモツ,Hayashi Tamotsu,published_kana,FIGHT LAB JAPAN TOP TEAM,K-1,https://www.k-1.co.jp/fighter/844
林 美久,ハヤシ ミク,Hayashi Miku,published_kana,バンゲリングベイ・スピリット,K-1,https://www.k-1.co.jp/fighter/399
林 勇汰,ハヤシ ユウタ,Hayashi Yuta,published_kana,FLYSKY GYM,K-1,https://www.k-1.co.jp/fighter/769
林 佑哉,ハヤシ ユウヤ,Hayashi Yuya,published_kana,K-1ジム大宮チームレオン,K-1,https://www.k-1.co.jp/fighter/1435
林さん,ハヤシサン,HAYASHISAN,converted,GRABS kickboxing studio,KNOCK OUT,https://knockoutkb.com/fighters/hayashisan_306
林田昌子,ハヤシダ ショウコ,,published_kana,,,https://ja.wikipedia.org/wiki/林田昌子
HAYATO,ハヤト,,published_kana,CRAZY WOLF,Krush|Krush-EX|RISE,https://www.k-1.co.jp/fighter/1613|https://rise-rc.com/fighter/hayato/|https://ja.wikipedia.org/wiki/HAYATO
覇家斗,ハヤト,Hayato,published_kana,K-1ジム・ウルフ TEAM ASTER,K-1,https://www.k-1.co.jp/fighter/721
早野 勇輝,ハヤノ ユウキ,Hayano Yuki,published_kana,,K-1,https://www.k-1.co.jp/fighter/612
葉山 翔平,ハヤマ ショウヘイ,Hayama Syohei,published_kana,,K-1,https://www.k-1.co.jp/fighter/248
原 一仁,ハラ カズヒト,Hara Kazuhito,published_kana,,K-1,https://www.k-1.co.jp/fighter/307
原 翔大,ハラ ショウタ,Hara Shota,published_kana,極真拳武會さいたま中央,K-1,https://www.k-1.co.jp/fighter/835
原 哲夫,ハラ テツオ,Hara Tetsuo,published_kana,,K-1,https://www.k-1.co.jp/fighter/329
原谷 彩香,ハラタニ アヤカ,Haratani Ayaka,published_kana,,K-1,https://www.k-1.co.jp/fighter/429
原田 闘鬼,ハラダ トキ,Harada Toki,published_kana,心将塾,K-1 WORLD GP|Krush|Krush-EX,https://www.k-1.co.jp/fighter/1315
原田 優介,ハラダ ユウスケ,Harada Yusuke,published_kana,K-1ジム川口チームレオン,K-1,https://www.k-1.co.jp/fighter/1184
原田 ゆうな,ハラダ ユウナ,Harada Yuna,published_kana,SHINE沖縄,Krush|Krush-EX|KNOCK OUT,https://www.k-1.co.jp/fighter/1621|https://knockoutkb.com/fighters/harada_yuna_536
原田 ヨシキ,ハラダ ヨシキ,Harada Yoshiki,published_kana,,K-1,https://www.k-1.co.jp/fighter/310
"ハリッド""ディ・ファウスト""","ハリッド""ディ・ファウスト""",,published_kana,,,"https://ja.wikipedia.org/wiki/ハリッド""ディ・ファウスト"""
ハルキカイ,ハルキカイ,,published_kana,FAMILIA/CANDY GYM,KNOCK OUT,https://knockoutkb.com/fighters/haruki_kai_540
遥心,ハルト,Haruto,published_kana,K-1ジム総本部チームペガサス,K-1 WORLD GP|Krush|Krush-EX,https://www.k-1.co.jp/fighter/1484
ハル・ミヤノイリ,ハル・ミヤノイリ,,published_kana,ウエスレイ team BRTHAI,RISE,https://rise-rc.com/fighter/haru-miyanoiri/
ハン・ウェンバオ,ハン・ウェンバオ,,published_kana,中国刑天舞威クラブ/CFP,K-1,https://www.k-1.co.jp/fighter/804
ハン・ギョンミン,ハン・ギョンミン,,published_kana,RAON GYM,K-1,https://www.k-1.co.jp/fighter/1369
ハ・ウンピョ,ハ・ウンピョ,,published_kana,,K-1,https://www.k-1.co.jp/fighter/425
バイヨク・ボーコーソー,バイヨク・ボーコーソー,,published_kana,,,https://ja.wikipedia.org/wiki/バイヨク・ボーコーソー
バシ・カニ・エビ,バシ・カニ・エビ,,published_kana,FJ KICK ASS,RISE,https://rise-rc.com/fighter/bashi_kani_ebi/
バス・ルッテン,バス・ルッテン,,published_kana,,,https://ja.wikipedia.org/wiki/バス・ルッテン
バタービーン,バタービーン,,published_kana,,,https://ja.wikipedia.org/wiki/バタービーン
バダウィ・アリ,バダウィ・アリ,,published_kana,生年月日,K-1 WORLD GP,https://www.k-1.co.jp/fighter/1502
バダ・ハリ,バダ・ハリ,,published_kana,,,https://ja.wikipedia.org/wiki/バダ・ハリ
バッソ・ピレス,バッソ・ピレス,,published_kana,K.O. TEAM,K-1 WORLD GP,https://www.k-1.co.jp/fighter/1692
バットマン・オー.アッチャリヤー,バットマン・オー.アッチャリヤー,,published_kana,タイ,KNOCK OUT,https://knockoutkb.com/fighters/batman_o_atchariya_121
馬場伸孝,ババ ノブタカ,,published_kana,,,https://ja.wikipedia.org/wiki/馬場伸孝
ババカール,ババカール,,published_kana,Senegal Warriors MMA,K-1 WORLD GP,https://www.k-1.co.jp/fighter/1693
バリント・ラドヴァー,バリント・ラドヴァー,,published_kana,生年月日,K-1 WORLD GP,https://www.k-1.co.jp/fighter/1492
バレンティン・マヴロディン,バレンティン・マヴロディン,,published_kana,DORU TEAM BRAILA,K-1 WORLD GP,https://www.k-1.co.jp/fighter/1554
繁那,バンナ,BANNA,published_kana,R.S-GYM,KNOCK OUT,https://knockoutkb.com/fighters/banna_443|https://ja.wikipedia.org/wiki/繁那
パウロ・テバウ,パウロ・テバウ,,published_kana,,K-1,https://www.k-1.co.jp/fighter/692
パク・ソンジュ,パク・ソンジュ,,published_kana,TEAM TEPPEN,RISE,https://rise-rc.com/fighter/park-sungjoo/
パク・チュンイル,パク・チュンイル,,published_kana,TEAM CHUNG-IL,K-1 WORLD GP,https://www.k-1.co.jp/fighter/1580
パク・ヒョンウ,パク・ヒョンウ,,published_kana,Gimje X-gym,Krush|Krush-EX,https://www.k-1.co.jp/fighter/1401
パク・ヒョンソン,パク・ヒョンソン,,published_kana,,K-1,https://www.k-1.co.jp/fighter/421
パク・ユイ,パク・ユイ,,published_kana,韓国/JUNSA GYM,KNOCK OUT,https://knockoutkb.com/fighters/park_yui_617
パク・ヨンス,パク・ヨンス,,published_kana,,,https://ja.wikipedia.org/wiki/パク・ヨンス
パコム・アッシ,パコム・アッシ,,published_kana,Fantastik Armada Gym,K-1,https://www.k-1.co.jp/fighter/816
パスカル・シュロス,パスカル・シュロス,,published_kana,Martial Arts Academy,K-1 WORLD GP,https://www.k-1.co.jp/fighter/1446
パトリス・カルテロン,パトリス・カルテロン,,published_kana,,,https://ja.wikipedia.org/wiki/パトリス・カルテロン
パトリック・ケンソン,パトリック・ケンソン,,published_kana,カメルーン,KNOCK OUT,https://knockoutkb.com/fighters/patrick_kengsong_113
パトリック・スミス,パトリック・スミス,,published_kana,,,https://ja.wikipedia.org/wiki/パトリック・スミス
パトリック・バリー,パトリック・バリー,,published_kana,,,https://ja.wikipedia.org/wiki/パトリック・バリー
パナット・クンクメール,パナット・クンクメール,,published_kana,カンボジア,KNOCK OUT,https://knockoutkb.com/fighters/phanit_kun_khmer_470
パブロス・コクリャリオス,パブロス・コクリャリオス,,published_kana,Politis Team,K-1 WORLD GP,https://www.k-1.co.jp/fighter/1500
パブロス・ミハシ,パブロス・ミハシ,,published_kana,West Warriors,K-1 WORLD GP,https://www.k-1.co.jp/fighter/1774
パベル・グリシャノヴィッチ,パベル・グリシャノヴィッチ,,published_kana,Muay Thai Academy,K-1 WORLD GP,https://www.k-1.co.jp/fighter/1755
パベル・ズラフリオフ,パベル・ズラフリオフ,,published_kana,,,https://ja.wikipedia.org/wiki/パベル・ズラフリオフ
パヤーフォン・バンチャメーク,パヤーフォン・バンチャメーク,,published_kana,Banchamek Gym,K-1 WORLD GP|Krush|Krush-EX|RISE,https://www.k-1.co.jp/fighter/1003|https://rise-rc.com/fighter/phayahong-banchamek/
パリンヤー・ジャルーンポン,パリンヤー・ジャルーンポン,,published_kana,,,https://ja.wikipedia.org/wiki/パリンヤー・ジャルーンポン
パンケック・ソー・コンクラパン,パンケック・ソー・コンクラパン,,published_kana,Sor.kongkrapan,RISE,https://rise-rc.com/fighter/pancak-sor-kongkrapan/
パンサック・ウォーワンナッタウイ,パンサック・ウォーワンナッタウイ,,published_kana,タイ,KNOCK OUT,https://knockoutkb.com/fighters/pansak_wor_wantavee_287
ぱんちゃん璃奈,パンチャン リナ,PANCHAN Rina,published_kana,フリー,KNOCK OUT,https://knockoutkb.com/fighters/panchan_rina|https://ja.wikipedia.org/wiki/ぱんちゃん璃奈|https://www.k-1.co.jp/fighter/1448
パンテリス・サンプロヴァラキス,パンテリス・サンプロヴァラキス,,published_kana,DIAMOND CAMP,K-1 WORLD GP,https://www.k-1.co.jp/fighter/1741
パヴェル・マイヤー,パヴェル・マイヤー,,published_kana,,,https://ja.wikipedia.org/wiki/パヴェル・マイヤー
ヒアゴ・ソウザ,ヒアゴ・ソウザ,,published_kana,Center Muay Thai Kickboxing,K-1,https://www.k-1.co.jp/fighter/1680
光センチャイジム,ヒカリセンチャイジム,Hikari Saenchaigym,published_kana,,K-1,https://www.k-1.co.jp/fighter/564
東 虎之介,ヒガシ トラノスケ,Higashi Toranosuke,published_kana,ALONZA ABLAZE,K-1 WORLD GP|Krush|Krush-EX,https://www.k-1.co.jp/fighter/1414
東本 央貴,ヒガシモト ヒサキ,Higashimoto Hisaki,published_kana,白仙会,K-1 WORLD GP|Krush|Krush-EX,https://www.k-1.co.jp/fighter/311
ヒシャム・ムジタヒド,ヒシャム・ムジタヒド,,published_kana,,K-1,https://www.k-1.co.jp/fighter/250
左晴美,ヒダリ ハルミ,,published_kana,,,https://ja.wikipedia.org/wiki/左晴美
秀亮,ヒデアキ,Hideaki,published_kana,Martial Arts Fighter team侍,K-1,https://www.k-1.co.jp/fighter/801
秀樹,ヒデキ,Hideki,converted,新宿レフティージム,RISE,https://rise-rc.com/fighter/hideki/
秀虎,ヒデトラ,Hidetora,published_kana,,K-1,https://www.k-1.co.jp/fighter/470
日菜太,ヒナタ,,published_kana,,,https://ja.wikipedia.org/wiki/日菜太|https://www.k-1.co.jp/fighter/740
日畑 達也,ヒバタ タツヤ,Hibata Tatsuya,published_kana,,K-1,https://www.k-1.co.jp/fighter/148
飛馬拳二,ヒマ ケンジ,,published_kana,,,https://ja.wikipedia.org/wiki/飛馬拳二
平尾 大智,ヒラオ,Hirao,published_kana,,K-1,https://www.k-1.co.jp/fighter/577
平岡 琴,ヒラオカ コト,HIRAOKA Koto,published_kana,TRY HARD GYM,RISE|KNOCK OUT,https://rise-rc.com/fighter/hiraoka_koto/|https://knockoutkb.com/fighters/hiraoka_koto_567|https://ja.wikipedia.org/wiki/平岡琴|https://www.k-1.co.jp/fighter/637
開 夢斗,ヒラキ ユメト,Hiraki Yumeto,published_kana,魁塾中川道場,K-1,https://www.k-1.co.jp/fighter/1550
平野 翼,ヒラノ ツバサ,Hirano Tsubasa,published_kana,,K-1,https://www.k-1.co.jp/fighter/149
ヒラマゴメド・アリエフ,ヒラマゴメド・アリエフ,,published_kana,R-1 Martial Arts Academy,K-1 WORLD GP,https://www.k-1.co.jp/fighter/1777
平本 蓮,ヒラモト レン,Hiramoto Ren,published_kana,K-1ジム総本部チームペガサス,K-1,https://www.k-1.co.jp/fighter/22
平山 迅,ヒラヤマ ジン,Hirayama Jin,published_kana,TEAM ONE,K-1,https://www.k-1.co.jp/fighter/660
弘輝,ヒロキ,Hiroki,published_kana,WORLD TREE GYM,K-1 WORLD GP|Krush|Krush-EX,https://www.k-1.co.jp/fighter/1072
浩志,ヒロシ,Hiroshi,published_kana,K-1 GYM SAGAMI-ONO KREST,K-1,https://www.k-1.co.jp/fighter/1265
洋センチャイジム,ヒロシセンチャイジム,Hiroshi Saenchaigym,published_kana,,K-1,https://www.k-1.co.jp/fighter/570
寛心,ヒロト,Hiroto,published_kana,士魂村上塾,K-1 WORLD GP|Krush|Krush-EX,https://www.k-1.co.jp/fighter/1688
廣野 祐,ヒロノ ユウ,Yu Hirono,published_kana,フリー,RISE,https://rise-rc.com/fighter/hirono_yu/|https://ja.wikipedia.org/wiki/廣野祐|https://www.k-1.co.jp/fighter/445
HIROYA,ヒロヤ,,published_kana,,,https://ja.wikipedia.org/wiki/HIROYA|https://www.k-1.co.jp/fighter/15
ビクター・デ・コニング,ビクター・デ・コニング,,published_kana,Kickboxing fearless,RISE,https://rise-rc.com/fighter/victor-de-koning/
ビクトー・サラビア,ビクトー・サラビア,,published_kana,,K-1,https://www.k-1.co.jp/fighter/756
ビョン・ボギョン,ビョン・ボギョン,,published_kana,MUYEMARU,RISE,https://rise-rc.com/fighter/byun-bo-kyeong/
ビヨン・ブレギー,ビヨン・ブレギー,,published_kana,,,https://ja.wikipedia.org/wiki/ビヨン・ブレギー
ピッチ・ソムパッツ,ピッチ・ソムパッツ,,published_kana,カンボジア,KNOCK OUT,https://knockoutkb.com/fighters/pich_sambath
PIRIKA,ピリカ,,published_kana,,,https://ja.wikipedia.org/wiki/PIRIKA
ピーター・アーツ,ピーター・アーツ,,published_kana,,,https://ja.wikipedia.org/wiki/ピーター・アーツ
ピーター・グラハム,ピーター・グラハム,,published_kana,,,https://ja.wikipedia.org/wiki/ピーター・グラハム
ピーター・スミット,ピーター・スミット,,published_kana,,,https://ja.wikipedia.org/wiki/ピーター・スミット
ピーター・ボンドラチェック,ピーター・ボンドラチェック,,published_kana,,,https://ja.wikipedia.org/wiki/ピーター・ボンドラチェック
ピーター・マエストロビッチ,ピーター・マエストロビッチ,,published_kana,,,https://ja.wikipedia.org/wiki/ピーター・マエストロビッチ
ピーマイ・ポー・ゴップクー,ピーマイ・ポー・ゴップクー,,published_kana,Por.Kobkuea,RISE,https://rise-rc.com/fighter/peemai-por-kobkuea/
ファイヤー原田,ファイヤー ハラダ,,published_kana,,,https://ja.wikipedia.org/wiki/ファイヤー原田|https://www.k-1.co.jp/fighter/605
ファイ・ファラモエ,ファイ・ファラモエ,,published_kana,,,https://ja.wikipedia.org/wiki/ファイ・ファラモエ
ファエゼ・ウィラサクレック,ファエゼ・ウィラサクレック,,published_kana,WSRフェアテックス・イラン,K-1,https://www.k-1.co.jp/fighter/1153
ファクンド・グラマチョウ,ファクンド・グラマチョウ,,published_kana,サムライジム,RISE,https://rise-rc.com/fighter/facundo-gramajo/
ファク・スアレス,ファク・スアレス,,published_kana,アルゼンチン,KNOCK OUT,https://knockoutkb.com/fighters/facu_suarez_116
ファディル・シャバリ,ファディル・シャバリ,,published_kana,,,https://ja.wikipedia.org/wiki/ファディル・シャバリ
ファディ・メルザ,ファディ・メルザ,,published_kana,,,https://ja.wikipedia.org/wiki/ファディ・メルザ|https://www.k-1.co.jp/fighter/375
ファビアン・ロリート,ファビアン・ロリート,,published_kana,Team Stefanovski,K-1 WORLD GP,https://www.k-1.co.jp/fighter/1745
ファビアーノ・サイクロン,ファビアーノ・サイクロン,,published_kana,,,https://ja.wikipedia.org/wiki/ファビアーノ・サイクロン
ファビオ・ヴェイガ,ファビオ・ヴェイガ,,published_kana,K.O. TEAM,K-1 WORLD GP,https://www.k-1.co.jp/fighter/1780
ファワド・セディッキ,ファワド・セディッキ,,published_kana,,K-1,https://www.k-1.co.jp/fighter/725
ファン・ソンリム,ファン・ソンリム,,published_kana,ANA GYM,Krush|Krush-EX,https://www.k-1.co.jp/fighter/1356
ファーワンマイ・センチャイジム,ファーワンマイ・センチャイジム,,published_kana,センチャイムエタイジム,KNOCK OUT,https://knockoutkb.com/fighters/fahwanmai_saenchaigym_391
楓花,フウカ,Fuka,published_kana,ドージョー☆シャカリキ,K-1,https://www.k-1.co.jp/fighter/400
風成,フウセイ,,published_kana,,,https://ja.wikipedia.org/wiki/風成
フェルナンド・アマヤ,フェルナンド・アマヤ,,published_kana,Dojo Serpiente,K-1 WORLD GP,https://www.k-1.co.jp/fighter/1784
フェルナンド・アルメイダ,フェルナンド・アルメイダ,,published_kana,ブラジリアン・タイ,RISE,https://rise-rc.com/fighter/fernando-almeida/
フェルナンド・ミネイロ,フェルナンド・ミネイロ,,published_kana,Team Krull,K-1 WORLD GP,https://www.k-1.co.jp/fighter/1637
フェン・ルイ,フェン・ルイ,,published_kana,星武創新ファイトクラブ/CFP,K-1 WORLD GP,https://www.k-1.co.jp/fighter/1561
フォー・シャオロン,フォー・シャオロン,,published_kana,中国刑天舞威クラブ/CFP,K-1,https://www.k-1.co.jp/fighter/967
不可思,フカシ,Fukashi,published_kana,KNOCK OUTクロスポイント吉祥寺,K-1 WORLD GP|Krush|Krush-EX|KNOCK OUT,https://www.k-1.co.jp/fighter/971|https://knockoutkb.com/fighters/fukashi_127
深津飛成,フカツ ヒナリ,,published_kana,,,https://ja.wikipedia.org/wiki/深津飛成
福田 雄平,フクダ ユウヘイ,Fukuda Yuhei,published_kana,,K-1,https://www.k-1.co.jp/fighter/484
福地 勇人,フクチ ユウト,Fukuchi Yuto,published_kana,白蓮会館,K-1 WORLD GP,https://www.k-1.co.jp/fighter/1737
ふくやーまん,フクヤーマン,FUKUYAHMAN,published_kana,FIGHTER'S FLOW,KNOCK OUT,https://knockoutkb.com/fighters/fukuyahman_416
藤鬥嘩裟,フジ ツカサ,,published_kana,,,https://ja.wikipedia.org/wiki/藤鬥嘩裟
藤井 杏朱,フジイ アンズ,Fujii Anzu,published_kana,Ωmega KICKBOXING GYM,Krush|Krush-EX,https://www.k-1.co.jp/fighter/1622
藤井 章太,フジイ ショウタ,Fujii Shota,published_kana,,K-1,https://www.k-1.co.jp/fighter/87
藤岡 裕平,フジオカ ユウヘイ,Fujioka Yuhei,published_kana,九州ジム・VLOS,K-1,https://www.k-1.co.jp/fighter/1122
藤倉 悠,フジクラ ユウ,Fujikura Yu,published_kana,ポゴナ・クラブジム,K-1 WORLD GP|Krush|Krush-EX,https://www.k-1.co.jp/fighter/1396
藤阪 弘樹,フジサカ ヒロキ,Fujisaka Hiroki,published_kana,,K-1,https://www.k-1.co.jp/fighter/458
藤田 和希,フジタ カズキ,Fujita Kazuki,published_kana,K-1ジム目黒TEAM TIGER,K-1 WORLD GP|Krush|Krush-EX,https://www.k-1.co.jp/fighter/931
藤田智也,フジタ トモヤ,,published_kana,,,https://ja.wikipedia.org/wiki/藤田智也|https://www.k-1.co.jp/fighter/376
藤田 義文,フジタ ヨシフミ,Fujita Yoshifumi,published_kana,優弥道場,K-1,https://www.k-1.co.jp/fighter/978
藤ノ木 岳,フジノキ,Fujinoki,published_kana,,K-1,https://www.k-1.co.jp/fighter/576
藤原あらし,フジハラ アラシ,,published_kana,,,https://ja.wikipedia.org/wiki/藤原あらし
藤平 琉矢,フジヒラ リュウヤ,Fujihira Ryuya,published_kana,K-1ジム三軒茶屋シルバーウルフ,K-1 WORLD GP,https://www.k-1.co.jp/fighter/1703
藤村 大輔,フジムラ ダイスケ,Fujimura Daisuke,published_kana,K-1 GYM SAGAMI-ONO KREST,K-1 WORLD GP|Krush|Krush-EX,https://www.k-1.co.jp/fighter/636
藤本新,フジモト アラタ,,published_kana,,,https://ja.wikipedia.org/wiki/藤本新
藤本勲,フジモト イサオ,,published_kana,,,https://ja.wikipedia.org/wiki/藤本勲
藤元 洋次,フジモト ヒロシ,Fujimoto Hiroshi,published_kana,,K-1,https://www.k-1.co.jp/fighter/373
藤本祐介,フジモト ユウスケ,,published_kana,,,https://ja.wikipedia.org/wiki/藤本祐介
藤本義隆,フジモト ヨシタカ,,published_kana,,,https://ja.wikipedia.org/wiki/藤本義隆
藤山照美,フジヤマ テルミ,,published_kana,,,https://ja.wikipedia.org/wiki/藤山照美
藤原 啓三,フジワラ ケイゾウ,Fujiwara Keizo,published_kana,,K-1,https://www.k-1.co.jp/fighter/504
藤原敏男,フジワラ トシオ,,published_kana,,,https://ja.wikipedia.org/wiki/藤原敏男
船木鷹虎,フナキ タカトラ,,published_kana,,,https://ja.wikipedia.org/wiki/船木鷹虎
FUMIYA,フミヤ,,published_kana,E x F,K-1,https://www.k-1.co.jp/fighter/752
フランクちゃん,フランクチャン,Franck chan,published_kana,TRY HARD GYM,RISE,https://rise-rc.com/fighter/franck-chan/
フランシスコ・フィリォ,フランシスコ・フィリォ,,published_kana,,,https://ja.wikipedia.org/wiki/フランシスコ・フィリォ
フランジス・ゴマ,フランジス・ゴマ,,published_kana,COC PERFORMANCE,RISE,https://rise-rc.com/fighter/frangis_goma/
"フランソワ・""ザ・ホワイトバッファロー""・ボタ","フランソワ・""ザ・ホワイトバッファロー""・ボタ",,published_kana,,,https://ja.wikipedia.org/wiki/フランソワ・ボタ
フランチェスコ・カルボッティ,フランチェスコ・カルボッティ,,published_kana,Authentic Gym/ST FIGHT MANAGEMENT,K-1 WORLD GP,https://www.k-1.co.jp/fighter/1767
古田太一,フルタ タイチ,,published_kana,,,https://ja.wikipedia.org/wiki/古田太一|https://www.k-1.co.jp/fighter/817
古田 恭人,フルタ ヤスヒト,Furuta Yasuhito,published_kana,,K-1,https://www.k-1.co.jp/fighter/453
古宮 晴,フルミヤ ハル,Furumiya Haru,published_kana,team VASILEUS,K-1 WORLD GP|Krush|Krush-EX,https://www.k-1.co.jp/fighter/1067
古谷あさみ,フルヤ アサミ,,published_kana,,,https://ja.wikipedia.org/wiki/古谷あさみ
フレッド・マトス,フレッド・マトス,,published_kana,,K-1,https://www.k-1.co.jp/fighter/374
フレディ・ケマイヨ,フレディ・ケマイヨ,,published_kana,,,https://ja.wikipedia.org/wiki/フレディ・ケマイヨ
フローリン・イヴァノアイエ,フローリン・イヴァノアイエ,,published_kana,M Box Timisoara,K-1,https://www.k-1.co.jp/fighter/1501
フンダ・アルカイエス,フンダ・アルカイエス,,published_kana,Alkayis Gym,K-1 WORLD GP,https://www.k-1.co.jp/fighter/1341
フー・ガオフォン,フー・ガオフォン,,published_kana,明輝ジム/CFP,K-1,https://www.k-1.co.jp/fighter/882
ブアカーオ・ウィラサクレック,ブアカーオ・ウィラサクレック,,published_kana,,,https://ja.wikipedia.org/wiki/ブアカーオ・ウィラサクレック
ブアカーオ・バンチャメーク,ブアカーオ・バンチャメーク,,published_kana,Banchamek Gym,K-1 WORLD GP,https://www.k-1.co.jp/fighter/1488
ブアカーオ・ポー.プラムック,ブアカーオ・ポー.プラムック,,published_kana,,,https://ja.wikipedia.org/wiki/ブアカーオ・ポー.プラムック
ブハリ亜輝留,ブハリ アキール,Bukhari Aqil,published_kana,WSRフェアテックス幕張,K-1 WORLD GP|Krush|Krush-EX,https://www.k-1.co.jp/fighter/1079
ブバイサ・パスハエフ,ブバイサ・パスハエフ,,published_kana,,K-1,https://www.k-1.co.jp/fighter/776
ブバッカ・エル・バクーリ,ブバッカ・エル・バクーリ,,published_kana,Siam Gym,K-1,https://www.k-1.co.jp/fighter/911
ブライアン・ガビオ,ブライアン・ガビオ,,published_kana,アルゼンチン,KNOCK OUT,https://knockoutkb.com/fighters/braian_gavio_318
ブライアン・ダウヴィス,ブライアン・ダウヴィス,,published_kana,,,https://ja.wikipedia.org/wiki/ブライアン・ダウヴィス
ブライアン・ミクグラス,ブライアン・ミクグラス,,published_kana,上州松井ジム,K-1,https://www.k-1.co.jp/fighter/901
ブライアン・ラング,ブライアン・ラング,,published_kana,CRISTAL BOXING CLUB,K-1 WORLD GP,https://www.k-1.co.jp/fighter/1615
ブラックドラゴン,ブラックドラゴン,,published_kana,Blackdragon/Tiger Muay Thai,K-1,https://www.k-1.co.jp/fighter/864
ブラックマンバ,ブラックマンバ,,published_kana,,,https://ja.wikipedia.org/wiki/ブラックマンバ_(格闘家)
ブランコ・シカティック,ブランコ・シカティック,,published_kana,,,https://ja.wikipedia.org/wiki/ブランコ・シカティック
ブランドン・スぺイン,ブランドン・スぺイン,Brandon Spain,published_kana,Spain’s Muay Thai Gym,K-1,https://www.k-1.co.jp/fighter/1009
ブリース・ギドン,ブリース・ギドン,,published_kana,,,https://ja.wikipedia.org/wiki/ブリース・ギドン
ブリース・デルバール,ブリース・デルバール,,published_kana,,K-1,https://www.k-1.co.jp/fighter/742
ブレイク・トループ,ブレイク・トループ,,published_kana,EYR Division Blackhouse MMA,K-1 WORLD GP,https://www.k-1.co.jp/fighter/1664
ブレクト・ウォリス,ブレクト・ウォリス,,published_kana,,,https://ja.wikipedia.org/wiki/ブレクト・ウォリス
ブンロン・ペッティンディーアカデミー,ブンロン・ペッティンディーアカデミー,,published_kana,ペッティンディーアカデミー,RISE,https://rise-rc.com/fighter/boonlhong-petchyindeeacademy/
プライチュンポン・ソー.シーソムポン,プライチュンポン・ソー.シーソムポン,,published_kana,GTジム,K-1,https://www.k-1.co.jp/fighter/1145
プレストン・テ・モニ,プレストン・テ・モニ,,published_kana,ETK Gym,K-1 WORLD GP,https://www.k-1.co.jp/fighter/1752
プンルアン・バーンランバー,プンルアン・バーンランバー,,published_kana,タイ,KNOCK OUT,https://knockoutkb.com/fighters/pungluang_banramba_412
プードゥアン・コマンドジム,プードゥアン・コマンドジム,,published_kana,タイ/サックチャムニジム,KNOCK OUT,https://knockoutkb.com/fighters/phuduan_commando_gym_546
ヘスディ・カラケス,ヘスディ・カラケス,,published_kana,,,https://ja.wikipedia.org/wiki/ヘスディ・カラケス
へリアジル・エステファニ,ヘリアジル・エステファニ,Heliazir Estefani,published_kana,Ponto 1 Fight,K-1 WORLD GP,https://www.k-1.co.jp/fighter/1625
ヘルマン・タブエンカ,ヘルマン・タブエンカ,,published_kana,,K-1,https://www.k-1.co.jp/fighter/251
ベイリー・サグデン,ベイリー・サグデン,,published_kana,Suggys Gym,K-1,https://www.k-1.co.jp/fighter/1301
ベジム・カバシ,ベジム・カバシ,,published_kana,,,https://ja.wikipedia.org/wiki/ベジム・カバシ
ベセラ・ロガスカ,ベセラ・ロガスカ,,published_kana,DIAMOND CAMP,K-1,https://www.k-1.co.jp/fighter/1573
ベニー紅,ベニー クレナイ,,published_kana,,,https://ja.wikipedia.org/wiki/ベニー紅
ベニー・ユキーデ,ベニー・ユキーデ,,published_kana,,,https://ja.wikipedia.org/wiki/ベニー・ユキーデ
ベルジャン・ペポシ,ベルジャン・ペポシ,,published_kana,Valon team,RISE,https://rise-rc.com/fighter/berjan_peposhi/
ベルナール・アッカ,ベルナール・アッカ,,published_kana,,,https://ja.wikipedia.org/wiki/ベルナール・アッカ
ベロニカ・ロドリゲス,ベロニカ・ロドリゲス,,published_kana,Thai Rooster Team,K-1 WORLD GP,https://www.k-1.co.jp/fighter/1689
ベン・エドワーズ,ベン・エドワーズ,,published_kana,,,https://ja.wikipedia.org/wiki/ベン・エドワーズ
ペッカデイ・クンクメール,ペッカデイ・クンクメール,,published_kana,カンボジア,KNOCK OUT,https://knockoutkb.com/fighters/pheakdey_kunkhmer_86
ペッシラー・ウォー・ウラチャー,ペッシラー・ウォー・ウラチャー,,published_kana,Wor.Auracha,RISE,https://rise-rc.com/fighter/petchsila-wor-auracha/
ペッシーニン・ソー.プアントーン,ペッシーニン・ソー.プアントーン,,published_kana,Sor.Puangthong Gym,K-1,https://www.k-1.co.jp/fighter/1129
ペッダム・ペッティンディーアカデミー,ペッダム・ペッティンディーアカデミー,,published_kana,Petchyindee Academy,K-1 WORLD GP,https://www.k-1.co.jp/fighter/1510
ペッダム・ペットギャットペット,ペッダム・ペットギャットペット,,published_kana,ペットギャットペットジム,K-1,https://www.k-1.co.jp/fighter/1070
ペッディージャー・オーミークン,ペッディージャー・オーミークン,,published_kana,,,https://ja.wikipedia.org/wiki/ペッディージャー・オーミークン
ペットエジア・バンセーンファイトクラブ,ペットエジア・バンセーンファイトクラブ,,published_kana,Bangsaen Fight Club,RISE,https://rise-rc.com/fighter/phet-a-cheer/
ペットサムイ・シムラ,ペットサムイ・シムラ,,published_kana,志村道場,K-1,https://www.k-1.co.jp/fighter/1321
ペットサンコム・ソー・ソンマイ,ペットサンコム・ソー・ソンマイ,,published_kana,ソー・ソンマイ,RISE,https://rise-rc.com/fighter/petchsaenkom_sorsommai/
ペットセーンセーブ・ソーヂョー.トーンプラーヂン,ペットセーンセーブ・ソーヂョー.トーンプラーヂン,,published_kana,タイ,KNOCK OUT,https://knockoutkb.com/fighters/phetsaensaeb_sor_jor__tongprachin_172
ペットパノムルン・キャットムーカオ,ペットパノムルン・キャットムーカオ,,published_kana,Kiatmoo9,RISE,https://rise-rc.com/fighter/petchpanomrung_kiatmookao/
ペットモンコン・スーンキラーフォイトム,ペットモンコン・スーンキラーフォイトム,,published_kana,Soonkilahuaytom Gym,K-1,https://www.k-1.co.jp/fighter/1365
ペットルンルアン・ソーチャールワン,ペットルンルアン・ソーチャールワン,,published_kana,タイ/ソーチャールワンジム,KNOCK OUT,https://knockoutkb.com/fighters/petchrung_rueng_sor_jaruwun_382
ペットルークオン・サーリージム,ペットルークオン・サーリージム,,published_kana,sarigym,RISE,https://rise-rc.com/fighter/petlookaon-sarigym/
ペッパンガン・モー.ラタナバンディット,ペッパンガン・モー.ラタナバンディット,,published_kana,T-DED99,K-1,https://www.k-1.co.jp/fighter/964
ペップンソン・フォームドジム,ペップンソン・フォームドジム,,published_kana,フォームドジム,KNOCK OUT,https://knockoutkb.com/fighters/phetbunsong_formed_gym_202
ペトル・モラリ,ペトル・モラリ,,published_kana,Kickboxing fearless,RISE,https://rise-rc.com/fighter/petru-morari/
ペトロス・カベリーニョ,ペトロス・カベリーニョ,,published_kana,TEIXEIRA TEAM,K-1,https://www.k-1.co.jp/fighter/1466
ペトロ・ナコネッチニィ,ペトロ・ナコネッチニィ,,published_kana,,,https://ja.wikipedia.org/wiki/ペトロ・ナコネッチニィ
ペドロ・グランホ,ペドロ・グランホ,,published_kana,スペイン/ワールド極真会館,KNOCK OUT,https://knockoutkb.com/fighters/pedro_granjo_453
ペドロ・ゴメス,ペドロ・ゴメス,,published_kana,Santa Fe BRTHAITeam,RISE,https://rise-rc.com/fighter/pedro_gomes/
ペレ・リード,ペレ・リード,,published_kana,,,https://ja.wikipedia.org/wiki/ペレ・リード
ホァン・シュアイルー,ホァン・シュアイルー,,published_kana,WHITE SHARK FIGHT CLUB/CFP,K-1 WORLD GP,https://www.k-1.co.jp/fighter/1590
宝樹 まもる,ホウジュ マモル,Hoju Mamoru,published_kana,勇心館,K-1,https://www.k-1.co.jp/fighter/585
ホクト,ホクト,,published_kana,FAMILIA/CANDY GYM,KNOCK OUT,https://knockoutkb.com/fighters/hokuto_539
星 龍之介,ホシ リュウノスケ,Hoshi Ryunosuke,published_kana,POWER OF DREAM,K-1 WORLD GP|Krush|Krush-EX,https://www.k-1.co.jp/fighter/1248
ホシアス・ヌニェス,ホシアス・ヌニェス,,published_kana,Team Marcelo Salas,K-1,https://www.k-1.co.jp/fighter/1674
星川 大輝,ホシカワ ダイキ,Hoshikawa Daiki,published_kana,,K-1,https://www.k-1.co.jp/fighter/471
ホセ・レイス,ホセ・レイス,,published_kana,,,https://ja.wikipedia.org/wiki/ホセ・レイス
細越 貴己,ホソゴエ タカキ,Hosogoe Takaki,published_kana,,K-1,https://www.k-1.co.jp/fighter/330
細田由里子,ホソダ ユリコ,,published_kana,,,https://ja.wikipedia.org/wiki/細田由里子
堀啓,ホリ ヒラク,,published_kana,,,https://ja.wikipedia.org/wiki/堀啓
堀井 海飛,ホリイ カイト,Horii Kaito,published_kana,空手道柔拳,K-1 WORLD GP|Krush|Krush-EX,https://www.k-1.co.jp/fighter/1247
堀井 翼,ホリイ ツバサ,Horii Tsubasa,published_kana,K-1ジム五反田チームキングス,Krush|Krush-EX,https://www.k-1.co.jp/fighter/955
堀尾 竜司,ホリオ リュウジ,Horio Ryuji,published_kana,TRY HARD GYM,K-1,https://www.k-1.co.jp/fighter/78
ホルヘ・バレラ,ホルヘ・バレラ,,published_kana,Team Jesus Cabello,K-1,https://www.k-1.co.jp/fighter/859
本田ななか,ホンダ ナナカ,Nanaka Honda,published_kana,TRY HARD GYM,RISE,https://rise-rc.com/fighter/honda_nanaka/|https://ja.wikipedia.org/wiki/本田ななか
ボグダン・ストイカ,ボグダン・ストイカ,,published_kana,Stoica Brothers Fight Academy,K-1 WORLD GP,https://www.k-1.co.jp/fighter/1695|https://ja.wikipedia.org/wiki/ボグダン・ストイカ
ボブ・サップ,ボブ・サップ,,published_kana,,,https://ja.wikipedia.org/wiki/ボブ・サップ
ボルドバートル・アルタンドルグーン,ボルドバートル・アルタンドルグーン,,published_kana,SBモンゴル支部/MANDAL FIGHTING GYM,SHOOT BOXING,https://shootboxing.org/fighter/boldbaatar/
ボン太,ボンタ,Bonta,published_kana,,K-1,https://www.k-1.co.jp/fighter/252
ポリナ・ペトゥホーヴァ,ポリナ・ペトゥホーヴァ,,published_kana,Kickboxing Association of Chuvash Republic,K-1,https://www.k-1.co.jp/fighter/847
ポール・スロウィンスキー,ポール・スロウィンスキー,,published_kana,,,https://ja.wikipedia.org/wiki/ポール・スロウィンスキー
ポール・ブリッグス,ポール・ブリッグス,,published_kana,,,https://ja.wikipedia.org/wiki/ポール・ブリッグス
マイク・アラモス,マイク・アラモス,,published_kana,,K-1,https://www.k-1.co.jp/fighter/155
マイク・ザンビディス,マイク・ザンビディス,,published_kana,,,https://ja.wikipedia.org/wiki/マイク・ザンビディス
MIKE JOE,マイク・ジョー,,published_kana,BATTLE FIELD/TEAM J.S.A,K-1,https://www.k-1.co.jp/fighter/1085
マイク・ベルナルド,マイク・ベルナルド,,published_kana,,,https://ja.wikipedia.org/wiki/マイク・ベルナルド
マイケル・“トマホーク”・トンプソン,マイケル・“トマホーク”・トンプソン,,published_kana,,K-1,https://www.k-1.co.jp/fighter/84
マイケル・トンプソン,マイケル・トンプソン,,published_kana,,,https://ja.wikipedia.org/wiki/マイケル・トンプソン_(格闘家)
マイケル・ハンスグット,マイケル・ハンスグット,,published_kana,,,https://ja.wikipedia.org/wiki/マイケル・ハンスグット
マイケル・マクドナルド,マイケル・マクドナルド,,published_kana,,,https://ja.wikipedia.org/wiki/マイケル・マクドナルド_(格闘家)
マイコン・ソウザ,マイコン・ソウザ,,published_kana,Continua la Batalha,K-1,https://www.k-1.co.jp/fighter/1652
マイティ・モー,マイティ・モー,,published_kana,,,https://ja.wikipedia.org/wiki/マイティ・モー
前口太尊,マエグチ タイソン,Tyson Maeguchi,published_kana,飯伏プロレス研究所,RISE,https://rise-rc.com/fighter/maeguchi_tyson/|https://ja.wikipedia.org/wiki/前口太尊
前田 修,マエダ オサム,Maeda Osamu,published_kana,,K-1,https://www.k-1.co.jp/fighter/312
前田憲作,マエダ ケンサク,,published_kana,,,https://ja.wikipedia.org/wiki/前田憲作
前田尚紀,マエダ ヒサノリ,,published_kana,,,https://ja.wikipedia.org/wiki/前田尚紀_(格闘家)|https://www.k-1.co.jp/fighter/588
前田宏行,マエダ ヒロユキ,,published_kana,,,https://ja.wikipedia.org/wiki/前田宏行
前田 勇人,マエダ ユウト,Maeda Yuto,published_kana,K-1ジム福岡チームbeginning,K-1,https://www.k-1.co.jp/fighter/834
前田 洋平,マエダ ヨウヘイ,Maeda Yohei,published_kana,,K-1,https://www.k-1.co.jp/fighter/647
麻央,マオ,Mao,published_kana,K-1ジム心斎橋チームレパード,Krush|Krush-EX,https://www.k-1.co.jp/fighter/1330
マキシム・ネレドバ,マキシム・ネレドバ,,published_kana,,,https://ja.wikipedia.org/wiki/マキシム・ネレドバ
マキシム・バクラノフ,マキシム・バクラノフ,,published_kana,Archangel Michael,K-1 WORLD GP,https://www.k-1.co.jp/fighter/1791
牧野智昭,マキノ トモアキ,,published_kana,,,https://ja.wikipedia.org/wiki/牧野智昭|https://www.k-1.co.jp/fighter/691
牧平 圭太,マキヒラ ケイタ,Makihira Keita,published_kana,HALEO TOP TEAM,K-1,https://www.k-1.co.jp/fighter/10
マキ・チャーチャイ,マキ・チャーチャイ,,published_kana,真樹ジムAICHI,K-1,https://www.k-1.co.jp/fighter/1216
マキ・ドゥワンソンポン,マキ・ドゥワンソンポン,,published_kana,,K-1,https://www.k-1.co.jp/fighter/1154
マグナム酒井,マグナム サカイ,,published_kana,,,https://ja.wikipedia.org/wiki/マグナム酒井
真,マコト,Makoto,published_kana,,K-1,https://www.k-1.co.jp/fighter/527
マゴメド・マゴメドフ,マゴメド・マゴメドフ,,published_kana,,,https://ja.wikipedia.org/wiki/マゴメド・マゴメドフ_(キックボクサー)
将 -masa-,マサ,Masa,published_kana,K-1ジム総本部チームペガサス,K-1,https://www.k-1.co.jp/fighter/313
勝輝,マサキ,Masaki,published_kana,K-1ジム・ウルフ TEAM ASTER,K-1,https://www.k-1.co.jp/fighter/944
正木純子,マサキ ジュンコ,,published_kana,,,https://ja.wikipedia.org/wiki/正木純子
MasakIラジャサクレック,マサキ ラジャサクレック,,published_kana,,,https://ja.wikipedia.org/wiki/MasakIラジャサクレック
雅志,マサシ,Masashi,converted,RIKIX,RISE,https://rise-rc.com/fighter/masashi/
雅治,マサジ,MASAJI,converted,レンジャージム,KNOCK OUT,https://knockoutkb.com/fighters/masaji
魔裟斗,マサト,,published_kana,,,https://ja.wikipedia.org/wiki/魔裟斗
眞暢,マサノブ,Masanobu,published_kana,,K-1,https://www.k-1.co.jp/fighter/69
将大,マサヒロ,Masahiro,published_kana,,K-1,https://www.k-1.co.jp/fighter/151
正巳,マサミ,Masami,published_kana,,K-1,https://www.k-1.co.jp/fighter/617
真美,マサミ,Masami,published_kana,Team ImmortaL,K-1,https://www.k-1.co.jp/fighter/1077
昌也,マサヤ,Masaya,converted,有永道場Team Resolve,RISE,https://rise-rc.com/fighter/masaya/
マサロ・グランダー,マサロ・グランダー,,published_kana,Mike's Gym,K-1,https://www.k-1.co.jp/fighter/68
マシュー・ダールマン,マシュー・ダールマン,,published_kana,Hemmers Gym,K-1,https://www.k-1.co.jp/fighter/1599
増井 侑輝,マスイ ユウキ,Masui Yuki,published_kana,真樹ジムAICHI,K-1,https://www.k-1.co.jp/fighter/1201
増子 航平,マスコ コウヘイ,Masuko Kohei,published_kana,,K-1,https://www.k-1.co.jp/fighter/407
増田 勝海,マスダ カツウミ,Masuda Katsuumi,published_kana,,K-1,https://www.k-1.co.jp/fighter/448
増田 拓英,マスダ ヒロヒデ,Masuda Hirohide,published_kana,BK GYM,Krush|Krush-EX,https://www.k-1.co.jp/fighter/1710
増田博正,マスダ ヒロマサ,,published_kana,,,https://ja.wikipedia.org/wiki/増田博正
益田 亮,マスダ リョウ,Masuda Ryo,published_kana,,K-1,https://www.k-1.co.jp/fighter/152
桝本 翔也,マスモト ショウヤ,Masumoto Shoya,published_kana,K-1 GYM SAGAMI-ONO KREST,Krush|Krush-EX,https://www.k-1.co.jp/fighter/188
町田 光,マチダ ヒカル,Machida Hikaru,published_kana,飯伏プロレス研究所,Krush|Krush-EX|KNOCK OUT,https://www.k-1.co.jp/fighter/1432|https://knockoutkb.com/fighters/machida_hikaru_399|https://ja.wikipedia.org/wiki/町田光
町分 元気,マチブン ゲンキ,Machibun Genki,published_kana,TAD,Krush|Krush-EX,https://www.k-1.co.jp/fighter/1597
マック・パパリイ,マック・パパリイ,,published_kana,Battle-Box,K-1 WORLD GP,https://www.k-1.co.jp/fighter/1738
マッケンナ・ウェイド,マッケンナ・ウェイド,,published_kana,Millennium Martial Arts,K-1 WORLD GP,https://www.k-1.co.jp/fighter/1384
マット・スケルトン,マット・スケルトン,,published_kana,,,https://ja.wikipedia.org/wiki/マット・スケルトン
松井 裕馬,マツイ ユウマ,Matsui Yuma,published_kana,,K-1,https://www.k-1.co.jp/fighter/467
松井 ゆかり,マツイ ユカリ,Matsui Yukari,published_kana,,K-1,https://www.k-1.co.jp/fighter/704
松浦知希,マツウラ トモキ,,published_kana,,,https://ja.wikipedia.org/wiki/松浦知希
松浦信次,マツウラシンジ,,published_kana,,,https://ja.wikipedia.org/wiki/松浦信次
松岡 翔大,マツオカ ショウダイ,Matsuoka Shodai,published_kana,KING CONNECTION,K-1 WORLD GP|Krush|Krush-EX,https://www.k-1.co.jp/fighter/203
松重 孝幸,マツシゲ,Matsushige,published_kana,,K-1,https://www.k-1.co.jp/fighter/522
松下えみ,マツシタ エミ,,published_kana,,,https://ja.wikipedia.org/wiki/松下えみ|https://www.k-1.co.jp/fighter/401
松下 大紀,マツシタ ダイキ,Matsushita Daiki,published_kana,BELIEVE MAN,K-1,https://www.k-1.co.jp/fighter/659
松下武蔵,マツシタ ムサシ,Musashi Matsushita,published_kana,フリー,RISE,https://rise-rc.com/fighter/matsushita_musashi/|https://ja.wikipedia.org/wiki/松下武蔵
松下 裕太,マツシタ ユウタ,Matsushita Yuta,published_kana,,K-1,https://www.k-1.co.jp/fighter/156
松谷 梛,マツタニ キナ,Matsutani Kina,published_kana,キャピタルレイズ fighting GlaNz池袋,Krush|Krush-EX,https://www.k-1.co.jp/fighter/1596
松谷 綺,マツタニ キラ,Matsutani Kira,published_kana,ALONZA ABLAZE,K-1 WORLD GP|Krush|Krush-EX,https://www.k-1.co.jp/fighter/1180|https://ja.wikipedia.org/wiki/松谷綺
松谷 桐,マツタニ キリ,Matsutani Kiri,published_kana,ALONZA ABLAZE,K-1,https://www.k-1.co.jp/fighter/1179
松田利彦,マツダ トシヒコ,,published_kana,,,https://ja.wikipedia.org/wiki/松田利彦_(キックボクサー)
松田玲奈,マツダレナ,,published_kana,,,https://ja.wikipedia.org/wiki/松田玲奈
松永ちゃいるど義弘,マツナガチャイルドヨシヒロ,Matsunaga Child Yoshihiro,published_kana,,K-1,https://www.k-1.co.jp/fighter/523
松野 祐貴,マツノ ユウキ,Matsuno Yuki,published_kana,,K-1,https://www.k-1.co.jp/fighter/253
松花 征也,マツハナ マサヤ,Matsuhana Masaya,published_kana,リバーサルジム横浜グランドスラム,K-1,https://www.k-1.co.jp/fighter/952
松葉 斗哉,マツバ トウヤ,Matsuba Toya,published_kana,昇龍會,K-1,https://www.k-1.co.jp/fighter/1312
松村☆D☆HIRO克,マツムラ ディー ヒロカツ,Matsumura D Hirokatsu,published_kana,K-1ジム三軒茶屋シルバーウルフ,K-1,https://www.k-1.co.jp/fighter/377
松村 英明,マツムラ ヒデアキ,Matsumura Hideaki,published_kana,K-1ジム三軒茶屋シルバーウルフ,K-1,https://www.k-1.co.jp/fighter/848
松本 篤人,マツモト アツト,Matsumoto Atsuto,published_kana,バンゲリングベイ・スピリット,K-1 WORLD GP|Krush|Krush-EX,https://www.k-1.co.jp/fighter/348
松本 和樹,マツモト カズキ,Matsumoto Kazuki,published_kana,K-1ジム川口ブルードラゴン,K-1 WORLD GP|Krush|Krush-EX,https://www.k-1.co.jp/fighter/1208
松本竜大,マツモト タツヒロ,,published_kana,,,https://ja.wikipedia.org/wiki/松本竜大
松本哉朗,マツモト トシオ,,published_kana,,,https://ja.wikipedia.org/wiki/松本哉朗
松本 愛斗,マツモト ナルト,Matsumoto Naruto,published_kana,月心会チーム侍,Krush|Krush-EX,https://www.k-1.co.jp/fighter/1709
松本 海翔,マツモト ハルト,Matsumoto Haruto,published_kana,TAD,K-1 WORLD GP|Krush|Krush-EX,https://www.k-1.co.jp/fighter/1357
松本 日向,マツモト ヒナタ,Matsumoto Hinata,published_kana,K-1ジム三軒茶屋シルバーウルフ,K-1 WORLD GP|Krush|Krush-EX,https://www.k-1.co.jp/fighter/996
松本芳道,マツモト ヨシミチ,,published_kana,,,https://ja.wikipedia.org/wiki/松本芳道
松本 陸,マツモト リク,Matsumoto Riku,published_kana,TAD,K-1,https://www.k-1.co.jp/fighter/1117
松本 涼雅,マツモト リョウガ,Matsumoto Ryoga,published_kana,月心会チーム侍,K-1 WORLD GP|Krush|Krush-EX,https://www.k-1.co.jp/fighter/986
松山 勇汰,マツヤマ ユウタ,Matsuyama Yuta,published_kana,ALONZA ABLAZE,K-1 WORLD GP|Krush|Krush-EX,https://www.k-1.co.jp/fighter/1125
マティアス・ガルシア,マティアス・ガルシア,,published_kana,Corrales Kick Center,K-1 WORLD GP,https://www.k-1.co.jp/fighter/1786
マテウス・ノゲイラ,マテウス・ノゲイラ,,published_kana,TEIXEIRA TEAM,K-1,https://www.k-1.co.jp/fighter/1673
マテウス・ピノキオ,マテウス・ピノキオ,,published_kana,Altamiro Fight Club,K-1,https://www.k-1.co.jp/fighter/1642
マテウス・マチャド,マテウス・マチャド,,published_kana,CF HOUSE,K-1 WORLD GP,https://www.k-1.co.jp/fighter/1785
真奈,マナ,Mana,published_kana,,K-1,https://www.k-1.co.jp/fighter/402
学武,マナブ,Manabu,published_kana,,K-1,https://www.k-1.co.jp/fighter/89
マヌエル・メネンデス,マヌエル・メネンデス,,published_kana,TAD,K-1 WORLD GP,https://www.k-1.co.jp/fighter/1796
マノエル・ドス・サントス,マノエル・ドス・サントス,,published_kana,Team LGT,K-1 WORLD GP,https://www.k-1.co.jp/fighter/1766
マノリス・カリスティス,マノリス・カリスティス,,published_kana,NAS CAMP- SOR DECHAPANT,K-1,https://www.k-1.co.jp/fighter/1579
マハムード・サッタリ,マハムード・サッタリ,,published_kana,TEAM大和魂,K-1 WORLD GP|Krush|Krush-EX,https://www.k-1.co.jp/fighter/1095
真優,マヒロ,Mahiro,published_kana,月心会チーム侍,K-1 WORLD GP|Krush|Krush-EX,https://www.k-1.co.jp/fighter/829|https://ja.wikipedia.org/wiki/前薗真優
マフィア・ペットモンコンディー,マフィア・ペットモンコンディー,,published_kana,Petchnongki Gym,K-1 WORLD GP,https://www.k-1.co.jp/fighter/1582
マラット・グレゴリアン,マラット・グレゴリアン,,published_kana,,K-1,https://www.k-1.co.jp/fighter/45
マラン・コンタ,マラン・コンタ,,published_kana,Hammer Boxing Gym,K-1 WORLD GP,https://www.k-1.co.jp/fighter/1498
MARI,マリ,,published_kana,ナックルズGYM,K-1,https://www.k-1.co.jp/fighter/1146
マリア・ネラ,マリア・ネラ,,published_kana,EFL academy Athens,K-1 WORLD GP,https://www.k-1.co.jp/fighter/1412
マリウス・ザロムスキー,マリウス・ザロムスキー,,published_kana,,,https://ja.wikipedia.org/wiki/マリウス・ザロムスキー
マリオ・プリンチ,マリオ・プリンチ,,published_kana,,,https://ja.wikipedia.org/wiki/マリオ・プリンチ
まりも,マリモ,Marimo,published_kana,NEXT LEVEL渋谷,RISE,https://rise-rc.com/fighter/marimo/
マリリン・コンティン,マリリン・コンティン,,published_kana,Bears Team,K-1 WORLD GP,https://www.k-1.co.jp/fighter/1634
マリーヌ・ビゲイ,マリーヌ・ビゲイ,,published_kana,Team Fight Center One,K-1 WORLD GP,https://www.k-1.co.jp/fighter/1270
丸岡 拓也,マルオカ タクヤ,Maruoka Takuya,published_kana,リーブルロア,K-1,https://www.k-1.co.jp/fighter/153
マルコス・リオス,マルコス・リオス,,published_kana,アルゼンチン,KNOCK OUT,https://knockoutkb.com/fighters/marcos_wasabi_rios_109
マルコ・ダニエル,マルコ・ダニエル,,published_kana,Brazilian Thai,Krush|Krush-EX,https://www.k-1.co.jp/fighter/1720
マルコ・ピケ,マルコ・ピケ,,published_kana,,,https://ja.wikipedia.org/wiki/マルコ・ピケ
マルコ・ブラック・ダイヤモンド,マルコ・ブラック・ダイヤモンド,,published_kana,LOUTUS MMA,K-1 WORLD GP,https://www.k-1.co.jp/fighter/1677
マルシオ・デ・ジェズス,マルシオ・デ・ジェズス,,published_kana,Team Alvaro de Aguiar,K-1,https://www.k-1.co.jp/fighter/1626
マルセル・ホルヴァート,マルセル・ホルヴァート,,published_kana,Team Rozman,K-1,https://www.k-1.co.jp/fighter/1505
マルフィオ・カノレッティ,マルフィオ・カノレッティ,,published_kana,,,https://ja.wikipedia.org/wiki/マルフィオ・カノレッティ
丸山 晃毅,マルヤマ コウキ,Maruyama Koki,published_kana,VICTORY GYM,Krush|Krush-EX,https://www.k-1.co.jp/fighter/1715
丸山 公豊,マルヤマ ナオト,Maruyama Naoto,published_kana,宮田ジム,K-1 WORLD GP|Krush|Krush-EX,https://www.k-1.co.jp/fighter/1178
マレク・ペルシス,マレク・ペルシス,,published_kana,The Combat Academy,K-1 WORLD GP,https://www.k-1.co.jp/fighter/1733
MAN☆48,マン48,,published_kana,大和ジム,K-1,https://www.k-1.co.jp/fighter/201
MAN☆五郎,マンゴロウ,Man Goro,published_kana,大和ジム,K-1,https://www.k-1.co.jp/fighter/202
萬田 千晴,マンダ チハル,Manda Chiharu,published_kana,,K-1,https://www.k-1.co.jp/fighter/154
マーカス・エバーグ,マーカス・エバーグ,,published_kana,,,https://ja.wikipedia.org/wiki/マーカス・エバーグ
マーク・ハント,マーク・ハント,,published_kana,,,https://ja.wikipedia.org/wiki/マーク・ハント
マーク・バード・ジェームス,マーク・バード・ジェームス,,published_kana,K-1ジム五反田チームキングス,K-1,https://www.k-1.co.jp/fighter/1012
マーセル・アデイエミ,マーセル・アデイエミ,,published_kana,Team Tieu,K-1,https://www.k-1.co.jp/fighter/1036
マーティン・ホルム,マーティン・ホルム,,published_kana,,,https://ja.wikipedia.org/wiki/マーティン・ホルム
マーティン・ロザルスキー,マーティン・ロザルスキー,,published_kana,,,https://ja.wikipedia.org/wiki/マーティン・ロザルスキー
MIO,ミオ,,published_kana,K-1 GYM SAGAMI-ONO KREST,K-1 WORLD GP|Krush|Krush-EX,https://www.k-1.co.jp/fighter/1011
MIO LaReyna,ミオ ラレイナ,,published_kana,TEAM REY DE REYES,Krush|Krush-EX,https://www.k-1.co.jp/fighter/1762
☆MIKA☆,ミカ,,published_kana,,,https://ja.wikipedia.org/wiki/☆MIKA☆
ミカエル・ペイノー,ミカエル・ペイノー,,published_kana,,K-1,https://www.k-1.co.jp/fighter/444
三上 大智,ミカミ ヘンリー ダイチ,,published_kana,ボスジムジャパン,SHOOT BOXING,https://shootboxing.org/fighter/mikami_daichi/|https://ja.wikipedia.org/wiki/三上ヘンリー大智
ミゲール・トリンダーデ,ミゲール・トリンダーデ,,published_kana,Mamba Fight Club,RISE,https://rise-rc.com/fighter/miguel-trinidade/
MIKOTO,ミコト,,published_kana,,K-1,https://www.k-1.co.jp/fighter/544
三島 流平,ミシマ リュウヘイ,Mishima Ryuhei,published_kana,,K-1,https://www.k-1.co.jp/fighter/378
水上 陽生,ミズカミ ハルキ,Mizukami Haruki,published_kana,POWER OF DREAM,Krush|Krush-EX,https://www.k-1.co.jp/fighter/1104
瑞貴,ミズキ,Mizuki,published_kana,TEAM3K,K-1,https://www.k-1.co.jp/fighter/1227
水嶋 貴大,ミズシマ タカヒロ,Mizushima Takahiro,published_kana,,K-1,https://www.k-1.co.jp/fighter/256
水谷 昊代,ミズタニ コウダイ,Mizutani Kodai,published_kana,TEAM TMT,K-1 WORLD GP|Krush|Krush-EX,https://www.k-1.co.jp/fighter/1687
水谷 秀樹,ミズタニ ヒデキ,Mizutani Hideki,published_kana,スクランブル渋谷,K-1,https://www.k-1.co.jp/fighter/574
水野 志保,ミズノ シホ,Mizuno Shiho,published_kana,名古屋JKファクトリー,K-1,https://www.k-1.co.jp/fighter/403
水原 弘暁,ミズハラ ヒロアキ,Mizuhara Hiroaki,published_kana,,K-1,https://www.k-1.co.jp/fighter/500
水町浩,ミズマチ ヒロシ,,published_kana,,,https://ja.wikipedia.org/wiki/水町浩|https://www.k-1.co.jp/fighter/744
水本 悠我,ミズモト ユウガ,Mizumoto Yuga,published_kana,優志塾平安道場,Krush|Krush-EX,https://www.k-1.co.jp/fighter/1589
ミッチェル・ラーマス,ミッチェル・ラーマス,,published_kana,Bien Fitness/Bien Fighters,K-1 WORLD GP,https://www.k-1.co.jp/fighter/1765
三井綾,ミツイ アヤ,,published_kana,,,https://ja.wikipedia.org/wiki/三井綾
三井 大揮,ミツイ ヒロキ,Mitsui Hiroki,published_kana,WIZARDキックボクシングジム,K-1,https://www.k-1.co.jp/fighter/1073
MITSUTAKA,ミツタカ,,published_kana,,K-1,https://www.k-1.co.jp/fighter/159
ミツダマン,ミツダマン,,published_kana,ナックルズGYM,Krush|Krush-EX,https://www.k-1.co.jp/fighter/1746
三堀“SMILE”美弥子,ミツホリ スマイル ミヤコ,Mitsuhori “SMILE” Miyako,published_kana,Y’ZD GYM,K-1,https://www.k-1.co.jp/fighter/404
蜜山剛三,ミツヤマ コウゾウ,,published_kana,,,https://ja.wikipedia.org/wiki/蜜山剛三|https://www.k-1.co.jp/fighter/601
MITSURU,ミツル,,published_kana,,K-1,https://www.k-1.co.jp/fighter/640
緑川 創,ミドリカワ ツクル,Tsukuru Midorikawa,published_kana,RIKIX,RISE,https://rise-rc.com/fighter/midorikawa_tsukuru/|https://ja.wikipedia.org/wiki/緑川創
MINA,ミナ,,published_kana,,,https://ja.wikipedia.org/wiki/櫻井未奈|https://www.k-1.co.jp/fighter/514
海凪,ミナギ,Minagi,published_kana,RAUSU GYM,K-1 WORLD GP|Krush|Krush-EX,https://www.k-1.co.jp/fighter/1480
港太郎,ミナト タロウ,,published_kana,,,https://ja.wikipedia.org/wiki/港太郎
南野 卓幸,ミナミノ タカユキ,Minamino Takayuki,published_kana,K-1ジム総本部チームペガサス,K-1,https://www.k-1.co.jp/fighter/158
峯 大樹,ミネ ダイキ,Mine Daiki,published_kana,若獅子会館,K-1 WORLD GP|Krush|Krush-EX,https://www.k-1.co.jp/fighter/1030
ミハル・トゥリンスキー,ミハル・トゥリンスキー,,published_kana,FIGHTER WROCLAW,K-1 WORLD GP,https://www.k-1.co.jp/fighter/1405
壬生狼 一輝,ミブロ カズキ,Miburo Kazuki,published_kana,力道場静岡,K-1,https://www.k-1.co.jp/fighter/1096
美保,ミホ,,published_kana,,,https://ja.wikipedia.org/wiki/美保
宮川 太陽,ミヤカワ タイヨウ,Miyakawa Taiyo,published_kana,K-1 GYM SAGAMI-ONO KREST,K-1,https://www.k-1.co.jp/fighter/1170
宮川 博孝,ミヤカワ ヒロタカ,Miyakawa Hirotaka,published_kana,,K-1,https://www.k-1.co.jp/fighter/255
ミヤギン,ミヤギン,,published_kana,team Bonds,RISE,https://rise-rc.com/fighter/miyagin/
三宅 祐弥,ミヤケ ユウヤ,Miyake Yuya,published_kana,Hacker GYM,K-1 WORLD GP|Krush|Krush-EX,https://www.k-1.co.jp/fighter/1137
宮越 宗一郎,ミヤコシ ソウイチロウ,Miyakoshi Soichiro,published_kana,,K-1,https://www.k-1.co.jp/fighter/545
宮﨑小雪,ミヤザキ コユキ,Koyuki Miyazaki,published_kana,TRY HARD GYM,RISE,https://rise-rc.com/fighter/miyazaki_koyuki/|https://ja.wikipedia.org/wiki/宮﨑小雪|https://www.k-1.co.jp/fighter/1438
宮崎 直人,ミヤザキ ナオト,Miyazaki Naoto,published_kana,,K-1,https://www.k-1.co.jp/fighter/506
宮崎 勇樹,ミヤザキ ユウキ,Miyazaki Yuki,published_kana,FLYSKY GYM/MY GYM,Krush|Krush-EX,https://www.k-1.co.jp/fighter/1173
宮﨑 頼悟,ミヤザキ ライゴ,Miyazaki Raigo,published_kana,K-1ジム三軒茶屋シルバーウルフ,K-1 WORLD GP|Krush|Krush-EX,https://www.k-1.co.jp/fighter/1764
宮﨑若菜,ミヤザキ ワカナ,Wakana Miyazaki,published_kana,TRY HARD GYM,RISE,https://rise-rc.com/fighter/miyazaki_wakana/|https://ja.wikipedia.org/wiki/宮﨑若菜
宮下 トモヤ,ミヤシタ トモヤ,Miyashita Tomoya,published_kana,POWER OF DREAM,K-1,https://www.k-1.co.jp/fighter/603
宮田 隼児,ミヤタ,Miyata,published_kana,,K-1,https://www.k-1.co.jp/fighter/571
宮田 裕司,ミヤタ ユウジ,Miyata Yuji,published_kana,,K-1,https://www.k-1.co.jp/fighter/630
宮地 謙太朗,ミヤチ ケンタロウ,Miyachi Kentaro,published_kana,,K-1,https://www.k-1.co.jp/fighter/254
宮原 司,ミヤハラ ツカサ,Miyahara Tsukasa,published_kana,K-1ジム心斎橋チームレパード,K-1,https://www.k-1.co.jp/fighter/1340
雅駿介,ミヤビ シュンスケ,,published_kana,,,https://ja.wikipedia.org/wiki/雅駿介
宮元啓介,ミヤモト ケイスケ,,published_kana,,,https://ja.wikipedia.org/wiki/宮元啓介|https://www.k-1.co.jp/fighter/157
宮本 拳聖,ミヤモト ケンセイ,Miyamoto Kensei,published_kana,K-1ジム総本部チームペガサス,K-1,https://www.k-1.co.jp/fighter/1336
宮本正明,ミヤモト マサアキ,,published_kana,,,https://ja.wikipedia.org/wiki/宮本正明
宮本武勇志,ミヤモト ムサシ,,published_kana,,,https://ja.wikipedia.org/wiki/宮本武勇志
宮本芽依,ミヤモト メイ,Mei Miyamoto,published_kana,KRAZY BEE/POUND FOR POUND,RISE,https://rise-rc.com/fighter/miyamoto_mei/|https://ja.wikipedia.org/wiki/宮本芽依
美・YUKI,ミユキ,,published_kana,,,https://ja.wikipedia.org/wiki/美・YUKI
ミラン・ペイルス,ミラン・ペイルス,,published_kana,Diamond gym Zilina,K-1,https://www.k-1.co.jp/fighter/1047
ミルコ・クロコップ,ミルコ・クロコップ,,published_kana,,,https://ja.wikipedia.org/wiki/ミルコ・クロコップ
ミル・ブン・ティエン,ミル・ブン・ティエン,,published_kana,カンボジア,KNOCK OUT,https://knockoutkb.com/fighters/meas_bunthen_467
美伶,ミレイ,Mirei,published_kana,WARRIOR OSAKA,K-1 WORLD GP|Krush|Krush-EX|KNOCK OUT,https://www.k-1.co.jp/fighter/1022|https://knockoutkb.com/fighters/mirei_296
ミロスラフ・ヴーヨヴィッチ,ミロスラフ・ヴーヨヴィッチ,,published_kana,生年月日,K-1 WORLD GP,https://www.k-1.co.jp/fighter/1493
ミロス・ツヴェチカニン,ミロス・ツヴェチカニン,,published_kana,生年月日,K-1 WORLD GP,https://www.k-1.co.jp/fighter/1495
三輪 裕樹,ミワ ユウキ,Miwa Yuki,published_kana,K-1 GYM SAGAMI-ONO KREST,K-1 WORLD GP|Krush|Krush-EX,https://www.k-1.co.jp/fighter/257
ムァンコーン・ブームデックシーン,ムァンコーン・ブームデックシーン,,published_kana,Boomdeksean,RISE,https://rise-rc.com/fighter/mangkon-boomdeksean/
ムアメル・ユーゴヴィッチ,ムアメル・ユーゴヴィッチ,,published_kana,生年月日,K-1 WORLD GP,https://www.k-1.co.jp/fighter/1494
武蔵,ムサシ,Musashi,published_kana,,,https://ja.wikipedia.org/wiki/武蔵_(格闘家)
武蔵,ムサシ,Musashi,published_kana,デビルジム,K-1 WORLD GP|Krush|Krush-EX,https://www.k-1.co.jp/fighter/1507
ムスタファ・ハイダ,ムスタファ・ハイダ,,published_kana,Fight Club Firenze,K-1 WORLD GP,https://www.k-1.co.jp/fighter/1371
武藤孝行,ムトウ タカユキ,,published_kana,,,https://ja.wikipedia.org/wiki/武藤孝行
ムハレム・ジョケイ,ムハレム・ジョケイ,,published_kana,,,https://ja.wikipedia.org/wiki/ムハレム・ジョケイ
村越 優汰,ムラコシ ユウタ,Murakoshi Yuta,published_kana,湘南格闘クラブ/M‘S GYM,K-1 WORLD GP|Krush|Krush-EX,https://www.k-1.co.jp/fighter/841
村越凌,ムラコシ リョウ,,published_kana,,,https://ja.wikipedia.org/wiki/村越凌
村田 健悟,ムラタ ケンゴ,Murata Kengo,published_kana,ALONZA ABLAZE,K-1 WORLD GP|Krush|Krush-EX,https://www.k-1.co.jp/fighter/1380
村田 康行,ムラタ ヤスユキ,Murata Yasuyuki,published_kana,,K-1,https://www.k-1.co.jp/fighter/349
ムラット・ディレッキー,ムラット・ディレッキー,,published_kana,,,https://ja.wikipedia.org/wiki/ムラット・ディレッキー
ムラッド・サリ,ムラッド・サリ,,published_kana,,,https://ja.wikipedia.org/wiki/ムラッド・サリ
ムラッド・ボウジディ,ムラッド・ボウジディ,,published_kana,,,https://ja.wikipedia.org/wiki/ムラッド・ボウジディ
村浜武洋,ムラハマ タケヒロ,,published_kana,,,https://ja.wikipedia.org/wiki/村浜武洋
ムン・メイキア,ムン・メイキア,,published_kana,カンボジア,KNOCK OUT,https://knockoutkb.com/fighters/meun_mekkhea_390
萌衣,メイ,Mei,published_kana,team NOVA,Krush|Krush-EX,https://www.k-1.co.jp/fighter/1684
メイサム・エシギ,メイサム・エシギ,,published_kana,士魂村上塾,K-1,https://www.k-1.co.jp/fighter/1124
メイソン・ストロッドマン,メイソン・ストロッドマン,,published_kana,WARMAN MUAY THAI,K-1 WORLD GP,https://www.k-1.co.jp/fighter/1654
目黒 翔大,メグロ ショウタ,Meguro Shota,published_kana,優弥道場,Krush|Krush-EX,https://www.k-1.co.jp/fighter/991
目黒ヨックタイジム,メグロヨックタイジム,Meguro Yokthaigym,published_kana,,K-1,https://www.k-1.co.jp/fighter/408
メディ・ジライフィ,メディ・ジライフィ,,published_kana,スペイン/TEAM CALBET,KNOCK OUT,https://knockoutkb.com/fighters/mehdi_jraifi_218
メトラジェタ・トリノ,メトラジェタ・トリノ,,published_kana,Picante Fight Club,K-1,https://www.k-1.co.jp/fighter/1629
メラニン・ケニー,メラニン・ケニー,,published_kana,バンゲリングベイ・スピリット,K-1,https://www.k-1.co.jp/fighter/747
メルシック・バダザリアン,メルシック・バダザリアン,,published_kana,Muay Thai America Gym,K-1,https://www.k-1.co.jp/fighter/803
Melty輝,メルティー キラ,Melty Kira,published_kana,FLAT UP GYM,K-1 WORLD GP|RISE,https://www.k-1.co.jp/fighter/1725|https://rise-rc.com/fighter/melty_kira/
メルヴィン・マヌーフ,メルヴィン・マヌーフ,,published_kana,,,https://ja.wikipedia.org/wiki/メルヴィン・マヌーフ
メレティス・カコウバヴァス,メレティス・カコウバヴァス,,published_kana,KRITIKOS CAMP,K-1,https://www.k-1.co.jp/fighter/1305
メロニー・ヘウヘス,メロニー・ヘウヘス,,published_kana,Mike's Gym,K-1,https://www.k-1.co.jp/fighter/732
メン・ガオフォン,メン・ガオフォン,,published_kana,天津阿福ファイトクラブ/CFP,K-1 WORLD GP,https://www.k-1.co.jp/fighter/1509
メールダード・サヤディ,メールダード・サヤディ,,published_kana,TEAMOTA/ICF,RISE,https://rise-rc.com/fighter/mehrdad_sayyadi/
モイセス・バプティスタ・デ・ソウザ,モイセス・バプティスタ・デ・ソウザ,,published_kana,,,https://ja.wikipedia.org/wiki/モイセス・バプティスタ・デ・ソウザ
MOE,モエ,,published_kana,若獅子会館,K-1 WORLD GP|Krush|Krush-EX,https://www.k-1.co.jp/fighter/940|https://ja.wikipedia.org/wiki/高橋萌
モデスティノ・ロドリゲス,モデスティノ・ロドリゲス,,published_kana,RBT/Winner Combat Team,K-1 WORLD GP,https://www.k-1.co.jp/fighter/1676
志樹,モトキ,Motoki,published_kana,シルスジム,K-1,https://www.k-1.co.jp/fighter/1110
幹・ウィラサクレック,モトキ・ウィラサクレック,Motoki Weerasakreck,published_kana,WSRフェアテックス札幌,K-1,https://www.k-1.co.jp/fighter/923
本村 謙太,モトムラ ケンタ,Motomura Kenta,published_kana,,K-1,https://www.k-1.co.jp/fighter/316
本村 康博,モトムラ ヤスヒロ,Motomura Yasuhiro,published_kana,,K-1,https://www.k-1.co.jp/fighter/315
モハメッド・カルーア,モハメッド・カルーア,,published_kana,DCボクシングジム,RISE,https://rise-rc.com/fighter/mohamed-kloua/
モハメド・アズーイ,モハメド・アズーイ,,published_kana,,,https://ja.wikipedia.org/wiki/モハメド・アズーイ
モハメド・イスラム,モハメド・イスラム,,published_kana,Naito Gym,K-1 WORLD GP,https://www.k-1.co.jp/fighter/1416
モハメド・ギャラウィー,モハメド・ギャラウィー,,published_kana,,K-1,https://www.k-1.co.jp/fighter/423
モハメド・ジャラヤ,モハメド・ジャラヤ,,published_kana,‘T Oude Westen Gym,RISE,https://rise-rc.com/fighter/mohammed-jaraya/
モハメド・ブタザ,モハメド・ブタザ,,published_kana,Southpaw Gym,K-1 WORLD GP,https://www.k-1.co.jp/fighter/1581
モハメド・ブールフ,モハメド・ブールフ,,published_kana,,K-1,https://www.k-1.co.jp/fighter/317
モハメド・ミカイリ・ガザリ,モハメド・ミカイリ・ガザリ,,published_kana,Rentap Muay Thai,RISE,https://rise-rc.com/fighter/muhammed-mikail-ghazali/
モハン・ドラゴン,モハン・ドラゴン,,published_kana,,,https://ja.wikipedia.org/wiki/モハン・ドラゴン|https://www.k-1.co.jp/fighter/715
紅絹,モミ,Momi,published_kana,NEXT LEVEL渋谷,RISE,https://rise-rc.com/fighter/momi/|https://ja.wikipedia.org/wiki/紅絹_(キックボクサー)|https://www.k-1.co.jp/fighter/693
MOMOKA,モモカ,,published_kana,K-1ジム三軒茶屋シルバーウルフ,Krush|Krush-EX,https://www.k-1.co.jp/fighter/1670
桃花シンデレラ,モモカ シンデレラ,Momoka Cinderella,published_kana,山口道場,RISE,https://rise-rc.com/fighter/momoka-cinderella/|https://ja.wikipedia.org/wiki/桃花シンデレラ
百瀬竜徳,モモセ タツノリ,,published_kana,,,https://ja.wikipedia.org/wiki/百瀬竜徳
森井 洋介,モリイ ヨウスケ,Morii Yosuke,published_kana,,K-1,https://www.k-1.co.jp/fighter/594
森川 絆,モリカワ キズナ,Morikawa Kizuna,published_kana,POWER OF DREAM,Krush|Krush-EX,https://www.k-1.co.jp/fighter/1572
森川 修平,モリカワ シュウヘイ,Morikawa Shuhei,published_kana,,K-1,https://www.k-1.co.jp/fighter/519
森川 侑凜,モリカワ ユウリ,Morikawa Yuri,published_kana,GRES 8Mile GYM,K-1 WORLD GP|Krush|Krush-EX|KNOCK OUT,https://www.k-1.co.jp/fighter/1021|https://knockoutkb.com/fighters/morikawa_yuri_359
森木 一吉,モリキ カズヨシ,Kazuyoshi,published_kana,K-Fit-Lab,K-1,https://www.k-1.co.jp/fighter/1097
森坂 陸,モリサカ リク,Morisaka Riku,published_kana,エスジム,K-1,https://www.k-1.co.jp/fighter/767
森重 真,モリシゲ マコト,Morishige Makoto,published_kana,KFG URAWA,K-1,https://www.k-1.co.jp/fighter/258
森田 和美,モリタ カズミ,Morita Kazumi,published_kana,勇心館,K-1,https://www.k-1.co.jp/fighter/405
森田 奈男樹,モリタ ナオキ,Morita Naoki,published_kana,エイワスポーツジム,K-1,https://www.k-1.co.jp/fighter/1177
森本 直哉,モリモト ナオヤ,Morimoto Naoya,published_kana,琉飛会,Krush|Krush-EX|KNOCK OUT,https://www.k-1.co.jp/fighter/1716|https://knockoutkb.com/fighters/morimoto_naoya_372
守屋拓郎,モリヤ タクロウ,,published_kana,,,https://ja.wikipedia.org/wiki/守屋拓郎|https://www.k-1.co.jp/fighter/379
モンクットペット・カオラックムエタイ,モンクットペット・カオラックムエタイ,,published_kana,カオラックムエタイ,RISE,https://rise-rc.com/fighter/mongkutpech-khaolakmuaythai/
モンタナ・アーツ,モンタナ・アーツ,,published_kana,Team Aerts,RISE,https://rise-rc.com/fighter/montana-aerts/
モンターニャ・シウバ,モンターニャ・シウバ,,published_kana,,,https://ja.wikipedia.org/wiki/モンターニャ・シウバ
モンダム・ウィラサクレック,モンダム・ウィラサクレック,,published_kana,タイ,KNOCK OUT,https://knockoutkb.com/fighters/mondam_weerasakreck_177
モン・グォドン,モン・グォドン,,published_kana,陝西問心ジム/CFP,K-1,https://www.k-1.co.jp/fighter/872
モーリス・スミス,モーリス・スミス,,published_kana,,,https://ja.wikipedia.org/wiki/モーリス・スミス
モー・アブドゥラマン,モー・アブドゥラマン,,published_kana,イギリス／NGMA／Parity Martial arts,KNOCK OUT,https://knockoutkb.com/fighters/mo_abdurahman_606
八神剣太,ヤガミ ケンタ,,published_kana,,,https://ja.wikipedia.org/wiki/八神剣太|https://www.k-1.co.jp/fighter/204
八木 正樹,ヤギ マサキ,Yagi Masaki,published_kana,WSRフェアテックス三ノ輪,K-1,https://www.k-1.co.jp/fighter/1004
夜叉猿,ヤシャザル,Yashazaru,published_kana,力道場静岡,K-1 WORLD GP|Krush|Krush-EX,https://www.k-1.co.jp/fighter/1119
矢島 直弥,ヤジマ ナオヤ,Yajima Naoya,published_kana,TSKjapan,Krush|Krush-EX,https://www.k-1.co.jp/fighter/1456
安 晟太,ヤス ジョウタ,Yasu Jota,published_kana,サクシードジム team EXCEED,K-1 WORLD GP|Krush|Krush-EX,https://www.k-1.co.jp/fighter/1239
保井 広輝,ヤスイ ヒロキ,Yasui Hiroki,published_kana,LoT gym,Krush|Krush-EX|KNOCK OUT,https://www.k-1.co.jp/fighter/1194|https://knockoutkb.com/fighters/yasui_hiroki_610
安尾 瑠輝,ヤスオ リュウキ,Yasuo Ryuki,published_kana,K-1ジム心斎橋チームレパード,Krush|Krush-EX,https://www.k-1.co.jp/fighter/1283
安岡力也,ヤスオカ リキヤ,,published_kana,,,https://ja.wikipedia.org/wiki/安岡力也
安川 侑己,ヤスカワ ユウキ,Yasukawa Yuki,published_kana,納屋橋キック,Krush|Krush-EX,https://www.k-1.co.jp/fighter/1181
安田 慶二郎,ヤスダ ケイジロウ,Yasuda Keijiro,published_kana,,K-1,https://www.k-1.co.jp/fighter/320
靖仁,ヤスヒト,Yasuhito,published_kana,,K-1,https://www.k-1.co.jp/fighter/352
安廣一哉,ヤスヒロ カズヤ,,published_kana,,,https://ja.wikipedia.org/wiki/安廣一哉
谷田 美穂,ヤタ ミホ,Yata Miho,published_kana,K-1ジム大宮チームレオン,K-1,https://www.k-1.co.jp/fighter/1052
谷田貝海吏,ヤタガイ カイリ,Kairi Yatagai,converted,CYCLONE GYM,RISE,https://rise-rc.com/fighter/yatagai-kairi/
YASSY,ヤッシー,,published_kana,K-1 GYM BLOWS,K-1,https://www.k-1.co.jp/fighter/1234
谷中 蒼空,ヤナカ ソラ,Yanaka Sora,published_kana,ドージョー☆シャカリキ,K-1,https://www.k-1.co.jp/fighter/850
柳本成秀,ヤナモト ナリヒデ,,published_kana,,,https://ja.wikipedia.org/wiki/柳本成秀
ヤニス・エル・アジャウィー,ヤニス・エル・アジャウィー,,published_kana,,K-1,https://www.k-1.co.jp/fighter/420
ヤニック・レーヌ,ヤニック・レーヌ,,published_kana,Académie des Boxes de Villejuif,K-1,https://www.k-1.co.jp/fighter/808
矢吹 空也,ヤブキ クウヤ,Yabuki Kuya,published_kana,ザワジム,Krush|Krush-EX,https://www.k-1.co.jp/fighter/1717
薮崎 陸,ヤブサキ リク,Yabusaki Riku,published_kana,勇心館,K-1,https://www.k-1.co.jp/fighter/1240
流鏑馬 丈,ヤブサメジョー,Yabusame Joe,published_kana,,K-1,https://www.k-1.co.jp/fighter/206
山内佑太郎,ヤマウチ ユウタロウ,,published_kana,,,https://ja.wikipedia.org/wiki/山内佑太郎|https://www.k-1.co.jp/fighter/381
山浦 迅也,ヤマウラ ジンヤ,Yamaura Jinya,published_kana,北斗会館,K-1 WORLD GP|Krush|Krush-EX|KNOCK OUT,https://www.k-1.co.jp/fighter/905|https://knockoutkb.com/fighters/yamaura_jinya_150
山浦 力也,ヤマウラ リキヤ,Yamaura Rikiya,published_kana,北斗会館,K-1 WORLD GP|Krush|Krush-EX,https://www.k-1.co.jp/fighter/942
山川賢誠,ヤマカワ ケンセイ,Kensei Yamakawa,converted,Kickboxing Academy Sapporo,RISE,https://rise-rc.com/fighter/yamakawa_kensei/
山川 昌志,ヤマカワ マサシ,Yamakawa Masashi,published_kana,,K-1,https://www.k-1.co.jp/fighter/205
山際 和希,ヤマギワ カズキ,Yamagiwa Kazuki,published_kana,谷山ジム,K-1 WORLD GP|Krush|Krush-EX,https://www.k-1.co.jp/fighter/351
山口元気,ヤマグチ ゲンキ,,published_kana,,,https://ja.wikipedia.org/wiki/山口元気
山口 将,ヤマグチ ショウ,Yamaguchi Sho,published_kana,STRIKEs GYM/3POUND,K-1,https://www.k-1.co.jp/fighter/904
山口 翔大,ヤマグチ ショウタ,Yamaguchi Shota,published_kana,GENESIS/TEAM3K,K-1 WORLD GP|Krush|Krush-EX,https://www.k-1.co.jp/fighter/1309
山口 丈瑠,ヤマグチ タケル,Yamaguchi Takeru,published_kana,パラエストラ森ノ宮,Krush|Krush-EX,https://www.k-1.co.jp/fighter/1708
山口 正道,ヤマグチ マサミチ,Yamaguchi Masamichi,published_kana,,K-1,https://www.k-1.co.jp/fighter/489
山口 真宙,ヤマグチ マヒロ,Yamaguchi Mahiro,published_kana,月心会チーム侍,K-1,https://www.k-1.co.jp/fighter/1118
山口 琉聖,ヤマグチ リュウセイ,Yamaguchi Ryusei,published_kana,平田道場,Krush|Krush-EX,https://www.k-1.co.jp/fighter/1744
山崎 希恵,ヤマザキ キエ,YAMAZAKI Kie,converted,KNOCK OUT クロスポイント吉祥寺,KNOCK OUT,https://knockoutkb.com/fighters/yamazaki_kie_487
山崎照朝,ヤマザキ テルトモ,,published_kana,,,https://ja.wikipedia.org/wiki/山崎照朝
山崎秀晃,ヤマザキ ヒデアキ,,published_kana,,,https://ja.wikipedia.org/wiki/山崎秀晃|https://www.k-1.co.jp/fighter/8
山崎 陽一,ヤマザキ ヨウイチ,Yamazaki Yoichi,published_kana,MOUNT CAPE Fighting Sports Club,K-1 WORLD GP|Krush|Krush-EX,https://www.k-1.co.jp/fighter/44
山下 和希,ヤマシタ カズキ,Yamashita Kazuki,published_kana,K-1 GYM SAGAMI-ONO KREST,K-1,https://www.k-1.co.jp/fighter/713
山下 力也,ヤマシタ リキヤ,Yamashita Rikiya,published_kana,道真会館,K-1,https://www.k-1.co.jp/fighter/1285
山田 享樹,ヤマダ コウキ,Yamada Koki,published_kana,Team Aj,Krush|Krush-EX,https://www.k-1.co.jp/fighter/1552
山田洸誓,ヤマダ コウセイ,Kosei Yamada,published_kana,正道会館KCIEL,RISE,https://rise-rc.com/fighter/yamada_kosei/|https://ja.wikipedia.org/wiki/山田洸誓|https://www.k-1.co.jp/fighter/1284
山田紗暉,ヤマダ サキ,,published_kana,,,https://ja.wikipedia.org/wiki/山田紗暉
山田純琴,ヤマダ スミエ,,published_kana,,,https://ja.wikipedia.org/wiki/山田純琴
山田 泰士,ヤマダ タイシ,Yamada Taishi,published_kana,K-1ジム五反田チームキングス,K-1,https://www.k-1.co.jp/fighter/802
山田 英登,ヤマダ ヒデト,Yamada Hideto,published_kana,,K-1,https://www.k-1.co.jp/fighter/513
山田 真子,ヤマダ マコ,Yamada Mako,published_kana,KINGS,K-1 WORLD GP|Krush|Krush-EX|KNOCK OUT,https://www.k-1.co.jp/fighter/1016|https://knockoutkb.com/fighters/yamada_mako_327|https://ja.wikipedia.org/wiki/山田真子
ヤマダ・ヂッティジム,ヤマダ・ヂッティジム,,published_kana,,,https://ja.wikipedia.org/wiki/ヤマダ・ヂッティジム
やまちゃん,ヤマチャン,Yamachan,published_kana,K-1 GYM BLOWS,Krush|Krush-EX|KNOCK OUT,https://www.k-1.co.jp/fighter/1763|https://knockoutkb.com/fighters/yamachan_450
大和 哲也,ヤマト テツヤ,Yamato Tetsuya,published_kana,大和ジム,K-1 WORLD GP|Krush|Krush-EX,https://www.k-1.co.jp/fighter/318|https://ja.wikipedia.org/wiki/大和哲也
大和侑也,ヤマト ユウヤ,,published_kana,,,https://ja.wikipedia.org/wiki/大和侑也|https://www.k-1.co.jp/fighter/319
山西 練,ヤマニシ レン,Yamanishi Ren,published_kana,POWER OF DREAM,K-1,https://www.k-1.co.jp/fighter/1169
山根 武夫,ヤマネ タケオ,Yamane Takeo,published_kana,,K-1,https://www.k-1.co.jp/fighter/1395
山本アキラ,ヤマモト アキラ,,published_kana,,,https://ja.wikipedia.org/wiki/山本アキラ
山本元気,ヤマモト ゲンキ,,published_kana,,,https://ja.wikipedia.org/wiki/山本元気|https://www.k-1.co.jp/fighter/587
山本 真一郎,ヤマモト シンイチロウ,Yamamoto Shinichiro,published_kana,teamYAMATO,K-1,https://www.k-1.co.jp/fighter/962
山本 直樹,ヤマモト ナオキ,Yamamoto Naoki,published_kana,K-1ジム五反田チームキングス,K-1 WORLD GP|Krush|Krush-EX,https://www.k-1.co.jp/fighter/207
山本“バッファ”弘樹,ヤマモト バッファ ヒロキ,Yamamoto “Baafa” Hiroki,published_kana,大和ジム,K-1,https://www.k-1.co.jp/fighter/382
山本 真弘,ヤマモト マサヒロ,Yamamoto Masahiro,published_kana,N.F.T.T.,K-1 WORLD GP|Krush|Krush-EX,https://www.k-1.co.jp/fighter/76|https://ja.wikipedia.org/wiki/山本真弘
山本佑機,ヤマモト ユウキ,,published_kana,,,https://ja.wikipedia.org/wiki/山本佑機|https://www.k-1.co.jp/fighter/498
山本優弥,ヤマモト ユウヤ,,published_kana,,,https://ja.wikipedia.org/wiki/山本優弥|https://www.k-1.co.jp/fighter/24
山本 陸,ヤマモト リク,Yamamoto Riku,published_kana,K-1ジム総本部チームペガサス,K-1 WORLD GP|Krush|Krush-EX,https://www.k-1.co.jp/fighter/1294
山本 竜輝,ヤマモト リュウキ,Yamamoto Ryuki,published_kana,MAX DRAGON GYM,K-1,https://www.k-1.co.jp/fighter/1665
山脇 魁斗,ヤマワキ カイト,Yamawaki Kaito,published_kana,FORWARD GYM,K-1 WORLD GP|Krush|Krush-EX,https://www.k-1.co.jp/fighter/832
山脇 飛翼,ヤマワキ ツバサ,Yamawaki Tsubasa,published_kana,FORWARD GYM,K-1,https://www.k-1.co.jp/fighter/1018
ヤン・カッファ,ヤン・カッファ,,published_kana,ARJ GYM,RISE,https://rise-rc.com/fighter/jan_kaffa/
ヤン・グィシャン,ヤン・グィシャン,,published_kana,,K-1,https://www.k-1.co.jp/fighter/418
ヤン・サイコ,ヤン・サイコ,,published_kana,Kickboxtempel,K-1,https://www.k-1.co.jp/fighter/953
ヤン・ジェグン,ヤン・ジェグン,,published_kana,GMTジム,K-1,https://www.k-1.co.jp/fighter/1035
ヤン・ソウクップ,ヤン・ソウクップ,,published_kana,,,https://ja.wikipedia.org/wiki/ヤン・ソウクップ
ヤン・チョルミン,ヤン・チョルミン,,published_kana,,K-1,https://www.k-1.co.jp/fighter/160
楊東雄,ヤン・ドンシュン,,published_kana,,,https://ja.wikipedia.org/wiki/楊東雄
ヤン・ノルキヤ,ヤン・ノルキヤ,,published_kana,,,https://ja.wikipedia.org/wiki/ヤン・ノルキヤ
ヤン・ハオドン,ヤン・ハオドン,,published_kana,福建闘⼠搏撃クラブ/CFP,K-1,https://www.k-1.co.jp/fighter/897
ヤン・プロブレマ,ヤン・プロブレマ,,published_kana,Lutadores do Gueto,K-1 WORLD GP,https://www.k-1.co.jp/fighter/1678
ヤン・ペトロヴィッチ,ヤン・ペトロヴィッチ,,published_kana,Sports Club BOETS,K-1 WORLD GP,https://www.k-1.co.jp/fighter/1798
ヤン・ホンチョル,ヤン・ホンチョル,,published_kana,Dream Gym,K-1 WORLD GP,https://www.k-1.co.jp/fighter/1794
ヤン・ロムルダー,ヤン・ロムルダー,,published_kana,,,https://ja.wikipedia.org/wiki/ヤン・ロムルダー
YA-MAN,ヤーマン,,published_kana,TARGET SHIBUYA,RISE,https://rise-rc.com/fighter/ya-man/|https://ja.wikipedia.org/wiki/YA-MAN|https://www.k-1.co.jp/fighter/1260
ゆいら,ユイラ,Yuira,published_kana,健心塾,K-1,https://www.k-1.co.jp/fighter/1489
優,ユウ,Yu,published_kana,NEXT LEVEL渋谷,K-1 WORLD GP|Krush|Krush-EX,https://www.k-1.co.jp/fighter/766
祐嘉,ユウガ,Yuga,published_kana,K-1ジム五反田チームキングス,K-1,https://www.k-1.co.jp/fighter/1033
YU-KI,ユウキ,,published_kana,隆真ジム,Krush|Krush-EX|KNOCK OUT,https://www.k-1.co.jp/fighter/1420|https://knockoutkb.com/fighters/yuki_174
YUUKI,ユウキ,,published_kana,,K-1,https://www.k-1.co.jp/fighter/353
裕樹,ユウキ,Yuki,published_kana,ANCHOR GYM,RISE,https://rise-rc.com/fighter/yuki/|https://ja.wikipedia.org/wiki/裕樹
結城 将人,ユウキ マサト,Yuki Masato,published_kana,,K-1,https://www.k-1.co.jp/fighter/161
ユウキ・旬,ユウキシュン,Yuki Shun,published_kana,,K-1,https://www.k-1.co.jp/fighter/323
佑悟,ユウゴ,Yugo,published_kana,Lion Gym,K-1,https://www.k-1.co.jp/fighter/1238
勇治,ユウジ,Yuji,published_kana,K-1ジム総本部チームペガサス,K-1 WORLD GP|Krush|Krush-EX,https://www.k-1.co.jp/fighter/941
佑典,ユウスケ,Yusuke,published_kana,BILLION.WIN.GYM,K-1 WORLD GP|Krush|Krush-EX,https://www.k-1.co.jp/fighter/1140|https://ja.wikipedia.org/wiki/佑典
雄大,ユウダイ,,published_kana,,,https://ja.wikipedia.org/wiki/雄大_(キックボクサー)|https://www.k-1.co.jp/fighter/1143
悠斗,ユウト,Yuto,published_kana,HUNGRY GYM,Krush|Krush-EX,https://www.k-1.co.jp/fighter/1393
祐☆トーン・エー,ユウトーンエー,Yu Thong A,published_kana,真樹ジムAICHI,K-1,https://www.k-1.co.jp/fighter/162
勇磨,ユウマ,Yuma,published_kana,池袋BLUE DOG GYM,K-1,https://www.k-1.co.jp/fighter/71
優谷,ユウヤ,Yuya,published_kana,WSRフェアテックス西川口,K-1,https://www.k-1.co.jp/fighter/677
湯桶 勇成,ユオケ ユウセイ,Yuoke Yusei,published_kana,K-1 GYM BLOWS,K-1 WORLD GP|Krush|Krush-EX,https://www.k-1.co.jp/fighter/1526
Yuka☆,ユカ,,published_kana,SHINE沖縄,K-1,https://www.k-1.co.jp/fighter/1219
宝☆友佳里,ユカリ,Yukari,published_kana,,K-1,https://www.k-1.co.jp/fighter/720
友尊,ユタカ,Yutaka,published_kana,TEAM K/BLUE DOG GYM,K-1 WORLD GP|Krush|Krush-EX,https://www.k-1.co.jp/fighter/799
ユネス・スマイリ,ユネス・スマイリ,,published_kana,,K-1,https://www.k-1.co.jp/fighter/743
ユリアン・ポズドニアコフ,ユリアン・ポズドニアコフ,,published_kana,ウクライナ,KNOCK OUT,https://knockoutkb.com/fighters/yulian_pozdniakov_353
ユリカ・グラップリングシュートボクサーズ,ユリカ・グラップリングシュートボクサーズ,,published_kana,グラップリングシュートボクサーズ名古屋,SHOOT BOXING,https://shootboxing.org/fighter/yurika/
ユルゲン・クルト,ユルゲン・クルト,,published_kana,,,https://ja.wikipedia.org/wiki/ユルゲン・クルト
ユルドゥルム・オグズ,ユルドゥルム・オグズ,,published_kana,BURHAN CELIK SPORTS CLUB,K-1 WORLD GP,https://www.k-1.co.jp/fighter/1731
YUMBO,ユンボ,,published_kana,,K-1,https://www.k-1.co.jp/fighter/456
ユン・チー,ユン・チー,,published_kana,,K-1,https://www.k-1.co.jp/fighter/705
yu-kid,ユーキッド,,published_kana,,,https://ja.wikipedia.org/wiki/yu-kid
ユーリ・メス,ユーリ・メス,,published_kana,,,https://ja.wikipedia.org/wiki/ユーリ・メス
YOSUKE,ヨウスケ,,published_kana,,K-1,https://www.k-1.co.jp/fighter/443
横田 一則,ヨコタ カズノリ,Yokota Kazunori,published_kana,月心会チーム侍,K-1,https://www.k-1.co.jp/fighter/611
横山伸吾,ヨコヤマ シンゴ,,published_kana,,,https://ja.wikipedia.org/wiki/横山伸吾
横山 巧,ヨコヤマ タクミ,Yokoyama Takumi,published_kana,リーブルロア,K-1 WORLD GP|Krush|Krush-EX,https://www.k-1.co.jp/fighter/697
横山 朋哉,ヨコヤマ トモヤ,Yokoyama Tomoya,published_kana,リーブルロア,K-1 WORLD GP|Krush|Krush-EX,https://www.k-1.co.jp/fighter/869
YOSHI,ヨシ,,published_kana,,K-1,https://www.k-1.co.jp/fighter/497
吉岡 ビギン,ヨシオカ ビギン,Yoshioka Begin,published_kana,team ALL-WIN / 9+ nine plus lab.,K-1,https://www.k-1.co.jp/fighter/1017
吉川 仁清,ヨシカワ ジンセイ,Yoshikawa Jinsei,published_kana,WIZARDキックボクシングジム,K-1 WORLD GP|Krush,https://www.k-1.co.jp/fighter/1575
耀織,ヨシキ,Yoshiki,published_kana,,K-1,https://www.k-1.co.jp/fighter/208
良輝,ヨシキ,Yoshiki,published_kana,TEAM TOP ZEROS,K-1,https://www.k-1.co.jp/fighter/164
吉崎 生,ヨシザキ ナル,Yoshizaki Naru,published_kana,K-1ジム大宮チームレオン,K-1,https://www.k-1.co.jp/fighter/1225
吉鷹弘,ヨシタカ ヒロム,,published_kana,,,https://ja.wikipedia.org/wiki/吉鷹弘
吉田 英司,ヨシダ エイジ,Yoshida Eiji,published_kana,クロスポイント吉祥寺,K-1,https://www.k-1.co.jp/fighter/926
斐也,ヨシナリ,Yoshinari,published_kana,,K-1,https://www.k-1.co.jp/fighter/650
吉沼 大樹,ヨシヌマ ダイキ,Yoshinuma Daiki,published_kana,TANG TANG FIGHT CLUB,K-1,https://www.k-1.co.jp/fighter/645
吉野 友規,ヨシノ トモキ,Yoshino Tomoki,published_kana,K.Y.T,K-1 WORLD GP|KNOCK OUT,https://www.k-1.co.jp/fighter/1372|https://knockoutkb.com/fighters/yoshino_tomoki_231
慶大,ヨシヒロ,Yoshihiro,published_kana,,K-1,https://www.k-1.co.jp/fighter/324
443,ヨシミ,,published_kana,NEXT LEVEL渋谷,K-1,https://www.k-1.co.jp/fighter/406
芳美,ヨシミ,Yoshimi,published_kana,OGUNI-GYM,K-1,https://www.k-1.co.jp/fighter/1126
吉村 匠,ヨシムラ タクミ,Yoshimura Takumi,published_kana,TAD,K-1 WORLD GP|Krush|Krush-EX,https://www.k-1.co.jp/fighter/1362
吉村 凌仁郎,ヨシムラ リョウジロウ,Yoshimura Ryojiro,published_kana,,K-1,https://www.k-1.co.jp/fighter/434
吉本光志,ヨシモト コウジ,,published_kana,,,https://ja.wikipedia.org/wiki/吉本光志|https://www.k-1.co.jp/fighter/606
ヨセフィン・ノットソン,ヨセフィン・ノットソン,,published_kana,Allstars training center,K-1,https://www.k-1.co.jp/fighter/919
米田貴志,ヨネダ タカシ,,published_kana,,,https://ja.wikipedia.org/wiki/米田貴志
ヨハネス・ウルフ,ヨハネス・ウルフ,,published_kana,,K-1,https://www.k-1.co.jp/fighter/668
YOHAN,ヨハン,,published_kana,T.K.F,K-1 WORLD GP|Krush|Krush-EX,https://www.k-1.co.jp/fighter/751
寄本哲平,ヨリモト テッペイ,,published_kana,,,https://ja.wikipedia.org/wiki/寄本哲平
ヨーキッサダー・ユッタチョンブリー,ヨーキッサダー・ユッタチョンブリー,,published_kana,ユッタチョンブリージム,K-1,https://www.k-1.co.jp/fighter/950
ヨーシラー・チョー.ハーパヤック,ヨーシラー・チョー.ハーパヤック,,published_kana,Chor.Hapayak GYM,K-1,https://www.k-1.co.jp/fighter/1320
ヨーセンチャイ・ソー.ソーピット,ヨーセンチャイ・ソー.ソーピット,,published_kana,ソー.ソーピットジム,K-1,https://www.k-1.co.jp/fighter/689
ヨードクンポン・ウィラサクレック,ヨードクンポン・ウィラサクレック,,published_kana,ウィラサクレック・フェアテックスジム,K-1,https://www.k-1.co.jp/fighter/1130
ヨードセングライ・フェアテックス,ヨードセングライ・フェアテックス,,published_kana,,,https://ja.wikipedia.org/wiki/ヨードセングライ・フェアテックス
ヨーブアデーン・フェアテックス,ヨーブアデーン・フェアテックス,,published_kana,フェアテックス,K-1,https://www.k-1.co.jp/fighter/929
Yo-hei,ヨーヘイ,,published_kana,,K-1,https://www.k-1.co.jp/fighter/163
獅音,ライアン,Raian,published_kana,M-BLOW,Krush|Krush-EX,https://www.k-1.co.jp/fighter/1714
ライアン・シムソン,ライアン・シムソン,,published_kana,,,https://ja.wikipedia.org/wiki/ライアン・シムソン
紗依茄,ライカ,Raika,published_kana,月心会チーム侍,K-1 WORLD GP|Krush|Krush-EX,https://www.k-1.co.jp/fighter/1136
来希,ライキ,Raiki,published_kana,TEAM ONE,K-1 WORLD GP|Krush|Krush-EX,https://www.k-1.co.jp/fighter/1556
羅粋,ライキ,Raiki,converted,TARGET,RISE,https://rise-rc.com/fighter/raiki/
ライザ・シルバ,ライザ・シルバ,,published_kana,Equipe Quinthai,K-1 WORLD GP,https://www.k-1.co.jp/fighter/1782
羅司,ライゼ,Raize,converted,TEAM TEPPEN,RISE,https://rise-rc.com/fighter/raize/
ラウル・カティナス,ラウル・カティナス,,published_kana,,,https://ja.wikipedia.org/wiki/ラウル・カティナス
羅紗陀,ラシャタ,,published_kana,,,https://ja.wikipedia.org/wiki/羅紗陀
ラジーナ,ラジーナ,,published_kana,エラワン・ムエタイジム,KNOCK OUT,https://knockoutkb.com/fighters/rajina_342
ラスメィ・クンクメール,ラスメィ・クンクメール,,published_kana,カンボジア,KNOCK OUT,https://knockoutkb.com/fighters/rasmey_kun_khmer_469
ラズ・セルキシアン,ラズ・セルキシアン,,published_kana,,K-1,https://www.k-1.co.jp/fighter/20
ラッセル拳斗,ラッセルケント,Russel Kento,published_kana,,K-1,https://www.k-1.co.jp/fighter/723
ラット・エイワスポーツジム,ラット・エイワスポーツジム,,published_kana,エイワスポーツジム,K-1,https://www.k-1.co.jp/fighter/1171
ラドウィック・ミレー,ラドウィック・ミレー,,published_kana,,K-1,https://www.k-1.co.jp/fighter/383
ラニャゲーオ・トー・シラポン,ラニャゲーオ・トー・シラポン,,published_kana,JACKY GYM,RISE,https://rise-rc.com/fighter/lanyakaew-tor-silapon/
ラビット関,ラビットセキ,,published_kana,,,https://ja.wikipedia.org/wiki/ラビット関
ラマザン・ラマザノフ,ラマザン・ラマザノフ,,published_kana,,,https://ja.wikipedia.org/wiki/ラマザン・ラマザノフ
ラマダン・オンダッシュ,ラマダン・オンダッシュ,,published_kana,TEAM SHARKS,K-1 WORLD GP,https://www.k-1.co.jp/fighter/1366
ラモン・デッカー,ラモン・デッカー,,published_kana,,,https://ja.wikipedia.org/wiki/ラモン・デッカー
ララ・フェルナンデス,ララ・フェルナンデス,,published_kana,Lone Wolf Fight Team,K-1 WORLD GP,https://www.k-1.co.jp/fighter/1616
ラリー・リンドウォール,ラリー・リンドウォール,,published_kana,,,https://ja.wikipedia.org/wiki/ラリー・リンドウォール
RAN,ラン,,published_kana,MONKEY☆MAGIC KICKBOXING STUDIO,K-1 WORLD GP|Krush|Krush-EX,https://www.k-1.co.jp/fighter/1157
乱牙,ランガ,RANGA,converted,フリー,KNOCK OUT,https://knockoutkb.com/fighters/ranga_441
ランディ・キム,ランディ・キム,,published_kana,,,https://ja.wikipedia.org/wiki/ランディ・キム
乱暴,ランボウ,Ranbo,published_kana,,K-1,https://www.k-1.co.jp/fighter/209
嵐舞,ランマ,Ranma,converted,TEAM TEPPEN,RISE,https://rise-rc.com/fighter/ranma/
蘭丸,ランマル,Ranmaru,published_kana,team AKATSUKI,Krush|Krush-EX,https://www.k-1.co.jp/fighter/1457
ラン・シャンテン,ラン・シャンテン,,published_kana,深圳盛力人和ファイトアカデミー/CFP,K-1 WORLD GP,https://www.k-1.co.jp/fighter/1419
ラーシーシン・ウィラサクレック,ラーシーシン・ウィラサクレック,,published_kana,ウィラサクレック・フェアテックスジム,K-1,https://www.k-1.co.jp/fighter/1084
璃明武,リアム,Riamu,published_kana,K-1ジム総本部チームペガサス,K-1 WORLD GP|Krush|Krush-EX,https://www.k-1.co.jp/fighter/856
梨緒弥,リオヤ,Rioya,published_kana,若獅子会館 MATSUBARA,K-1 WORLD GP|Krush|Krush-EX,https://www.k-1.co.jp/fighter/1019
リオ・リチャードソン,リオ・リチャードソン,,published_kana,BARI GYM,K-1,https://www.k-1.co.jp/fighter/1620
リカルド・ノードストランド,リカルド・ノードストランド,,published_kana,,,https://ja.wikipedia.org/wiki/リカルド・ノードストランド
リカルド・ブラボ,リカルド・ブラボ,,published_kana,WSRフェアテックス,RISE|KNOCK OUT,https://rise-rc.com/fighter/ricardo_bravo/|https://knockoutkb.com/fighters/ricardo_bravo_257
立基,リキ,Riki,published_kana,K-1ジム目黒TEAM TIGER,K-1 WORLD GP|Krush|Krush-EX,https://www.k-1.co.jp/fighter/1051
Riki-ya,リキヤ,,published_kana,,K-1,https://www.k-1.co.jp/fighter/449
力也,リキヤ,RIKIYA,converted,WSRフェアテックス湖北,KNOCK OUT,https://knockoutkb.com/fighters/rikiya
力哉,リキヤ,Rikiya,converted,BK GYM,RISE,https://rise-rc.com/fighter/rikiya/
璃久,リク,Riku,published_kana,シカGYM,K-1 WORLD GP|Krush|Krush-EX,https://www.k-1.co.jp/fighter/1388
リコ・ヴァーホーベン,リコ・ヴァーホーベン,,published_kana,,,https://ja.wikipedia.org/wiki/リコ・ヴァーホーベン
理紗,リサ,,published_kana,,,https://ja.wikipedia.org/wiki/小杉理紗
リック・ルーファス,リック・ルーファス,,published_kana,,,https://ja.wikipedia.org/wiki/リック・ルーファス
稟翔,リトル,Ritoru,published_kana,SHINE SPORTS CLUB,K-1 WORLD GP|Krush|Krush-EX,https://www.k-1.co.jp/fighter/1463
Little Tiger,リトルタイガー,,published_kana,,,https://ja.wikipedia.org/wiki/Little_Tiger|https://www.k-1.co.jp/fighter/675
リャン・ボーユー,リャン・ボーユー,,published_kana,,K-1,https://www.k-1.co.jp/fighter/755
龍,リュウ,Ryu,published_kana,WORLD TREE GYM,Krush|Krush-EX,https://www.k-1.co.jp/fighter/1237
龍華,リュウカ,Ryuka,published_kana,ザウルスプロモーション,K-1 WORLD GP|Krush|Krush-EX|RISE,https://www.k-1.co.jp/fighter/925|https://rise-rc.com/fighter/ryuka/
竜義,リュウギ,Ryugi,published_kana,VAINQUEUR GYM,K-1 WORLD GP|Krush|Krush-EX,https://www.k-1.co.jp/fighter/1303
龍啓,リュウケイ,Ryukei,published_kana,,K-1,https://www.k-1.co.jp/fighter/325
龍子,リュウコ,,published_kana,,,https://ja.wikipedia.org/wiki/龍子
龍翔,リュウショウ,Tatsuto,published_kana,EX ARES,K-1 WORLD GP|Krush|Krush-EX,https://www.k-1.co.jp/fighter/1433
龍二,リュウジ,,published_kana,,,https://ja.wikipedia.org/wiki/龍二
隆聖,リュウセイ,Ryusei,published_kana,ドージョー☆シャカリキ,K-1,https://www.k-1.co.jp/fighter/165
竜・センチャイジム,リュウヤセンチャイジム,Ryuya Saenchaigym,published_kana,,K-1,https://www.k-1.co.jp/fighter/210
リュウ・ウェイ,リュウ・ウェイ,,published_kana,深圳争途格闘クラブ/CFP,K-1,https://www.k-1.co.jp/fighter/481
リュウ・シーベイ,リュウ・シーベイ,,published_kana,重慶市虎賁搏撃クラブ/CFP,K-1,https://www.k-1.co.jp/fighter/896
リュウ・ツァー,リュウ・ツァー,,published_kana,唐山文旅驍騎ファイトクラブ/CFP,K-1 WORLD GP,https://www.k-1.co.jp/fighter/1404
リュウ・ユエアル,リュウ・ユエアル,,published_kana,陕西大秦騫秋ファイトクラブ/CFP,KNOCK OUT,https://knockoutkb.com/fighters/liy_yueer_572
RYO,リョウ,,published_kana,,K-1,https://www.k-1.co.jp/fighter/259
遼,リョウ,Ryo,published_kana,,K-1,https://www.k-1.co.jp/fighter/578
遼/Ryo,リョウ,Ryo,published_kana,JANJIRA GYM,Krush|Krush-EX,https://www.k-1.co.jp/fighter/1246
稜賀,リョウガ,Ryoga,published_kana,二刃会,K-1,https://www.k-1.co.jp/fighter/1536
リョウタ,リョウタ,,published_kana,,K-1,https://www.k-1.co.jp/fighter/167
リョウ・ペガサス,リョウ・ペガサス,,published_kana,,,https://ja.wikipedia.org/wiki/リョウ・ペガサス
リョウ・ヨックタイジム,リョウ・ヨックタイジム,,published_kana,,,https://ja.wikipedia.org/wiki/リョウ・ヨックタイジム
倫太朗,リンタロウ,Rintaro,published_kana,VAINQUEUR GYM,K-1 WORLD GP,https://www.k-1.co.jp/fighter/1671
リーサル大場,リーサルオオバ,Lethal Oba,published_kana,,K-1,https://www.k-1.co.jp/fighter/670
リース・クルーク,リース・クルーク,,published_kana,,K-1,https://www.k-1.co.jp/fighter/166
リース・ブルーデネル,リース・ブルーデネル,,published_kana,Prizefighter,K-1 WORLD GP,https://www.k-1.co.jp/fighter/1503
リード・ミラー,リード・ミラー,,published_kana,ニュージーランド,KNOCK OUT,https://knockoutkb.com/fighters/reid_miller_329
リー・シューハオ,リー・シューハオ,,published_kana,台湾/iFighting MMA 台灣,KNOCK OUT,https://knockoutkb.com/fighters/li_syue_hao_607
リー・スースー,リー・スースー,,published_kana,江蘇太倉亭賓体育ジム/CFP,K-1,https://www.k-1.co.jp/fighter/885
リー・ホイ,リー・ホイ,,published_kana,陕西大秦騫秋ファイトクラブ/CFP,K-1 WORLD GP,https://www.k-1.co.jp/fighter/1370
リー・リーシャン,リー・リーシャン,,published_kana,深圳盛力人和ファイトアカデミー/CFP,K-1,https://www.k-1.co.jp/fighter/1422
ルアンペー・コマンドジム,ルアンペー・コマンドジム,,published_kana,タイ,KNOCK OUT,https://knockoutkb.com/fighters/ruanphae_commando_gym_593
RUI,ルイ,,published_kana,ヒデズキック福岡,K-1 WORLD GP|Krush|Krush-EX,https://www.k-1.co.jp/fighter/840
ルイ,ルイ,,published_kana,クラミツムエタイジム,KNOCK OUT,https://knockoutkb.com/fighters/louie_552
瑠唯,ルイ,Rui,published_kana,リーブルロア,K-1 WORLD GP|Krush|Krush-EX,https://www.k-1.co.jp/fighter/1397
ルイス・レイス,ルイス・レイス,,published_kana,,,https://ja.wikipedia.org/wiki/ルイス・レイス
ルイ・ボテーリョ,ルイ・ボテーリョ,,published_kana,,K-1,https://www.k-1.co.jp/fighter/38
瑠華,ルカ,Ruka,published_kana,team未来,K-1 WORLD GP|Krush|Krush-EX|RISE,https://www.k-1.co.jp/fighter/1574|https://rise-rc.com/fighter/ruka-2/
ルカ・チェケッティ,ルカ・チェケッティ,,published_kana,Kick and Punch Milano,K-1 WORLD GP,https://www.k-1.co.jp/fighter/1447
ルシア・アプデルガリム,ルシア・アプデルガリム,,published_kana,アルゼンチン,KNOCK OUT,https://knockoutkb.com/fighters/lucia_apdelgallim
ルシール,ルシール,,published_kana,Taylormade Muay Thai,K-1 WORLD GP,https://www.k-1.co.jp/fighter/1417
ルスラン・アヴァソフ,ルスラン・アヴァソフ,,published_kana,,,https://ja.wikipedia.org/wiki/ルスラン・アヴァソフ
ルスラン・カラエフ,ルスラン・カラエフ,,published_kana,,,https://ja.wikipedia.org/wiki/ルスラン・カラエフ
ルスラン・ナギエフ,ルスラン・ナギエフ,,published_kana,Thai Foreign Legion,K-1 WORLD GP,https://www.k-1.co.jp/fighter/1756
ルチアーノ・デ・パウラ,ルチアーノ・デ・パウラ,,published_kana,Killer Bees,K-1,https://www.k-1.co.jp/fighter/1643
ルベン・セオアネ,ルベン・セオアネ,,published_kana,Muay Sapein,RISE,https://rise-rc.com/fighter/ruben-seoane/
ルンペット・センチャイジム,ルンペット・センチャイジム,,published_kana,センチャイムエタイジム,KNOCK OUT,https://knockoutkb.com/fighters/rungpetch_saenchai_gym_126
ルーカス・アハテルバーグ,ルーカス・アハテルバーグ,,published_kana,Team CSK/Sparta Aachen,K-1 WORLD GP,https://www.k-1.co.jp/fighter/1697
ルーカス・ヤロス,ルーカス・ヤロス,,published_kana,,,https://ja.wikipedia.org/wiki/ルーカス・ヤロス
瑠久,ルーク,Ruku,published_kana,RAUSU GYM,K-1 WORLD GP|Krush|Krush-EX,https://www.k-1.co.jp/fighter/774
ルークナーム・コーコムキョウ,ルークナーム・コーコムキョウ,,published_kana,タイ,KNOCK OUT,https://knockoutkb.com/fighters/looknam_kor_khomkleaw_299
ルーク・ウィーラン,ルーク・ウィーラン,,published_kana,,K-1,https://www.k-1.co.jp/fighter/790
ルーク・ターナー,ルーク・ターナー,,published_kana,,K-1,https://www.k-1.co.jp/fighter/428
ルーニス・セイング,ルーニス・セイング,,published_kana,Naito Gym Brussel,RISE,https://rise-rc.com/fighter/lounis-saing/
玲志,レイシ,Reishi,published_kana,拳心会,Krush|Krush-EX,https://www.k-1.co.jp/fighter/1464
礼司,レイジ,Reiji,converted,楠誠会館,RISE,https://rise-rc.com/fighter/reiji/
麗斗,レイト,Reito,published_kana,K-1ジム総本部チームペガサス,K-1,https://www.k-1.co.jp/fighter/1116
麗也,レイヤ,Reiya,converted,team AKATSUKI,RISE,https://rise-rc.com/fighter/reiya/
レイ・スターリン,レイ・スターリン,,published_kana,,,https://ja.wikipedia.org/wiki/レイ・スターリン
レイ・セフォー,レイ・セフォー,,published_kana,,,https://ja.wikipedia.org/wiki/レイ・セフォー
REONA,レオナ,,published_kana,RIOT GYM,K-1,https://www.k-1.co.jp/fighter/1134
レオナ・ペタス,レオナ・ペタス,,published_kana,THE SPIRIT GYM TEAM TOP ZEROS/LARA TOKYO,K-1 WORLD GP|Krush|Krush-EX|KNOCK OUT,https://www.k-1.co.jp/fighter/261|https://knockoutkb.com/fighters/leona_pettas_584|https://ja.wikipedia.org/wiki/レオナ・ペタス
レオンケイスケ,レオンケイスケ,,published_kana,,,https://ja.wikipedia.org/wiki/レオンケイスケ
レダ・ゼイディ,レダ・ゼイディ,,published_kana,ARJ Trainingen,K-1 WORLD GP,https://www.k-1.co.jp/fighter/1612
レダ・ベラーセン,レダ・ベラーセン,,published_kana,fight team Ringer,RISE,https://rise-rc.com/fighter/rida_bellahcen/
レッガラー鉄,レッガラーテツ,Reggara Tetsu,published_kana,,K-1,https://www.k-1.co.jp/fighter/262
レティシア・オーチェル,レティシア・オーチェル,,published_kana,World Strong Fight Team,K-1,https://www.k-1.co.jp/fighter/1646
レニー・ブラジ,レニー・ブラジ,,published_kana,Team Calzolari,K-1,https://www.k-1.co.jp/fighter/1522
レネ・ローゼ,レネ・ローゼ,,published_kana,,,https://ja.wikipedia.org/wiki/レネ・ローゼ_(格闘家)
レミギウス・モリカビュチス,レミギウス・モリカビュチス,,published_kana,,,https://ja.wikipedia.org/wiki/レミギウス・モリカビュチス
レミー・パラ,レミー・パラ,,published_kana,CARCHARIAS,K-1 WORLD GP,https://www.k-1.co.jp/fighter/1426
レミー・ボンヤスキー,レミー・ボンヤスキー,,published_kana,,,https://ja.wikipedia.org/wiki/レミー・ボンヤスキー
レンタ・ウォーワンチャイ,レンタ・ウォーワンチャイ,,published_kana,ウォーワンチャイプロモーション,KNOCK OUT,https://knockoutkb.com/fighters/renta_wor_wanchai
ロイド・ヴァン・ダム,ロイド・ヴァン・ダム,,published_kana,,,https://ja.wikipedia.org/wiki/ロイド・ヴァン・ダム
ロイ・タン,ロイ・タン,,published_kana,,,https://ja.wikipedia.org/wiki/ロイ・タン
ロエル・マナート,ロエル・マナート,,published_kana,Mejiro Gym Amsterdam,K-1 WORLD GP,https://www.k-1.co.jp/fighter/826
ロザリオ・プレスティ,ロザリオ・プレスティ,,published_kana,,,https://ja.wikipedia.org/wiki/ロザリオ・プレスティ
ロスティスラフ・ヴァルナフスキー,ロスティスラフ・ヴァルナフスキー,,published_kana,SC SHUMER,K-1 WORLD GP,https://www.k-1.co.jp/fighter/1758
ロニー・セフォー,ロニー・セフォー,,published_kana,,,https://ja.wikipedia.org/wiki/ロニー・セフォー
ロブ・カーマン,ロブ・カーマン,,published_kana,,,https://ja.wikipedia.org/wiki/ロブ・カーマン
ロベルト・コッコ,ロベルト・コッコ,,published_kana,,,https://ja.wikipedia.org/wiki/ロベルト・コッコ
ロマン・クレイブル,ロマン・クレイブル,,published_kana,,,https://ja.wikipedia.org/wiki/ロマン・クレイブル
ロマーノ・バクボード,ロマーノ・バクボード,,published_kana,ARJ Trainingen,K-1,https://www.k-1.co.jp/fighter/1462
ロレンツォ・ディ・ヴァラ,ロレンツォ・ディ・ヴァラ,,published_kana,The King Fight Club/Team Di Vara,K-1 WORLD GP,https://www.k-1.co.jp/fighter/1739
ロンナチャイ・トー.ラミントラー,ロンナチャイ・トー.ラミントラー,,published_kana,タイ,KNOCK OUT,https://knockoutkb.com/fighters/ronnachai_tor_ramintra_171
ローン・パンハ,ローン・パンハ,,published_kana,Thun Sophea Kun Khmer Gym,K-1 WORLD GP,https://www.k-1.co.jp/fighter/1803
若杉 成次,ワカスギ,Wakasugi,published_kana,,K-1,https://www.k-1.co.jp/fighter/511
和氣 光春,ワキ ミツハル,Waki Mitsuharu,published_kana,TANG TANG FIGHT CLUB,K-1,https://www.k-1.co.jp/fighter/91
ワシリー・シシ,ワシリー・シシ,,published_kana,,,https://ja.wikipedia.org/wiki/ワシリー・シシ
和島 大海,ワジマ ヒロミ,Wajima Hiromi,published_kana,SHIKA GYM,K-1,https://www.k-1.co.jp/fighter/703
渡邉和則,ワタナベ カズノリ,,published_kana,,,https://ja.wikipedia.org/wiki/渡邉和則
渡辺健司,ワタナベ ケンジ,,published_kana,,,https://ja.wikipedia.org/wiki/渡辺健司
渡部 瞬弥,ワタナベ シュンヤ,Watanabe Shunya,published_kana,エスジム,K-1,https://www.k-1.co.jp/fighter/914
渡邉卓也,ワタナベ タクヤ,,published_kana,,,https://ja.wikipedia.org/wiki/渡邉卓也_(シュートボクサー)
渡辺 武,ワタナベ タケシ,Watanabe Takeshi,published_kana,,K-1,https://www.k-1.co.jp/fighter/263
渡邉武,ワタナベ タケシ,,published_kana,,,https://ja.wikipedia.org/wiki/渡邉武
渡邊 俊樹,ワタナベ トシキ,Watanabe Toshiki,published_kana,優弥道場,K-1,https://www.k-1.co.jp/fighter/796
渡辺久江,ワタナベ ヒサエ,,published_kana,,,https://ja.wikipedia.org/wiki/渡辺久江
渡辺 雅和,ワタナベ マサカズ,Watanabe Masakazu,published_kana,,K-1,https://www.k-1.co.jp/fighter/384
渡辺理想,ワタナベ ユウト,,published_kana,,,https://ja.wikipedia.org/wiki/渡辺理想|https://www.k-1.co.jp/fighter/615
渡部 蕾,ワタナベ ライナ,Watanabe Raina,published_kana,KNOCK OUTクロスポイント大泉,Krush|Krush-EX|KNOCK OUT,https://www.k-1.co.jp/fighter/1653|https://knockoutkb.com/fighters/watanabe_raina_200
渡邉 陸,ワタナベ リク,Watanabe Riku,published_kana,POWER OF DREAM,K-1 WORLD GP|Krush|Krush-EX,https://www.k-1.co.jp/fighter/1363
渡部 翔太,ワタベ ショウタ,Watabe Shota,published_kana,,K-1,https://www.k-1.co.jp/fighter/326
渡部 太基,ワタベ ダイキ,WATABE Daiki,converted,TEPPEN GYM,KNOCK OUT,https://knockoutkb.com/fighters/watabe_daiki
和田哲平,ワダ テッペイ,Teppei Wada,converted,FASCINATE FIGHT TEAM,RISE,https://rise-rc.com/fighter/wada_teppei/
ワチャラチャイ・ゲーオサムリット,ワチャラチャイ・ゲーオサムリット,,published_kana,,,https://ja.wikipedia.org/wiki/ワチャラチャイ・ゲーオサムリット
ワンロップ・ウィラサクレック,ワンロップ・ウィラサクレック,,published_kana,,,https://ja.wikipedia.org/wiki/ワンロップ・ウィラサクレック
ワン・シャンチン,ワン・シャンチン,,published_kana,仏山温拿拳館,RISE,https://rise-rc.com/fighter/wang_xianjing/
ワン・ジュングァン,ワン・ジュングァン,,published_kana,天津阿福ファイトクラブ/CFP,K-1 WORLD GP|Krush|Krush-EX,https://www.k-1.co.jp/fighter/782
ワン・ジュンユー,ワン・ジュンユー,,published_kana,星武創新ジム/CFP,K-1,https://www.k-1.co.jp/fighter/870
ワン・ジンロン,ワン・ジンロン,,published_kana,IRON Boxing Gym,K-1,https://www.k-1.co.jp/fighter/916
ワン・ジーウェイ,ワン・ジーウェイ,,published_kana,遼寧創新ジム/CFP,K-1,https://www.k-1.co.jp/fighter/873
ワン・チンロン,ワン・チンロン,,published_kana,台湾/TKBA,RISE|KNOCK OUT,https://rise-rc.com/fighter/wang-chin-long/|https://knockoutkb.com/fighters/wang_ching_long_164
ワン・ポンフェイ,ワン・ポンフェイ,,published_kana,遼寧創新ジム/CFP,K-1,https://www.k-1.co.jp/fighter/712
ヴァシリ・セメノフ,ヴァシリ・セメノフ,,published_kana,Archangel Michael,K-1 WORLD GP,https://www.k-1.co.jp/fighter/1445
ヴァレリー・イワノフ,ヴァレリー・イワノフ,,published_kana,Vityas St. Petersburg/RCC GYM,K-1 WORLD GP,https://www.k-1.co.jp/fighter/1799
ヴァレリー・ビジャエフ,ヴァレリー・ビジャエフ,,published_kana,URAL KALI FIGHTER TEAM,K-1 WORLD GP,https://www.k-1.co.jp/fighter/1797
ヴァレンティン・ボルディアヌ,ヴァレンティン・ボルディアヌ,,published_kana,Catalin Morosanu Academy,K-1,https://www.k-1.co.jp/fighter/1406
ヴァージル・カラコダ,ヴァージル・カラコダ,,published_kana,,,https://ja.wikipedia.org/wiki/ヴァージル・カラコダ
ヴィクトル・アキモフ,ヴィクトル・アキモフ,,published_kana,Brazilian Thai,K-1 WORLD GP|Krush|Krush-EX,https://www.k-1.co.jp/fighter/1465
ヴィタリ・ウルコフ,ヴィタリ・ウルコフ,,published_kana,,,https://ja.wikipedia.org/wiki/ヴィタリ・ウルコフ
ヴィタリ・オフラメンコ,ヴィタリ・オフラメンコ,,published_kana,,,https://ja.wikipedia.org/wiki/ヴィタリ・オフラメンコ
ヴィタリー・マテイ,ヴィタリー・マテイ,,published_kana,THAI BOXING CLUB,K-1 WORLD GP,https://www.k-1.co.jp/fighter/1735
ヴィトール・フォルミガン,ヴィトール・フォルミガン,,published_kana,Killer Bees,K-1 WORLD GP,https://www.k-1.co.jp/fighter/1644
ヴィトー・トファネリ,ヴィトー・トファネリ,,published_kana,Brazilian Thai / 闘英館,K-1 WORLD GP|Krush|Krush-EX,https://www.k-1.co.jp/fighter/1107
ヴィトー・ミランダ,ヴィトー・ミランダ,,published_kana,,,https://ja.wikipedia.org/wiki/ヴィトー・ミランダ
ヴィニシウス,ヴィニシウス,,published_kana,クボジム/BRAVE GYM,KNOCK OUT,https://knockoutkb.com/fighters/vinicius_481
ヴィニシウス・ディオニツィオ,ヴィニシウス・ディオニツィオ,,published_kana,Brazilian Thai,K-1,https://www.k-1.co.jp/fighter/1345
ヴィンセント・フォシアーニ,ヴィンセント・フォシアーニ,,published_kana,Bang Rajan Muay Thai,K-1,https://www.k-1.co.jp/fighter/868
ヴェダット・ウルック,ヴェダット・ウルック,,published_kana,,K-1,https://www.k-1.co.jp/fighter/419
ヴュー・ペッコウーソン,ヴュー・ペッコウーソン,,published_kana,Petchkoson Gym,K-1 WORLD GP,https://www.k-1.co.jp/fighter/1346
ACHI,,,none,ONE LINK/TARGET,RISE,https://rise-rc.com/fighter/achi/
AIRA,,,none,DIATIGER GYM,RISE,https://rise-rc.com/fighter/aira/
Apollo中山,,Apollo Nakayama,romaji_only,GOD SIDE GYM,KNOCK OUT,https://knockoutkb.com/fighters/apollo_nakayama_192
Ayaka,,,none,健心塾,RISE,https://rise-rc.com/fighter/ayaka/
AYUKI,,,none,NEXT STEP GYM,RISE,https://rise-rc.com/fighter/ayuki/
BEN”侍”Y’ZD,,"BEN""samurai""Y'ED",romaji_only,Y`ZD GYM,KNOCK OUT,https://knockoutkb.com/fighters/bensamuraiyed_288
BONNIE,,,none,MSJ KICK BOXING GYM,KNOCK OUT,https://knockoutkb.com/fighters/bonny_199
Bro.RYO,,,none,バンゲリングベイ・スピリット,K-1,https://www.k-1.co.jp/fighter/198
CAZ JANJIRA,,,none,Team JANJIRA,KNOCK OUT,https://knockoutkb.com/fighters/caz_janjira_88
DAISUKE,,,none,,,https://ja.wikipedia.org/wiki/DAISUKE
DAIZEN,,,none,,,https://ja.wikipedia.org/wiki/DAIZEN
Delgermuru拳信王,,Derigerumurun Kenshinhan,romaji_only,FLAT UP,RISE,https://rise-rc.com/fighter/delgermuru拳信王/
Dyki,,,none,,,https://ja.wikipedia.org/wiki/Dyki
EIJI,,,none,,,https://ja.wikipedia.org/wiki/男子キックボクサー一覧
erika♡,,,none,SHINE沖縄,RISE|KNOCK OUT,https://rise-rc.com/fighter/erika/|https://knockoutkb.com/fighters/erika_266
ERIKO,,,none,TKDJ市川式,RISE|KNOCK OUT,https://rise-rc.com/fighter/eriko/|https://knockoutkb.com/fighters/eriko_255
G-REX,,,none,TEAM TEPPEN,RISE,https://rise-rc.com/fighter/g-rex/
GUMP,,,none,TEAM TEPPEN,RISE,https://rise-rc.com/fighter/gump/
HARU,,,none,MSJ KICK BOXING GYM,KNOCK OUT,https://knockoutkb.com/fighters/haru_201
HENMI 9,,,none,東北AVANTI,RISE,https://rise-rc.com/fighter/henmi_9/
HIROYUKI,,,none,RIKIX,RISE,https://rise-rc.com/fighter/hiroyuki/
HIYORI,,,none,NEXT LEVEL渋谷,RISE,https://rise-rc.com/fighter/hiyori/
Hotaru,,,none,Continue,RISE,https://rise-rc.com/fighter/hotaru/|https://www.k-1.co.jp/fighter/1544
J,,,none,TSK japan,RISE,https://rise-rc.com/fighter/j/
JIN,,,none,楠誠会館,RISE,https://rise-rc.com/fighter/jin/
Junior,,,none,,,https://ja.wikipedia.org/wiki/Junior
Jyosei,,,none,誠至会,RISE,https://rise-rc.com/fighter/jyosei/
KAI,,,none,フリー,KNOCK OUT,https://knockoutkb.com/fighters/kai_80
KANA,,,none,Bombo Freely,KNOCK OUT,https://knockoutkb.com/fighters/kana_484
KENGO,,,none,リアルディール,RISE,https://rise-rc.com/fighter/kengo-2/
KENTA,,,none,HAYATO GYM,RISE,https://rise-rc.com/fighter/kenta/
Kiana,,,none,Team Michiyo,RISE,https://rise-rc.com/fighter/kiana/
KING TSUBASA,,,none,ROYAL KINGS,RISE,https://rise-rc.com/fighter/king-tsubasa/
KING弥百希,,KING Yaoki,romaji_only,ロイヤルキングス,KNOCK OUT,https://knockoutkb.com/fighters/king_yaoki_601
KING陸斗,,KING Rikuto,romaji_only,ROYAL KINGS,RISE,https://rise-rc.com/fighter/king_rikuto/
KING龍蔵,,KING Ryuzo,romaji_only,ROYAL KINGS,RISE,https://rise-rc.com/fighter/king-ryuzo/
KJ ヒロシ,,,none,Y'ZD GYM沖縄,KNOCK OUT,https://knockoutkb.com/fighters/kj_hiroshi_516
KO-ICHI,,,none,,,https://ja.wikipedia.org/wiki/KO-ICHI
KO-KI BRAVELY,,,none,BRAVELY GYM,KNOCK OUT,https://knockoutkb.com/fighters/koki_bravely_374
KOKOZ,,,none,TRY HARD GYM,RISE,https://rise-rc.com/fighter/kokoz/
KOUJIRO,,,none,ジムファイターズ,RISE,https://rise-rc.com/fighter/koujiro/
KOUTARO,,,none,RICE GATE,RISE,https://rise-rc.com/fighter/koutaro/
LOMPETCH,,,none,W-BEAST GYM,RISE,https://rise-rc.com/fighter/lompetch/
MAKURI,,,none,VLOS,KNOCK OUT,https://knockoutkb.com/fighters/makuri_465
MANABU,,,none,,,https://ja.wikipedia.org/wiki/MANABU
MANAKA,,,none,GRABAKA,RISE,https://rise-rc.com/fighter/manaka/
MANGKORN YOK BRAVELY,,,none,BRAVELY GYM,KNOCK OUT,https://knockoutkb.com/fighters/mangkorn_yok_bravely_72
MASA BRAVELY,,,none,BRAVELY GYM,KNOCK OUT,https://knockoutkb.com/fighters/masa_bravely_154
MASATO BRAVELY,,,none,BRAVELY GYM,KNOCK OUT,https://knockoutkb.com/fighters/masato_bravely
MAX吉田,,Max Yoshida,romaji_only,TEAM岡見,RISE,https://rise-rc.com/fighter/max_yoshida/
MIKITO,,,none,,,https://ja.wikipedia.org/wiki/MIKITO
MIKU,,,none,K CRONY,KNOCK OUT,https://knockoutkb.com/fighters/miku_144
MIREY,,,none,HIDE GYM,KNOCK OUT,https://knockoutkb.com/fighters/mirey_271
MISAKI,,,none,TEAM FOREST,RISE|SHOOT BOXING,https://rise-rc.com/fighter/misaki/|https://shootboxing.org/fighter/misaki/
MIYU,,,none,DFC Team LEOS,SHOOT BOXING|KNOCK OUT,https://knockoutkb.com/fighters/miyu_315|https://shootboxing.org/fighter/miyu/
MOMO,,,none,エスジム,KNOCK OUT,https://knockoutkb.com/fighters/momo_355
MOMOTARO,,,none,OGUNI-GYM,RISE,https://rise-rc.com/fighter/momotaro/|https://www.k-1.co.jp/fighter/1165
NANA,,,none,エスジム,KNOCK OUT,https://knockoutkb.com/fighters/nana|https://www.k-1.co.jp/fighter/1078
Nao,,,none,AXGYM,KNOCK OUT,https://knockoutkb.com/fighters/nao_373
NATSUKI,,,none,フリー,RISE,https://rise-rc.com/fighter/natsuki/
No-Ri-,,,none,赤雲會  中村道場,RISE|KNOCK OUT,https://rise-rc.com/fighter/no-ri/|https://knockoutkb.com/fighters/nori_270
Novo,,,none,TARGET SHIBUYA,RISE,https://rise-rc.com/fighter/novo/
PRANDAM BRAVELY,,,none,BRAVELY GYM,RISE|KNOCK OUT,https://rise-rc.com/fighter/prandam-bravely/|https://knockoutkb.com/fighters/prandam_bravely_69
REITO BRAVELY,,,none,BRAVELY GYM,KNOCK OUT,https://knockoutkb.com/fighters/reito_bravely_163|https://www.k-1.co.jp/fighter/768
RENA,,,none,シーザージム,SHOOT BOXING,https://shootboxing.org/fighter/rena/
Ren TIGER REON,,,none,REON Fighting Sports GYM,KNOCK OUT,https://knockoutkb.com/fighters/ren_tiger_reon_563
RHINO,,,none,真樹ジム糸満,KNOCK OUT,https://knockoutkb.com/fighters/kurahasi_rino_535
RINA,,,none,TEAM TEPPEN,RISE,https://rise-rc.com/fighter/rina/
RUI JANJIRA,,,none,JANJIRA GYM,KNOCK OUT,https://knockoutkb.com/fighters/ruijanjira_447
RYOTARO,,,none,龍生塾,RISE|SHOOT BOXING,https://rise-rc.com/fighter/ryotaro/|https://shootboxing.org/fighter/ryotaro/
RYUJU,,,none,ワイルドシーサー前橋元総社,KNOCK OUT,https://knockoutkb.com/fighters/ryuju_136
Ryuki,,,none,フリー,RISE,https://rise-rc.com/fighter/ryuki/
SAIGO,,,none,TARGET SHIBUYA,RISE,https://rise-rc.com/fighter/saigo/
SEIDO,,,none,LARA TOKYO,RISE,https://rise-rc.com/fighter/seido/
SHINGO,,,none,LEOジム,SHOOT BOXING,https://shootboxing.org/fighter/shingo/
SHOGO,,,none,A☆R KICK!,RISE,https://rise-rc.com/fighter/shogo/
TAaaaCHAN,,,none,PCK連闘会,KNOCK OUT,https://knockoutkb.com/fighters/taaaachan_185
TaCa,,,none,キャピタルレイズ FG池袋,KNOCK OUT,https://knockoutkb.com/fighters/taca_159
TAKERU,,,none,GET OVER,KNOCK OUT,https://knockoutkb.com/fighters/takeru_205
TAKU,,,none,TARGET,RISE,https://rise-rc.com/fighter/taku/
TAKUYA,,,none,K CRONY,KNOCK OUT,https://knockoutkb.com/fighters/takuya_316
TETSU,,,none,月心会チーム侍,RISE,https://rise-rc.com/fighter/tetsu/|https://www.k-1.co.jp/fighter/906
“The Jewel” クリスティアン・マンゾ,,,none,Demonios Team Argentina,RISE,https://rise-rc.com/fighter/the-jewel-christian-manzo/
To Be Announced,,,none,TBA,KNOCK OUT,https://knockoutkb.com/fighters/_533
TOMOMI,,,none,TEAM FOREST,SHOOT BOXING,https://shootboxing.org/fighter/tomomi/
TSUTOMU,,,none,TIA辻道場,SHOOT BOXING,https://shootboxing.org/fighter/tsutomu/
vic.YOSHI,,,none,OGUNI-GYM,KNOCK OUT,https://knockoutkb.com/fighters/vic_yoshi_210
“Weedy”ニコラス・リヴァース,,,none,Fight Center one,RISE,https://rise-rc.com/fighter/nicolas-rivas/
YASU BRAVELY,,,none,BRAVELY GYM,RISE,https://rise-rc.com/fighter/yasu-bravely/
YAYAウィラサクレック,,,none,WSRフェアテックス幕張,RISE,https://rise-rc.com/fighter/yaya/
YOSHIHIRO,,,none,teamYU-TO,KNOCK OUT,https://knockoutkb.com/fighters/yoshihiro_422
YO UEDA,,,none,TARGET SHIBUYA,RISE,https://rise-rc.com/fighter/yo-ueda/
YU-YA,,,none,魁塾,RISE,https://rise-rc.com/fighter/yuya-1/
YURA,,,none,DIATIGER GYM,RISE,https://rise-rc.com/fighter/yura/
YUSHI,,,none,TEAM FOREST,SHOOT BOXING,https://shootboxing.org/fighter/yushi/
YUYA,,,none,KNOCK OUT クロスポイント吉祥寺,KNOCK OUT,https://knockoutkb.com/fighters/yuya_130
YUZUKI BRAVELY,,,none,BRAVELY GYM,KNOCK OUT,https://knockoutkb.com/fighters/yuzuki_bravely_67
YU斗,,Yuto,romaji_only,Vigor Kickboxing Gym,RISE,https://rise-rc.com/fighter/yuto/
がってん古川,,,none,,,https://ja.wikipedia.org/wiki/がってん古川
そら・BAAN RAMBAA,,SORA・BAAN RAMBAA,romaji_only,K-1 GYM RING TAIKOH,KNOCK OUT,https://knockoutkb.com/fighters/sorabaan_rambaa_396
ねぎ魔神,,Negi Majin,romaji_only,ネイバーズキックボクシングジム,RISE,https://rise-rc.com/fighter/negimajin/
ねこ太,,Nekota,romaji_only,とらの子レスリングクラブ,RISE,https://rise-rc.com/fighter/nekota/
やす吉,,,none,,,https://ja.wikipedia.org/wiki/やす吉
アイトール･クリート,,,none,Elite jt taldea,RISE,https://rise-rc.com/fighter/aitor-currito/
アックス斧田,,AX Onoda,romaji_only,KIBAマーシャルアーツクラブ,KNOCK OUT,https://knockoutkb.com/fighters/ax_onoda
アトム崇貴,,,none,,,https://ja.wikipedia.org/wiki/アトム崇貴
アユーブ･ブーラス,,,none,Sb gym,RISE,https://rise-rc.com/fighter/ayoub-bourass/
ウザ強ヨシヤ,,Uzatsuyo Yoshiya,romaji_only,FIGHT CLUB 428,RISE,https://rise-rc.com/fighter/uzatsuyo_yoshiya/
エミNFC,,,none,ナゴヤファイトクラブ,RISE,https://rise-rc.com/fighter/eminfc/
オートー・ONE LINK,,,none,ONE LINK,RISE,https://rise-rc.com/fighter/auto-nor-naksin/
カルロス ‛モヒカーノ’,,,none,La Guarida Kickboxing,K-1,https://www.k-1.co.jp/fighter/1641
ガイパー･ウォーサンプラパイ,,,none,Petchyindee Academy,RISE,https://rise-rc.com/fighter/kaipa-wor-sangprapai/
クルンタイ・ティーデッド99,,,none,タイ,KNOCK OUT,https://knockoutkb.com/fighters/krungthai_tded99_514
クレイジーハスキー尚吾,,Crazy Husky Shogo,romaji_only,REVOLT,RISE,https://rise-rc.com/fighter/crazy_husky_shogo/
コントゥアラーイ・JMボクシングジム,,,none,JM Boxinggym,RISE,https://rise-rc.com/fighter/kontualai-jm-boxinggym/
サムサン・C2M MUAYTHAI&FITNESS,,,none,C2M MUAYTHAI,RISE,https://rise-rc.com/fighter/somsan_c2m_muaythai_fitness/
サンチャイ・TEPPENGYM,,,none,TEAM TEPPEN,RISE|KNOCK OUT,https://rise-rc.com/fighter/sanchai_teppengym/|https://knockoutkb.com/fighters/sanchai_teppengym_125
シャクリヨール･ユラエフ,,,none,Temur Kurbanov team,RISE,https://rise-rc.com/fighter/shakhriyor_juraev/
シング・心・ジャディブ,,,none,,,https://ja.wikipedia.org/wiki/シング・心・ジャディブ
ジェイク”Outlaw”ウィルキンス,,,none,フリー,KNOCK OUT,https://knockoutkb.com/fighters/jakeoutlawwilkins_378
ジェット・MEIBUKAI,,,none,MEIBUKAI,RISE,https://rise-rc.com/fighter/jet_meibukai/
ジェット蓮田,,,none,,,https://ja.wikipedia.org/wiki/ジェット蓮田
スアレック・TEPPEN GYM,,,none,TEAM TEPPEN,RISE,https://rise-rc.com/fighter/suarek-teppen-gym/
ストロング小林,,Strong Kobayashi,romaji_only,契明ジム,RISE,https://rise-rc.com/fighter/strong_kobayashi/
センチャイ・PKセンチャイムエタイジム,,,none,,,https://ja.wikipedia.org/wiki/センチャイ・PKセンチャイムエタイジム
ソムチャイ・高津,,,none,,,https://ja.wikipedia.org/wiki/ソムチャイ・高津
ゾンビネーター今吉,,ZOMBINATER Imayoshi,romaji_only,GOD SIDE GYM,KNOCK OUT,https://knockoutkb.com/fighters/zombinater_imayoshi_237
ゾンビ島田,,,none,,,https://ja.wikipedia.org/wiki/ゾンビ島田
タイソンRINA,,,none,TEAM TEPPEN,KNOCK OUT,https://knockoutkb.com/fighters/tyson_rina_500
タネ♡ヨシキ,,,none,直心会,RISE|KNOCK OUT,https://rise-rc.com/fighter/tane_yoshiki/|https://knockoutkb.com/fighters/tane_yoshiki_102
タリソン“Crazy Cyclone”フェレイラ,,,none,Champions Factory,RISE,https://rise-rc.com/fighter/thalisson-crazy-cyclone/
チェンソーマン坂田,,Chainsaw man Sakara,romaji_only,KING EXCEED,RISE,https://rise-rc.com/fighter/chainsaw-man-sakara/
チャッピー吉沼,,Chappy Yoshinuma,romaji_only,TANG TANG FIGHT CLUB,RISE,https://rise-rc.com/fighter/chappy_yoshinuma/
チョークディー・PKセンチャイジム,,,none,タイ,KNOCK OUT,https://knockoutkb.com/fighters/chokdee_pk_saenchaimuaythaigym
チングン新小岩ジム,,,none,シーザージム新小岩,SHOOT BOXING,https://shootboxing.org/fighter/tingunshinkoiwa/
テレカ∞,,,none,NEXT LEVEL渋谷,RISE,https://rise-rc.com/fighter/telecainfinity/
トンミーチャイ・FELLOW GYM,,,none,FELLOW GYM,KNOCK OUT,https://knockoutkb.com/fighters/tongmeechai_fellow_gym_114
ドン・中矢・ニールセン,,,none,,,https://ja.wikipedia.org/wiki/ドン・中矢・ニールセン
ナグラチューン・マーサM16,,,none,,,https://ja.wikipedia.org/wiki/ナグラチューン・マーサM16
バズーカ巧樹,,BAZOOKA Koki,romaji_only,菅原道場/BRAID,KNOCK OUT,https://knockoutkb.com/fighters/bazooka_koki|https://www.k-1.co.jp/fighter/687
パクチー奥田,,Phakchi Okuda,romaji_only,TEAM BEYOND,RISE,https://rise-rc.com/fighter/phakchi_okuda/
パコーン・PK・センチャイ,,,none,PK Saenchai Muay Thai Gym,K-1,https://www.k-1.co.jp/fighter/1342
パヌワット・TGT,,,none,TARGET,RISE,https://rise-rc.com/fighter/panuwat_tgt/
ファーパヤップ・GRABS,,,none,GRABS,RISE,https://rise-rc.com/fighter/farphayap_grabs/
フレッド“The Joker”コルデイロ,,,none,Dynamite Team,RISE,https://rise-rc.com/fighter/fred_cordeiro/
ブラックシーサー颯太朗,,Blackshisa Sotaro,romaji_only,TEAM TEPPEN,RISE,https://rise-rc.com/fighter/blackshisa_sotaro/
ブラックベア悠鬼神,,Blackbear Yukijin,romaji_only,心将塾,RISE,https://rise-rc.com/fighter/blackbear_yukijin/
ヘラクレス・ワンコンオーム.WKO,,,none,WankhongOhm.WKO,K-1 WORLD GP,https://www.k-1.co.jp/fighter/1685
ペットシラー・FURUMURA-GYM,,,none,FURUMURA-GYM,KNOCK OUT,https://knockoutkb.com/fighters/phetsila_furumuragym_276
ペットマイ・MC.スーパーレックムエタイ,,,none,スーパーレックムエタイ,RISE,https://rise-rc.com/fighter/petmai_mc_superlekmuaythai/
ボボ･サッコ,,,none,Teambilos Muaythaï Gym 77,RISE,https://rise-rc.com/fighter/bobo-sacko/
ポッシブルK,,,none,K'GROWTH,SHOOT BOXING,https://shootboxing.org/fighter/possiblek/
マサ佐藤,,Masa Sato,romaji_only,WSRフェアテックス,RISE,https://rise-rc.com/fighter/masa_sato/
マッティア・ファラオー二,,Mattia Faraoni,romaji_only,RAINI CLAN,K-1 WORLD GP,https://www.k-1.co.jp/fighter/1560
マリン・二コル,,Marine Nicol,romaji_only,No Limit Squad,K-1 WORLD GP,https://www.k-1.co.jp/fighter/1792
ミサイル雄,,MISSILE Yu,romaji_only,ONE’S GOAL,KNOCK OUT,https://knockoutkb.com/fighters/missile_yu_354
ユット・ZERO,,,none,ZERO,KNOCK OUT,https://knockoutkb.com/fighters/yutto_zero_246
ユン･ドクジェ,,,none,RAON,RISE,https://rise-rc.com/fighter/yoon_deokjae/
ヨーブアデーン・3RDPlace,,,none,3RDPlace,RISE,https://rise-rc.com/fighter/yodbuadang-3rdplace/
ランバー・ソムデートM16,,,none,,,https://ja.wikipedia.org/wiki/ランバー・ソムデートM16
ロッキー藤丸,,,none,,,https://ja.wikipedia.org/wiki/ロッキー藤丸
ロムイーサン・TIGER REON,,,none,REON Fighting Sports Gym,KNOCK OUT,https://knockoutkb.com/fighters/lom_ieesan_tiger_reon_303
一仁,,Kazuhito,romaji_only,真樹ジムAICHI,RISE,https://rise-rc.com/fighter/kazuhito/|https://www.k-1.co.jp/fighter/120
一輝,,KAZUKI,romaji_only,MtF MUGEN GYM,RISE,https://rise-rc.com/fighter/kazuki/
一輝,,KAZUKI,romaji_only,若獅子会館,KNOCK OUT,https://knockoutkb.com/fighters/kazuki_594
丈太,,JOTA,romaji_only,KNOCK OUT クロスポイント吉祥寺,KNOCK OUT,https://knockoutkb.com/fighters/jota_588
三上ヘンリー大智,,MIKAMI HENRY Daichi,romaji_only,格闘ドリーマーズ,KNOCK OUT,https://knockoutkb.com/fighters/mikami_henry_daichi_112
三浦 健人,,MIURA Kento,romaji_only,パラエストラ広島,KNOCK OUT,https://knockoutkb.com/fighters/miura_kento_400
三浦 柊哉,,MIURA Shuya,romaji_only,チーム・タイガーホーク,KNOCK OUT,https://knockoutkb.com/fighters/miura_shuya_360
上村雄音,,Yuto Uemura,romaji_only,BK GYM,RISE,https://rise-rc.com/fighter/uemura_yuto/
上汰,,UETA,romaji_only,SHINE沖縄,KNOCK OUT,https://knockoutkb.com/fighters/ueta_524
上田 一哉,,,none,シーザージム新小岩,SHOOT BOXING,https://shootboxing.org/fighter/ueda_kazuya/
上田樹那,,Juna Koda,romaji_only,山口道場,RISE,https://rise-rc.com/fighter/koda_juna/
上真,,Joma,romaji_only,ROAD MMA GYM,RISE,https://rise-rc.com/fighter/joma/
上野コウキ,,Koki Ueno,romaji_only,直心会,RISE,https://rise-rc.com/fighter/ueno_koki/
上野 仁弘,,UENO Masahiro,romaji_only,KNOCK OUT クロスポイント渋谷,KNOCK OUT,https://knockoutkb.com/fighters/ueno_masahiro_248
下地 奏人,,SHIMOJI Kanato,romaji_only,フリー,KNOCK OUT,https://knockoutkb.com/fighters/shimoji_kanato
下田 蓮,,SHIMODA Ren,romaji_only,Battle-Box,KNOCK OUT,https://knockoutkb.com/fighters/shimoda_ren_605
与座優貴,,Yuki Yoza,romaji_only,K-1 GYM SAGAMI-ONO KREST,RISE,https://rise-rc.com/fighter/yoza_yuki/
世莉JSK,,Seri JSK,romaji_only,治政館,RISE,https://rise-rc.com/fighter/seri_jsk/
中元優成,,Yusei Nakamoto,romaji_only,team Bonds,RISE,https://rise-rc.com/fighter/nakamoto_yusei/
中原裕貴,,Yuki Nakahara,romaji_only,UPLIFT,RISE,https://rise-rc.com/fighter/nakahara_yuki/
中尾満,,,none,,,https://ja.wikipedia.org/wiki/中尾満
中島 凛太郎,,NAKAJIMA Rintaro,romaji_only,NEXT LEVEL渋谷,KNOCK OUT,https://knockoutkb.com/fighters/nakajima_rintaro_249
中島 唯翔,,NAKASHIMA Yuito,romaji_only,MSKC,KNOCK OUT,https://knockoutkb.com/fighters/nakajima_yuito_534
中島将志,,Masashi Nakajima,romaji_only,新潟誠道館,RISE,https://rise-rc.com/fighter/nakajima_masashi/
中島 隆徳,,NAKASHIMA Takanori,romaji_only,GET OVER 2005年4月,KNOCK OUT,https://knockoutkb.com/fighters/nakashima_takanori_97|https://www.k-1.co.jp/fighter/1548
中嶋愛樹斗,,Akito Nakashima,romaji_only,OISHI GYM,RISE,https://rise-rc.com/fighter/nakashima-akito/
中嶋 翔吾,,NAKAJIMA Shogo,romaji_only,HOSOKAWAジム,KNOCK OUT,https://knockoutkb.com/fighters/nakajima_shogo_427
中村 優作,,NAKAMURA Yusaku,romaji_only,TEAM FAUST,KNOCK OUT,https://knockoutkb.com/fighters/nakamura_yusaku
中村優志,,Yushi Nakamura,romaji_only,STRIDE GYM,RISE,https://rise-rc.com/fighter/nakamura_yushi/
中村 寛,,Kan Nakamura,romaji_only,BK GYM,RISE,https://rise-rc.com/fighter/nakamura_kan/|https://www.k-1.co.jp/fighter/1257
中村 悠磨,,NAKAMURA Yuma,romaji_only,和術慧舟會 HEARTS,KNOCK OUT,https://knockoutkb.com/fighters/nakamura_yuma_384
中村 龍,,Ryu Nakamura,romaji_only,フリー,RISE,https://rise-rc.com/fighter/nakamura_ryu/
中澤風希,,Fuki Nakazawa,romaji_only,戦ジム,RISE,https://rise-rc.com/fighter/nakazawa-fuki/
中田史斗,,Fumito Nakata,romaji_only,究道会館,RISE,https://rise-rc.com/fighter/nakata-fumito/
中田 真佐希,,NAKATA Masaki,romaji_only,格闘技 福永道場,KNOCK OUT,https://knockoutkb.com/fighters/nakata_masaki_284
中野椋太,,Ryota Nakano,romaji_only,誠至会,RISE,https://rise-rc.com/fighter/nakano_ryota/
丸山誠司,,Seji Maruyama,romaji_only,RYUJI GYM,RISE,https://rise-rc.com/fighter/maruyama_seji/
久井 大夢,,HISAI Taimu,romaji_only,TEAM TAIMU,KNOCK OUT,https://knockoutkb.com/fighters/hisai_taimu|https://www.k-1.co.jp/fighter/1387
久保田有哉,,Yuya Kubota,romaji_only,TARGET,RISE,https://rise-rc.com/fighter/kubota_yuya/
久津輪将充,,Masamitsu Kutsuwa,romaji_only,RMC/9+ nine plus lab.,RISE,https://rise-rc.com/fighter/kutsuwa_masamitsu/
久留 拓磨,,,none,ZERO ONE GYM,SHOOT BOXING,https://shootboxing.org/fighter/hisadome_takuma/
久貝 飛雄馬,,KUGAI Hyuma,romaji_only,キックボクシングDROP,KNOCK OUT,https://knockoutkb.com/fighters/kugai_hyuma_529
久郷トオル,,Toru Kugo,romaji_only,team EDEN,RISE,https://rise-rc.com/fighter/kugo-toru/
乱太郎,,Rantaro,romaji_only,猛者連愛媛支部OGRE,RISE,https://rise-rc.com/fighter/rantaro/
二田水 敏幸,,,none,NEX SPORTS,SHOOT BOXING,https://shootboxing.org/fighter/nitamizu_toshiyuki/
五味 隆典,,GOMI Takanori,romaji_only,東林間ラスカルジム,KNOCK OUT,https://knockoutkb.com/fighters/gomi_takanori
井ノ本 煌貴,,INOMOTO Koki,romaji_only,LAILAPS東京北星ジム,KNOCK OUT,https://knockoutkb.com/fighters/inomoto_koki_74
井上竜太,,INOUE Ryuta,romaji_only,習志野ジム,RISE|KNOCK OUT,https://rise-rc.com/fighter/inoue_ryuta/|https://knockoutkb.com/fighters/inoue_ryuta_252
井上 舜矢,,INOUE Shunya,romaji_only,フリー,KNOCK OUT,https://knockoutkb.com/fighters/inoue_shunya_455
井上蓮治,,Renji Inoue,romaji_only,RAUSU GYM,RISE,https://rise-rc.com/fighter/inoue-renji/
井原 浩之,,IHARA Hiroyuki,romaji_only,ハーデスワークアウトジム,KNOCK OUT,https://knockoutkb.com/fighters/ihara_hiroyuki_585
井原 駿平,,IHARA Shunpei,romaji_only,ワイルドシーサーコザ,KNOCK OUT,https://knockoutkb.com/fighters/ihara_shunpei_520
井樋 大介,,IBI Daisuke,romaji_only,KNOCK OUT クロスポイント金沢,KNOCK OUT,https://knockoutkb.com/fighters/ibi_daisuke
井端刻也,,Tokiya Ibata,romaji_only,健心塾,RISE,https://rise-rc.com/fighter/ibata_tokiya/
京介,,Kyosuke,romaji_only,サイガジム,RISE,https://rise-rc.com/fighter/kyosuke/
京谷祐希,,Yuki Kyotani,romaji_only,TEAM TEPPEN,RISE,https://rise-rc.com/fighter/kyotani_yuki/
今村 りんたろう,,IMAMURA Rintaro,romaji_only,FIGHTER'S FLOW,KNOCK OUT,https://knockoutkb.com/fighters/imamura_rintaro_436
今野明,,,none,,,https://ja.wikipedia.org/wiki/今野明
仲川 広汰,,NAKAGAWA Kota,romaji_only,Ten Clover Gym,KNOCK OUT,https://knockoutkb.com/fighters/nakagawa_kota_182
伊東龍也,,Ryoya Ito,romaji_only,HAYATO GYM,RISE,https://rise-rc.com/fighter/ito_ryoya/
伊藤勇輔,,Yusuke Ito,romaji_only,HAYATO GYM,RISE,https://rise-rc.com/fighter/ito_yusuke/
伊藤叶人,,Kanato Ito,romaji_only,吉塚道場,RISE,https://rise-rc.com/fighter/ito_kanato/
伊藤澄哉,,Sumiya Ito,romaji_only,戦ジム,RISE,https://rise-rc.com/fighter/ito_sumiya/
伊藤琉之助,,Ryunosuke Ito,romaji_only,EX ARES,RISE,https://rise-rc.com/fighter/ito_ryunosuke/
伊藤 要,,,none,シーザージム新小岩,SHOOT BOXING,https://shootboxing.org/fighter/ito_kaname/
伏見 和之,,,none,RIKI GYM,SHOOT BOXING,https://shootboxing.org/fighter/fushimi_kazuyuki/
住田 真生,,SUMIDA Mao,romaji_only,マッハ道場,KNOCK OUT,https://knockoutkb.com/fighters/sumida_mao_370
佐々木昊生,,SASAKI Kosei,romaji_only,B.F.A-SEED,RISE|KNOCK OUT,https://rise-rc.com/fighter/sasaki_kose/|https://knockoutkb.com/fighters/sasaki_kosei_457
佐々木 未夢,,,none,Sublime guys・GONG-GYM坂戸,SHOOT BOXING,https://shootboxing.org/fighter/sasaki_miyu/
佐々木超一,,,none,,,https://ja.wikipedia.org/wiki/佐々木超一
佐藤九里虎,,Guriko Sato,romaji_only,FAITH,RISE,https://rise-rc.com/fighter/sato_guriko/
佐藤 優樹,,SATO Yuki,romaji_only,Katana Gym,KNOCK OUT,https://knockoutkb.com/fighters/sato_yuki_302
佐藤執斗,,Shuto Sato,romaji_only,グラップリングシュートボクサーズ,RISE|SHOOT BOXING,https://rise-rc.com/fighter/sato_shuto/|https://shootboxing.org/fighter/satou-syuto/
佐藤 拓也,,SATO Takuya,romaji_only,KNOCK OUT クロスポイント吉祥寺,KNOCK OUT,https://knockoutkb.com/fighters/sato_takuya_189
佐達 淳,,,none,シーザージム新小岩,SHOOT BOXING,https://shootboxing.org/fighter/satachi_jun/
俊,,Shun,romaji_only,GREED GYM,RISE,https://rise-rc.com/fighter/shun/
俊樹,,Toshiki,romaji_only,Allout,RISE,https://rise-rc.com/fighter/toshiki/
倉本 一真,,KURAMOTO Kazuma,romaji_only,リバーサルジム新宿MeWe/MAJESTIC,KNOCK OUT,https://knockoutkb.com/fighters/kuramoto_kazuma_321
偉武KICK,,IBU Kick,romaji_only,ナックルズGYM,KNOCK OUT,https://knockoutkb.com/fighters/ibu_kick_608
健真,,Tatsuma,romaji_only,BLACK☆Jr,RISE,https://rise-rc.com/fighter/tatsuma/|https://www.k-1.co.jp/fighter/1529
優心,,YUSHIN,romaji_only,NJKF京都野口GYM,KNOCK OUT,https://knockoutkb.com/fighters/yushin_161
優波,,YUNA,romaji_only,TFG EVOLVE,KNOCK OUT,https://knockoutkb.com/fighters/yuna_558
優空,,Yua,romaji_only,和術慧舟會AKZA,RISE,https://rise-rc.com/fighter/yua/
優翔,,YUTO,romaji_only,team NOVA,KNOCK OUT,https://knockoutkb.com/fighters/yuto
元山 祐希,,MOTOYAMA Yuki,romaji_only,武勇会,KNOCK OUT,https://knockoutkb.com/fighters/motoyama_yuki
元氣,,Motoki,romaji_only,楠誠会館,RISE,https://rise-rc.com/fighter/motoki/
元貴,,,none,DAB,SHOOT BOXING,https://shootboxing.org/fighter/genki/
光希,,Koki,romaji_only,TEAM ONE,RISE,https://rise-rc.com/fighter/koki-2/
児玉侑慎,,Yushin Kodama,romaji_only,正道会館KCIEL,RISE,https://rise-rc.com/fighter/kodama_yushin/
入江直幸,,Naoyuki Irie,romaji_only,SOLID FIST,RISE,https://rise-rc.com/fighter/irie_naoyuki/
入田和樹,,Kazuki Irita,romaji_only,TEAM日高,RISE,https://rise-rc.com/fighter/irita_kazuki/
内山朋紀,,Tomoki Uchiyama,romaji_only,TEAM＋1,RISE,https://rise-rc.com/fighter/uchiyama-tomoki/
内本 築,,Kizuku Uchimoto,romaji_only,team Bonds,RISE,https://rise-rc.com/fighter/uchimoto_kizuku/
内田聖那,,Sena Uchida,romaji_only,新宿レフティージム,RISE,https://rise-rc.com/fighter/uchida_sena/
内田 貴大,,UCHIDA Takahiro,romaji_only,MSJ KICK BOXING GYM,KNOCK OUT,https://knockoutkb.com/fighters/uchida_takahiro_279
内田雄大,,Yuta Uchida,romaji_only,フリー,RISE,https://rise-rc.com/fighter/uchida_yuta/
内藤凌太,,NAITO Ryota,romaji_only,BELLWOOD FIGHT TEAM,RISE|SHOOT BOXING|KNOCK OUT,https://rise-rc.com/fighter/naito_ryota/|https://knockoutkb.com/fighters/naito_ryota_160|https://shootboxing.org/fighter/naito-ryouta/
内藤啓人,,Keito Naito,romaji_only,BELLWOOD FIGHT TEAM,RISE|SHOOT BOXING,https://rise-rc.com/fighter/naito_keito/|https://shootboxing.org/fighter/naito_keito/
内藤 大樹,,,none,BELLWOOD FIGHT TEAM,SHOOT BOXING,https://shootboxing.org/fighter/naito_taiki/
冨永武聖,,Takekiyo Tominaga,romaji_only,REVOLT,RISE,https://rise-rc.com/fighter/tominaga_takekiyo/
出口優,,,none,,,https://ja.wikipedia.org/wiki/出口優
利共,,RITOMO,romaji_only,TOP RUN GYM,KNOCK OUT,https://knockoutkb.com/fighters/ritomo_78
利根川 仁,,TONEGAWA Jin,romaji_only,Realiser STUDIO,KNOCK OUT,https://knockoutkb.com/fighters/tonegawa_jin_81
前川 夏樹,,MAEKAWA Natsuki,romaji_only,クレイン目白,KNOCK OUT,https://knockoutkb.com/fighters/maekawa_natsuki_559
前田 壮吉,,MAEDA Sokichi,romaji_only,リバーサルジム横浜グランドスラム,KNOCK OUT,https://knockoutkb.com/fighters/maeda_sokichi_434
前田 大尊,,MAEDA Taison,romaji_only,マイウェイジム,KNOCK OUT,https://knockoutkb.com/fighters/maeda_taison_319
前田 翔太,,MAEDA Shota,romaji_only,TRIMGYM,KNOCK OUT,https://knockoutkb.com/fighters/maeda_shota_110
剛大,,GOTA,romaji_only,Y’s glow,KNOCK OUT,https://knockoutkb.com/fighters/gota_152
剣夜,,KENYA,romaji_only,SHINE沖縄,KNOCK OUT,https://knockoutkb.com/fighters/kenya_512
力斗,,RIKITO,romaji_only,TEAM PREPARED,KNOCK OUT,https://knockoutkb.com/fighters/rikito_75
加古大晴,,KAKO Taisei,romaji_only,team Bonds,RISE|KNOCK OUT,https://rise-rc.com/fighter/kako_taisei/|https://knockoutkb.com/fighters/kako_taisei_394
加古稟虎,,Rinto Kako,romaji_only,team Bonds,RISE,https://rise-rc.com/fighter/kako_rinto/
加藤乃々夏,,Nonoka Kato,romaji_only,全真会館,RISE,https://rise-rc.com/fighter/kato_nonoka/
加藤 大智,,KATO Daichi,romaji_only,React Gym Shonan,KNOCK OUT,https://knockoutkb.com/fighters/suda_tomoki_532
加藤有吾,,Yugo Kato,romaji_only,RIKIX,RISE,https://rise-rc.com/fighter/kato_yugo/
勇志,,YUSHI,romaji_only,真門ジム,RISE,https://rise-rc.com/fighter/yushi/
勇志,,YUSHI,romaji_only,テツジム関西,KNOCK OUT,https://knockoutkb.com/fighters/yushi_627
勇成,,YUSEI,romaji_only,フォームドジム,KNOCK OUT,https://knockoutkb.com/fighters/yusei_410
勝次,,Katsuji,romaji_only,TEAM TEPPEN,RISE,https://rise-rc.com/fighter/katsuji/
勝野雅也,,Masaya Katsuno,romaji_only,TRY HARD GYM,RISE,https://rise-rc.com/fighter/masaya_katsuno/
北井智大,,Tomohiro Kitai,romaji_only,チームドラゴン,RISE,https://rise-rc.com/fighter/kitai_tomohiro/|https://www.k-1.co.jp/fighter/222
北島 颯人,,KITAJIMA Hayato,romaji_only,和術慧舟會AKZA,KNOCK OUT,https://knockoutkb.com/fighters/kitajima_hayato_312
北川 裕紀,,,none,ZERO ONE GYM,SHOOT BOXING,https://shootboxing.org/fighter/kitagawa_yuki/
北斗 拳太郎,,,none,ボスジムジャパン,SHOOT BOXING,https://shootboxing.org/fighter/hokuto_kentaro/
北濱精悦,,Seietsu Kitahama,romaji_only,Kickboxing Academy Sapporo,RISE,https://rise-rc.com/fighter/kitahama_seietsu/
北野克樹,,Katsuki Kitano,romaji_only,誠至会,RISE,https://rise-rc.com/fighter/kitano_katsuki/
匡志YAMATO,,Masashi Yamato,romaji_only,大和ジム,RISE,https://rise-rc.com/fighter/masashi_yamato/|https://www.k-1.co.jp/fighter/1541
千羽 裕樹,,CHIBA Yuki,romaji_only,KNOCK OUT クロスポイント渋谷,KNOCK OUT,https://knockoutkb.com/fighters/chiba_yuki_166
南原士龍,,Shiryu Minamihara,romaji_only,龍士會,RISE,https://rise-rc.com/fighter/minamihara_shiryu/
原口アンドレイ,,Andrei Haraguchi,romaji_only,TEAM TEPPEN,RISE,https://rise-rc.com/fighter/haraguchi_andrei/|https://www.k-1.co.jp/fighter/1442
原口健飛,,Kento Haraguchi,romaji_only,FASCINATE FIGHT TEAM,RISE,https://rise-rc.com/fighter/haraguchi_kento/|https://www.k-1.co.jp/fighter/1259
古岡大八,,,none,,,https://ja.wikipedia.org/wiki/古岡大八
古木 誠也,,FURUKI Seiya,romaji_only,REX GYM,KNOCK OUT,https://knockoutkb.com/fighters/furuki_seiya
古村 光,,FURUMURA Hikaru,romaji_only,FURUMURA-GYM,KNOCK OUT,https://knockoutkb.com/fighters/furumura_hikaru_68
古村 匡平,,FURUMURA Kyohei,romaji_only,FURUMURA-GYM,KNOCK OUT,https://knockoutkb.com/fighters/furumura_kyohei_71
古波蔵信人,,Nobuhito Kohagura,romaji_only,赤雲會,RISE,https://rise-rc.com/fighter/kohagura_nobuhito/
叶和,,Towa,romaji_only,チームドラゴン,RISE,https://rise-rc.com/fighter/towa/
各務壮祐,,Sosuke Kakamu,romaji_only,XAP,RISE,https://rise-rc.com/fighter/kakamu-sosuke/
吉宗、,,YOSHIMUNE、,romaji_only,心成塾/岡澤道場,KNOCK OUT,https://knockoutkb.com/fighters/yoshimune_589
吉岡龍輝,,Ryuki Yoshioka,romaji_only,及川道場,RISE,https://rise-rc.com/fighter/yoshioka_ryuki/
吉田亮汰朗,,Ryotaro Yoshida,romaji_only,BK GYM,RISE,https://rise-rc.com/fighter/yoshida_ryotaro/
吉田 凜汰朗,,YOSHIDA Rintaro,romaji_only,VERTEX,KNOCK OUT,https://knockoutkb.com/fighters/yoshida_rintaro_591
吉田 圭佑,,YOSHIDA Keisuke,romaji_only,WSRフェアテックス幕張,KNOCK OUT,https://knockoutkb.com/fighters/yoshida_keisuke_95
吉田実代,,Miyo Yoshida,romaji_only,Bread winner NYC,RISE,https://rise-rc.com/fighter/yoshida_miyo/
吉田晄成,,Kosei Yoshida,romaji_only,TEAM TEPPEN,RISE,https://rise-rc.com/fighter/yoshida_kosei/
吉田 謙伸,,,none,グラップリングシュートボクサーズ名古屋,SHOOT BOXING,https://shootboxing.org/fighter/yoshida_kenshin/
向井 貫太,,MUKAI Kanta,romaji_only,WSRフェアテックス三ノ輪,KNOCK OUT,https://knockoutkb.com/fighters/mukai_kanta_203|https://www.k-1.co.jp/fighter/866
向坂 準之輔,,SAKISAKA Junnosuke,romaji_only,OOTA DOJO,KNOCK OUT,https://knockoutkb.com/fighters/sakisaka_junnosuke_570
向籽羲（ヒュン・ツェイ・ヘイデン）,,,none,榮拳館,SHOOT BOXING,https://shootboxing.org/fighter/heyden_heung_tzehei/
周葉,,Shuha,romaji_only,TARGET SHIBUYA,RISE,https://rise-rc.com/fighter/shuha/
和斗,,Kazuto,romaji_only,大和ジム,RISE,https://rise-rc.com/fighter/kazuto/
和田 修虎,,,none,橋本道場,SHOOT BOXING,https://shootboxing.org/fighter/wada_syuto/
咲良優牙,,Yuga Sakura,romaji_only,PHOENIX,RISE,https://rise-rc.com/fighter/sakura_yuga/
喜多村 美紀,,KITAMURA Miki,romaji_only,テツジム,KNOCK OUT,https://knockoutkb.com/fighters/kitamura_miki_225
嘉武士,,Kabuto,romaji_only,健心塾,RISE,https://rise-rc.com/fighter/kabuto/
國元 楓磨,,KUNIMOTO Fuma,romaji_only,大阪政拳会,KNOCK OUT,https://knockoutkb.com/fighters/kunimoto_fuma_444
國本 真義,,KUNIMOTO Masayoshi,romaji_only,MEIBUKAI,KNOCK OUT,https://knockoutkb.com/fighters/kunimoto_masayoshi_294
國枝悠太,,Yuta Kunieda,romaji_only,Never mind/9+nine plus lab,RISE,https://rise-rc.com/fighter/kunieda_yuta/|https://www.k-1.co.jp/fighter/1133
土井 乙花,,,none,GSBグラップリングシュートボクサーズ多治見,SHOOT BOXING,https://shootboxing.org/fighter/doi_kinoka/
土井 涼雅,,,none,GSBグラップリングシュートボクサーズ多治見,SHOOT BOXING,https://shootboxing.org/fighter/doi_ryoga/
土佐丸,,,none,SB摂津富田ジム,SHOOT BOXING,https://shootboxing.org/fighter/tosamaru/
坂尻桃音,,Momone Sakajiri,romaji_only,Crazy Gorilla Gym,RISE,https://rise-rc.com/fighter/sakajiri_momone/
坂本優起,,Yuki Sakamoto,romaji_only,シーザージム,RISE|SHOOT BOXING,https://rise-rc.com/fighter/sakamoto_yuki/|https://shootboxing.org/fighter/sakamoto_yuki/
坂本拓矢,,Takuya Sakamoto,romaji_only,UPLIFT,RISE,https://rise-rc.com/fighter/takuya_sakamoto/
坂本 梨香,,SAKAMOTO Rika,romaji_only,BELLWOOD FIGHT TEAM,SHOOT BOXING|KNOCK OUT,https://knockoutkb.com/fighters/sakamoto_rika_313|https://shootboxing.org/fighter/rika_sakamoto/
坂本洸巳,,,none,,,https://ja.wikipedia.org/wiki/坂本洸巳
坂本 瑠華,,AKAMOTO Ruka,romaji_only,フリー,KNOCK OUT,https://knockoutkb.com/fighters/akamoto_ruka_157
坂本直樹,,Naoki Sakamoto,romaji_only,道場373,RISE,https://rise-rc.com/fighter/sakamoto_naoki/
坂根 卓弥,,SAKANE Takuya,romaji_only,KNOCK OUT クロスポイント吉祥寺,KNOCK OUT,https://knockoutkb.com/fighters/sakane_takuya_93
坂田実優,,SAKATA Miyuu,romaji_only,FASCINATE FIGHT TEAM,RISE|KNOCK OUT,https://rise-rc.com/fighter/sakata_miyu/|https://knockoutkb.com/fighters/sakata_miyuu_616
城地 樹人,,JOCHI Mikito,romaji_only,FIGHTER'S FLOW,KNOCK OUT,https://knockoutkb.com/fighters/jochi_mikito_583
基山幹太,,Kanta Motoyama,romaji_only,BELLWOOD FIGHT TEAM,RISE|SHOOT BOXING,https://rise-rc.com/fighter/motoyama_kanta/|https://shootboxing.org/fighter/kanta_motoyama/
基康,,Motoyasu,romaji_only,TAKEDA GYM,RISE,https://rise-rc.com/fighter/motoyasu/
堀 佑太郎,,Yutaro Hori,romaji_only,IDEAL GYM,RISE,https://rise-rc.com/fighter/hori_yutaro/
堀本祐惺,,Yusei Horimoto,romaji_only,TRY HARD GYM,RISE,https://rise-rc.com/fighter/horimoto_yusei/
堀田 優月,,HORITA Yuzuki,romaji_only,闘神塾,KNOCK OUT,https://knockoutkb.com/fighters/horita_yuzuki_310
塚本 勝彦,,TSUKAMOTO Katsuhiko,romaji_only,TORNADO,KNOCK OUT,https://knockoutkb.com/fighters/tsukamoto_katsuhiko_118
塚本望夢,,Momu Tsukamoto,romaji_only,team Bonds,RISE,https://rise-rc.com/fighter/tsukamoto_momu/
塩川琉斗,,Ryuto Shiokawa,romaji_only,TOP STAR GYM,RISE,https://rise-rc.com/fighter/shiokawa_ryuto/
塩﨑 光,,Hikaru Shiozaki,romaji_only,JACK GYM,RISE,https://rise-rc.com/fighter/shiozaki_hikaru/
壱・センチャイジム,,ISSEI Saenchai-Gym,romaji_only,センチャイムエタイジム,KNOCK OUT,https://knockoutkb.com/fighters/issei_saenchaigym
夏目竜雅,,NATSUME Ryuga,romaji_only,TRY HARD GYM,RISE|KNOCK OUT,https://rise-rc.com/fighter/natsume_ryuga/|https://knockoutkb.com/fighters/natsume_ryuga_508
夢空,,Yura,romaji_only,Croire,RISE,https://rise-rc.com/fighter/yura-2/|https://www.k-1.co.jp/fighter/1272
大久保 祐,,Tasuku Okubo,romaji_only,修徳会,RISE,https://rise-rc.com/fighter/tasuku-okubo/
大倉 萌,,Moe Okura,romaji_only,大道塾 吉祥寺支部,RISE,https://rise-rc.com/fighter/okura_moe/
大岩 竜世,,OIWA Ryuse,romaji_only,KANALOA-GYM,KNOCK OUT,https://knockoutkb.com/fighters/oiwa_ryuse_187
大島広也,,Hiroya Oshima,romaji_only,TANG TANG FIGHT CLUB,RISE,https://rise-rc.com/fighter/oshima_hiroya/
大桑 宏章,,,none,シーザージム渋谷,SHOOT BOXING,https://shootboxing.org/fighter/ookuwa_hiroaki/
大森隆之介,,Ryunosuke Omori,romaji_only,EX ARES,RISE,https://rise-rc.com/fighter/omori_ryunosuke/
大沢 文也,,OSAWA Fumiya,romaji_only,ザウルスプロモーション,KNOCK OUT,https://knockoutkb.com/fighters/osawa_fumiya_322|https://www.k-1.co.jp/fighter/216
大渕 翼,,OFUCHI Tsubasa,romaji_only,React Gym Shonan,KNOCK OUT,https://knockoutkb.com/fighters/ofuchi_tsubasa_451
大田 拓真,,OTA Takuma,romaji_only,新興ムエタイジム,KNOCK OUT,https://knockoutkb.com/fighters/ota_takuma_224|https://www.k-1.co.jp/fighter/1250
大石健作,,Kensaku Oishi,romaji_only,TEAM TEPPEN,RISE,https://rise-rc.com/fighter/oishi_kensaku/
大芽,,OGA,romaji_only,KNOCK OUT クロスポイント大泉,KNOCK OUT,https://knockoutkb.com/fighters/oga_565
大谷 翔司,,OTANI Shoji,romaji_only,KNOCK OUT クロスポイント渋谷,KNOCK OUT,https://knockoutkb.com/fighters/otani_shoji|https://www.k-1.co.jp/fighter/1377
大野 貴志,,ONO Takashi,romaji_only,士道館新座ジム,KNOCK OUT,https://knockoutkb.com/fighters/ono_takashi_176
大﨑一貴,,Kazuki Osaki,romaji_only,OISHI GYM,RISE,https://rise-rc.com/fighter/osaki_kazuki/
大﨑孔稀,,Koki Osaki,romaji_only,OISHI GYM,RISE,https://rise-rc.com/fighter/osaki_koki/
大﨑 草志,,OSAKI Soshi,romaji_only,STRUGGLE,KNOCK OUT,https://knockoutkb.com/fighters/osaki_soshi_190
天承山,,,none,,,https://ja.wikipedia.org/wiki/天承山
太陽,,Taiyo,romaji_only,K'Bスポーツジム,RISE,https://rise-rc.com/fighter/taiyo/
奥山 貴大,,,none,NEX SPORTS,SHOOT BOXING,https://shootboxing.org/fighter/okuyama_takahiro/
奥山雅仁,,Masahito Okuyama,romaji_only,OISHI GYM,RISE,https://rise-rc.com/fighter/okuyama_masahito/
奥平将太,,Shota Okudaira,romaji_only,KSR GYM,RISE,https://rise-rc.com/fighter/okudaira_shota/
奥村将真,,Shoma Okumura,romaji_only,TEAM TEPPEN,RISE,https://rise-rc.com/fighter/okumura_shoma/
奥村琉奈,,Runa Okumura,romaji_only,OISHI GYM,RISE,https://rise-rc.com/fighter/okumura_runa/
奥脇一哉,,Kazuya Okuwaki,romaji_only,エイワスポーツジム,RISE,https://rise-rc.com/fighter/okuwaki_kazuya/
女神,,,none,TIA辻道場,SHOOT BOXING,https://shootboxing.org/fighter/megami/
宇山 京介,,UYAMA Kyosuke,romaji_only,KNOCK OUT クロスポイント渋谷,KNOCK OUT,https://knockoutkb.com/fighters/uyama_kyosuke_345
宇野 あいり,,,none,立志會館,SHOOT BOXING,https://shootboxing.org/fighter/uno_airi/
守谷 佑介,,MORIYA Yusuke,romaji_only,フリー,KNOCK OUT,https://knockoutkb.com/fighters/moriya_yusuke_403
安ジェス,,Ahn Jess,romaji_only,LION GYM,RISE,https://rise-rc.com/fighter/ahn_jess/
安彦考真,,Takamasa Abiko,romaji_only,Yogibo DATSURIKI GYM/Y.S.C.C.横浜キックボクシング,RISE,https://rise-rc.com/fighter/abiko_takamasa/
安本晴翔,,Haruto Yasumoto,romaji_only,橋本道場,RISE,https://rise-rc.com/fighter/yasumoto_haruto/|https://www.k-1.co.jp/fighter/1347
安田 学登,,YASUDA Manato,romaji_only,クボジム,KNOCK OUT,https://knockoutkb.com/fighters/yasuda_manato_420
安谷屋 智弘,,ADANIYA Tomohiro,romaji_only,氷ヲ刻メ／池田道場,KNOCK OUT,https://knockoutkb.com/fighters/adaniya_tomohiro_537
安達 優心,,ADACHI Yushin,romaji_only,BRAVE FIGHT CLUB,KNOCK OUT,https://knockoutkb.com/fighters/adachi_yushin_431
安達 浩平,,ADACHI Kohei,romaji_only,team AKATSUKI,KNOCK OUT,https://knockoutkb.com/fighters/adachi_kohei_247
宗雅,,MUNEMASA,romaji_only,フリー,KNOCK OUT,https://knockoutkb.com/fighters/munemasa_531
実穂,,Miho,romaji_only,KNOCK OUT クロスポイント大泉,KNOCK OUT,https://knockoutkb.com/fighters/miho_356
宮元 誠,,Makoto Miyamoto,romaji_only,KICK BOXING GYM BLAST,RISE,https://rise-rc.com/fighter/miyamoto-makoto/
宮原 穣,,MIYAHARA Jo,romaji_only,MIYAHARA DOJO,KNOCK OUT,https://knockoutkb.com/fighters/miyahara_jo_480
宮原華音,,Kanon Miyahara,romaji_only,TARGET SHIBUYA/FIRSTORDER AGENT,RISE,https://rise-rc.com/fighter/miyahara_kanon/
宮城寛克,,Hirokatsu Miyagi,romaji_only,赤雲會,RISE,https://rise-rc.com/fighter/miyagi_hirokatsu/
宮崎就斗,,Shuto Miyazaki,romaji_only,TARGET,RISE,https://rise-rc.com/fighter/miyazaki_shuto/
宮本晴弥,,Haruya Miyamoto,romaji_only,RIKIX,RISE,https://rise-rc.com/fighter/miyamoto-haruya/
宮本雅大,,MIYAMOTO Masahiro,romaji_only,ハーデスワークアウトジム,RISE|KNOCK OUT,https://rise-rc.com/fighter/miyamoto_masahiro/|https://knockoutkb.com/fighters/miyamoto_masahiro_300
宮越 慶二郎,,MIYAKOSHI Keijiro,romaji_only,拳粋会宮越道場,KNOCK OUT,https://knockoutkb.com/fighters/miyakoshi_keijiro_262
家下 歩,,IESHITA Ayumu,romaji_only,菅原道場,KNOCK OUT,https://knockoutkb.com/fighters/ieshita_ayumu_96
富田 エレデネ,,TOMITA Erdene,romaji_only,KNOCK OUT クロスポイント吉祥寺,KNOCK OUT,https://knockoutkb.com/fighters/tomita_erdene_301
寛人,,Hiroto,romaji_only,NEXT STEP GYM,RISE,https://rise-rc.com/fighter/hiroto/
實方拓海,,Takumi Sanekata,romaji_only,TSK japan,RISE,https://rise-rc.com/fighter/sanekata_takumi/|https://www.k-1.co.jp/fighter/1344
寺山日葵,,HInata Terayama,romaji_only,TEAM TEPPEN,RISE,https://rise-rc.com/fighter/terayama_hinata/
寺山遼冴,,Ryoga Terayama,romaji_only,ARK FIGHT GYM,RISE,https://rise-rc.com/fighter/terayama_ryoga/
寺島 輝,,TERASHIMA Hikaru,romaji_only,TANG TANG FIGHT CLUB,KNOCK OUT,https://knockoutkb.com/fighters/terashima_hikaru_550|https://www.k-1.co.jp/fighter/959
寺田佑佳,,Yuka Terada,romaji_only,GRABジム,RISE,https://rise-rc.com/fighter/terada-yuka/
寺田 匠,,Takumi Terada,romaji_only,team VASILEUS,RISE,https://rise-rc.com/fighter/terada-takumi/|https://www.k-1.co.jp/fighter/1063
将太,,Shota,romaji_only,KSS健生館,RISE,https://rise-rc.com/fighter/shota/
小倉 えりか,,OGURA Erika,romaji_only,MWS,KNOCK OUT,https://knockoutkb.com/fighters/ogura_erika_293
小出龍哉,,Ryuya Koide,romaji_only,TEAM TEPPEN,RISE,https://rise-rc.com/fighter/koide_ryuya/
小只直弥,,Naoya Otada,romaji_only,TBF/ 9+ nine plus lab.,RISE,https://rise-rc.com/fighter/otada_naoya/
小室武稔,,,none,,,https://ja.wikipedia.org/wiki/小室武稔
小島 慎太,,KOJIMA Shinta,romaji_only,KINGS,KNOCK OUT,https://knockoutkb.com/fighters/kojima_sinta_526
小川悠太,,OGAWA Yuta,romaji_only,誠真会館 所沢支部,RISE|KNOCK OUT,https://rise-rc.com/fighter/ogawa_yuta/|https://knockoutkb.com/fighters/ogawa_yuta
小川紗南,,Sami Ogawa,romaji_only,OISHI GYM,RISE,https://rise-rc.com/fighter/ogawa_sami/
小川翔,,Sho Ogawa,romaji_only,OISHI GYM,RISE,https://rise-rc.com/fighter/ogawa_sho/
小林 丈晃,,Takeaki Kobayashi,romaji_only,練誠塾,KNOCK OUT,https://knockoutkb.com/fighters/takeaki_kobayashi_94
小林 司,,KOBAYASHI Tsukasa,romaji_only,Sports 24,KNOCK OUT,https://knockoutkb.com/fighters/kobayashi_tsukasa_371
小林 大樹,,,none,龍生塾,SHOOT BOXING,https://shootboxing.org/fighter/kobayashi_daiki/
小林愛三,,Manazo Kobayashi,romaji_only,NEXT LEVEL渋谷,RISE,https://rise-rc.com/fighter/kobayashi_manazo/
小林穂夏,,Honoka Kobayashi,romaji_only,NEXT LEVEL渋谷,RISE,https://rise-rc.com/fighter/kobayashi_honoka/
小桐 冬華,,,none,TEAM FOREST,SHOOT BOXING,https://shootboxing.org/fighter/ogiri_fuyuka/
小池 空,,Sora Koike,romaji_only,IDEAL GYM,RISE,https://rise-rc.com/fighter/koike_sora/
小石淳裕,,Atsuhiro Koishi,romaji_only,REVOLT,RISE,https://rise-rc.com/fighter/koishi_atsuhiro/
小磯 哲史,,KOISO Tetsushi,romaji_only,TESSAI GYM,KNOCK OUT,https://knockoutkb.com/fighters/koiso_tetsushi_227
小笠原 瑛作,,OGASAWARA Eisaku,romaji_only,KNOCK OUT クロスポイント吉祥寺,KNOCK OUT,https://knockoutkb.com/fighters/ogasawara_eisaku
小笠原 裕典,,OGASAWARA Yukinori,romaji_only,KNOCK OUT クロスポイント吉祥寺,KNOCK OUT,https://knockoutkb.com/fighters/ogasawara_yukinori_204
小西江美香,,Emiko Konishi,romaji_only,CYCLONE GYM,RISE,https://rise-rc.com/fighter/konishi_emiko/
小路督也,,Masaya Shoji,romaji_only,BLOW GYM,RISE,https://rise-rc.com/fighter/shoji-masaya/
小野寺 龍亮,,ONODERA Ryusuke,romaji_only,無限塾 札幌白石支部,KNOCK OUT,https://knockoutkb.com/fighters/onodera_ryusuke_511
小野幹晃,,Masaaki Ono,romaji_only,IGGY HANDS GYM,RISE,https://rise-rc.com/fighter/ono_masaaki/
小野琥大,,Kodai Ono,romaji_only,TARGET,RISE,https://rise-rc.com/fighter/ono-kodai/
小野祥平,,Shohei Ono,romaji_only,TARGET SHIBUYA,RISE,https://rise-rc.com/fighter/ono_shohei/
小﨑貴誠,,Yoshinobu Ozaki,romaji_only,GREED GYM,RISE,https://rise-rc.com/fighter/ozaki_yoshinobu/
山元剣心,,Kenshin Yamamoto,romaji_only,PHOENIX,RISE,https://rise-rc.com/fighter/yamamoto_kenshin/
山口侑馬,,Yuma Yamaguchi,romaji_only,道化俱楽部,RISE,https://rise-rc.com/fighter/yamaguchi_yuma/
山口 恵,,Megumi Yamaguchi,romaji_only,RICHキックボクシングジム,RISE,https://rise-rc.com/fighter/yamaguchi-megumi/
山口 悠真,,YAMAGUCHI Yuma,romaji_only,ジムファイターズ,KNOCK OUT,https://knockoutkb.com/fighters/yamaguchi_yuma
山口裕人,,Hiroto Yamaguchi,romaji_only,道化俱楽部,RISE,https://rise-rc.com/fighter/yamaguchi_hiroto/
山岡 由忠,,YAMAOKA Yoshitada,romaji_only,KNOCK OUT クロスポイント大泉,KNOCK OUT,https://knockoutkb.com/fighters/yamaoka_yoshitada_226
山崎 尚英,,Shoei Yamazaki,romaji_only,スタートゲートジム,KNOCK OUT,https://knockoutkb.com/fighters/shoei_yamazaki_214
山崎 滉太,,YAMAZAKI Kota,romaji_only,誠真会館所沢道場,KNOCK OUT,https://knockoutkb.com/fighters/yamazaki_kota
山川敏弘,,YAMAKAWA Toshihiro,romaji_only,Maynish KickBoxingGym,RISE|KNOCK OUT,https://rise-rc.com/fighter/yamakawa_toshihiro/|https://knockoutkb.com/fighters/yamakawa_toshihiro_562
山本 太一,,Taichi Yamamoto,romaji_only,ケーアクティブ,KNOCK OUT,https://knockoutkb.com/fighters/taichi_yamamoto
山本 槻,,Keyaki Yamamoto,romaji_only,TOP GUN GYM,RISE,https://rise-rc.com/fighter/yamamoto_keyaki/
山本涼也,,Ryoya Yamamoto,romaji_only,MMA RANGERS GYM,RISE,https://rise-rc.com/fighter/yamamoto-ryoya/
山本裕規,,Yuki Yamamoto,romaji_only,team YAMATO,RISE,https://rise-rc.com/fighter/yamamoto_yuki/
山本 響己,,YAMAMOTO Hibiki,romaji_only,K&K BOXING CLUB,KNOCK OUT,https://knockoutkb.com/fighters/yamamoto_hibiki_206
山本“魂武羅”知美,,YAMAMOTO “Cobra” Tomomi,romaji_only,FAITH,RISE|KNOCK OUT,https://rise-rc.com/fighter/yamamoto_tomomi/|https://knockoutkb.com/fighters/yamamoto_cobra_tomomi_486
山田彪太朗,,YAMADA Kotaro,romaji_only,シーザージム,RISE|SHOOT BOXING|KNOCK OUT,https://rise-rc.com/fighter/yamada_kotaro/|https://knockoutkb.com/fighters/yamada_kotaro|https://shootboxing.org/fighter/kotaro-yamada/
山田虎矢太,,Koyata Yamada,romaji_only,シーザージム,RISE|SHOOT BOXING,https://rise-rc.com/fighter/yamada_koyata/|https://shootboxing.org/fighter/koyata_yamada/
山田貴紀,,Atsuki Yamada,romaji_only,山口道場,RISE,https://rise-rc.com/fighter/yamada_atsuki/
山田 青空,,YAMADA Sora,romaji_only,GOD SIDE GYM,KNOCK OUT,https://knockoutkb.com/fighters/yamada_sora_156
山畑雄摩,,Yuma Yamahata,romaji_only,心将塾,RISE,https://rise-rc.com/fighter/yamahata_yuma/
山科直史,,Naofumi Yamashina,romaji_only,極真会館,RISE,https://rise-rc.com/fighter/naofumi_yamashina/
山野邉 嵐,,YAMANOBE Arashi,romaji_only,TRIBE TOKYO MMA,KNOCK OUT,https://knockoutkb.com/fighters/yamanobe_arashi_365
山﨑一央,,Kazuteru Yamazaki,romaji_only,TEAM TEPPEN,RISE,https://rise-rc.com/fighter/yamazaki_kazuteru/
山﨑天輔,,Tensuke Yamasaki,romaji_only,VALIENTE,RISE,https://rise-rc.com/fighter/yamasaki_tensuke/
山﨑愛琉,,Amiru Yamasaki,romaji_only,TEAM TEPPEN,RISE,https://rise-rc.com/fighter/yamasaki_amiru/
岡本 翔悟,,,none,風吹ジム,SHOOT BOXING,https://shootboxing.org/fighter/okamoto_shogo/
岡田 彬宏,,OKADA Akihiro,romaji_only,クボジムーリレイズ東京ー,KNOCK OUT,https://knockoutkb.com/fighters/okada_akihiro_347
岡田 悠希,,OKADA Yuki,romaji_only,KNOCK OUT クロスポイント吉祥寺,KNOCK OUT,https://knockoutkb.com/fighters/okada_yuki_438
岡﨑晃志,,Koji Okazaki,romaji_only,NEXT STEP GYM,RISE,https://rise-rc.com/fighter/okazaki_koji/
岩KING,,Iwa KING,romaji_only,心将塾,RISE,https://rise-rc.com/fighter/iwaking/|https://www.k-1.co.jp/fighter/1528
岩城 広武,,WAKI Kota,romaji_only,小樽MMA academy Desafio,KNOCK OUT,https://knockoutkb.com/fighters/waki_kota_100
岩城悠介,,Yusuke Iwaki,romaji_only,RIKIX,RISE,https://rise-rc.com/fighter/iwaki_yusuke/
岩永勝亮,,Shosuke Iwanaga,romaji_only,OISHI GYM,RISE,https://rise-rc.com/fighter/iwanaga_shosuke/
岩郷泰成,,Taisei Iwago,romaji_only,EX ARES,RISE,https://rise-rc.com/fighter/iwago_taisei/
岩鶴城一楼,,Joichiro Iwaduru,romaji_only,KOGスポーツジム,RISE,https://rise-rc.com/fighter/iwaduru_joichiro/
峯山 竜哉,,MINEYAMA Tatsuya,romaji_only,WSRフェアテックス西川口,KNOCK OUT,https://knockoutkb.com/fighters/mineyama_tatsuya_209|https://www.k-1.co.jp/fighter/730
島田知佳,,Haruka Shimada,romaji_only,team VASILEUS,RISE,https://rise-rc.com/fighter/shimada_haruka/
嶋田将典,,Masanori Shimada,romaji_only,Stay Gold,RISE,https://rise-rc.com/fighter/shimada_masanori/
川上 叶,,KAWAKAMI Kyo,romaji_only,龍生塾,RISE|SHOOT BOXING|KNOCK OUT,https://rise-rc.com/fighter/kawakami_kyo/|https://knockoutkb.com/fighters/kawakami_kyo_91|https://shootboxing.org/fighter/kawakami_kyo/|https://www.k-1.co.jp/fighter/1424
川内参星,,KAWAUCHI Mihoshi,romaji_only,JACK GYM,RISE|KNOCK OUT,https://rise-rc.com/fighter/kawauchi_mihoshi/|https://knockoutkb.com/fighters/kawauchi_mihoshi_599
川口 遵汰,,KAWAGUCHI Jutta,romaji_only,HOSOKAWAジム,KNOCK OUT,https://knockoutkb.com/fighters/kawaguchi_jutta_460
川村 英樹,,KAWAMURA Hideki,romaji_only,リバーサルジム久喜WINGS,KNOCK OUT,https://knockoutkb.com/fighters/kawamura_hideki_358
川端 駿太,,KAWABATA Shunta,romaji_only,SHINE沖縄,KNOCK OUT,https://knockoutkb.com/fighters/kawabata_shunta_349
川野蓮斗,,Rento Kawano,romaji_only,DIATIGER GYM,RISE,https://rise-rc.com/fighter/kawano-rento/
川野 龍輝,,KAWANO Ryuki,romaji_only,KNOCK OUT クロスポイント吉祥寺,KNOCK OUT,https://knockoutkb.com/fighters/kawano_ryuki
工藤“red”玲央,,KUDO “red” Reo,romaji_only,TEAM TEPPEN,KNOCK OUT,https://knockoutkb.com/fighters/kudo_red_reo_84
工藤 卓也,,KUDO Takuya,romaji_only,SHINE沖縄,KNOCK OUT,https://knockoutkb.com/fighters/kudo_takuya_147
工藤 悠矢,,,none,秀晃道場,SHOOT BOXING,https://shootboxing.org/fighter/kudo_yuya/
工藤政英,,Masahide Kudo,romaji_only,新宿レフティージム,RISE,https://rise-rc.com/fighter/kudo_masahide/
巧光,,Takumi,romaji_only,REVOLT,RISE,https://rise-rc.com/fighter/mori_takumi/
市尾 宗太郎,,ICHIO Sotaro,romaji_only,和術慧舟會 HEARTS,KNOCK OUT,https://knockoutkb.com/fighters/ichio_sotaro_582
帝王,,Teio,romaji_only,D-BLAZE,RISE,https://rise-rc.com/fighter/teio/
常陸飛雄馬,,Hyuma Hitachi,romaji_only,TARGET SHIBUYA,RISE,https://rise-rc.com/fighter/hitachi_hyuma/|https://www.k-1.co.jp/fighter/1440
平出 雄大,,HIRAIDE Yudai,romaji_only,hangout,KNOCK OUT,https://knockoutkb.com/fighters/hiraide_yudai_408
平原 陸,,HIRAHARA Riku,romaji_only,TRY HARD GYM,RISE|KNOCK OUT,https://rise-rc.com/fighter/hirahara_riku/|https://knockoutkb.com/fighters/hirahara_riku_551
平塚大士,,Taishi Hiratsuka,romaji_only,チームドラゴン,RISE,https://rise-rc.com/fighter/hiratsuka_taishi/
平塚 洋二郎,,HIRATSUKA Yojiro,romaji_only,チーム・タイガーホーク/大道塾仙南支部,KNOCK OUT,https://knockoutkb.com/fighters/hiratsuka_yojiro_228|https://www.k-1.co.jp/fighter/938
平安 幸太郎,,HIRAYASU Kotaro,romaji_only,優志塾平安道場,KNOCK OUT,https://knockoutkb.com/fighters/hirayasu_kotaro_428
平山裕翔,,Yuto Hirayama,romaji_only,TEAM TEPPEN,RISE,https://rise-rc.com/fighter/hirayama_yuto/
平山龍馬,,Ryoma Hirayama,romaji_only,サクシードジム team EXCEED,RISE,https://rise-rc.com/fighter/hirayama_ryoma/
平川 蓮斗,,HIRAKAWA Rento,romaji_only,和術慧舟會 HEARTS,KNOCK OUT,https://knockoutkb.com/fighters/hirakawa_rento_363
平石 公介,,HIRAISI Kosuke,romaji_only,和術慧⾈會 HEARTS,KNOCK OUT,https://knockoutkb.com/fighters/hiraisi_kosuke_325
平野凌我,,HIRANO Ryoga,romaji_only,MTS,RISE|KNOCK OUT,https://rise-rc.com/fighter/hirano_ryoga/|https://knockoutkb.com/fighters/hirano_ryoga_518
幸希,,KOKI,romaji_only,KNOCK OUT クロスポイント拝島,KNOCK OUT,https://knockoutkb.com/fighters/koki_66
庄司 啓馬,,SHOJI Keima,romaji_only,TEAM TEPPEN,KNOCK OUT,https://knockoutkb.com/fighters/shoji_keima
康弘,,YASUHIRO,romaji_only,ゴリラジム,KNOCK OUT,https://knockoutkb.com/fighters/yasuhiro_258
康輝,,Koki,romaji_only,キング・ムエ,RISE,https://rise-rc.com/fighter/koki/
弘・センチャイジム,,KOTA Saenchai-Gym,romaji_only,センチャイムエタイジム,KNOCK OUT,https://knockoutkb.com/fighters/kota_saenchaigym_499
弘樹,,HIROKI,romaji_only,Y'ZD南堀江GYM,KNOCK OUT,https://knockoutkb.com/fighters/hiroki_522
弾丸風太,,Danganfuta,romaji_only,TEAM KAZE,RISE,https://rise-rc.com/fighter/dangan_futa/
彪司,,Hyuga,romaji_only,TEAM TEPPEN,RISE,https://rise-rc.com/fighter/hyuga/
彪羽,,HYO,romaji_only,チーム小樽コンバット,KNOCK OUT,https://knockoutkb.com/fighters/hyo_483
後藤貴司,,,none,,,https://ja.wikipedia.org/wiki/後藤貴司
忍アマラ―,,,none,SBモンゴル/SHINOBU fighting gym,SHOOT BOXING,https://shootboxing.org/fighter/shinobu_amara/
志水 薫,,Kaoru Shimizu,romaji_only,マスタージム,RISE,https://rise-rc.com/fighter/shimizu_kaoru/
怜虎,,Ryogo,romaji_only,PITBULL/KSR GYM,RISE,https://rise-rc.com/fighter/ryogo/
悠YAMATO,,YU Yamato,romaji_only,大和ジム,KNOCK OUT,https://knockoutkb.com/fighters/yu_yamato_215
悠斗,,Yuto,romaji_only,東京町田金子ジム,KNOCK OUT,https://knockoutkb.com/fighters/yuto_268
愁斗,,SYUTO,romaji_only,Bombo Freely,KNOCK OUT,https://knockoutkb.com/fighters/syuto
愛斗,,MANATO,romaji_only,真樹ジム糸満,KNOCK OUT,https://knockoutkb.com/fighters/manato_344
愛結菜,,Ayuna,romaji_only,東北AVANTI,RISE,https://rise-rc.com/fighter/ayuna/
愛翔,,Aito,romaji_only,Kickboxing Academy Sapporo,RISE,https://rise-rc.com/fighter/aito/
慶伍,,KEIGO,romaji_only,FIGHT B _GYM,KNOCK OUT,https://knockoutkb.com/fighters/keigo_456
憂也,,Yuya,romaji_only,魁塾,RISE,https://rise-rc.com/fighter/yuya/
成尾 拓輝,,NARUO Hiroki,romaji_only,究道会館,KNOCK OUT,https://knockoutkb.com/fighters/naruo_hiroki_478
我如古 優貴,,GANEKO Yuki,romaji_only,タイガーキック沖縄,KNOCK OUT,https://knockoutkb.com/fighters/ganeko_yuki_251
戦国,,,none,,,https://ja.wikipedia.org/wiki/戦国_(格闘家)
戦闘員1号,,SENTOIN 1st,romaji_only,EXARES,KNOCK OUT,https://knockoutkb.com/fighters/sentoin_1st_482
戸田龍将,,Ryusho Toda,romaji_only,フリー,RISE,https://rise-rc.com/fighter/toda_ryusho/
所 風雅,,Fuga Tokoro,romaji_only,Refre'K,RISE,https://rise-rc.com/fighter/tokoro_fuga/
手塚翔太,,Shota Tezuka,romaji_only,Sublime guys・GONG-GYM坂戸,RISE|SHOOT BOXING,https://rise-rc.com/fighter/tezuka_shota/|https://shootboxing.org/fighter/tezuka_shota/
折戸 アトム,,ORITO Atom,romaji_only,PHOENIX,KNOCK OUT,https://knockoutkb.com/fighters/orito_atom_117
拓也,,Takuya,romaji_only,S-ROUND,RISE,https://rise-rc.com/fighter/takuya/
拳剛,,Kengo,romaji_only,誠剛館,RISE,https://rise-rc.com/fighter/kengo/
指田 烈,,Retsu Sashida,romaji_only,TEAM TEPPEN,RISE,https://rise-rc.com/fighter/sashida_retsu/
政所 仁,,Jin Mandokoro,romaji_only,魁塾,RISE,https://rise-rc.com/fighter/mandokoro_jin/
数島七海,,Nanami Kazushima,romaji_only,及川道場,RISE,https://rise-rc.com/fighter/kazushima_nanami/
数島大陸,,Riku Kazushima,romaji_only,及川道場,RISE,https://rise-rc.com/fighter/kazushima_riku/
斎藤 千種,,SAITO Chigusa,romaji_only,白山道場,KNOCK OUT,https://knockoutkb.com/fighters/saito_chigusa_253
斗吾,,,none,,,https://ja.wikipedia.org/wiki/斗吾
新井雄大,,Yudai Arai,romaji_only,TARGET,RISE,https://rise-rc.com/fighter/arai_yudai/
新田 宗一朗,,ARATA Soichiro,romaji_only,KNOCK OUT クロスポイント吉祥寺,KNOCK OUT,https://knockoutkb.com/fighters/arata_soichiro|https://www.k-1.co.jp/fighter/1386
日畑夏美,,Natsumi Hibata,romaji_only,FKD Fighting Sports Gym,RISE,https://rise-rc.com/fighter/hibata_natsumi/
早川 悠太,,HAYAKAWA yuta,romaji_only,KNOCK OUT クロスポイント吉祥寺,KNOCK OUT,https://knockoutkb.com/fighters/hayakawa_yuta_506
旬ノ介,,Shunnosuke,romaji_only,K-LIFE,RISE,https://rise-rc.com/fighter/shunnosuke/
明夢,,Akimu,romaji_only,新興ムエタイジム,KNOCK OUT,https://knockoutkb.com/fighters/akimu_219
星久保将城,,Shoki Hoshikubo,romaji_only,S-ROUND,RISE,https://rise-rc.com/fighter/hoshikubo_shoki/
星 憂雅,,Yuga Hoshi,romaji_only,IDEAL GYM,RISE,https://rise-rc.com/fighter/hoshi_yuga/
星 拓海,,HOSHI Takumi,romaji_only,IDEAL GYM,RISE|KNOCK OUT,https://rise-rc.com/fighter/hoshi_takumi/|https://knockoutkb.com/fighters/hoshi_takumi_476
星野孝允,,Takamasa Hoshino,romaji_only,益荒男APACHE,RISE,https://rise-rc.com/fighter/hoshino_takamasa/
星野 航大,,HOSHINO Kodai,romaji_only,TORNADO,KNOCK OUT,https://knockoutkb.com/fighters/hoshino_kodai
智己,,TOMOMI,romaji_only,LARA TOKYO/スピリットジム仙台,KNOCK OUT,https://knockoutkb.com/fighters/tomomi_188
暖,,HARU,romaji_only,GODBLESSGYM,KNOCK OUT,https://knockoutkb.com/fighters/haru_395
曽根 修平,,SONE Shuhei,romaji_only,チャクリキ武湧会,KNOCK OUT,https://knockoutkb.com/fighters/sone_shuhei_233
最希んぐ,,SAIKING,romaji_only,GODBLESSGYM,KNOCK OUT,https://knockoutkb.com/fighters/saiking_445
有井渚海,,Shoa Arii,romaji_only,team VASILEUS,RISE,https://rise-rc.com/fighter/arii_shoa/
有川 直毅,,ARIKAWA Naoki,romaji_only,フリー,KNOCK OUT,https://knockoutkb.com/fighters/arikawa_naoki_432
有松 朝,,Tomo Arimatsu,romaji_only,SBHキックボクシングジム,RISE,https://rise-rc.com/fighter/arimatsu_tomo/
有馬 伶弐,,,none,龍生塾,SHOOT BOXING,https://shootboxing.org/fighter/arima_reiji/
朝倉未来,,Mikuru Asakura,romaji_only,JAPAN TOP TEAM,RISE,https://rise-rc.com/fighter/asakura_mikuru/
朝日彗仁,,Keito Asahi,romaji_only,TARGET SHIBUYA,RISE,https://rise-rc.com/fighter/asahi_keito/
木下 カラテ,,KINOSHITA Karate,romaji_only,和術慧⾈會 HEARTS,KNOCK OUT,https://knockoutkb.com/fighters/kinoshita_karate_387
木下亜輝斗,,Akito Kinoshita,romaji_only,FASCINATE FIGHT TEAM,RISE,https://rise-rc.com/fighter/kinoshita-akito/
木下悦志,,Etsushi Kinoshita,romaji_only,KICK LAB,RISE,https://rise-rc.com/fighter/kinoshita-etsushi/
木村“ケルベロス”颯太,,Sota“Cerberus”Kimura,romaji_only,心将塾,RISE,https://rise-rc.com/fighter/kimura_cerberus_sota/
木村 亮彦,,KIMURA Akihiro,romaji_only,KNOCK OUT クロスポイント大泉,KNOCK OUT,https://knockoutkb.com/fighters/kimura_akihiro_98
木村 涼仁,,KIMURA Ryoto,romaji_only,Bellus Gym,KNOCK OUT,https://knockoutkb.com/fighters/kimura_ryoto_367
木村翔稀,,Shoki Kimura,romaji_only,ANCHOR GYM,RISE,https://rise-rc.com/fighter/kimura_shoki/
未奈,,,none,秀晃道場,SHOOT BOXING,https://shootboxing.org/fighter/mina/
末國龍汰,,Ryuta Suekuni,romaji_only,フリー,RISE,https://rise-rc.com/fighter/suekuni_ryuta/
末永愛士,,Aito Suenaga,romaji_only,Kickboxing Academy Sapporo,RISE,https://rise-rc.com/fighter/suenaga-aito/
本野有哉,,Yuya Motono,romaji_only,照道会,RISE,https://rise-rc.com/fighter/motono_yuya/
朱里,,,none,グラップリングシュートボクサーズ名古屋,SHOOT BOXING,https://shootboxing.org/fighter/akarigsb/
朴龍,,,none,,,https://ja.wikipedia.org/wiki/朴龍
杉原 新也,,SUGIHARA Shinya,romaji_only,ワイルドシーサー前橋,KNOCK OUT,https://knockoutkb.com/fighters/sugihara_shinya
杉山豪基,,Goki Sugiyama,romaji_only,TARGET SHIBUYA,RISE,https://rise-rc.com/fighter/sugiyama_goki/
杉本 健,,,none,龍生塾ファントム道場,SHOOT BOXING,https://shootboxing.org/fighter/sugimoto_takeru/
杉本 祥,,Sho Sugimoto,romaji_only,TARGET SHIBUYA,RISE,https://rise-rc.com/fighter/sugimoto_sho/
村上悠佳,,Yuka Murakami,romaji_only,TEAM TEPPEN,RISE,https://rise-rc.com/fighter/murakami_yuka/
村松 一樹,,MURAMATSU Kazuki,romaji_only,WSR九州,KNOCK OUT,https://knockoutkb.com/fighters/muramatsu_kazuki_197
村田 義光,,,none,シーザージム,SHOOT BOXING,https://shootboxing.org/fighter/yoshimitsu_murata/
村田 聖明,,,none,シーザージム,SHOOT BOXING,https://shootboxing.org/fighter/murata_kiyoaki/
来家恵美子,,,none,,,https://ja.wikipedia.org/wiki/来家恵美子
東 修平,,Shuhei Higashi,romaji_only,AACC,RISE,https://rise-rc.com/fighter/higashi_shuhei/
東 蒼馬,,Soma Higashi,romaji_only,MONSTAR GYM,RISE,https://rise-rc.com/fighter/higashi_soma/
松下竜之助,,Ryunosuke Matsushita,romaji_only,Team +1,RISE,https://rise-rc.com/fighter/matsushita_ryunosuke/
松下隆義,,,none,,,https://ja.wikipedia.org/wiki/松下隆義
松井大樹,,Taiki Matsui,romaji_only,MEIBUKAI,RISE,https://rise-rc.com/fighter/matsui_taiki/
松倉 信太郎,,MATSUKURA Shintaro,romaji_only,TRY HARD GYM,KNOCK OUT,https://knockoutkb.com/fighters/matsukura_shintaro_242
松尾康弘,,Yasuhiro Matsuo,romaji_only,達磨ジム,RISE,https://rise-rc.com/fighter/matsuo_yasuhiro/
松山和弘,,Kazuhiro Matsuyama,romaji_only,ReBORN経堂,RISE,https://rise-rc.com/fighter/matsuyama_kazuhiro/
松山 瞬,,Shun Matsuyama,romaji_only,TEAM TEPPEN,RISE,https://rise-rc.com/fighter/matsuyama_shun/
松山 翔,,MATSUYAMA Sho,romaji_only,菅原道場,KNOCK OUT,https://knockoutkb.com/fighters/matsuyama_sho_158
松岡 力,,MATSUOKA Riki,romaji_only,K-1ジム五反田チームキングス,KNOCK OUT,https://knockoutkb.com/fighters/matsuoka_riki_568|https://www.k-1.co.jp/fighter/842
松岡宏宜,,Hiroki Matsuoka,romaji_only,H・K・A gym,RISE,https://rise-rc.com/fighter/matsuoka_hiroki/
松岡賛侍,,Sanji Matsuoka,romaji_only,ネイバーズキックボクシングジム,RISE,https://rise-rc.com/fighter/matsuoka-sanji/
松嶋 こよみ,,MATSUSHIMA Koyomi,romaji_only,IDEA ASAKUSA,KNOCK OUT,https://knockoutkb.com/fighters/matsushima_koyomi_418
松本 大輝,,MATSUMOTO Daiki,romaji_only,パラエストラ八王子,KNOCK OUT,https://knockoutkb.com/fighters/matsumoto_daiki_173
松本天志,,Tenshi Matsumoto,romaji_only,TARGET SHIBUYA,RISE,https://rise-rc.com/fighter/matsumoto_tenshi/
松本 将輝,,MATSUMOTO Masaki,romaji_only,リバーサルジム立川アルファ,KNOCK OUT,https://knockoutkb.com/fighters/matsumoto_masaki_439
松本徐倫,,Jolyne Matsumoto,romaji_only,ボスジム,RISE,https://rise-rc.com/fighter/matsumoto_jolyne/
松本悠希,,Yuki Matsumoto,romaji_only,K'growth,RISE,https://rise-rc.com/fighter/matsumoto-yuki/
松本慶二,,Keiji Matsumoto,romaji_only,TEPPEN GYM,RISE,https://rise-rc.com/fighter/matsumoto_keiji/
松本 隼斗,,MATSUMOTO Hayato,romaji_only,リバーサルジム立川アルファ,KNOCK OUT,https://knockoutkb.com/fighters/matsumoto_hayato_435
松本 飛雅,,MATSUMOTO Hyuga,romaji_only,パラエストラ広島,KNOCK OUT,https://knockoutkb.com/fighters/matsumoto_hyuga_377
松永 隆,,Ryu Matsunaga,romaji_only,新宿レフティージム,RISE,https://rise-rc.com/fighter/matsunaga_ryu/
松田 大将,,MATSUDA Taisho,romaji_only,WARRIOR OSAKA,KNOCK OUT,https://knockoutkb.com/fighters/matsuda_taisho_598
松田 茄樹,,MATSUDA Nagi,romaji_only,progress gym,KNOCK OUT,https://knockoutkb.com/fighters/matsuda_nagi_425
松田虎之介,,Toranosuke Matsuda,romaji_only,TARGET,RISE,https://rise-rc.com/fighter/matsuda_toranosuke/
松藤 麻衣,,MATSUFUJI Mai,romaji_only,KNOCK OUT クロスポイント吉祥寺,KNOCK OUT,https://knockoutkb.com/fighters/matsufuji_mai_143
林 功太郎,,Kotaro Hayashi,romaji_only,山口道場,RISE,https://rise-rc.com/fighter/hayashi_kotaro/
林 美菜,,Mina Hayashi,romaji_only,FORWARD GYM,RISE,https://rise-rc.com/fighter/hayashi-mina/
柊真,,Shuma,romaji_only,新潟誠道館,RISE,https://rise-rc.com/fighter/shuma/
柚子貴,,YUZUKI,romaji_only,NJKF京都野口GYM,KNOCK OUT,https://knockoutkb.com/fighters/yuzuki_101
柳澤 翔太,,YANAGISAWA Shota,romaji_only,KNOCK OUT クロスポイント吉祥寺,KNOCK OUT,https://knockoutkb.com/fighters/yanagisawa_shota_145
柴崎”ワンパンマン”亮,,SHIBASAKI “One Punch Man” Ryo,romaji_only,team AKATSUKI,KNOCK OUT,https://knockoutkb.com/fighters/shibasaki_one_punch_man_ryo_272
柴田春樹,,,none,,,https://ja.wikipedia.org/wiki/柴田春樹
柴田 真吾,,SHIBATA Shingo,romaji_only,フリー,KNOCK OUT,https://knockoutkb.com/fighters/shibata_shingo_85
栗野 耕作,,KURINO Kosaku,romaji_only,HAYATO GYM,KNOCK OUT,https://knockoutkb.com/fighters/kurino_kosaku_477
根木 哲也,,,none,TEAM FOREST,SHOOT BOXING,https://shootboxing.org/fighter/negi_tetsuya/
根本 恵伍,,NEMOTO Keigo,romaji_only,ONE`S GOAL,KNOCK OUT,https://knockoutkb.com/fighters/nemoto_keigo_309
根本日向,,Hyuga Nemoto,romaji_only,team LIGHT,RISE,https://rise-rc.com/fighter/nemoto-hyuga/
梅尾 メイ,,UMEO Mei,romaji_only,B9 GYM,KNOCK OUT,https://knockoutkb.com/fighters/umeo_mei_265
梅沢 遼太郎,,UMEZWA Ryotaro,romaji_only,白山道場,KNOCK OUT,https://knockoutkb.com/fighters/umezwa_ryotaro_99
梅津 ガブリエル,,UMEZU Gabriel,romaji_only,K-PLACE,KNOCK OUT,https://knockoutkb.com/fighters/umezu_gabriel_464
棚澤大空,,Sora Tanazawa,romaji_only,TEAM TEPPEN,RISE,https://rise-rc.com/fighter/tanazawa-sora/
森下祐樹,,Yuki Morishita,romaji_only,SUNNY GYM,RISE,https://rise-rc.com/fighter/morishita_yuki/
森園 直樹,,,none,TIA辻道場,SHOOT BOXING,https://shootboxing.org/fighter/morizono_naoki/
森孝太郎,,Kotaro Mori,romaji_only,NEXT STEP GYM,RISE,https://rise-rc.com/fighter/mori_kotaro/
森岡 悠樹,,MORIOKA Yuki,romaji_only,北流会君津ジム,KNOCK OUT,https://knockoutkb.com/fighters/morioka_yuki_111
森本一陽,,Ichiyo Morimoto,romaji_only,NEXT LEVEL渋谷,RISE,https://rise-rc.com/fighter/morimoto_ichiyo/
森本“狂犬”義久,,Yoshihisa Kyoken Morimoto,romaji_only,BRING IT ONパラエストラAKK,RISE,https://rise-rc.com/fighter/morimoto_kyoken_yoshihisa/
森本現暉,,Genki Morimoto,romaji_only,猛者連精華支部華一門,RISE,https://rise-rc.com/fighter/morimoto_genki/
森村晴豊,,Haruto Moromura,romaji_only,UPLIFT,RISE,https://rise-rc.com/fighter/moromura-haruto/
森田崇文,,Takafumi Morita,romaji_only,team NEWALONE,RISE,https://rise-rc.com/fighter/morita_takafumi/
森 謙太,,Kenta Mori,romaji_only,秀心塾,RISE,https://rise-rc.com/fighter/mori-kenta/
森 香津眞,,Kazuma Mori,romaji_only,チームドラゴン,RISE,https://rise-rc.com/fighter/mori_kazuma/
植山征紀,,Seiki Ueyama,romaji_only,龍生塾ファントム道場,RISE|SHOOT BOXING,https://rise-rc.com/fighter/ueyama_seiki/|https://shootboxing.org/fighter/ueyama_seiki/
榊克幸,,,none,,,https://ja.wikipedia.org/wiki/榊克幸
樋口知春,,Chiharu Higuchi,romaji_only,極真会館,RISE,https://rise-rc.com/fighter/higuchi_chiharu/
樋沼 朝光,,,none,RIKI GYM,SHOOT BOXING,https://shootboxing.org/fighter/hinuma_asahi/
樋田智子,,Tomoko Hida,romaji_only,リアルディール,RISE,https://rise-rc.com/fighter/hida_tomoko/
横山典雄,,Norio Yokoyama,romaji_only,不死鳥道場,RISE,https://rise-rc.com/fighter/yokoyama_norio/
横山 凉,,YOKOYAMA Ryo,romaji_only,WSRフェアテックス茨城,KNOCK OUT,https://knockoutkb.com/fighters/yokoyama_ryo_566
横山大翔,,Hiroto Yokoyama,romaji_only,拳心會館,RISE,https://rise-rc.com/fighter/yokoyama-hiroto/
横山 太一朗,,YOKOYAMA Taichiro,romaji_only,KNOCK OUT クロスポイント大泉,KNOCK OUT,https://knockoutkb.com/fighters/yokoyama_taichiro
横山  晏輝,,YOKOYAMA Haruki,romaji_only,リーブルロア,KNOCK OUT,https://knockoutkb.com/fighters/yokoyama_haruki_592
横野 洋,,YOKONO Hiro,romaji_only,キックボクシングジム3K,KNOCK OUT,https://knockoutkb.com/fighters/yokono_hiro_230
樹里,,Juri,romaji_only,HAYATO GYM,RISE,https://rise-rc.com/fighter/juri/
橋本 天汰,,HASHIMOTO Tenta,romaji_only,ISHITSUNA MMA,KNOCK OUT,https://knockoutkb.com/fighters/hashimoto_tenta_361
橋本 奏太朗,,HASHIMOTO Sotaro,romaji_only,和術慧舟會 HEARTS,KNOCK OUT,https://knockoutkb.com/fighters/hashimoto_sotaro_368
橘 汰珠,,Taiju Tachibana,romaji_only,リアルディール,RISE,https://rise-rc.com/fighter/tachibanna_taiju/
櫻井 博,,SAKURAI　Hiroshi,romaji_only,多田ジム,KNOCK OUT,https://knockoutkb.com/fighters/sakuraihiroshi_597
櫻井 芯,,Shin Sakurai,romaji_only,team FIST,RISE,https://rise-rc.com/fighter/sakurai_shin/
正木翔夢,,Shion Masaki,romaji_only,OISHI GYM,RISE,https://rise-rc.com/fighter/masaki_shion/
武中秀武,,Hidetake Takenaka,romaji_only,魁塾 中川道場,RISE,https://rise-rc.com/fighter/takenaka_hidetake/
武内 晴信,,TAKEUCHI Harunobu,romaji_only,TEAM PREPARED,KNOCK OUT,https://knockoutkb.com/fighters/takeuchi_harunobu_348
武来安,,BRIAN,romaji_only,上州松井ジム,RISE|KNOCK OUT,https://rise-rc.com/fighter/brian/|https://knockoutkb.com/fighters/brian_241
武田崚登,,Ryouto Takeda,romaji_only,OISHI GYM,RISE,https://rise-rc.com/fighter/takeda-ryouto/
武蔵,,Musashi,romaji_only,WIVERN,KNOCK OUT,https://knockoutkb.com/fighters/musashi_155
武 裕太,,Yuta Take,romaji_only,誠真会館所沢道場,RISE,https://rise-rc.com/fighter/take_yuta/
歩希,,IBUKI,romaji_only,team VASILEUS,KNOCK OUT,https://knockoutkb.com/fighters/ibuki_498
歩結翔,,Ayuto,romaji_only,PRINCE KC,RISE,https://rise-rc.com/fighter/ayuto/
比嘉 龍一,,HIGA Ryuichi,romaji_only,TEAM PREPARED,KNOCK OUT,https://knockoutkb.com/fighters/higa_ryuichi_350
毬那,,Marina,romaji_only,Y'ZD豊見城GYM,RISE,https://rise-rc.com/fighter/marina/
水流添正太,,Shota Tsuruzoe,romaji_only,道場373,RISE,https://rise-rc.com/fighter/tsuruzoe_shota/
水落洋祐,,Yosuke Mizuochi,romaji_only,エイワスポーツジム,RISE,https://rise-rc.com/fighter/mizuochi_yosuke/
水野夢斗,,Yumeto Mizuno,romaji_only,TEAM TEPPEN,RISE,https://rise-rc.com/fighter/mizuno_yumeto/
永尾和久,,Kazuhisa Nagao,romaji_only,NEXT STEP GYM,RISE,https://rise-rc.com/fighter/nagao_kazuhisa/
永尾音波,,Otoha Nagao,romaji_only,AACC,RISE,https://rise-rc.com/fighter/nagao_otoha/
永山 琉斗,,NAGAYAMA Ryuto,romaji_only,永山道場TEAMHRT,KNOCK OUT,https://knockoutkb.com/fighters/nagayama_ryuto_604
永峯麗人,,Reito Nagamine,romaji_only,インタージム谷山,RISE,https://rise-rc.com/fighter/nagamine_reito/
永松進之介,,Shinnosuke Nagamatsu,romaji_only,FJ KICK ASS,RISE,https://rise-rc.com/fighter/nagamatsu_shinnosuke/
江森 優惺,,EMORI Yusei,romaji_only,KNOCK OUT クロスポイント吉祥寺,KNOCK OUT,https://knockoutkb.com/fighters/emori_yusei_376
江澤 悠里,,,none,シーザージム,SHOOT BOXING,https://shootboxing.org/fighter/ezawa_yuri/
池田 航太,,IKEDA Kota,romaji_only,拳粋会宮越道場,KNOCK OUT,https://knockoutkb.com/fighters/ikeda_kota_146
池田茂由,,,none,,,https://ja.wikipedia.org/wiki/池田茂由
河坂 修斗,,KOSAKA Shuto,romaji_only,KNOCK OUT クロスポイント吉祥寺,KNOCK OUT,https://knockoutkb.com/fighters/kosaka_shuto_623
泰良拓也,,Takuya Taira,romaji_only,パウンドフォーパウンド,RISE,https://rise-rc.com/fighter/taira_takuya/
津崎 善郎,,TSUZAKI Yoshiro,romaji_only,LAILAPS東京北星ジム,KNOCK OUT,https://knockoutkb.com/fighters/tsuzaki_yoshiro_108
津田 宗弥,,TSUDA Kazuya,romaji_only,KNOCK OUT クロスポイント吉祥寺,KNOCK OUT,https://knockoutkb.com/fighters/tsuda_kazuya_138
津田 翔,,TSUDA Kakeru,romaji_only,フリー,KNOCK OUT,https://knockoutkb.com/fighters/tsuda_kakeru_379
津留純平,,Junpei Tsuru,romaji_only,FASCINATE FIGHT TEAM,RISE,https://rise-rc.com/fighter/tsuru_junpei/
浅井春香,,ASAI Haruka,romaji_only,Kick Box,RISE|KNOCK OUT,https://rise-rc.com/fighter/asai_haruka/|https://knockoutkb.com/fighters/asai_haruka_278
浅川 大立,,ASAKAWA Hirotatu,romaji_only,MWS,KNOCK OUT,https://knockoutkb.com/fighters/asakawa_hirotatu_393
浅野功暉,,Koki Asano,romaji_only,REBOOT,RISE,https://rise-rc.com/fighter/asano_koki/
浅野裕雅,,Yuga Asano,romaji_only,Y'ZD GYM,RISE,https://rise-rc.com/fighter/asano-yuga/
海人,,KAITO,romaji_only,TEAM F.O.D,RISE|SHOOT BOXING,https://rise-rc.com/fighter/kaito/|https://shootboxing.org/fighter/kaito/
海人,,KAITO,romaji_only,SHOOT BOXING／TEAM FOD,KNOCK OUT,https://knockoutkb.com/fighters/kaito_281
涼,,Ryo,romaji_only,ハーデスワークアウトジム,RISE,https://rise-rc.com/fighter/ryo/
深田 一樹,,,none,龍生塾ファントム道場,SHOOT BOXING,https://shootboxing.org/fighter/fukada-kazuki/
清水俊貴,,Toshitaka Shimizu,romaji_only,NEXT LEVEL渋谷,RISE,https://rise-rc.com/fighter/shimizu_toshitaka/
清水 悟,,,none,シーザージム新小岩,SHOOT BOXING,https://shootboxing.org/fighter/shimizu_satoru/
清水秀仁,,Hidehito Shimizu,romaji_only,TARGET SHIBUYA,RISE,https://rise-rc.com/fighter/shimizu-hidehito/
清水 龍一,,SHIMIZU Ryuichi,romaji_only,React Gym Shonan,KNOCK OUT,https://knockoutkb.com/fighters/shimizu_ryuichi_579
渋江 健司,,SHIBUE Kenji,romaji_only,Y’ZD GYM,KNOCK OUT,https://knockoutkb.com/fighters/shibue_kenji_578
渋谷 昂治,,SHIBUYA Koji,romaji_only,東京町田金子ジム,KNOCK OUT,https://knockoutkb.com/fighters/shibuya_koji_250
渋谷 茜,,Akane  Shibuya,romaji_only,INHERIT ONENESS × 剛毅會,RISE,https://rise-rc.com/fighter/shibuya-akane/
渚,,NAGISA,romaji_only,K-1ジム五反田チームキングス,KNOCK OUT,https://knockoutkb.com/fighters/nagisa_149
渡久山ゆうた,,,none,,,https://ja.wikipedia.org/wiki/渡久山ゆうた
渡口 耀,,TOGUCHI Yoh,romaji_only,Y'ZD GYM沖縄,KNOCK OUT,https://knockoutkb.com/fighters/togochi_yoh_519
渡慶次 幸平,,TOKESHI Kohei,romaji_only,KNOCK OUT クロスポイント吉祥寺,KNOCK OUT,https://knockoutkb.com/fighters/tokeshi_kohei_167
渡辺 翔也,,WATANABE Shoya,romaji_only,D-BLAZE,KNOCK OUT,https://knockoutkb.com/fighters/watanabe_shoya_421
渡邉 光,,Hikaru Watanabe,romaji_only,NEXT STEP GYM,RISE,https://rise-rc.com/fighter/watanabe_hikaru/
渡部 惺,,WATANABE Seina,romaji_only,KNOCK OUT クロスポイント大泉,KNOCK OUT,https://knockoutkb.com/fighters/watanabe_seina_383
湯澤尚矢,,,none,,,https://ja.wikipedia.org/wiki/湯澤尚矢
溜田蒼馬,,Soma Tameda,romaji_only,FUTAMI FIGHTCLUB,RISE,https://rise-rc.com/fighter/tameda_soma/
滉大,,Kodai,romaji_only,及川道場,RISE,https://rise-rc.com/fighter/kodai/
滝澤 直樹,,TAKIZAWA Naoki,romaji_only,Club TOSHI/GLION GYM,KNOCK OUT,https://knockoutkb.com/fighters/takizawa_naoki_380
漁鬼,,RYOKI,romaji_only,SHINE沖縄,KNOCK OUT,https://knockoutkb.com/fighters/ryoki
澤谷大樹,,Taiki Sawatani,romaji_only,HAWK GYM,RISE,https://rise-rc.com/fighter/sawatani_taiki/
濱田 巧,,HAMADA Takumi,romaji_only,team AKATSUKI,KNOCK OUT,https://knockoutkb.com/fighters/hamada_takumi_244
濱田 海,,,none,TIA辻道場,SHOOT BOXING,https://shootboxing.org/fighter/hamada_una/
瀬戸口勝也,,,none,,,https://ja.wikipedia.org/wiki/瀬戸口勝也
熊澤 バイオレンス,,,none,グラップリングシュートボクサーズ名古屋,SHOOT BOXING,https://shootboxing.org/fighter/kumazawa_violence/
片山 魁,,,none,TEAM FOREST,SHOOT BOXING,https://shootboxing.org/fighter/katayama_kai/
片島 聡志,,KATASHIMA Satoshi,romaji_only,Kick Life,KNOCK OUT,https://knockoutkb.com/fighters/katashima_satoshi_122
牧野騎士,,knight Makino,romaji_only,FASCINATE FIGHT TEAM,RISE,https://rise-rc.com/fighter/makino_knight/
狂介,,Kyosuke,romaji_only,道化倶楽部,RISE,https://rise-rc.com/fighter/kyosuke-2/
狂狼,,Kyowlow,romaji_only,TKBA/TMMA,RISE,https://rise-rc.com/fighter/kyowlow/
狂猫Yokko,,Crazycat yokko,romaji_only,BRING IT ONパラエストラAKK,RISE,https://rise-rc.com/fighter/crazycat_yokko/
王希,,Oki,romaji_only,EX ARES,RISE,https://rise-rc.com/fighter/oki/
玖村将史,,Masashi Kumura,romaji_only,999,RISE,https://rise-rc.com/fighter/kumura-masashi/
玲翔,,Ryoto,romaji_only,Vigor Kickboxing Gym,RISE,https://rise-rc.com/fighter/ryoto/
珅太郎,,Shintaro,romaji_only,KRAZY BEE,RISE,https://rise-rc.com/fighter/shintaro/
珠璃,,SHURI,romaji_only,闘神塾,KNOCK OUT,https://knockoutkb.com/fighters/shuri_448
琉樺,,Ruka,romaji_only,Tiger Muay Thai/LA GYM,RISE,https://rise-rc.com/fighter/ruka-3/
琢磨,,Takuma,romaji_only,OFA,RISE,https://rise-rc.com/fighter/takuma/
瑠夏,,RUKA,romaji_only,L-REX,RISE,https://rise-rc.com/fighter/ruka/
瑠夏,,RUKA,romaji_only,フリー,KNOCK OUT,https://knockoutkb.com/fighters/ruka_462
璃久,,Riku,romaji_only,フリー,SHOOT BOXING,https://shootboxing.org/fighter/ruku/
田上健太,,Kenta Tanoue,romaji_only,フリー,RISE,https://rise-rc.com/fighter/tanoue_kenta/
田中佑樹,,Yuki Tanaka,romaji_only,TARGET SHIBUYA,RISE,https://rise-rc.com/fighter/tanaka_yuki/
田中恒星,,Kosei Tanaka,romaji_only,FASCINATE FIGHT TEAM,RISE,https://rise-rc.com/fighter/tanaka_kosei/
田中 頌大,,TANAKA Shodai,romaji_only,ONE`S GOAL,KNOCK OUT,https://knockoutkb.com/fighters/tanaka_shodai
田丸 辰,,Toki Tamaru,romaji_only,TRY HARD GYM,RISE,https://rise-rc.com/fighter/tamaru_toki/
田渕涼香,,Suzuka Tabuchi,romaji_only,拳聖塾,RISE,https://rise-rc.com/fighter/tabuchi_suzuka/
甲斐元太郎,,Gentaro Kai,romaji_only,理心塾,RISE,https://rise-rc.com/fighter/kai_gentaro/
登島優音,,Yun Toshima,romaji_only,NEXT LEVEL渋谷,RISE,https://rise-rc.com/fighter/toshima_yun/
白川陸斗,,Rikuto Shirakawa,romaji_only,JAPAN TOP TEAM,RISE,https://rise-rc.com/fighter/shirakawa_rikuto/
白石 舜,,Shun Shiraishi,romaji_only,TEAM TEPPEN,RISE,https://rise-rc.com/fighter/shiraishi_shun/
白雪 ゆき,,SHIRAYUKI Yuki,romaji_only,クボジムーリレイズ東京ー,KNOCK OUT,https://knockoutkb.com/fighters/shirayuki_yuki_586
白鳥光希,,Koki Shiratori,romaji_only,正道会館KCIEL,RISE,https://rise-rc.com/fighter/shiratori_koki/
白鳥大珠,,Taiju Shiratori,romaji_only,TEAM TEPPEN,RISE,https://rise-rc.com/fighter/shiratori_taiju/|https://www.k-1.co.jp/fighter/1258
百田 海愛,,MOMODA Siia,romaji_only,誠友塾,KNOCK OUT,https://knockoutkb.com/fighters/momoda_siia_77
百花,,Momoka,romaji_only,魁塾,RISE,https://rise-rc.com/fighter/momoka/
皆川 裕哉,,MINAGAWA Yuya,romaji_only,KICK BOX,KNOCK OUT,https://knockoutkb.com/fighters/minagawa_yuya_491
直希,,Naoki,romaji_only,REVOLT,RISE,https://rise-rc.com/fighter/naoki-2/
直樹,,Naoki,romaji_only,フリー,RISE,https://rise-rc.com/fighter/naoki/
相沢 晟,,Jo Aizawa,romaji_only,TARGET,RISE,https://rise-rc.com/fighter/aizawa_jo/
相田竜三,,Ryuzo Aida,romaji_only,TARGET,RISE,https://rise-rc.com/fighter/aida-ryuzo/
相良一志,,Kazushi Sagara,romaji_only,究道会館,RISE,https://rise-rc.com/fighter/sagara_kazushi/
真琴,,MAKOTO,romaji_only,STRING FIGHT LAB,KNOCK OUT,https://knockoutkb.com/fighters/makoto_587
真秀鷹虎センチャイジム,,MAHO Takatora Saenchai-GYM,romaji_only,センチャイムエタイジム,KNOCK OUT,https://knockoutkb.com/fighters/maho_takatora_saenchaigym_449
矢野 来輝,,YANO Raiki,romaji_only,赤雲會,KNOCK OUT,https://knockoutkb.com/fighters/yano_raiki_556
知花デビット,,Chibana David,romaji_only,エイワスポーツジム/Aimhigh,RISE,https://rise-rc.com/fighter/chibana_david/
知花 優太,,CHIBANA Yuta,romaji_only,タイガーキック沖縄,KNOCK OUT,https://knockoutkb.com/fighters/chibana_yuta_521
石井 拓也,,,none,TEAM FOREST,SHOOT BOXING,https://shootboxing.org/fighter/ishii_takuya/
石川 直樹,,ISHIKAWA Naoki,romaji_only,KICKFUL GYM,KNOCK OUT,https://knockoutkb.com/fighters/ishikawa_naoki_229
石月祐作,,Yusaku Ishizuki,romaji_only,KAGAYAKI,RISE,https://rise-rc.com/fighter/ishizuki_yusaku/
石渡 寛崇,,ISHIWATA Hirotaka,romaji_only,Fired Up Gym,KNOCK OUT,https://knockoutkb.com/fighters/ishiwata_hirotaka_475
祐輝,,YOSHIKI,romaji_only,OU-BU GYM,RISE|KNOCK OUT,https://rise-rc.com/fighter/yoshiki/|https://knockoutkb.com/fighters/yoshiki_82
祖根 寿麻,,SONE Kazuma,romaji_only,ZOOMER,KNOCK OUT,https://knockoutkb.com/fighters/sone_kazuma_388|https://www.k-1.co.jp/fighter/791
神保 雄大,,JINBO Yuta,romaji_only,KNOCK OUT クロスポイント吉祥寺,KNOCK OUT,https://knockoutkb.com/fighters/jinbo_yuta_137
神谷優良,,Yura Kamiya,romaji_only,KKC,RISE,https://rise-rc.com/fighter/kamiya_yura/
祟斗,,TAKATO,romaji_only,HAKUBI GYM team箔火,KNOCK OUT,https://knockoutkb.com/fighters/takayo_602
祥子JSK,,SHOKO JSK,romaji_only,治政館,RISE|KNOCK OUT,https://rise-rc.com/fighter/shokojsk/|https://knockoutkb.com/fighters/shoko_jsk_267
福井萌矢,,Tomoya Fukui,romaji_only,建武館,RISE,https://rise-rc.com/fighter/fukui_tomoya/
福井 達郎,,FUKUI Tatsuro,romaji_only,BRAVE FIGHT CLUB,KNOCK OUT,https://knockoutkb.com/fighters/fukui_tatsuro_538
福 僚太,,FUKU Ryota,romaji_only,健成會,KNOCK OUT,https://knockoutkb.com/fighters/fuku_ryota_555
福岡直也,,,none,,,https://ja.wikipedia.org/wiki/福岡直也
福島草太,,Sota Fukushima,romaji_only,MASTER JAPAN,RISE,https://rise-rc.com/fighter/fukushima_sota/
福永 輝,,FUKUNAGA Hikaru,romaji_only,フリー,KNOCK OUT,https://knockoutkb.com/fighters/fukunaga_hikaru_515
福田 拓海,,FUKUDA Takumi,romaji_only,KNOCK OUT クロスポイント大泉,KNOCK OUT,https://knockoutkb.com/fighters/fukuda_takumi
福田 海斗,,FUKUDA Kaito,romaji_only,キング・ムエ,KNOCK OUT,https://knockoutkb.com/fighters/fukuda_kaito_564
福田 貴也,,FUKUDA Takaya,romaji_only,ハーデスワークアウト,KNOCK OUT,https://knockoutkb.com/fighters/fukuda_takaya_437
福里 優生,,FUKUSATO Yusei,romaji_only,KNOCK OUT クロスポイント大泉,KNOCK OUT,https://knockoutkb.com/fighters/fukusato_yusei_362
秋田 巴琉,,AKITA Haru,romaji_only,キング・ムエ,KNOCK OUT,https://knockoutkb.com/fighters/akita_haru_472
秋田 芭菜,,AKITA Hana,romaji_only,キング・ムエ,KNOCK OUT,https://knockoutkb.com/fighters/akita_hana_343
稲井良弥,,Ryoya Inai,romaji_only,TARGET大森,RISE,https://rise-rc.com/fighter/inai_ryoya/
稲石竜弥,,Tatsuya Inaishi,romaji_only,Team OJ,RISE,https://rise-rc.com/fighter/inaishi_tatsuya/|https://www.k-1.co.jp/fighter/686
空龍,,Aron,romaji_only,空修会館,KNOCK OUT,https://knockoutkb.com/fighters/kuryu_245
窪山 昂,,Noboru Kuboyama,romaji_only,リアルディール,RISE,https://rise-rc.com/fighter/kuboyama_noboru/
竜也,,,none,CRISS-CROSS,SHOOT BOXING,https://shootboxing.org/fighter/tatsuya/
竜矢,,RYUYA,romaji_only,伊原道場稲城支部,KNOCK OUT,https://knockoutkb.com/fighters/ryuya_238
竜雅,,RYUGA,romaji_only,健成會,KNOCK OUT,https://knockoutkb.com/fighters/ryuga_596
竹内皇貴,,Koki Takeuchi,romaji_only,チームドラゴン,RISE,https://rise-rc.com/fighter/takeuchi_koki/
竹内賢一,,TAKEUCHI Kenichi,romaji_only,Ten Clover Gym世田谷,RISE|KNOCK OUT,https://rise-rc.com/fighter/takeuchi_kenichi/|https://knockoutkb.com/fighters/takeuchi_kenichi_260
竹内龍馬,,Ryoma Takeuchi,romaji_only,TRY HARD GYM,RISE,https://rise-rc.com/fighter/takeuchi_ryoma/
竹市一樹,,Kazuki Takeichi,romaji_only,二刃会,RISE,https://rise-rc.com/fighter/takeichi_kazuki/
竹若祐輝,,,none,,,https://ja.wikipedia.org/wiki/竹若祐輝
竹野 元稀,,,none,風吹ジム,SHOOT BOXING,https://shootboxing.org/fighter/takeno_genki/
竹野展生,,Tenki Takeno,romaji_only,風吹ジム,RISE|SHOOT BOXING,https://rise-rc.com/fighter/takeno_tenki/|https://shootboxing.org/fighter/takeno_tenki/
笠原友希,,Yuki Kasahara,romaji_only,シーザージム,RISE|SHOOT BOXING,https://rise-rc.com/fighter/kasahara_yuki/|https://shootboxing.org/fighter/kasahara_yuuki/|https://www.k-1.co.jp/fighter/1277
笠原弘希,,Hiroki Kasahara,romaji_only,シーザージム,RISE|SHOOT BOXING,https://rise-rc.com/fighter/kasahara_hiroki/|https://shootboxing.org/fighter/kasahara_hiroki/
笠原直希,,Naoki Kasahara,romaji_only,シーザージム,RISE|SHOOT BOXING,https://rise-rc.com/fighter/kasahara_naoki/|https://shootboxing.org/fighter/kasahara_naoki/
篠原基宏,,,none,,,https://ja.wikipedia.org/wiki/篠原基宏
篠崎 竜之介,,SHINOZAKI Ryunosuke,romaji_only,ONE`S GOAL,KNOCK OUT,https://knockoutkb.com/fighters/shinozaki_ryunosuke_423
簗 丈一,,Joichi Yana,romaji_only,TEAM Aimhigh,RISE,https://rise-rc.com/fighter/yana_joichi/
米川 たすく,,YONEKAWA Tasuku,romaji_only,米川道場,KNOCK OUT,https://knockoutkb.com/fighters/yonekawa_tasuku_618
純樹,,Atsuki,romaji_only,KSR GYM,RISE,https://rise-rc.com/fighter/atsuki/
細越竜之介,,Ryunosuke Hosokoshi,romaji_only,team AKATSUKI,RISE,https://rise-rc.com/fighter/hosokoshi_ryunosuke/
細野登弘,,Takahiro Hosono,romaji_only,新潟誠道館,RISE,https://rise-rc.com/fighter/hosono_takahiro/
紺野煌人,,Kirato Konno,romaji_only,神龍ワールドジム,RISE,https://rise-rc.com/fighter/konno-kirato/
組坂 颯,,Hayate Kumisaka,romaji_only,KSS健生館,RISE,https://rise-rc.com/fighter/kumisaka-hayate/
美斬帝,,Mikity,romaji_only,テツジム,RISE,https://rise-rc.com/fighter/mikity/
義斗,,YOSHITO,romaji_only,fplus team quest,KNOCK OUT,https://knockoutkb.com/fighters/yoshito_490
羽村 りょうたろう,,HAMURA Ryotaro,romaji_only,CANDY GYM,KNOCK OUT,https://knockoutkb.com/fighters/hamura_ryotaro_404
翔,,Kakeru,romaji_only,REVOLT,RISE,https://rise-rc.com/fighter/kakeru/
翔真,,Shoma,romaji_only,SEED GYM,RISE,https://rise-rc.com/fighter/shoma-1/
翔磨,,SHOMA,romaji_only,TEAM-ANOTHER,RISE|KNOCK OUT,https://rise-rc.com/fighter/shoma/|https://knockoutkb.com/fighters/shoma_615
翼,,Tsubasa,romaji_only,TARGET,RISE,https://rise-rc.com/fighter/tsubasa/
老沼 隆斗,,OINUMA Ryuto,romaji_only,STRUGGLE,KNOCK OUT,https://knockoutkb.com/fighters/oinuma_ryuto_184
般若HASHIMOTO,,HANNYA HASHIMOTO,romaji_only,KNOCK OUT クロスポイント吉祥寺,KNOCK OUT,https://knockoutkb.com/fighters/hannya_hashimoto|https://www.k-1.co.jp/fighter/933
良太郎,,RYOTARO,romaji_only,池袋BLUE DOG GYM/team AKATSUKI,KNOCK OUT,https://knockoutkb.com/fighters/ryotaro_106
良星,,Rasta,romaji_only,KSR GYM,RISE,https://rise-rc.com/fighter/rasta/
花岡 竜,,Ryu Hanaoka,romaji_only,橋本道場,RISE,https://rise-rc.com/fighter/hanaoka_ryu/
花田麻衣,,Mai Hanada,romaji_only,GROUND CORE,RISE,https://rise-rc.com/fighter/hanada_mai/
若原 聖,,Tsubasa Wakahara,romaji_only,TEAM TEPPEN,RISE,https://rise-rc.com/fighter/wakahara_tsubasa/
茂木 豪汰,,MOGI Gota,romaji_only,上州松井ジム,KNOCK OUT,https://knockoutkb.com/fighters/mogi_gota_330
草MAX,,KUSA Max,romaji_only,グラバカ赤羽,KNOCK OUT,https://knockoutkb.com/fighters/kusa_max_577
荒井 幸太郎,,ARAI Kotaro,romaji_only,SUCCEED GYM,KNOCK OUT,https://knockoutkb.com/fighters/arai_kotaro_397
荒尾 彰,,Sho Arao,romaji_only,リアルディール,RISE,https://rise-rc.com/fighter/arao_sho/
荒尾 祐太,,,none,チーム吉鷹,SHOOT BOXING,https://shootboxing.org/fighter/arao_yuta/
菊地美乃里,,KIKUCHI Minori,romaji_only,GONG-GYM坂戸,RISE|SHOOT BOXING|KNOCK OUT,https://rise-rc.com/fighter/kikuchi_minori/|https://knockoutkb.com/fighters/kikuchi_minori_326|https://shootboxing.org/fighter/kikuchi_minori/
菊川 蓮,,Ren Kikukawa,romaji_only,MMA IKUSU,RISE,https://rise-rc.com/fighter/kukikawa_ren/
萩本将次,,Shoji Hagimoto,romaji_only,FUTAMI FIGHTCLUB,RISE,https://rise-rc.com/fighter/hagimoto_shoji/
蒔・センチャイジム,,MACTO Saenchai-GYM,romaji_only,センチャイムエタイジム,KNOCK OUT,https://knockoutkb.com/fighters/macto_saenchaigym
蒼士,,,none,TEAM F.O.D,SHOOT BOXING,https://shootboxing.org/fighter/aoshi/
蒼太,,Sota,romaji_only,UPLIFT,RISE,https://rise-rc.com/fighter/sota/
藁谷 兼介,,WARAGAI Kensuke,romaji_only,クロスポイント・パラエストラ拝島,KNOCK OUT,https://knockoutkb.com/fighters/waragai_kensuke_573
藍之輔,,Rannosuke,romaji_only,STRIFE,RISE,https://rise-rc.com/fighter/rannosuke/
藤井海人,,Kaito Fujii,romaji_only,EX ARES,RISE,https://rise-rc.com/fighter/fujii_kaito/
藤井重綺,,Shigeki Fujii,romaji_only,Team +1,RISE,https://rise-rc.com/fighter/fujii_shigeki/
藤原 将裕,,FUJIHARA Masahiro,romaji_only,MWS,KNOCK OUT,https://knockoutkb.com/fighters/fujihara_masahiro_346
藤橋チャンミン,,FUJIHASHI Chanmin,romaji_only,KNOCK OUT クロスポイント吉祥寺,KNOCK OUT,https://knockoutkb.com/fighters/fujihashi_chanmin_65
藤橋 光,,Hikaru Fujihashi,romaji_only,TEAM LIBERTAD/KTT,RISE,https://rise-rc.com/fighter/fujihashi_hikaru/
藤澤敏来,,Toshiki Fujisawa,romaji_only,NEXT STEP GYM,RISE,https://rise-rc.com/fighter/fujisawa-toshiki/
藤田ゼン,,,none,,,https://ja.wikipedia.org/wiki/藤田ゼン
藤野 聖,,Koki Fujino,romaji_only,EGOISM/TJA,RISE,https://rise-rc.com/fighter/koki-fujino/
西原朱花,,Ayaka Nishihara,romaji_only,TEAM TEPPEN,RISE,https://rise-rc.com/fighter/nishihara_ayaka/
西岡蓮太,,Renta Nishioka,romaji_only,龍生塾,RISE|SHOOT BOXING,https://rise-rc.com/fighter/nishioka_renta/|https://shootboxing.org/fighter/nishioka_renta/
西島恭平,,Kyohei Nishijima,romaji_only,ELEVEN,RISE,https://rise-rc.com/fighter/nishijima-kyohei/
西川 創太,,,none,志真会館,SHOOT BOXING,https://shootboxing.org/fighter/nishikawa_souta/
西方大智,,Daichi Nishikata,romaji_only,TARGET SHIBUYA,RISE,https://rise-rc.com/fighter/nishikata-daichi/
西村 介佑,,NISHIMURA Keisuke,romaji_only,KNOCK OUT クロスポイント吉祥寺,KNOCK OUT,https://knockoutkb.com/fighters/nishimura_keisuke_256
西村 虎次郎,,NISHIMURA Kojiro,romaji_only,誰ツヨDOJOy,KNOCK OUT,https://knockoutkb.com/fighters/nishimura_kojiro_369
西田祥,,Sho Nishida,romaji_only,TARGET SHIBUYA,RISE,https://rise-rc.com/fighter/nishida_sho/
西谷大成,,Taisei Nishitani,romaji_only,JAPAN TOP TEAM,RISE,https://rise-rc.com/fighter/nishitani_taisei/
角田 泰盛,,KAKUDA Taisei,romaji_only,CRAZY WOLF,KNOCK OUT,https://knockoutkb.com/fighters/kakuda_taisei_183
角谷 祐介,,KAKUTANI Yusuke,romaji_only,NEXT LEVEL渋谷,KNOCK OUT,https://knockoutkb.com/fighters/kakutani_yusuke_273
諸岡直人,,,none,,,https://ja.wikipedia.org/wiki/諸岡直人
謙・センチャイジム,,,none,,,https://ja.wikipedia.org/wiki/謙・センチャイジム
谷 将太,,Shota Tani,romaji_only,All-out,RISE,https://rise-rc.com/fighter/tani-shota/
谷川蒼哉,,Soya Tanigawa,romaji_only,極真会館,RISE,https://rise-rc.com/fighter/tanigawa-soya/
谷津 晴之,,TANITSU Haruyuki,romaji_only,新興ムエタイジム,KNOCK OUT,https://knockoutkb.com/fighters/tanitsu_haruyuki_590
財津大樹,,Hiroki Zaitsu,romaji_only,TEAM BEYOND,RISE,https://rise-rc.com/fighter/zaitsu_hiroki/
赤羽秀一,,,none,,,https://ja.wikipedia.org/wiki/赤羽秀一
足利也真登,,Yamato Ashikaga,romaji_only,Fight Club Rush.,RISE,https://rise-rc.com/fighter/ashikaga_yamato/
辰樹,,TATSUKI,romaji_only,Y'ZD GYM沖縄,KNOCK OUT,https://knockoutkb.com/fighters/tatsuki_352
辰次郎,,SHINJIRO,romaji_only,Sports 24,KNOCK OUT,https://knockoutkb.com/fighters/shinjiro_295|https://www.k-1.co.jp/fighter/1287
辻岡 怜恩,,TSUJIOKA Ren,romaji_only,直心会,KNOCK OUT,https://knockoutkb.com/fighters/tsujioka_ren_613
辻村 秀綱,,TSUJIMURA Shuko,romaji_only,フリー,KNOCK OUT,https://knockoutkb.com/fighters/tsujimura_shuko_620
近藤大晟,,Taisei Kondo,romaji_only,及川道場,RISE,https://rise-rc.com/fighter/kondo_taisei/
透士,,TOji,romaji_only,TRASH,KNOCK OUT,https://knockoutkb.com/fighters/toji_561
進撃の祐基,,ShingekinoYuki,romaji_only,亀岡キックボクシングジム,RISE,https://rise-rc.com/fighter/shingekinoyuki/
遊太,,,none,,,https://ja.wikipedia.org/wiki/遊太
遊羅,,YURA,romaji_only,MWS,KNOCK OUT,https://knockoutkb.com/fighters/yura_305
遠山翔太,,Shota Toyama,romaji_only,MONSTAR GYM,RISE,https://rise-rc.com/fighter/toyama_shota/
遠藤 凌夢,,,none,龍生塾ファントム道場,SHOOT BOXING,https://shootboxing.org/fighter/endo_ryomu/
遠藤 拓,,Taku Endo,romaji_only,TAKU GYM,RISE,https://rise-rc.com/fighter/endo-taku/
那須川龍心,,Ryujin Nasukawa,romaji_only,TEAM TEPPEN,RISE,https://rise-rc.com/fighter/nasukawa_ryujin/|https://www.k-1.co.jp/fighter/1286
都木航佑,,Kosuke Takagi,romaji_only,キャピタルレイズ fighting GlaNz,RISE|SHOOT BOXING,https://rise-rc.com/fighter/takagi_kosuke/|https://shootboxing.org/fighter/takagi_kosuke/
都筑海杜,,Kaito Tsuzuki,romaji_only,TEAM3K,RISE,https://rise-rc.com/fighter/tsuzuki_kaito/
酒井柚樹,,SAKAI Yuzuki,romaji_only,TEAM TEPPEN,RISE|KNOCK OUT,https://rise-rc.com/fighter/sakai_yuzuki/|https://knockoutkb.com/fighters/sakai_yuzuki_129
酒寄珠璃,,Shuri Sakayori,romaji_only,XAP,RISE,https://rise-rc.com/fighter/sakayori_syuri/
重森 陽太,,SHIGEMORI Yota,romaji_only,KNOCK OUT クロスポイント吉祥寺,KNOCK OUT,https://knockoutkb.com/fighters/shigemori_yota
野元 清史,,,none,龍生塾,SHOOT BOXING,https://shootboxing.org/fighter/nomoto_kiyoshi/
野口紘志,,Hiroshi Noguchi,romaji_only,橋本プレボ,RISE,https://rise-rc.com/fighter/noguchi_hiroshi/
野口 貴大,,,none,シーザージム新小岩,SHOOT BOXING,https://shootboxing.org/fighter/noguchi_takahiro/
野尻定由,,Yasuyuki Nojiri,romaji_only,マスタージャパン福岡,RISE,https://rise-rc.com/fighter/nojiri_yasuyuki/
野村勇人,,Yuto Nomura,romaji_only,GONG-GYM坂戸,RISE|SHOOT BOXING,https://rise-rc.com/fighter/nomura_yuto/|https://shootboxing.org/fighter/nomura_yuto/
野村太一,,Taichi Nomura,romaji_only,K’Bスポーツジム,RISE,https://rise-rc.com/fighter/nomura_taichi/
金子久美子,,Kumiko Kaneko,romaji_only,NEXT LEVEL渋谷,RISE,https://rise-rc.com/fighter/kaneko_kumiko/
金子 徹哉,,,none,BELLWOOD FIGHT TEAM,SHOOT BOXING,https://shootboxing.org/fighter/kaneko_tetsuya/
金子 梓,,Azusa Kaneko,romaji_only,新宿レフティージム,RISE,https://rise-rc.com/fighter/kaneko_azusa/
金山恵人,,Keito Kanayama,romaji_only,TARGET,RISE,https://rise-rc.com/fighter/kanayama-keito/
金沢ごりちゅう光輝,,Kanazawa Gorichu Mitsuki,romaji_only,AXGYM,RISE,https://rise-rc.com/fighter/kanazawa-gorichu-mitsuki/
針谷 耕,,Koh Harigaya,romaji_only,GOLDEN BROTHER'S,RISE,https://rise-rc.com/fighter/harigaya_koh/
鈴木 千裕,,SUZUKI Chihiro,romaji_only,KNOCK OUT クロスポイント吉祥寺,KNOCK OUT,https://knockoutkb.com/fighters/suzuki_chihiro|https://ja.wikipedia.org/wiki/男子キックボクサー一覧
鈴木 博昭,,,none,BELLWOOD FIGHT TEAM,SHOOT BOXING,https://shootboxing.org/fighter/suzuki-hiroaki/
鈴木宙樹,,Hiroki Suzuki,romaji_only,RIKIX,RISE,https://rise-rc.com/fighter/suzuki_hiroki/
鈴木 悠斗,,SUZUKI Yuto,romaji_only,パラエストラ八王子,KNOCK OUT,https://knockoutkb.com/fighters/suzuki_yuto_626
鈴木清照,,KIyoteru Suzuki,romaji_only,ドージョー☆シャカリキ,RISE,https://rise-rc.com/fighter/suzuki_kiyoteru/
鈴木真彦,,Masahiko Suzuki,romaji_only,TEAM 寿,RISE,https://rise-rc.com/fighter/suzuki_masahiko/
鈴木 萌,,SUZUKI Moe,romaji_only,KNOCK OUT クロスポイント吉祥寺,KNOCK OUT,https://knockoutkb.com/fighters/suzuki_moe_198
鈴木 貫太,,SUZUKI Kanta,romaji_only,ONE`S GOAL,KNOCK OUT,https://knockoutkb.com/fighters/suzuki_kanta
鈴木 颯,,,none,TEAM FOREST,SHOOT BOXING,https://shootboxing.org/fighter/suzuki_sou/
銀・グラップリングシュートボクサーズジム,,,none,GSB大須MACS（マーシャルアーツコミュニケーションスタジオ）,SHOOT BOXING,https://shootboxing.org/fighter/gin_grapplingshootboxersgym/
長舩☆ライオン,,Lion Osafune,romaji_only,心将塾,RISE,https://rise-rc.com/fighter/osafune_lion/
長谷川 大祐,,,none,TEAM FOREST,SHOOT BOXING,https://shootboxing.org/fighter/hasegawa_daisuke/
長谷川 平蔵,,,none,シーザージム,SHOOT BOXING,https://shootboxing.org/fighter/hasegawa_heizou/
長谷川 柊哉,,HASEGAWA Shuya,romaji_only,和術慧舟會 HEARTS,KNOCK OUT,https://knockoutkb.com/fighters/hasegawa_shuya_474
長谷川海翔,,Kaito Hasegawa,romaji_only,誠剛館,RISE,https://rise-rc.com/fighter/hasegawa_kaito/
長谷川 祐也,,,none,TEAM FOREST,SHOOT BOXING,https://shootboxing.org/fighter/hasegawa_yuya/
長谷川英翔,,Eito Hasegawa,romaji_only,誠剛館,RISE,https://rise-rc.com/fighter/hasegawa_eito/
門口佳佑,,Keisuke Monguchi,romaji_only,EX ARES,RISE,https://rise-rc.com/fighter/monguchi_keisuke/|https://www.k-1.co.jp/fighter/1439
門脇碧泉,,Aoi Kadowaki,romaji_only,TARGET,RISE,https://rise-rc.com/fighter/kadowaki_aoi/
阿久津英一,,,none,,,https://ja.wikipedia.org/wiki/阿久津英一
阿比留惇也,,Junya Abiru,romaji_only,NEXT STEP GYM,RISE,https://rise-rc.com/fighter/abiru_junya/
阿部 晴翔,,ABE Haruka,romaji_only,チーム・タイガーホーク,KNOCK OUT,https://knockoutkb.com/fighters/abe_haruka_165
阿部隆義,,,none,,,https://ja.wikipedia.org/wiki/阿部隆義
陵太郎,,Ryotaro,romaji_only,NEXT STEP GYM,RISE,https://rise-rc.com/fighter/ryotaro-2/
陸刃,,Rikuto,romaji_only,楠誠会館,RISE,https://rise-rc.com/fighter/rikuto/
陽勇,,Hyuu,romaji_only,TEAM3K,RISE,https://rise-rc.com/fighter/hyuu/
隼大,,HAYATO,romaji_only,Y'ZD GYM,KNOCK OUT,https://knockoutkb.com/fighters/hayato_385
隼斗,,HAYATO,romaji_only,西田キックボクシングジム,KNOCK OUT,https://knockoutkb.com/fighters/hayato_220
雅奏,,Kanade,romaji_only,JACK GYM,RISE,https://rise-rc.com/fighter/kanade/
青木克馬,,,none,,,https://ja.wikipedia.org/wiki/青木克馬
青木洋輔,,Yosuke Aoki,romaji_only,大和ジム,RISE,https://rise-rc.com/fighter/aoki_yosuke/
鞠谷貴大,,Takahiro Kikutani,romaji_only,魁塾,RISE,https://rise-rc.com/fighter/kikutani_takahiro/
響波,,KYOHA,romaji_only,Y’s glow,KNOCK OUT,https://knockoutkb.com/fighters/kyoha_168
須田 知希,,SUDA Tomoki,romaji_only,Katana Gym,KNOCK OUT,https://knockoutkb.com/fighters/suda_tomoki_308
風羽,,FUU,romaji_only,龍生塾ファントム道場,RISE|SHOOT BOXING|KNOCK OUT,https://rise-rc.com/fighter/fuu/|https://knockoutkb.com/fighters/fuu_510|https://shootboxing.org/fighter/fuu/
風音,,Kazane,romaji_only,TEAM TEPPEN,RISE,https://rise-rc.com/fighter/kazane/|https://www.k-1.co.jp/fighter/1255
飯塚 剛志,,IIZUKA Tsuyoshi,romaji_only,GONG-GYM坂戸,KNOCK OUT,https://knockoutkb.com/fighters/iizuka_tsuyoshi_264
飯島一成,,,none,,,https://ja.wikipedia.org/wiki/飯島一成
馬上 一樹,,MOUE Kazuki,romaji_only,REX GYM,KNOCK OUT,https://knockoutkb.com/fighters/moue_kazuki_92
駒形 賢太,,KOMAGATA Kenta,romaji_only,レンジャージム,KNOCK OUT,https://knockoutkb.com/fighters/komagata_kenta_240
高塩 竜司,,TAKASHIO Ryuji,romaji_only,KIBAマーシャルアーツクラブ,KNOCK OUT,https://knockoutkb.com/fighters/takashio_ryuji_351
高尾海音,,Kaito Takao,romaji_only,BLOWS OITA LIFE,RISE,https://rise-rc.com/fighter/takao-kaito/
高山 敦,,,none,ストライキングジムAres,SHOOT BOXING,https://shootboxing.org/fighter/takayama_atsushi/
高梨 玲次郎,,TAKANASHI Reijiro,romaji_only,和術慧舟會 HEARTS,KNOCK OUT,https://knockoutkb.com/fighters/takanashi_reijiro_571
高橋 幸光,,TAKAHASHI Yukimitsu,romaji_only,飯伏プロレス研究所,KNOCK OUT,https://knockoutkb.com/fighters/takahashi_yukimitsu_297
高橋 秀駿,,TAKAHASHI Shuto,romaji_only,リバーサルジム立川ALPHA,KNOCK OUT,https://knockoutkb.com/fighters/takahashi_shuto_402
髙山 敦,,TAKAYAMA Atsushi,romaji_only,Striking Gym Ares,KNOCK OUT,https://knockoutkb.com/fighters/takayama_atsushi_458
髙岩 拓,,Taku Takaiwa,romaji_only,TRY HARD GYM,RISE,https://rise-rc.com/fighter/takaiwa-taku/
髙木覚清,,Kakushi Takagi,romaji_only,RIKIX,RISE,https://rise-rc.com/fighter/takagi_kakushi/
髙木 逞,,TAKAGI Takuma,romaji_only,和術慧舟會 HEARTS,KNOCK OUT,https://knockoutkb.com/fighters/takagi_takuma_581
髙橋一眞,,Kazuma Takahashi,romaji_only,TRIANGLE,RISE,https://rise-rc.com/fighter/takahashi_kazuma/
髙橋 亨汰,,TAKAHASHI Kota,romaji_only,髙橋道場,KNOCK OUT,https://knockoutkb.com/fighters/takahashi_kota
髙橋 亮,,Ryo Takahashi,romaji_only,TRIANGLE,RISE,https://rise-rc.com/fighter/takahashi_ryo/
髙橋聖人,,Kiyoto Takahashi,romaji_only,TRIANGLE,RISE,https://rise-rc.com/fighter/takahashi_kiyoto/
髙橋 陸斗,,,none,FIGHT SCIENCE,SHOOT BOXING,https://shootboxing.org/fighter/髙橋-陸斗/
魁斗,,Kaito,romaji_only,立志會館,RISE|SHOOT BOXING,https://rise-rc.com/fighter/kaito-1/|https://shootboxing.org/fighter/kaito_risshikaikan/
魅乃麒,,,none,ストライキングジムAres,SHOOT BOXING,https://shootboxing.org/fighter/minoki/
鮫島 大翔,,SAMESHIMA Hiroto,romaji_only,WSRフェアテックス荒川,KNOCK OUT,https://knockoutkb.com/fighters/sameshima_hiroto_153
鳥居 大珠,,TORII Taiju,romaji_only,ワイルドシーサー前橋,KNOCK OUT,https://knockoutkb.com/fighters/torii_taiju_459
鳩,,Atsumu,romaji_only,TSK Japan,RISE,https://rise-rc.com/fighter/atsumu/
鳰 翼,,Tsubasa Nio,romaji_only,KSR GYM,RISE,https://rise-rc.com/fighter/nio_tsubasa/
鳰 陽斗,,Haruto Nio,romaji_only,KSR GYM,RISE,https://rise-rc.com/fighter/nio_haruto/
鷹介,,Yosuke,romaji_only,魁塾,RISE,https://rise-rc.com/fighter/yosuke/
鷹大,,TAKAHIRO,romaji_only,WSRフェアテックス西川口,KNOCK OUT,https://knockoutkb.com/fighters/takahiro_120|https://www.k-1.co.jp/fighter/695
麻太郎,,ASATARO,romaji_only,健心塾,RISE,https://rise-rc.com/fighter/asataro/
麻太郎,,ASATARO,romaji_only,フリー,KNOCK OUT,https://knockoutkb.com/fighters/asataro_509
麻火佑太郎,,Yutaro Asahi,romaji_only,PHOENIX,RISE,https://rise-rc.com/fighter/asahi_yutaro/
黒田直也,,Naoya Kuroda,romaji_only,ハーデスワークアウトジム,RISE,https://rise-rc.com/fighter/kuroda_naoya/
齊藤 冬翔,,SAITO Towa,romaji_only,EXFIGHT,KNOCK OUT,https://knockoutkb.com/fighters/saito_towa_366
龍ノ息吹,,RYUNO Ibuki,romaji_only,フリー,KNOCK OUT,https://knockoutkb.com/fighters/ryuno_ibuki_440
龍太郎,,Ryutaro,romaji_only,VALIENTE,RISE,https://rise-rc.com/fighter/ryutaro/
龍威地,,Ryuichi,romaji_only,ARENA,RISE,https://rise-rc.com/fighter/ryuichi/
龍希,,RYUKI,romaji_only,SUCCEED GYM,KNOCK OUT,https://knockoutkb.com/fighters/ryuki_426
龍斗,,Ryuto,romaji_only,RAUSU GYM,RISE,https://rise-rc.com/fighter/ryuto-2/|https://www.k-1.co.jp/fighter/758
龍翔,,Tatsuto,romaji_only,OU-BU GYM,RISE,https://rise-rc.com/fighter/ryuto/
龍翔,,Tatsuto,romaji_only,TRASH,KNOCK OUT,https://knockoutkb.com/fighters/ryuga_560
龍聖,,RYUSEI,romaji_only,TEAM TEPPEN,RISE,https://rise-rc.com/fighter/ryusei/
龍聖,,RYUSEI,romaji_only,BRAID/TEAM SUERTE,KNOCK OUT,https://knockoutkb.com/fighters/ryusei
