category,name_official,href_relative,full_url
japanese,あ,#a0,https://www.pancrase.co.jp/data/prfl2/#a0
japanese,か,#ka,https://www.pancrase.co.jp/data/prfl2/#ka
japanese,さ,#sa,https://www.pancrase.co.jp/data/prfl2/#sa
japanese,た,#ta,https://www.pancrase.co.jp/data/prfl2/#ta
japanese,な,#na,https://www.pancrase.co.jp/data/prfl2/#na
japanese,は,#ha,https://www.pancrase.co.jp/data/prfl2/#ha
japanese,ま,#ma,https://www.pancrase.co.jp/data/prfl2/#ma
japanese,や,#ya,https://www.pancrase.co.jp/data/prfl2/#ya
japanese,ら,#ra,https://www.pancrase.co.jp/data/prfl2/#ra
japanese,わ,#wa,https://www.pancrase.co.jp/data/prfl2/#wa
japanese,愛翔,tanimuraaito.html,https://www.pancrase.co.jp/data/prfl2/tanimuraaito.html
japanese,藍寛之,ai.html,https://www.pancrase.co.jp/data/prfl2/ai.html
japanese,アイアンホース田中,itanaka.html,https://www.pancrase.co.jp/data/prfl2/itanaka.html
japanese,青山忍,aoyama.html,https://www.pancrase.co.jp/data/prfl2/aoyama.html
japanese,青山祐大,aoyamay.html,https://www.pancrase.co.jp/data/prfl2/aoyamay.html
japanese,赤井太志朗,nishiuchi.html,https://www.pancrase.co.jp/data/prfl2/nishiuchi.html
japanese,赤﨑清志朗,akasaki.html,https://www.pancrase.co.jp/data/prfl2/akasaki.html
japanese,赤沢幸典,akazawa.html,https://www.pancrase.co.jp/data/prfl2/akazawa.html
japanese,秋葉太樹,akiba.html,https://www.pancrase.co.jp/data/prfl2/akiba.html
japanese,秋元駿一,akimoto.html,https://www.pancrase.co.jp/data/prfl2/akimoto.html
japanese,秋山賢治,akiyama.html,https://www.pancrase.co.jp/data/prfl2/akiyama.html
japanese,秋吉拓史,akiyoshihirofumi.html,https://www.pancrase.co.jp/data/prfl2/akiyoshihirofumi.html
japanese,アキラ,akira.html,https://www.pancrase.co.jp/data/prfl2/akira.html
japanese,AXEL RYOTA,axelryota.html,https://www.pancrase.co.jp/data/prfl2/axelryota.html
japanese,浅野倫久,asano.html,https://www.pancrase.co.jp/data/prfl2/asano.html
japanese,朝日昇,asahi.html,https://www.pancrase.co.jp/data/prfl2/asahi.html
japanese,朝日向大貴,daiki.html,https://www.pancrase.co.jp/data/prfl2/daiki.html
japanese,芦田崇宏,ashida.html,https://www.pancrase.co.jp/data/prfl2/ashida.html
japanese,安谷屋智弘,adaniya.html,https://www.pancrase.co.jp/data/prfl2/adaniya.html
japanese,ATCHアナーキー,atch.html,https://www.pancrase.co.jp/data/prfl2/atch.html
japanese,阿仁鬼,aniki.html,https://www.pancrase.co.jp/data/prfl2/aniki.html
japanese,阿部右京,abeukyo.html,https://www.pancrase.co.jp/data/prfl2/abeukyo.html
japanese,阿部健太郎,abe.html,https://www.pancrase.co.jp/data/prfl2/abe.html
japanese,阿部大治,abedaichi.html,https://www.pancrase.co.jp/data/prfl2/abedaichi.html
japanese,阿部博之,abeh.html,https://www.pancrase.co.jp/data/prfl2/abeh.html
japanese,アベリュー,aberyuji.html,https://www.pancrase.co.jp/data/prfl2/aberyuji.html
japanese,余 勇利,amari.html,https://www.pancrase.co.jp/data/prfl2/amari.html
japanese,天野雄大郎,amanoyutaro.html,https://www.pancrase.co.jp/data/prfl2/amanoyutaro.html
japanese,網潤太郎,ami.html,https://www.pancrase.co.jp/data/prfl2/ami.html
japanese,網藤雄太,amifuji.html,https://www.pancrase.co.jp/data/prfl2/amifuji.html
japanese,鮎田直人,ayuta.html,https://www.pancrase.co.jp/data/prfl2/ayuta.html
japanese,アライケンジ,../prfl/arai.html,https://www.pancrase.co.jp/data/prfl/arai.html
japanese,荒井勇二,araiy.html,https://www.pancrase.co.jp/data/prfl2/araiy.html
japanese,荒川裕志,arakawa.html,https://www.pancrase.co.jp/data/prfl2/arakawa.html
japanese,嵐士,arashi.html,https://www.pancrase.co.jp/data/prfl2/arashi.html
japanese,荒田大輝,aratadaiki.html,https://www.pancrase.co.jp/data/prfl2/aratadaiki.html
japanese,荒牧拓,aramaki.html,https://www.pancrase.co.jp/data/prfl2/aramaki.html
japanese,アラヤ,araya.html,https://www.pancrase.co.jp/data/prfl2/araya.html
japanese,有川直毅,arikawanaoki.html,https://www.pancrase.co.jp/data/prfl2/arikawanaoki.html
japanese,有村桂,arimurakei.html,https://www.pancrase.co.jp/data/prfl2/arimurakei.html
japanese,安西信昌,anzai.html,https://www.pancrase.co.jp/data/prfl2/anzai.html
japanese,アントニオシバター,shibatar.html,https://www.pancrase.co.jp/data/prfl2/shibatar.html
japanese,安藤武尊,andohotaka.html,https://www.pancrase.co.jp/data/prfl2/andohotaka.html
japanese,安藤ロイド,ando.html,https://www.pancrase.co.jp/data/prfl2/ando.html
japanese,飯嶋重樹,iijimas.html,https://www.pancrase.co.jp/data/prfl2/iijimas.html
japanese,飯嶋貴幸,iijima.html,https://www.pancrase.co.jp/data/prfl2/iijima.html
japanese,飯田正一,iidas.html,https://www.pancrase.co.jp/data/prfl2/iidas.html
japanese,飯田崇人,iida.html,https://www.pancrase.co.jp/data/prfl2/iida.html
japanese,飯塚高史,iizukanjpw.html,https://www.pancrase.co.jp/data/prfl2/iizukanjpw.html
japanese,飯野タテオ,iino.html,https://www.pancrase.co.jp/data/prfl2/iino.html
japanese,五十嵐大介,igarashi.html,https://www.pancrase.co.jp/data/prfl2/igarashi.html
japanese,五十嵐涼亮,igarashiryosuke.html,https://www.pancrase.co.jp/data/prfl2/igarashiryosuke.html
japanese,五十里祐一,ikari.html,https://www.pancrase.co.jp/data/prfl2/ikari.html
japanese,井川智貴,igawatomoki.html,https://www.pancrase.co.jp/data/prfl2/igawatomoki.html
japanese,池田一歩,ikedakazuho.html,https://www.pancrase.co.jp/data/prfl2/ikedakazuho.html
japanese,ISAO,isao.html,https://www.pancrase.co.jp/data/prfl2/isao.html
japanese,敢流,isana.html,https://www.pancrase.co.jp/data/prfl2/isana.html
japanese,勇和輝,isami.html,https://www.pancrase.co.jp/data/prfl2/isami.html
japanese,石井淳,ishiij.html,https://www.pancrase.co.jp/data/prfl2/ishiij.html
japanese,石井大輔,ishii.html,https://www.pancrase.co.jp/data/prfl2/ishii.html
japanese,石井拓麻,ishiit.html,https://www.pancrase.co.jp/data/prfl2/ishiit.html
japanese,石井俊光,ishiitoshiteru.html,https://www.pancrase.co.jp/data/prfl2/ishiitoshiteru.html
japanese,石井逸人,ishiihayato.html,https://www.pancrase.co.jp/data/prfl2/ishiihayato.html
japanese,石井涼馬,ishiiryoma.html,https://www.pancrase.co.jp/data/prfl2/ishiiryoma.html
japanese,石掛友喜,ishikake.html,https://www.pancrase.co.jp/data/prfl2/ishikake.html
japanese,石川英司,ishikawa.html,https://www.pancrase.co.jp/data/prfl2/ishikawa.html
japanese,石川良如,ishikaway.html,https://www.pancrase.co.jp/data/prfl2/ishikaway.html
japanese,石毛大蔵,ishige.html,https://www.pancrase.co.jp/data/prfl2/ishige.html
japanese,石澤大介,ishizawa.html,https://www.pancrase.co.jp/data/prfl2/ishizawa.html
japanese,石田源,ishida.html,https://www.pancrase.co.jp/data/prfl2/ishida.html
japanese,石田裕星,ishidayusei.html,https://www.pancrase.co.jp/data/prfl2/ishidayusei.html
japanese,石田陸也,ishidarikuya.html,https://www.pancrase.co.jp/data/prfl2/ishidarikuya.html
japanese,石塚将也,ishizukamasaya.html,https://www.pancrase.co.jp/data/prfl2/ishizukamasaya.html
japanese,石塚雄馬,ishizuka.html,https://www.pancrase.co.jp/data/prfl2/ishizuka.html
japanese,石綱テツオ,ishitsuna.html,https://www.pancrase.co.jp/data/prfl2/ishitsuna.html
japanese,石橋道幸,ishibashi.html,https://www.pancrase.co.jp/data/prfl2/ishibashi.html
japanese,石原健流,ishiharatakeru.html,https://www.pancrase.co.jp/data/prfl2/ishiharatakeru.html
japanese,石原裕基,ishihara.html,https://www.pancrase.co.jp/data/prfl2/ishihara.html
japanese,井島裕彰,ijima.html,https://www.pancrase.co.jp/data/prfl2/ijima.html
japanese,石渡伸太郎,ishiwatari.html,https://www.pancrase.co.jp/data/prfl2/ishiwatari.html
japanese,板谷一樹,itaya.html,https://www.pancrase.co.jp/data/prfl2/itaya.html
japanese,市川ランデルマン,ichikawa.html,https://www.pancrase.co.jp/data/prfl2/ichikawa.html
japanese,一慶,ikkei.html,https://www.pancrase.co.jp/data/prfl2/ikkei.html
japanese,出田貴大,ideta.html,https://www.pancrase.co.jp/data/prfl2/ideta.html
japanese,伊藤一輝,itokazuki.html,https://www.pancrase.co.jp/data/prfl2/itokazuki.html
japanese,伊藤健吾,itok.html,https://www.pancrase.co.jp/data/prfl2/itok.html
japanese,伊藤盛一郎,itoseiichiro.html,https://www.pancrase.co.jp/data/prfl2/itoseiichiro.html
japanese,伊藤尚司,itot.html,https://www.pancrase.co.jp/data/prfl2/itot.html
japanese,伊藤崇文,../prfl/ito.html,https://www.pancrase.co.jp/data/prfl/ito.html
japanese,伊藤丈皓,../prfl2/itotakehiro.html,https://www.pancrase.co.jp/data/prfl2/itotakehiro.html
japanese,伊藤夏海,itonatsumi.html,https://www.pancrase.co.jp/data/prfl2/itonatsumi.html
japanese,伊藤まこと,itomakoto.html,https://www.pancrase.co.jp/data/prfl2/itomakoto.html
japanese,伊藤勇輝,itoyuki.html,https://www.pancrase.co.jp/data/prfl2/itoyuki.html
japanese,糸川義人,itokawayoshito.html,https://www.pancrase.co.jp/data/prfl2/itokawayoshito.html
japanese,稲垣克臣,inagaki.html,https://www.pancrase.co.jp/data/prfl2/inagaki.html
japanese,稲垣祐司,inagakiyuji.html,https://www.pancrase.co.jp/data/prfl2/inagakiyuji.html
japanese,稲田光佑,inadakosuke.html,https://www.pancrase.co.jp/data/prfl2/inadakosuke.html
japanese,稲葉聡,inaba.html,https://www.pancrase.co.jp/data/prfl2/inaba.html
japanese,井上和浩,inouekazu.html,https://www.pancrase.co.jp/data/prfl2/inouekazu.html
japanese,井上克也,inoue.html,https://www.pancrase.co.jp/data/prfl2/inoue.html
japanese,井上啓太,inouekeita.html,https://www.pancrase.co.jp/data/prfl2/inouekeita.html
japanese,井上皓平,inouekohei.html,https://www.pancrase.co.jp/data/prfl2/inouekohei.html
japanese,井上暉也,inoueterunari.html,https://www.pancrase.co.jp/data/prfl2/inoueterunari.html
japanese,井上学,inoueuwf.html,https://www.pancrase.co.jp/data/prfl2/inoueuwf.html
japanese,井上雄策,inoueyusaku.html,https://www.pancrase.co.jp/data/prfl2/inoueyusaku.html
japanese,井上雄斗,inoueyuto.html,https://www.pancrase.co.jp/data/prfl2/inoueyuto.html
japanese,井場正知,iba.html,https://www.pancrase.co.jp/data/prfl2/iba.html
japanese,伊福正寛,ifuku.html,https://www.pancrase.co.jp/data/prfl2/ifuku.html
japanese,今井健斗,imaikento.html,https://www.pancrase.co.jp/data/prfl2/imaikento.html
japanese,今井洋希,imaihiroki.html,https://www.pancrase.co.jp/data/prfl2/imaihiroki.html
japanese,今泉堅太郎,imaizumi.html,https://www.pancrase.co.jp/data/prfl2/imaizumi.html
japanese,今田六颯士,imadamusashi.html,https://www.pancrase.co.jp/data/prfl2/imadamusashi.html
japanese,今成正和,imanari.html,https://www.pancrase.co.jp/data/prfl2/imanari.html
japanese,井村塁,imurarui.html,https://www.pancrase.co.jp/data/prfl2/imurarui.html
japanese,伊禮真也,irei.html,https://www.pancrase.co.jp/data/prfl2/irei.html
japanese,IRO関,irozeki.html,https://www.pancrase.co.jp/data/prfl2/irozeki.html
japanese,岩城啓祐,iwaki.html,https://www.pancrase.co.jp/data/prfl2/iwaki.html
japanese,岩﨑大河,iwasakitaiga.html,https://www.pancrase.co.jp/data/prfl2/iwasakitaiga.html
japanese,岩崎達也,iwasakit.html,https://www.pancrase.co.jp/data/prfl2/iwasakit.html
japanese,岩崎英明,iwasaki.html,https://www.pancrase.co.jp/data/prfl2/iwasaki.html
japanese,岩田啓輔,iwatakeisuke.html,https://www.pancrase.co.jp/data/prfl2/iwatakeisuke.html
japanese,岩見谷智義,iwamiya.html,https://www.pancrase.co.jp/data/prfl2/iwamiya.html
japanese,岩本達彦,iwamototatsuhiko.html,https://www.pancrase.co.jp/data/prfl2/iwamototatsuhiko.html
japanese,植木新,ueki.html,https://www.pancrase.co.jp/data/prfl2/ueki.html
japanese,上迫博仁,uesako.html,https://www.pancrase.co.jp/data/prfl2/uesako.html
japanese,上嶋佑紀,uejima.html,https://www.pancrase.co.jp/data/prfl2/uejima.html
japanese,上田厚志,uedaa.html,https://www.pancrase.co.jp/data/prfl2/uedaa.html
japanese,上田智大,uedatomohiro.html,https://www.pancrase.co.jp/data/prfl2/uedatomohiro.html
japanese,上田将勝,uedamasakatsu.html,https://www.pancrase.co.jp/data/prfl2/uedamasakatsu.html
japanese,上田将年,uedam.html,https://www.pancrase.co.jp/data/prfl2/uedam.html
japanese,上田優,ueda.html,https://www.pancrase.co.jp/data/prfl2/ueda.html
japanese,上田祐起,uedayuki.html,https://www.pancrase.co.jp/data/prfl2/uedayuki.html
japanese,上地一樹,uechi.html,https://www.pancrase.co.jp/data/prfl2/uechi.html
japanese,上野惇平,uenojunpei.html,https://www.pancrase.co.jp/data/prfl2/uenojunpei.html
japanese,上野藤士,uenotoji.html,https://www.pancrase.co.jp/data/prfl2/uenotoji.html
japanese,上原広誉,uehara.html,https://www.pancrase.co.jp/data/prfl2/uehara.html
japanese,植松直哉,uematsu.html,https://www.pancrase.co.jp/data/prfl2/uematsu.html
japanese,植松洋貴,uematsuyoshiki.html,https://www.pancrase.co.jp/data/prfl2/uematsuyoshiki.html
japanese,"植村“ジャック""龍介",uemura.html,https://www.pancrase.co.jp/data/prfl2/uemura.html
japanese,上山知暁,ueyamat.html,https://www.pancrase.co.jp/data/prfl2/ueyamat.html
japanese,上山雄大,ueyamayuta.html,https://www.pancrase.co.jp/data/prfl2/ueyamayuta.html
japanese,上山龍紀,ueyama.html,https://www.pancrase.co.jp/data/prfl2/ueyama.html
japanese,魚住良太,uozumi.html,https://www.pancrase.co.jp/data/prfl2/uozumi.html
japanese,牛久絢太郎,ushiku.html,https://www.pancrase.co.jp/data/prfl2/ushiku.html
japanese,氏原魁星,ujiharakaisei.html,https://www.pancrase.co.jp/data/prfl2/ujiharakaisei.html
japanese,内村洋次郎,uchimura.html,https://www.pancrase.co.jp/data/prfl2/uchimura.html
japanese,内山拓真,uchiyamatakuma.html,https://www.pancrase.co.jp/data/prfl2/uchiyamatakuma.html
japanese,内山“ピット”シゲオ,uchiyama.html,https://www.pancrase.co.jp/data/prfl2/uchiyama.html
japanese,内山政人,uchiyamam.html,https://www.pancrase.co.jp/data/prfl2/uchiyamam.html
japanese,宇都木正和,utsugi.html,https://www.pancrase.co.jp/data/prfl2/utsugi.html
japanese,生方一,ubukata.html,https://www.pancrase.co.jp/data/prfl2/ubukata.html
japanese,梅井隆至,umei.html,https://www.pancrase.co.jp/data/prfl2/umei.html
japanese,梅木繁之,umeki.html,https://www.pancrase.co.jp/data/prfl2/umeki.html
japanese,梅田恒介,umeda.html,https://www.pancrase.co.jp/data/prfl2/umeda.html
japanese,梅原規祥,umeharamisaki.html,https://www.pancrase.co.jp/data/prfl2/umeharamisaki.html
japanese,楳原嵩,umehara.html,https://www.pancrase.co.jp/data/prfl2/umehara.html
japanese,URAKEN,ura.html,https://www.pancrase.co.jp/data/prfl2/ura.html
japanese,瓜田幸造,urita.html,https://www.pancrase.co.jp/data/prfl2/urita.html
japanese,漆間將生,urushima.html,https://www.pancrase.co.jp/data/prfl2/urushima.html
japanese,AB,aoki.html,https://www.pancrase.co.jp/data/prfl2/aoki.html
japanese,江泉卓哉,eizumi.html,https://www.pancrase.co.jp/data/prfl2/eizumi.html
japanese,江崎壽,ezaki.html,https://www.pancrase.co.jp/data/prfl2/ezaki.html
japanese,MG眞介,mgshinsuke.html,https://www.pancrase.co.jp/data/prfl2/mgshinsuke.html
japanese,エリヤ,matsuda.html,https://www.pancrase.co.jp/data/prfl2/matsuda.html
japanese,遠藤大翼,endo.html,https://www.pancrase.co.jp/data/prfl2/endo.html
japanese,遠藤大地,endodaichi.html,https://www.pancrase.co.jp/data/prfl2/endodaichi.html
japanese,遠藤来生,endoraiki.html,https://www.pancrase.co.jp/data/prfl2/endoraiki.html
japanese,猿魔,enma.html,https://www.pancrase.co.jp/data/prfl2/enma.html
japanese,延命そら,enmeisora.html,https://www.pancrase.co.jp/data/prfl2/enmeisora.html
japanese,大石幸史,../prfl/oishi.html,https://www.pancrase.co.jp/data/prfl/oishi.html
japanese,大石真丈,oishim.html,https://www.pancrase.co.jp/data/prfl2/oishim.html
japanese,大久保一樹,okubo.html,https://www.pancrase.co.jp/data/prfl2/okubo.html
japanese,大崎勝海,osaki.html,https://www.pancrase.co.jp/data/prfl2/osaki.html
japanese,大澤茂樹,osawa.html,https://www.pancrase.co.jp/data/prfl2/osawa.html
japanese,大澤雄空,osawayua.html,https://www.pancrase.co.jp/data/prfl2/osawayua.html
japanese,大鹿烈毅,oshikaretsuki.html,https://www.pancrase.co.jp/data/prfl2/oshikaretsuki.html
japanese,大城正也,oshirom.html,https://www.pancrase.co.jp/data/prfl2/oshirom.html
japanese,太田健斗,otakento.html,https://www.pancrase.co.jp/data/prfl2/otakento.html
japanese,太田光軌,otakoki.html,https://www.pancrase.co.jp/data/prfl2/otakoki.html
japanese,太田純一,otaj.html,https://www.pancrase.co.jp/data/prfl2/otaj.html
japanese,太田駿平,otas.html,https://www.pancrase.co.jp/data/prfl2/otas.html
japanese,太田浩史,ota.html,https://www.pancrase.co.jp/data/prfl2/ota.html
japanese,太田裕稀,otayuki.html,https://www.pancrase.co.jp/data/prfl2/otayuki.html
japanese,太田洋平,ota_y.html,https://www.pancrase.co.jp/data/prfl2/ota_y.html
japanese,大津ヒロノブ,otsu.html,https://www.pancrase.co.jp/data/prfl2/otsu.html
japanese,大塚智貴,otsukatomoki.html,https://www.pancrase.co.jp/data/prfl2/otsukatomoki.html
japanese,大西ヒロト,onishi.html,https://www.pancrase.co.jp/data/prfl2/onishi.html
japanese,大原樹里,ohara.html,https://www.pancrase.co.jp/data/prfl2/ohara.html
japanese,大道翔貴,omichi.html,https://www.pancrase.co.jp/data/prfl2/omichi.html
japanese,大谷啓元,otanihiroki.html,https://www.pancrase.co.jp/data/prfl2/otanihiroki.html
japanese,大野“虎眼”賢良,onot.html,https://www.pancrase.co.jp/data/prfl2/onot.html
japanese,大野友哉,onotomoya.html,https://www.pancrase.co.jp/data/prfl2/onotomoya.html
japanese,大場慎之助,obas.html,https://www.pancrase.co.jp/data/prfl2/obas.html
japanese,大場裕司,oba.html,https://www.pancrase.co.jp/data/prfl2/oba.html
japanese,大橋省吾,ohashi.html,https://www.pancrase.co.jp/data/prfl2/ohashi.html
japanese,大橋悠一,ohashiy.html,https://www.pancrase.co.jp/data/prfl2/ohashiy.html
japanese,大堀竜二,ohori.html,https://www.pancrase.co.jp/data/prfl2/ohori.html
japanese,大村一輝,omurakazuki.html,https://www.pancrase.co.jp/data/prfl2/omurakazuki.html
japanese,大森光,omorihikaru.html,https://www.pancrase.co.jp/data/prfl2/omorihikaru.html
japanese,大山峻護,oyama.html,https://www.pancrase.co.jp/data/prfl2/oyama.html
japanese,大類宗次朗,orui.html,https://www.pancrase.co.jp/data/prfl2/orui.html
japanese,大和田光太郎,owadakotaro.html,https://www.pancrase.co.jp/data/prfl2/owadakotaro.html
japanese,岡崎鷹士郎,okazakiyoshiro.html,https://www.pancrase.co.jp/data/prfl2/okazakiyoshiro.html
japanese,岡澤弘太,okazawa.html,https://www.pancrase.co.jp/data/prfl2/okazawa.html
japanese,岡田嵐士,okadaarashi.html,https://www.pancrase.co.jp/data/prfl2/okadaarashi.html
japanese,岡田拓真,okadatakuma.html,https://www.pancrase.co.jp/data/prfl2/okadatakuma.html
japanese,岡野裕城,okanoyuki.html,https://www.pancrase.co.jp/data/prfl2/okanoyuki.html
japanese,岡見勇信,okami.html,https://www.pancrase.co.jp/data/prfl2/okami.html
japanese,岡村寿紀,okamurakazuki.html,https://www.pancrase.co.jp/data/prfl2/okamurakazuki.html
japanese,岡村栞汰,okamurakanta.html,https://www.pancrase.co.jp/data/prfl2/okamurakanta.html
japanese,小川隼也,ogawashunya.html,https://www.pancrase.co.jp/data/prfl2/ogawashunya.html
japanese,尾川太陽,ogawataiyo.html,https://www.pancrase.co.jp/data/prfl2/ogawataiyo.html
japanese,小川徹,ogawa.html,https://www.pancrase.co.jp/data/prfl2/ogawa.html
japanese,小川道的,ogawad.html,https://www.pancrase.co.jp/data/prfl2/ogawad.html
japanese,荻窪祐輔,ogikubo.html,https://www.pancrase.co.jp/data/prfl2/ogikubo.html
japanese,奥田正勝,okuda.html,https://www.pancrase.co.jp/data/prfl2/okuda.html
japanese,"奥野“轟天""泰舗",okuno.html,https://www.pancrase.co.jp/data/prfl2/okuno.html
japanese,屋宮大亮,okumiya.html,https://www.pancrase.co.jp/data/prfl2/okumiya.html
japanese,奥村マルシオ,okumura.html,https://www.pancrase.co.jp/data/prfl2/okumura.html
japanese,奥山哮司,okuyama.html,https://www.pancrase.co.jp/data/prfl2/okuyama.html
japanese,小椋誠志,../prfl/ogura.html,https://www.pancrase.co.jp/data/prfl/ogura.html
japanese,小椋雄輝,yuki.html,https://www.pancrase.co.jp/data/prfl2/yuki.html
japanese,小黒英一,oguroeiichi.html,https://www.pancrase.co.jp/data/prfl2/oguroeiichi.html
japanese,尾崎龍紀,ozakit.html,https://www.pancrase.co.jp/data/prfl2/ozakit.html
japanese,小澤武輝,ozawataketeru.html,https://www.pancrase.co.jp/data/prfl2/ozawataketeru.html
japanese,小澤強,ozawat.html,https://www.pancrase.co.jp/data/prfl2/ozawat.html
japanese,小沢稔,ozawa.html,https://www.pancrase.co.jp/data/prfl2/ozawa.html
japanese,押忍マン,shirakawakota.html,https://www.pancrase.co.jp/data/prfl2/shirakawakota.html
japanese,小塚誠司,ozuka.html,https://www.pancrase.co.jp/data/prfl2/ozuka.html
japanese,男！ 徳岡,tokuoka.html,https://www.pancrase.co.jp/data/prfl2/tokuoka.html
japanese,鬼神光司,onigami.html,https://www.pancrase.co.jp/data/prfl2/onigami.html
japanese,オニボウズ,onibozu.html,https://www.pancrase.co.jp/data/prfl2/onibozu.html
japanese,鬼山斑猫,oniyama.html,https://www.pancrase.co.jp/data/prfl2/oniyama.html
japanese,小野明洋,onoa.html,https://www.pancrase.co.jp/data/prfl2/onoa.html
japanese,小野隆史,onotakashi.html,https://www.pancrase.co.jp/data/prfl2/onotakashi.html
japanese,小野“名人”浩,onoh.html,https://www.pancrase.co.jp/data/prfl2/onoh.html
japanese,小野勇也,ono.html,https://www.pancrase.co.jp/data/prfl2/ono.html
japanese,小野瑛大,onoyodai.html,https://www.pancrase.co.jp/data/prfl2/onoyodai.html
japanese,小畑公史,obatak.html,https://www.pancrase.co.jp/data/prfl2/obatak.html
japanese,小幡太郎,obata.html,https://www.pancrase.co.jp/data/prfl2/obata.html
japanese,小原統哉,oharatoya.html,https://www.pancrase.co.jp/data/prfl2/oharatoya.html
japanese,折橋謙,orihashi.html,https://www.pancrase.co.jp/data/prfl2/orihashi.html
japanese,織部修也,oribeshuya.html,https://www.pancrase.co.jp/data/prfl2/oribeshuya.html
japanese,KARL,karl.html,https://www.pancrase.co.jp/data/prfl2/karl.html
japanese,柿原昇汰,kakiharashota.html,https://www.pancrase.co.jp/data/prfl2/kakiharashota.html
japanese,鍵山雄介,kagiyama.html,https://www.pancrase.co.jp/data/prfl2/kagiyama.html
japanese,葛西和希,kasaikazuki.html,https://www.pancrase.co.jp/data/prfl2/kasaikazuki.html
japanese,風間奨,kazama.html,https://www.pancrase.co.jp/data/prfl2/kazama.html
japanese,風間敏臣,kazamatoshiomi.html,https://www.pancrase.co.jp/data/prfl2/kazamatoshiomi.html
japanese,梶田高裕,kajita.html,https://www.pancrase.co.jp/data/prfl2/kajita.html
japanese,鹿志村仁之介,kashimura.html,https://www.pancrase.co.jp/data/prfl2/kashimura.html
japanese,KAZZ,suzukipj.html,https://www.pancrase.co.jp/data/prfl2/suzukipj.html
japanese,春日井 寒天 たけし,kasugai.html,https://www.pancrase.co.jp/data/prfl2/kasugai.html
japanese,粕谷優介,kasuya.html,https://www.pancrase.co.jp/data/prfl2/kasuya.html
japanese,片瀬慎治,katase.html,https://www.pancrase.co.jp/data/prfl2/katase.html
japanese,カツオ,katsuo.html,https://www.pancrase.co.jp/data/prfl2/katsuo.html
japanese,勝呂 駿,katsuroshun.html,https://www.pancrase.co.jp/data/prfl2/katsuroshun.html
japanese,加藤開至,katokaishi.html,https://www.pancrase.co.jp/data/prfl2/katokaishi.html
japanese,加藤和也,katokazuya.html,https://www.pancrase.co.jp/data/prfl2/katokazuya.html
japanese,加藤丈博,katot.html,https://www.pancrase.co.jp/data/prfl2/katot.html
japanese,加藤直之,katon.html,https://www.pancrase.co.jp/data/prfl2/katon.html
japanese,加藤誠,kato.html,https://www.pancrase.co.jp/data/prfl2/kato.html
japanese,加藤泰貴,katoyasutaka.html,https://www.pancrase.co.jp/data/prfl2/katoyasutaka.html
japanese,金井一朗,../prfl/kanai.html,https://www.pancrase.co.jp/data/prfl/kanai.html
japanese,金澤臣人,kanazawaomito.html,https://www.pancrase.co.jp/data/prfl2/kanazawaomito.html
japanese,金澤幸宏,kanazawa.html,https://www.pancrase.co.jp/data/prfl2/kanazawa.html
japanese,金森道,kanamori.html,https://www.pancrase.co.jp/data/prfl2/kanamori.html
japanese,"金内“サイダー""雄哉",kaneuchi.html,https://www.pancrase.co.jp/data/prfl2/kaneuchi.html
japanese,金原弘光,kanehara.html,https://www.pancrase.co.jp/data/prfl2/kanehara.html
japanese,金原正徳,kaneharam.html,https://www.pancrase.co.jp/data/prfl2/kaneharam.html
japanese,鹿又智成,kanomata.html,https://www.pancrase.co.jp/data/prfl2/kanomata.html
japanese,加マーク納,kano.html,https://www.pancrase.co.jp/data/prfl2/kano.html
japanese,鎌倉朋哉,kamakuratomoya.html,https://www.pancrase.co.jp/data/prfl2/kamakuratomoya.html
japanese,上久保周哉,kamikubo.html,https://www.pancrase.co.jp/data/prfl2/kamikubo.html
japanese,神谷大智,kamiya.html,https://www.pancrase.co.jp/data/prfl2/kamiya.html
japanese,亀井晨佑,kameishinsuke.html,https://www.pancrase.co.jp/data/prfl2/kameishinsuke.html
japanese,亀田雅史,kameda.html,https://www.pancrase.co.jp/data/prfl2/kameda.html
japanese,萱沼徹平,kayanumateppei.html,https://www.pancrase.co.jp/data/prfl2/kayanumateppei.html
japanese,狩野優,karinoyu.html,https://www.pancrase.co.jp/data/prfl2/karinoyu.html
japanese,粥川吏稀,kayukawa.html,https://www.pancrase.co.jp/data/prfl2/kayukawa.html
japanese,川北晏生,kawakitaharuki.html,https://www.pancrase.co.jp/data/prfl2/kawakitaharuki.html
japanese,川口健次,kawaguchi.html,https://www.pancrase.co.jp/data/prfl2/kawaguchi.html
japanese,川名蘭輝,kawana.html,https://www.pancrase.co.jp/data/prfl2/kawana.html
japanese,川中孝浩,kawanakatakahiro.html,https://www.pancrase.co.jp/data/prfl2/kawanakatakahiro.html
japanese,川那子祐輔,kawanago.html,https://www.pancrase.co.jp/data/prfl2/kawanago.html
japanese,河崎義範,kawasaki.html,https://www.pancrase.co.jp/data/prfl2/kawasaki.html
japanese,川端康太,kawahata.html,https://www.pancrase.co.jp/data/prfl2/kawahata.html
japanese,川端和哉,kawabata.html,https://www.pancrase.co.jp/data/prfl2/kawabata.html
japanese,川原誠也,kawahara.html,https://www.pancrase.co.jp/data/prfl2/kawahara.html
japanese,川原波輝,kawaharanamiki.html,https://www.pancrase.co.jp/data/prfl2/kawaharanamiki.html
japanese,川原玲郁,kawahararei.html,https://www.pancrase.co.jp/data/prfl2/kawahararei.html
japanese,河村尚久,kawamura.html,https://www.pancrase.co.jp/data/prfl2/kawamura.html
japanese,河村泰博,kawamuray.html,https://www.pancrase.co.jp/data/prfl2/kawamuray.html
japanese,川和真,kawawa.html,https://www.pancrase.co.jp/data/prfl2/kawawa.html
japanese,菅歩夢,kanayumu.html,https://www.pancrase.co.jp/data/prfl2/kanayumu.html
japanese,カン・サトー,kansato.html,https://www.pancrase.co.jp/data/prfl2/kansato.html
japanese,神田T800周一,kanda.html,https://www.pancrase.co.jp/data/prfl2/kanda.html
japanese,漢那憲和,kanna.html,https://www.pancrase.co.jp/data/prfl2/kanna.html
japanese,神部篤坊,kambeatsubo.html,https://www.pancrase.co.jp/data/prfl2/kambeatsubo.html
japanese,神部建斗,kanbe.html,https://www.pancrase.co.jp/data/prfl2/kanbe.html
japanese,木内崇雅,kiuchi.html,https://www.pancrase.co.jp/data/prfl2/kiuchi.html
japanese,木内裕太,kiuchiyuta.html,https://www.pancrase.co.jp/data/prfl2/kiuchiyuta.html
japanese,菊入正行,kikuiri.html,https://www.pancrase.co.jp/data/prfl2/kikuiri.html
japanese,菊田早苗,kikuta.html,https://www.pancrase.co.jp/data/prfl2/kikuta.html
japanese,菊地一仁,kikuchi.html,https://www.pancrase.co.jp/data/prfl2/kikuchi.html
japanese,岸幸生,kishi.html,https://www.pancrase.co.jp/data/prfl2/kishi.html
japanese,岸田宙大,kishidahiroto.html,https://www.pancrase.co.jp/data/prfl2/kishidahiroto.html
japanese,岸本泰昭,kishimoto.html,https://www.pancrase.co.jp/data/prfl2/kishimoto.html
japanese,北 英将,kitaeisuke.html,https://www.pancrase.co.jp/data/prfl2/kitaeisuke.html
japanese,北浦徳之,kitaura.html,https://www.pancrase.co.jp/data/prfl2/kitaura.html
japanese,北岡悟,../prfl/kitaoka.html,https://www.pancrase.co.jp/data/prfl/kitaoka.html
japanese,北方大地,kitakata.html,https://www.pancrase.co.jp/data/prfl2/kitakata.html
japanese,北郷祐介,kitago.html,https://www.pancrase.co.jp/data/prfl2/kitago.html
japanese,北田有,kitadat.html,https://www.pancrase.co.jp/data/prfl2/kitadat.html
japanese,北田俊亮,kitada.html,https://www.pancrase.co.jp/data/prfl2/kitada.html
japanese,木下尚祐,kinoshitashosuke.html,https://www.pancrase.co.jp/data/prfl2/kinoshitashosuke.html
japanese,木下憂朔,kinoshitayusaku.html,https://www.pancrase.co.jp/data/prfl2/kinoshitayusaku.html
japanese,北村侑麿,kitamurayuma.html,https://www.pancrase.co.jp/data/prfl2/kitamurayuma.html
japanese,木村一成,kimurak.html,https://www.pancrase.co.jp/data/prfl2/kimurak.html
japanese,木村俊也,kimuratoshiya.html,https://www.pancrase.co.jp/data/prfl2/kimuratoshiya.html
japanese,木村仁要,kimura.html,https://www.pancrase.co.jp/data/prfl2/kimura.html
japanese,木村裕斗,kimurayuto.html,https://www.pancrase.co.jp/data/prfl2/kimurayuto.html
japanese,木村耀人,kimurayohito.html,https://www.pancrase.co.jp/data/prfl2/kimurayohito.html
japanese,木本海人,kimotokaito.html,https://www.pancrase.co.jp/data/prfl2/kimotokaito.html
japanese,キャプテン禎,ctadashi.html,https://www.pancrase.co.jp/data/prfl2/ctadashi.html
japanese,清沢魁人,kiyosawakaito.html,https://www.pancrase.co.jp/data/prfl2/kiyosawakaito.html
japanese,桐山康平,kiriyamakohei.html,https://www.pancrase.co.jp/data/prfl2/kiriyamakohei.html
japanese,金太郎,kintaro.html,https://www.pancrase.co.jp/data/prfl2/kintaro.html
japanese,金田一孝介,kindaichi.html,https://www.pancrase.co.jp/data/prfl2/kindaichi.html
japanese,草信考謙,kusanobu.html,https://www.pancrase.co.jp/data/prfl2/kusanobu.html
japanese,草・MAX,kusamax.html,https://www.pancrase.co.jp/data/prfl2/kusamax.html
japanese,楠美貴嗣,kusumi.html,https://www.pancrase.co.jp/data/prfl2/kusumi.html
japanese,グッドマン田中,goodmantanaka.html,https://www.pancrase.co.jp/data/prfl2/goodmantanaka.html
japanese,工藤星那,kudosena.html,https://www.pancrase.co.jp/data/prfl2/kudosena.html
japanese,工藤修久,kudo.html,https://www.pancrase.co.jp/data/prfl2/kudo.html
japanese,國奥麒樹真,kunioku.html,https://www.pancrase.co.jp/data/prfl2/kunioku.html
japanese,國頭武,kunito.html,https://www.pancrase.co.jp/data/prfl2/kunito.html
japanese,久保健太,kubokenta.html,https://www.pancrase.co.jp/data/prfl2/kubokenta.html
japanese,久保達也,kubotatsuya.html,https://www.pancrase.co.jp/data/prfl2/kubotatsuya.html
japanese,窪田幸生,kubota.html,https://www.pancrase.co.jp/data/prfl2/kubota.html
japanese,熊谷真尚,kumagai.html,https://www.pancrase.co.jp/data/prfl2/kumagai.html
japanese,熊澤伸哉,kumazawa.html,https://www.pancrase.co.jp/data/prfl2/kumazawa.html
japanese,久米鷹介,kume.html,https://www.pancrase.co.jp/data/prfl2/kume.html
japanese,倉岡幸平,kuraoka.html,https://www.pancrase.co.jp/data/prfl2/kuraoka.html
japanese,倉持昌和,kuramochi.html,https://www.pancrase.co.jp/data/prfl2/kuramochi.html
japanese,倉本拓也,kuramototakuya.html,https://www.pancrase.co.jp/data/prfl2/kuramototakuya.html
japanese,クリス,shimadachris.html,https://www.pancrase.co.jp/data/prfl2/shimadachris.html
japanese,クリスMAN,hirayamak.html,https://www.pancrase.co.jp/data/prfl2/hirayamak.html
japanese,栗原強,kurihara.html,https://www.pancrase.co.jp/data/prfl2/kurihara.html
japanese,黒木慈仁,kuroki.html,https://www.pancrase.co.jp/data/prfl2/kuroki.html
japanese,黒木碩二,kurokihirotsugu.html,https://www.pancrase.co.jp/data/prfl2/kurokihirotsugu.html
japanese,黒澤亮平,kurosawaryohei.html,https://www.pancrase.co.jp/data/prfl2/kurosawaryohei.html
japanese,クロツノ,kurotsuno.html,https://www.pancrase.co.jp/data/prfl2/kurotsuno.html
japanese,桑原悠,kuwabara.html,https://www.pancrase.co.jp/data/prfl2/kuwabara.html
japanese,KEI山宮,yamamiya.html,https://www.pancrase.co.jp/data/prfl2/yamamiya.html
japanese,圭太郎,keitaro.html,https://www.pancrase.co.jp/data/prfl2/keitaro.html
japanese,啓之輔,keinosuke.html,https://www.pancrase.co.jp/data/prfl2/keinosuke.html
japanese,謙吾,kengo.html,https://www.pancrase.co.jp/data/prfl2/kengo.html
japanese,ゲン・イケダ,ikeda.html,https://www.pancrase.co.jp/data/prfl2/ikeda.html
japanese,小池秀信,koike.html,https://www.pancrase.co.jp/data/prfl2/koike.html
japanese,豪,go.html,https://www.pancrase.co.jp/data/prfl2/go.html
japanese,高阪剛,kosaka.html,https://www.pancrase.co.jp/data/prfl2/kosaka.html
japanese,河野真幸,kono.html,https://www.pancrase.co.jp/data/prfl2/kono.html
japanese,合田隆宏,goda.html,https://www.pancrase.co.jp/data/prfl2/goda.html
japanese,郷野聡寛,gono.html,https://www.pancrase.co.jp/data/prfl2/gono.html
japanese,古賀靖隆,kogay.html,https://www.pancrase.co.jp/data/prfl2/kogay.html
japanese,小金翔,kogane.html,https://www.pancrase.co.jp/data/prfl2/kogane.html
japanese,孫悟空DATE,gokudate.html,https://www.pancrase.co.jp/data/prfl2/gokudate.html
japanese,木暮聡,kogure.html,https://www.pancrase.co.jp/data/prfl2/kogure.html
japanese,小坂井寛,kozakai.html,https://www.pancrase.co.jp/data/prfl2/kozakai.html
japanese,小島勝志,kojimakatsushi.html,https://www.pancrase.co.jp/data/prfl2/kojimakatsushi.html
japanese,小島祥雄,kojimasachio.html,https://www.pancrase.co.jp/data/prfl2/kojimasachio.html
japanese,小島健史,kojimatakeshi.html,https://www.pancrase.co.jp/data/prfl2/kojimatakeshi.html
japanese,小島正也,kojima.html,https://www.pancrase.co.jp/data/prfl2/kojima.html
japanese,合島大樹,gojima.html,https://www.pancrase.co.jp/data/prfl2/gojima.html
japanese,小谷直之,kotani.html,https://www.pancrase.co.jp/data/prfl2/kotani.html
japanese,児玉勇也,kodamayuya.html,https://www.pancrase.co.jp/data/prfl2/kodamayuya.html
japanese,寿太郎,kotobuki.html,https://www.pancrase.co.jp/data/prfl2/kotobuki.html
japanese,寿丸,kotobukimaru.html,https://www.pancrase.co.jp/data/prfl2/kotobukimaru.html
japanese,小西謙太,konishi.html,https://www.pancrase.co.jp/data/prfl2/konishi.html
japanese,小西拓槙,konishit.html,https://www.pancrase.co.jp/data/prfl2/konishit.html
japanese,後藤丈治,gotojoji.html,https://www.pancrase.co.jp/data/prfl2/gotojoji.html
japanese,後藤琢也,gotot.html,https://www.pancrase.co.jp/data/prfl2/gotot.html
japanese,後藤 亮,gotoryo.html,https://www.pancrase.co.jp/data/prfl2/gotoryo.html
japanese,小林悟朗,kobayashi.html,https://www.pancrase.co.jp/data/prfl2/kobayashi.html
japanese,小林裕,kobayashiy.html,https://www.pancrase.co.jp/data/prfl2/kobayashiy.html
japanese,小林優,kobayashiyu.html,https://www.pancrase.co.jp/data/prfl2/kobayashiyu.html
japanese,小林了平,kobayashiryohei.html,https://www.pancrase.co.jp/data/prfl2/kobayashiryohei.html
japanese,小間駿史,komatakafumi.html,https://www.pancrase.co.jp/data/prfl2/komatakafumi.html
japanese,小宮稔大,komiya.html,https://www.pancrase.co.jp/data/prfl2/komiya.html
japanese,小宮諒也,komiyaryoya.html,https://www.pancrase.co.jp/data/prfl2/komiyaryoya.html
japanese,米屋利展,komeya.html,https://www.pancrase.co.jp/data/prfl2/komeya.html
japanese,小森圭祐,komori.html,https://www.pancrase.co.jp/data/prfl2/komori.html
japanese,小森真誉,komorimayo.html,https://www.pancrase.co.jp/data/prfl2/komorimayo.html
japanese,小谷野澄雄,koyano.html,https://www.pancrase.co.jp/data/prfl2/koyano.html
japanese,小山敬司,koyamatakashi.html,https://www.pancrase.co.jp/data/prfl2/koyamatakashi.html
japanese,児山佳宏,koyama.html,https://www.pancrase.co.jp/data/prfl2/koyama.html
japanese,CORO,coro.html,https://www.pancrase.co.jp/data/prfl2/coro.html
japanese,近藤孝太,kondok.html,https://www.pancrase.co.jp/data/prfl2/kondok.html
japanese,近藤尚平,kondos.html,https://www.pancrase.co.jp/data/prfl2/kondos.html
japanese,近藤有己,../prfl/kondo.html,https://www.pancrase.co.jp/data/prfl/kondo.html
japanese,近藤悠真,kondoyuma.html,https://www.pancrase.co.jp/data/prfl2/kondoyuma.html
japanese,雑賀 ヤン坊 達也,saika.html,https://www.pancrase.co.jp/data/prfl2/saika.html
japanese,才賀紀左衛門,saiga.html,https://www.pancrase.co.jp/data/prfl2/saiga.html
japanese,齊藤翔太,saitoshota.html,https://www.pancrase.co.jp/data/prfl2/saitoshota.html
japanese,斎藤主己,saitoshumi.html,https://www.pancrase.co.jp/data/prfl2/saitoshumi.html
japanese,齋藤拓矢,saitotakuya.html,https://www.pancrase.co.jp/data/prfl2/saitotakuya.html
japanese,齋藤裕俊,saitoh.html,https://www.pancrase.co.jp/data/prfl2/saitoh.html
japanese,斉藤正臣,saitom.html,https://www.pancrase.co.jp/data/prfl2/saitom.html
japanese,齊藤曜,saito.html,https://www.pancrase.co.jp/data/prfl2/saito.html
japanese,斉藤洋二,saitoy.html,https://www.pancrase.co.jp/data/prfl2/saitoy.html
japanese,斉藤良,saitoryo.html,https://www.pancrase.co.jp/data/prfl2/saitoryo.html
japanese,齋藤楼貴,saitoruki.html,https://www.pancrase.co.jp/data/prfl2/saitoruki.html
japanese,サイバー遼,iseki.html,https://www.pancrase.co.jp/data/prfl2/iseki.html
japanese,坂口征夫,sakaguchi.html,https://www.pancrase.co.jp/data/prfl2/sakaguchi.html
japanese,阪中カツヒロ,sakanaka.html,https://www.pancrase.co.jp/data/prfl2/sakanaka.html
japanese,坂野周平,sakano.html,https://www.pancrase.co.jp/data/prfl2/sakano.html
japanese,坂本瑞氣,sakamotomizuki.html,https://www.pancrase.co.jp/data/prfl2/sakamotomizuki.html
japanese,咲田ケイジ,sakuta.html,https://www.pancrase.co.jp/data/prfl2/sakuta.html
japanese,佐久間健太,sakuma.html,https://www.pancrase.co.jp/data/prfl2/sakuma.html
japanese,ザ・グレート浪花,naniwa.html,https://www.pancrase.co.jp/data/prfl2/naniwa.html
japanese,櫻井明大,sakurai.html,https://www.pancrase.co.jp/data/prfl2/sakurai.html
japanese,櫻井裕康,sakuraihiroyasu.html,https://www.pancrase.co.jp/data/prfl2/sakuraihiroyasu.html
japanese,桜井隆多,sakurairyuta.html,https://www.pancrase.co.jp/data/prfl2/sakurairyuta.html
japanese,桜木裕司,sakuragi.html,https://www.pancrase.co.jp/data/prfl2/sakuragi.html
japanese,笹 晋久,sasa.html,https://www.pancrase.co.jp/data/prfl2/sasa.html
japanese,笹生誠哉,sasoseiya.html,https://www.pancrase.co.jp/data/prfl2/sasoseiya.html
japanese,佐々木恭介,sasakik.html,https://www.pancrase.co.jp/data/prfl2/sasakik.html
japanese,佐々木健吾,sasakikengo.html,https://www.pancrase.co.jp/data/prfl2/sasakikengo.html
japanese,佐々木瞬真,sasakishunma.html,https://www.pancrase.co.jp/data/prfl2/sasakishunma.html
japanese,佐々木信治,sasakis.html,https://www.pancrase.co.jp/data/prfl2/sasakis.html
japanese,佐々木郁矢,sasakif.html,https://www.pancrase.co.jp/data/prfl2/sasakif.html
japanese,佐々木有生,sasaki.html,https://www.pancrase.co.jp/data/prfl2/sasaki.html
japanese,佐々木裕亮,sasakiyusuke.html,https://www.pancrase.co.jp/data/prfl2/sasakiyusuke.html
japanese,佐々木 徠,sasakirai.html,https://www.pancrase.co.jp/data/prfl2/sasakirai.html
japanese,佐々木亮太,sasakir.html,https://www.pancrase.co.jp/data/prfl2/sasakir.html
japanese,笹崎健司,sasazakikenji.html,https://www.pancrase.co.jp/data/prfl2/sasazakikenji.html
japanese,貞永大輔,sadanaga.html,https://www.pancrase.co.jp/data/prfl2/sadanaga.html
japanese,佐藤堅一,satok.html,https://www.pancrase.co.jp/data/prfl2/satok.html
japanese,佐藤将光,satos.html,https://www.pancrase.co.jp/data/prfl2/satos.html
japanese,佐藤生虎,satoshogo.html,https://www.pancrase.co.jp/data/prfl2/satoshogo.html
japanese,佐東伸哉,satoshinya.html,https://www.pancrase.co.jp/data/prfl2/satoshinya.html
japanese,佐藤天,satotakashi.html,https://www.pancrase.co.jp/data/prfl2/satotakashi.html
japanese,佐藤豪則,satot.html,https://www.pancrase.co.jp/data/prfl2/satot.html
japanese,佐藤ハヤト,satohayato.html,https://www.pancrase.co.jp/data/prfl2/satohayato.html
japanese,佐藤光留,../prfl/sato.html,https://www.pancrase.co.jp/data/prfl/sato.html
japanese,佐藤ヒデキ,satohideki.html,https://www.pancrase.co.jp/data/prfl2/satohideki.html
japanese,佐藤光芳,satomitsu.html,https://www.pancrase.co.jp/data/prfl2/satomitsu.html
japanese,佐藤基樹,satomotoki.html,https://www.pancrase.co.jp/data/prfl2/satomotoki.html
japanese,佐藤ゆうじ,satoyuji_bonsai.html,https://www.pancrase.co.jp/data/prfl2/satoyuji_bonsai.html
japanese,佐藤裕二,satoyuji.html,https://www.pancrase.co.jp/data/prfl2/satoyuji.html
japanese,佐藤洋一郎,satoy.html,https://www.pancrase.co.jp/data/prfl2/satoy.html
japanese,佐藤力斗,satorikito.html,https://www.pancrase.co.jp/data/prfl2/satorikito.html
japanese,佐藤龍汰朗,satoryutaro.html,https://www.pancrase.co.jp/data/prfl2/satoryutaro.html
japanese,佐藤良太,satoryota.html,https://www.pancrase.co.jp/data/prfl2/satoryota.html
japanese,里見拓磨,satomitakuma.html,https://www.pancrase.co.jp/data/prfl2/satomitakuma.html
japanese,里本一也,satomoto.html,https://www.pancrase.co.jp/data/prfl2/satomoto.html
japanese,猿飛流,satoru.html,https://www.pancrase.co.jp/data/prfl2/satoru.html
japanese,実原隆浩,sanehara.html,https://www.pancrase.co.jp/data/prfl2/sanehara.html
japanese,佐野哲也,sanot.html,https://www.pancrase.co.jp/data/prfl2/sanot.html
japanese,佐野友飛,sano.html,https://www.pancrase.co.jp/data/prfl2/sano.html
japanese,佐原弘汰,sahara.html,https://www.pancrase.co.jp/data/prfl2/sahara.html
japanese,さぶろう,saburou.html,https://www.pancrase.co.jp/data/prfl2/saburou.html
japanese,沢木純也,sawakijunya.html,https://www.pancrase.co.jp/data/prfl2/sawakijunya.html
japanese,澤田健壱,sawada.html,https://www.pancrase.co.jp/data/prfl2/sawada.html
japanese,山内慎人,sannai.html,https://www.pancrase.co.jp/data/prfl2/sannai.html
japanese,獅庵,shian.html,https://www.pancrase.co.jp/data/prfl2/shian.html
japanese,ジェイク・ムラタ,muratak.html,https://www.pancrase.co.jp/data/prfl2/muratak.html
japanese,塩津良介,shiotsu.html,https://www.pancrase.co.jp/data/prfl2/shiotsu.html
japanese,枝折優士,shiori.html,https://www.pancrase.co.jp/data/prfl2/shiori.html
japanese,志田幹,shida.html,https://www.pancrase.co.jp/data/prfl2/shida.html
japanese,下町キッド,shitamachi.html,https://www.pancrase.co.jp/data/prfl2/shitamachi.html
japanese,獅道,shidou.html,https://www.pancrase.co.jp/data/prfl2/shidou.html
japanese,篠川キャベツ,shinokawa.html,https://www.pancrase.co.jp/data/prfl2/shinokawa.html
japanese,柴田寛,shibata.html,https://www.pancrase.co.jp/data/prfl2/shibata.html
japanese,柴田“モンキー”有哉,shibatayuya.html,https://www.pancrase.co.jp/data/prfl2/shibatayuya.html
japanese,柴山鷹成,shibayamayosei.html,https://www.pancrase.co.jp/data/prfl2/shibayamayosei.html
japanese,渋井宏行,shibuihiroyuki.html,https://www.pancrase.co.jp/data/prfl2/shibuihiroyuki.html
japanese,渋谷修身,shibuya.html,https://www.pancrase.co.jp/data/prfl2/shibuya.html
japanese,渋谷和樹,shibuyakazuki.html,https://www.pancrase.co.jp/data/prfl2/shibuyakazuki.html
japanese,島崎巧,shimazaki.html,https://www.pancrase.co.jp/data/prfl2/shimazaki.html
japanese,島田賢二,shimada.html,https://www.pancrase.co.jp/data/prfl2/shimada.html
japanese,嶋田大輝,shimadadaiki.html,https://www.pancrase.co.jp/data/prfl2/shimadadaiki.html
japanese,島袋力,shimabukuroc.html,https://www.pancrase.co.jp/data/prfl2/shimabukuroc.html
japanese,島村裕,shimamura.html,https://www.pancrase.co.jp/data/prfl2/shimamura.html
japanese,ジミー明成,../prfl/jimmy.html,https://www.pancrase.co.jp/data/prfl/jimmy.html
japanese,清水清隆,shimizuk.html,https://www.pancrase.co.jp/data/prfl2/shimizuk.html
japanese,清水俊一,shimizus.html,https://www.pancrase.co.jp/data/prfl2/shimizus.html
japanese,清水ダイキ,shimizud.html,https://www.pancrase.co.jp/data/prfl2/shimizud.html
japanese,清水哲平,shimizuteppei.html,https://www.pancrase.co.jp/data/prfl2/shimizuteppei.html
japanese,清水隼人,shimizu.html,https://www.pancrase.co.jp/data/prfl2/shimizu.html
japanese,清水博人,shimizuhiroto.html,https://www.pancrase.co.jp/data/prfl2/shimizuhiroto.html
japanese,清水悠生,shimizuy.html,https://www.pancrase.co.jp/data/prfl2/shimizuy.html
japanese,下石康太,shimoishi.html,https://www.pancrase.co.jp/data/prfl2/shimoishi.html
japanese,下川雄生,shimokawa.html,https://www.pancrase.co.jp/data/prfl2/shimokawa.html
japanese,下田洋介,shimodayosuke.html,https://www.pancrase.co.jp/data/prfl2/shimodayosuke.html
japanese,下山大介,shimoyama.html,https://www.pancrase.co.jp/data/prfl2/shimoyama.html
japanese,下山楓人,shimoyamafuuto.html,https://www.pancrase.co.jp/data/prfl2/shimoyamafuuto.html
japanese,張 豊,zhangyuta.html,https://www.pancrase.co.jp/data/prfl2/zhangyuta.html
japanese,獣神サンダー・ライガー,lyger.html,https://www.pancrase.co.jp/data/prfl2/lyger.html
japanese,修我,noyama.html,https://www.pancrase.co.jp/data/prfl2/noyama.html
japanese,駿太,shunta.html,https://www.pancrase.co.jp/data/prfl2/shunta.html
japanese,潤鎮魂歌,junrequiem.html,https://www.pancrase.co.jp/data/prfl2/junrequiem.html
japanese,聖王DATE,jouou.html,https://www.pancrase.co.jp/data/prfl2/jouou.html
japanese,昇侍,shojikiba.html,https://www.pancrase.co.jp/data/prfl2/shojikiba.html
japanese,小路晃,shoji.html,https://www.pancrase.co.jp/data/prfl2/shoji.html
japanese,小路伸亮,shojikb.html,https://www.pancrase.co.jp/data/prfl2/shojikb.html
japanese,翔兵,masumizu.html,https://www.pancrase.co.jp/data/prfl2/masumizu.html
japanese,白井誠司,shiraijoji.html,https://www.pancrase.co.jp/data/prfl2/shiraijoji.html
japanese,白井祐矢,shirai.html,https://www.pancrase.co.jp/data/prfl2/shirai.html
japanese,"白川“Dark""陸斗",shirakawa.html,https://www.pancrase.co.jp/data/prfl2/shirakawa.html
japanese,城間貴文,shiroma.html,https://www.pancrase.co.jp/data/prfl2/shiroma.html
japanese,新地魁夢,shinchikaimu.html,https://www.pancrase.co.jp/data/prfl2/shinchikaimu.html
japanese,眞藤源太,shindogenta.html,https://www.pancrase.co.jp/data/prfl2/shindogenta.html
japanese,須貝幸市,sugai.html,https://www.pancrase.co.jp/data/prfl2/sugai.html
japanese,杉内勇,sugiuchi.html,https://www.pancrase.co.jp/data/prfl2/sugiuchi.html
japanese,杉浦貴,sugiura.html,https://www.pancrase.co.jp/data/prfl2/sugiura.html
japanese,杉浦弘幸,sugiurahiroyuki.html,https://www.pancrase.co.jp/data/prfl2/sugiurahiroyuki.html
japanese,杉原光世,sugiharakosei.html,https://www.pancrase.co.jp/data/prfl2/sugiharakosei.html
japanese,杉山和史,sugiyama.html,https://www.pancrase.co.jp/data/prfl2/sugiyama.html
japanese,杉山廣平,sugiyamakohei.html,https://www.pancrase.co.jp/data/prfl2/sugiyamakohei.html
japanese,鈴木敦順,suzukiatsunori.html,https://www.pancrase.co.jp/data/prfl2/suzukiatsunori.html
japanese,鈴木一史,suzukikazuhito.html,https://www.pancrase.co.jp/data/prfl2/suzukikazuhito.html
japanese,鈴木槙吾,suzukis.html,https://www.pancrase.co.jp/data/prfl2/suzukis.html
japanese,鈴木崇豊,suzukitakahiro.html,https://www.pancrase.co.jp/data/prfl2/suzukitakahiro.html
japanese,鈴木琢仁,suzukitakumi.html,https://www.pancrase.co.jp/data/prfl2/suzukitakumi.html
japanese,鈴木慈也,suzukichikaya.html,https://www.pancrase.co.jp/data/prfl2/suzukichikaya.html
japanese,鈴木千裕,suzukichihiro.html,https://www.pancrase.co.jp/data/prfl2/suzukichihiro.html
japanese,鈴木道場長,suzukidojyocho.html,https://www.pancrase.co.jp/data/prfl2/suzukidojyocho.html
japanese,鈴木陽人,suzukiharuto.html,https://www.pancrase.co.jp/data/prfl2/suzukiharuto.html
japanese,鈴木雅史,suzukim.html,https://www.pancrase.co.jp/data/prfl2/suzukim.html
japanese,鈴木みのる,suzuki.html,https://www.pancrase.co.jp/data/prfl2/suzuki.html
japanese,鈴木勇太朗,suzukiyutaro.html,https://www.pancrase.co.jp/data/prfl2/suzukiyutaro.html
japanese,鈴木悠斗,suzukiyuto.html,https://www.pancrase.co.jp/data/prfl2/suzukiyuto.html
japanese,鈴木淑徳,suzukiyoshinori.html,https://www.pancrase.co.jp/data/prfl2/suzukiyoshinori.html
japanese,鈴木龍也,suzukiryuya.html,https://www.pancrase.co.jp/data/prfl2/suzukiryuya.html
japanese,須田悠,suda.html,https://www.pancrase.co.jp/data/prfl2/suda.html
japanese,須藤元気,sudo.html,https://www.pancrase.co.jp/data/prfl2/sudo.html
japanese,ストラッサー起一,kunimoto.html,https://www.pancrase.co.jp/data/prfl2/kunimoto.html
japanese,砂辺光久,sunabe.html,https://www.pancrase.co.jp/data/prfl2/sunabe.html
japanese,魔破 DATE,speedrdate.html,https://www.pancrase.co.jp/data/prfl2/speedrdate.html
japanese,住村竜市朗,sumimura.html,https://www.pancrase.co.jp/data/prfl2/sumimura.html
japanese,諏訪園岳,suwazono.html,https://www.pancrase.co.jp/data/prfl2/suwazono.html
japanese,諏訪部哲平,suwabe.html,https://www.pancrase.co.jp/data/prfl2/suwabe.html
japanese,関 翔渚,sekisena.html,https://www.pancrase.co.jp/data/prfl2/sekisena.html
japanese,関直喜,seki.html,https://www.pancrase.co.jp/data/prfl2/seki.html
japanese,関原翔,sekihara.html,https://www.pancrase.co.jp/data/prfl2/sekihara.html
japanese,芹澤健市,serizawa.html,https://www.pancrase.co.jp/data/prfl2/serizawa.html
japanese,仙三,senzo.html,https://www.pancrase.co.jp/data/prfl2/senzo.html
japanese,曹竜也,so.html,https://www.pancrase.co.jp/data/prfl2/so.html
japanese,曾我英将,sogahidemasa.html,https://www.pancrase.co.jp/data/prfl2/sogahidemasa.html
japanese,外山慎平,sotoyama.html,https://www.pancrase.co.jp/data/prfl2/sotoyama.html
japanese,祖根寿麻,sone.html,https://www.pancrase.co.jp/data/prfl2/sone.html
japanese,大空,sora.html,https://www.pancrase.co.jp/data/prfl2/sora.html
japanese,タイガー石井,tiger.html,https://www.pancrase.co.jp/data/prfl2/tiger.html
japanese,聡-S DATE,tigerdate.html,https://www.pancrase.co.jp/data/prfl2/tigerdate.html
japanese,太子郎,taishiro.html,https://www.pancrase.co.jp/data/prfl2/taishiro.html
japanese,平 賢二郎,tairakenjiro.html,https://www.pancrase.co.jp/data/prfl2/tairakenjiro.html
japanese,平 信一,taira.html,https://www.pancrase.co.jp/data/prfl2/taira.html
japanese,TAKAみちのく,taka.html,https://www.pancrase.co.jp/data/prfl2/taka.html
japanese,高江州朝也,takaesu.html,https://www.pancrase.co.jp/data/prfl2/takaesu.html
japanese,高岡尚裕,takaoka.html,https://www.pancrase.co.jp/data/prfl2/takaoka.html
japanese,高木健太,takagi.html,https://www.pancrase.co.jp/data/prfl2/takagi.html
japanese,高木徳三,takagitokumitsu.html,https://www.pancrase.co.jp/data/prfl2/takagitokumitsu.html
japanese,高木凌,takagiryo.html,https://www.pancrase.co.jp/data/prfl2/takagiryo.html
japanese,高島大樹,takashimadaiju.html,https://www.pancrase.co.jp/data/prfl2/takashimadaiju.html
japanese,髙島俊哉,takashimatoshiya.html,https://www.pancrase.co.jp/data/prfl2/takashimatoshiya.html
japanese,高杉遼介,takasugiryosuke.html,https://www.pancrase.co.jp/data/prfl2/takasugiryosuke.html
japanese,高瀬一平,takaseippei.html,https://www.pancrase.co.jp/data/prfl2/takaseippei.html
japanese,高瀬大樹,takase.html,https://www.pancrase.co.jp/data/prfl2/takase.html
japanese,高田浩也,takada.html,https://www.pancrase.co.jp/data/prfl2/takada.html
japanese,高田寛也,takadahiroya.html,https://www.pancrase.co.jp/data/prfl2/takadahiroya.html
japanese,高田谷悟,takadaya.html,https://www.pancrase.co.jp/data/prfl2/takadaya.html
japanese,高鍋明大,takanabe.html,https://www.pancrase.co.jp/data/prfl2/takanabe.html
japanese,高野敦大,takano.html,https://www.pancrase.co.jp/data/prfl2/takano.html
japanese,高橋克佳,takahashikatsuyoshi.html,https://www.pancrase.co.jp/data/prfl2/takahashikatsuyoshi.html
japanese,高橋憲次郎,takahashikenjiro.html,https://www.pancrase.co.jp/data/prfl2/takahashikenjiro.html
japanese,髙橋攻誠,takahashikosei.html,https://www.pancrase.co.jp/data/prfl2/takahashikosei.html
japanese,高橋重智,takahashik.html,https://www.pancrase.co.jp/data/prfl2/takahashik.html
japanese,高橋拓也,takahashitakuya.html,https://www.pancrase.co.jp/data/prfl2/takahashitakuya.html
japanese,高橋“フリーザ”達也,takahashit.html,https://www.pancrase.co.jp/data/prfl2/takahashit.html
japanese,高橋弘,takahashihiroshi.html,https://www.pancrase.co.jp/data/prfl2/takahashihiroshi.html
japanese,高橋誠,takahashimakoto.html,https://www.pancrase.co.jp/data/prfl2/takahashimakoto.html
japanese,高橋祐樹,takahashiyuki.html,https://www.pancrase.co.jp/data/prfl2/takahashiyuki.html
japanese,高橋“Bancho”良明,takahashiy.html,https://www.pancrase.co.jp/data/prfl2/takahashiy.html
japanese,高橋義生,../prfl/takahashi.html,https://www.pancrase.co.jp/data/prfl/takahashi.html
japanese,髙橋梨王,takahashiriou.html,https://www.pancrase.co.jp/data/prfl2/takahashiriou.html
japanese,高橋渉,takahashiw.html,https://www.pancrase.co.jp/data/prfl2/takahashiw.html
japanese,高藤正和,takafuji.html,https://www.pancrase.co.jp/data/prfl2/takafuji.html
japanese,高松尚平,takamatsu.html,https://www.pancrase.co.jp/data/prfl2/takamatsu.html
japanese,田上洋平,tagami.html,https://www.pancrase.co.jp/data/prfl2/tagami.html
japanese,高本裕和,takamoto.html,https://www.pancrase.co.jp/data/prfl2/takamoto.html
japanese,高森啓吾,takamori.html,https://www.pancrase.co.jp/data/prfl2/takamori.html
japanese,髙谷裕之,takaya.html,https://www.pancrase.co.jp/data/prfl2/takaya.html
japanese,高谷LOYLY,takayaloyly.html,https://www.pancrase.co.jp/data/prfl2/takayaloyly.html
japanese,高柳京之介,takayanagikyonosuke.html,https://www.pancrase.co.jp/data/prfl2/takayanagikyonosuke.html
japanese,高山慶悟,takayamakeigo.html,https://www.pancrase.co.jp/data/prfl2/takayamakeigo.html
japanese,タカリンダマン,takarindaman.html,https://www.pancrase.co.jp/data/prfl2/takarindaman.html
japanese,髙城光弘,taki.html,https://www.pancrase.co.jp/data/prfl2/taki.html
japanese,瀧川令羽,takigawa.html,https://www.pancrase.co.jp/data/prfl2/takigawa.html
japanese,瀧口脩生,takiguchi.html,https://www.pancrase.co.jp/data/prfl2/takiguchi.html
japanese,瀧澤謙太,takizawak.html,https://www.pancrase.co.jp/data/prfl2/takizawak.html
japanese,滝田J太郎,takita.html,https://www.pancrase.co.jp/data/prfl2/takita.html
japanese,田口翔大,taguchishota.html,https://www.pancrase.co.jp/data/prfl2/taguchishota.html
japanese,タクミ,takumi.html,https://www.pancrase.co.jp/data/prfl2/takumi.html
japanese,TAG,tag.html,https://www.pancrase.co.jp/data/prfl2/tag.html
japanese,武井徳之,takei.html,https://www.pancrase.co.jp/data/prfl2/takei.html
japanese,武田光博,takeda.html,https://www.pancrase.co.jp/data/prfl2/takeda.html
japanese,竹内出,takeuchi.html,https://www.pancrase.co.jp/data/prfl2/takeuchi.html
japanese,竹内幸司,takeuchik.html,https://www.pancrase.co.jp/data/prfl2/takeuchik.html
japanese,竹内直矢,takeuchinaoya.html,https://www.pancrase.co.jp/data/prfl2/takeuchinaoya.html
japanese,竹川光一郎,takekawa.html,https://www.pancrase.co.jp/data/prfl2/takekawa.html
japanese,竹縄元博,takenawa.html,https://www.pancrase.co.jp/data/prfl2/takenawa.html
japanese,竹本啓哉,takemoto.html,https://www.pancrase.co.jp/data/prfl2/takemoto.html
japanese,武重賢司,../prfl/takeshige.html,https://www.pancrase.co.jp/data/prfl/takeshige.html
japanese,田嶋椋,tajimaryo.html,https://www.pancrase.co.jp/data/prfl2/tajimaryo.html
japanese,田代悠生,tashiroyuki.html,https://www.pancrase.co.jp/data/prfl2/tashiroyuki.html
japanese,立花恵介,tachibana.html,https://www.pancrase.co.jp/data/prfl2/tachibana.html
japanese,立成洋太,tatsunari.html,https://www.pancrase.co.jp/data/prfl2/tatsunari.html
japanese,竜己,okanotatsuki.html,https://www.pancrase.co.jp/data/prfl2/okanotatsuki.html
japanese,辰己豪人,tatsumi.html,https://www.pancrase.co.jp/data/prfl2/tatsumi.html
japanese,タテキ・マツダ,matsudatateki.html,https://www.pancrase.co.jp/data/prfl2/matsudatateki.html
japanese,田中壱季,tanakaichiki.html,https://www.pancrase.co.jp/data/prfl2/tanakaichiki.html
japanese,田中章仁,tanaka.html,https://www.pancrase.co.jp/data/prfl2/tanaka.html
japanese,田中スネ夫ハヤト,tanakasuneo.html,https://www.pancrase.co.jp/data/prfl2/tanakasuneo.html
japanese,田中千久,tanakakazuhisa.html,https://www.pancrase.co.jp/data/prfl2/tanakakazuhisa.html
japanese,田中達憲,tanakat.html,https://www.pancrase.co.jp/data/prfl2/tanakat.html
japanese,田中智也,tanakatomoya.html,https://www.pancrase.co.jp/data/prfl2/tanakatomoya.html
japanese,田中半蔵,tanakahanzo.html,https://www.pancrase.co.jp/data/prfl2/tanakahanzo.html
japanese,田中路教,tanakamichinori.html,https://www.pancrase.co.jp/data/prfl2/tanakamichinori.html
japanese,田中康友,tanakay.html,https://www.pancrase.co.jp/data/prfl2/tanakay.html
japanese,田中竜一,tanakar.html,https://www.pancrase.co.jp/data/prfl2/tanakar.html
japanese,田中亮祐,tanakaryosuke.html,https://www.pancrase.co.jp/data/prfl2/tanakaryosuke.html
japanese,棚田直樹,tanada.html,https://www.pancrase.co.jp/data/prfl2/tanada.html
japanese,田辺宗右,tanabe.html,https://www.pancrase.co.jp/data/prfl2/tanabe.html
japanese,谷 育磨,taniikuma.html,https://www.pancrase.co.jp/data/prfl2/taniikuma.html
japanese,谷村泰嘉,tanimura.html,https://www.pancrase.co.jp/data/prfl2/tanimura.html
japanese,谷村泰和,tanimurayamato.html,https://www.pancrase.co.jp/data/prfl2/tanimurayamato.html
japanese,田沼良介,tanuma.html,https://www.pancrase.co.jp/data/prfl2/tanuma.html
japanese,田原しんぺー,tahara.html,https://www.pancrase.co.jp/data/prfl2/tahara.html
japanese,田畑翔太,tabatashota.html,https://www.pancrase.co.jp/data/prfl2/tabatashota.html
japanese,打武龍,daburyu.html,https://www.pancrase.co.jp/data/prfl2/daburyu.html
japanese,玉海力剛,tamakairiki.html,https://www.pancrase.co.jp/data/prfl2/tamakairiki.html
japanese,玉城優介,tamashiro.html,https://www.pancrase.co.jp/data/prfl2/tamashiro.html
japanese,田丸慶輔,tamaru.html,https://www.pancrase.co.jp/data/prfl2/tamaru.html
japanese,田村彰敏,tamuraa.html,https://www.pancrase.co.jp/data/prfl2/tamuraa.html
japanese,田村一聖,tamuraissei.html,https://www.pancrase.co.jp/data/prfl2/tamuraissei.html
japanese,田村ヒビキ,tamura.html,https://www.pancrase.co.jp/data/prfl2/tamura.html
japanese,為房虎太郎,tamefusa.html,https://www.pancrase.co.jp/data/prfl2/tamefusa.html
japanese,DARANI,darani.html,https://www.pancrase.co.jp/data/prfl2/darani.html
japanese,檀原諒平,danbararyohei.html,https://www.pancrase.co.jp/data/prfl2/danbararyohei.html
japanese,近野淳平,chikano.html,https://www.pancrase.co.jp/data/prfl2/chikano.html
japanese,千種純平,chikusa.html,https://www.pancrase.co.jp/data/prfl2/chikusa.html
japanese,中條実,chujo.html,https://www.pancrase.co.jp/data/prfl2/chujo.html
japanese,長 佳輝,choyoshiki.html,https://www.pancrase.co.jp/data/prfl2/choyoshiki.html
japanese,長南亮,chonan.html,https://www.pancrase.co.jp/data/prfl2/chonan.html
japanese,築城実,tsuiki.html,https://www.pancrase.co.jp/data/prfl2/tsuiki.html
japanese,辻川力也,tsujikawar.html,https://www.pancrase.co.jp/data/prfl2/tsujikawar.html
japanese,辻川凌平,tsujikawa.html,https://www.pancrase.co.jp/data/prfl2/tsujikawa.html
japanese,辻田大祐,tsujita.html,https://www.pancrase.co.jp/data/prfl2/tsujita.html
japanese,土谷 wisdom 勇斗,tsuchiyawisdomyuto.html,https://www.pancrase.co.jp/data/prfl2/tsuchiyawisdomyuto.html
japanese,都築博之,tsuzuki.html,https://www.pancrase.co.jp/data/prfl2/tsuzuki.html
japanese,TSUNE,tsune.html,https://www.pancrase.co.jp/data/prfl2/tsune.html
japanese,坪内一将,tsubouchi.html,https://www.pancrase.co.jp/data/prfl2/tsubouchi.html
japanese,鶴巻伸洋,tsurumaki.html,https://www.pancrase.co.jp/data/prfl2/tsurumaki.html
japanese,鶴屋 怜,tsuruya.html,https://www.pancrase.co.jp/data/prfl2/tsuruya.html
japanese,DJ.taiki,djtaiki.html,https://www.pancrase.co.jp/data/prfl2/djtaiki.html
japanese,出口直樹,deguchi.html,https://www.pancrase.co.jp/data/prfl2/deguchi.html
japanese,手塚晴希,tezukaharuki.html,https://www.pancrase.co.jp/data/prfl2/tezukaharuki.html
japanese,手塚基伸,tezuka.html,https://www.pancrase.co.jp/data/prfl2/tezuka.html
japanese,手塚勇太,tezukayuta.html,https://www.pancrase.co.jp/data/prfl2/tezukayuta.html
japanese,手塚裕之,tetsuka.html,https://www.pancrase.co.jp/data/prfl2/tetsuka.html
japanese,出見世雅之,demise.html,https://www.pancrase.co.jp/data/prfl2/demise.html
japanese,寺岡拓永,teraokatakuei.html,https://www.pancrase.co.jp/data/prfl2/teraokatakuei.html
japanese,寺本雄輝,teramotoyuki.html,https://www.pancrase.co.jp/data/prfl2/teramotoyuki.html
japanese,天坂匡孝,tensakamasataka.html,https://www.pancrase.co.jp/data/prfl2/tensakamasataka.html
japanese,天山亮,ryoakb.html,https://www.pancrase.co.jp/data/prfl2/ryoakb.html
japanese,天弥,yoshimuratenya.html,https://www.pancrase.co.jp/data/prfl2/yoshimuratenya.html
japanese,塔山暖樹,touyamaharuki.html,https://www.pancrase.co.jp/data/prfl2/touyamaharuki.html
japanese,當房 桂,tobokei.html,https://www.pancrase.co.jp/data/prfl2/tobokei.html
japanese,土肥潤,doi.html,https://www.pancrase.co.jp/data/prfl2/doi.html
japanese,土井勝幹,dois.html,https://www.pancrase.co.jp/data/prfl2/dois.html
japanese,堂垣善史,dougaki.html,https://www.pancrase.co.jp/data/prfl2/dougaki.html
japanese,堂園悠,dozono.html,https://www.pancrase.co.jp/data/prfl2/dozono.html
japanese,當眞充,touma.html,https://www.pancrase.co.jp/data/prfl2/touma.html
japanese,冨樫健一郎,togashik.html,https://www.pancrase.co.jp/data/prfl2/togashik.html
japanese,冨樫良介,togashi.html,https://www.pancrase.co.jp/data/prfl2/togashi.html
japanese,蒔田伸吾,tokita.html,https://www.pancrase.co.jp/data/prfl2/tokita.html
japanese,時田一生,tokidaissei.html,https://www.pancrase.co.jp/data/prfl2/tokidaissei.html
japanese,時田隆成,tokida.html,https://www.pancrase.co.jp/data/prfl2/tokida.html
japanese,透暉鷹,tokitaka.html,https://www.pancrase.co.jp/data/prfl2/tokitaka.html
japanese,徳留一樹,tokudome.html,https://www.pancrase.co.jp/data/prfl2/tokudome.html
japanese,渡慶次幸平,tokeshi.html,https://www.pancrase.co.jp/data/prfl2/tokeshi.html
japanese,土佐健市,tosa.html,https://www.pancrase.co.jp/data/prfl2/tosa.html
japanese,TOSHI,toshi.html,https://www.pancrase.co.jp/data/prfl2/toshi.html
japanese,苫 侑我,tomayuga.html,https://www.pancrase.co.jp/data/prfl2/tomayuga.html
japanese,トミー矢野,yanothomy.html,https://www.pancrase.co.jp/data/prfl2/yanothomy.html
japanese,富田浩司,tomita.html,https://www.pancrase.co.jp/data/prfl2/tomita.html
japanese,冨田翔市,tomitashoichi.html,https://www.pancrase.co.jp/data/prfl2/tomitashoichi.html
japanese,富山浩宇,tomiyama.html,https://www.pancrase.co.jp/data/prfl2/tomiyama.html
japanese,友實竜也,tomozane.html,https://www.pancrase.co.jp/data/prfl2/tomozane.html
japanese,友澤ピンキー貴仁,tomozawa.html,https://www.pancrase.co.jp/data/prfl2/tomozawa.html
japanese,友寄龍太,tomoyoseryuta.html,https://www.pancrase.co.jp/data/prfl2/tomoyoseryuta.html
japanese,豊永稔,toyonaga.html,https://www.pancrase.co.jp/data/prfl2/toyonaga.html
japanese,鳥生将大,../prfl/toryu.html,https://www.pancrase.co.jp/data/prfl/toryu.html
japanese,内藤征弥,naito.html,https://www.pancrase.co.jp/data/prfl2/naito.html
japanese,内藤由良,naitoyura.html,https://www.pancrase.co.jp/data/prfl2/naitoyura.html
japanese,なおKING,tajima.html,https://www.pancrase.co.jp/data/prfl2/tajima.html
japanese,直斗,naoto.html,https://www.pancrase.co.jp/data/prfl2/naoto.html
japanese,中井光義,nakai.html,https://www.pancrase.co.jp/data/prfl2/nakai.html
japanese,中井亮介,nakair.html,https://www.pancrase.co.jp/data/prfl2/nakair.html
japanese,長井憲治,nagai.html,https://www.pancrase.co.jp/data/prfl2/nagai.html
japanese,永井美自戒,nagaimijikai.html,https://www.pancrase.co.jp/data/prfl2/nagaimijikai.html
japanese,永井佑虎,nagaiyuki.html,https://www.pancrase.co.jp/data/prfl2/nagaiyuki.html
japanese,長岡弘樹,nagaoka.html,https://www.pancrase.co.jp/data/prfl2/nagaoka.html
japanese,中川皓貴,nakagawakoki.html,https://www.pancrase.co.jp/data/prfl2/nakagawakoki.html
japanese,永木健二,nagaki.html,https://www.pancrase.co.jp/data/prfl2/nagaki.html
japanese,中里貴幸,nakazato.html,https://www.pancrase.co.jp/data/prfl2/nakazato.html
japanese,中島太一,nakajimat.html,https://www.pancrase.co.jp/data/prfl2/nakajimat.html
japanese,中嶋悠真,nakajimayuma.html,https://www.pancrase.co.jp/data/prfl2/nakajimayuma.html
japanese,中田大貴,nakadahirotaka.html,https://www.pancrase.co.jp/data/prfl2/nakadahirotaka.html
japanese,永田克彦,nagata.html,https://www.pancrase.co.jp/data/prfl2/nagata.html
japanese,中西裕一,nakanishi.html,https://www.pancrase.co.jp/data/prfl2/nakanishi.html
japanese,中野剛貴,nakanogoki.html,https://www.pancrase.co.jp/data/prfl2/nakanogoki.html
japanese,中原由貴,nakahara.html,https://www.pancrase.co.jp/data/prfl2/nakahara.html
japanese,中村公彦,nakamuraki.html,https://www.pancrase.co.jp/data/prfl2/nakamuraki.html
japanese,中村邦夫,nakamurakunio.html,https://www.pancrase.co.jp/data/prfl2/nakamurakunio.html
japanese,中村謙作,nakamuraken.html,https://www.pancrase.co.jp/data/prfl2/nakamuraken.html
japanese,中村健太,nakamura.html,https://www.pancrase.co.jp/data/prfl2/nakamura.html
japanese,中村圭志,nakamurat.html,https://www.pancrase.co.jp/data/prfl2/nakamurat.html
japanese,中村晃司,nakamurak.html,https://www.pancrase.co.jp/data/prfl2/nakamurak.html
japanese,中村大信,nakamuradaishin.html,https://www.pancrase.co.jp/data/prfl2/nakamuradaishin.html
japanese,中村龍之,nakamuratatsuyuki.html,https://www.pancrase.co.jp/data/prfl2/nakamuratatsuyuki.html
japanese,中村令治,nakamurareiji.html,https://www.pancrase.co.jp/data/prfl2/nakamurareiji.html
japanese,中村雄一,nakamurayuichi.html,https://www.pancrase.co.jp/data/prfl2/nakamurayuichi.html
japanese,中村勇太,nakamuray.html,https://www.pancrase.co.jp/data/prfl2/nakamuray.html
japanese,長屋正悟,nagaya.html,https://www.pancrase.co.jp/data/prfl2/nagaya.html
japanese,中本龍平,nakamoto.html,https://www.pancrase.co.jp/data/prfl2/nakamoto.html
japanese,中山ハルキ,nakayama.html,https://www.pancrase.co.jp/data/prfl2/nakayama.html
japanese,流山大五郎,nagareyama.html,https://www.pancrase.co.jp/data/prfl2/nagareyama.html
japanese,名久井悠成,nakui.html,https://www.pancrase.co.jp/data/prfl2/nakui.html
japanese,名田英平,nada.html,https://www.pancrase.co.jp/data/prfl2/nada.html
japanese,NavE,nave.html,https://www.pancrase.co.jp/data/prfl2/nave.html
japanese,奈良貴明,nara.html,https://www.pancrase.co.jp/data/prfl2/nara.html
japanese,成瀬昌由,naruse.html,https://www.pancrase.co.jp/data/prfl2/naruse.html
japanese,渦巻DATE,narutodate.html,https://www.pancrase.co.jp/data/prfl2/narutodate.html
japanese,鳴海秀哉,narumihideya.html,https://www.pancrase.co.jp/data/prfl2/narumihideya.html
japanese,新居すぐる,konba.html,https://www.pancrase.co.jp/data/prfl2/konba.html
japanese,新国隆史,niikuni.html,https://www.pancrase.co.jp/data/prfl2/niikuni.html
japanese,新関猛起,niizekimoki.html,https://www.pancrase.co.jp/data/prfl2/niizekimoki.html
japanese,新村優貴,niimura.html,https://www.pancrase.co.jp/data/prfl2/niimura.html
japanese,仁牙ヤスオ,niki.html,https://www.pancrase.co.jp/data/prfl2/niki.html
japanese,西尾真輔,nishioshinsuke.html,https://www.pancrase.co.jp/data/prfl2/nishioshinsuke.html
japanese,西方清信,nishikata.html,https://www.pancrase.co.jp/data/prfl2/nishikata.html
japanese,西川純矢,nishikawa.html,https://www.pancrase.co.jp/data/prfl2/nishikawa.html
japanese,西後祐樹,nishigo.html,https://www.pancrase.co.jp/data/prfl2/nishigo.html
japanese,西坂タツヒコ,nishizaka.html,https://www.pancrase.co.jp/data/prfl2/nishizaka.html
japanese,西塚丈人,nishizukatakehito.html,https://www.pancrase.co.jp/data/prfl2/nishizukatakehito.html
japanese,ニシダ☆ショー,nishida.html,https://www.pancrase.co.jp/data/prfl2/nishida.html
japanese,仁科太志,nishina.html,https://www.pancrase.co.jp/data/prfl2/nishina.html
japanese,西野聡,nishino.html,https://www.pancrase.co.jp/data/prfl2/nishino.html
japanese,西野英紀,nishinoh.html,https://www.pancrase.co.jp/data/prfl2/nishinoh.html
japanese,西村大輝,nishimuradaiki.html,https://www.pancrase.co.jp/data/prfl2/nishimuradaiki.html
japanese,西村広和,nishimura.html,https://www.pancrase.co.jp/data/prfl2/nishimura.html
japanese,西脇恵一,nishiwaki.html,https://www.pancrase.co.jp/data/prfl2/nishiwaki.html
japanese,二之宮徳昭,ninomiya.html,https://www.pancrase.co.jp/data/prfl2/ninomiya.html
japanese,NUKINPO!,nukinpo.html,https://www.pancrase.co.jp/data/prfl2/nukinpo.html
japanese,貫井義規,nukuiyoshiki.html,https://www.pancrase.co.jp/data/prfl2/nukuiyoshiki.html
japanese,沼倉雄太,numakura.html,https://www.pancrase.co.jp/data/prfl2/numakura.html
japanese,沼尻健,numajiri.html,https://www.pancrase.co.jp/data/prfl2/numajiri.html
japanese,野沢洋之,nozawa.html,https://www.pancrase.co.jp/data/prfl2/nozawa.html
japanese,野副忠佑,nozoe.html,https://www.pancrase.co.jp/data/prfl2/nozoe.html
japanese,野田遼介,noda.html,https://www.pancrase.co.jp/data/prfl2/noda.html
japanese,野地竜太,noji.html,https://www.pancrase.co.jp/data/prfl2/noji.html
japanese,野中翔,nonaka.html,https://www.pancrase.co.jp/data/prfl2/nonaka.html
japanese,のぶゆき,nobuyuki.html,https://www.pancrase.co.jp/data/prfl2/nobuyuki.html
japanese,野村克也,nomura.html,https://www.pancrase.co.jp/data/prfl2/nomura.html
japanese,野村優眞,nomurayuma.html,https://www.pancrase.co.jp/data/prfl2/nomurayuma.html
japanese,NORIMICHI,yamadan.html,https://www.pancrase.co.jp/data/prfl2/yamadan.html
japanese,梅川毒一郎,baisen.html,https://www.pancrase.co.jp/data/prfl2/baisen.html
japanese,芳賀ビラル海,bilalkaihaga.html,https://www.pancrase.co.jp/data/prfl2/bilalkaihaga.html
japanese,萩島answerタクミ,hagishima.html,https://www.pancrase.co.jp/data/prfl2/hagishima.html
japanese,萩原一貴,hagiwarakazuki.html,https://www.pancrase.co.jp/data/prfl2/hagiwarakazuki.html
japanese,萩原幸太郎,hagiwarakotaro.html,https://www.pancrase.co.jp/data/prfl2/hagiwarakotaro.html
japanese,蓮實光,hasumi.html,https://www.pancrase.co.jp/data/prfl2/hasumi.html
japanese,服部・ジミー・元輝,hattori.html,https://www.pancrase.co.jp/data/prfl2/hattori.html
japanese,橋上壮馬,hashigamisoma.html,https://www.pancrase.co.jp/data/prfl2/hashigamisoma.html
japanese,橋本薫汰,hashimotokunta.html,https://www.pancrase.co.jp/data/prfl2/hashimotokunta.html
japanese,橋本友彦,hashimoto.html,https://www.pancrase.co.jp/data/prfl2/hashimoto.html
japanese,長谷川悟史,hasegawasatoshi.html,https://www.pancrase.co.jp/data/prfl2/hasegawasatoshi.html
japanese,長谷川孝司,../prfl/hasegawat.html,https://www.pancrase.co.jp/data/prfl/hasegawat.html
japanese,長谷川秀彦,hasegawa.html,https://www.pancrase.co.jp/data/prfl2/hasegawa.html
japanese,長谷川真生,hasegawamao.html,https://www.pancrase.co.jp/data/prfl2/hasegawamao.html
japanese,畑 大晴,hatataisei.html,https://www.pancrase.co.jp/data/prfl2/hatataisei.html
japanese,畠山祐輔,hatakeyamayusuke.html,https://www.pancrase.co.jp/data/prfl2/hatakeyamayusuke.html
japanese,八田 亮,hatta.html,https://www.pancrase.co.jp/data/prfl2/hatta.html
japanese,花井岳文,hanai.html,https://www.pancrase.co.jp/data/prfl2/hanai.html
japanese,花澤大介,hanazawa.html,https://www.pancrase.co.jp/data/prfl2/hanazawa.html
japanese,花レメ紋次郎TK,hanareme.html,https://www.pancrase.co.jp/data/prfl2/hanareme.html
japanese,馬場勇気,baba.html,https://www.pancrase.co.jp/data/prfl2/baba.html
japanese,濱田 巧,hamadatakumi.html,https://www.pancrase.co.jp/data/prfl2/hamadatakumi.html
japanese,濱地虎男,hamachitorao.html,https://www.pancrase.co.jp/data/prfl2/hamachitorao.html
japanese,浜中和宏,hamanaka.html,https://www.pancrase.co.jp/data/prfl2/hamanaka.html
japanese,濱松定司,hamamatsu.html,https://www.pancrase.co.jp/data/prfl2/hamamatsu.html
japanese,浜松大和,hamamatsuyamato.html,https://www.pancrase.co.jp/data/prfl2/hamamatsuyamato.html
japanese,浜本“キャット”雄大,hamamoto.html,https://www.pancrase.co.jp/data/prfl2/hamamoto.html
japanese,濱本透斗,hamamotoyukito.html,https://www.pancrase.co.jp/data/prfl2/hamamotoyukito.html
japanese,早坂優瑠,hayasaka.html,https://www.pancrase.co.jp/data/prfl2/hayasaka.html
japanese,林源平,hayashig.html,https://www.pancrase.co.jp/data/prfl2/hayashig.html
japanese,林俊介,hayashi.html,https://www.pancrase.co.jp/data/prfl2/hayashi.html
japanese,林駿平,hayashishunpei.html,https://www.pancrase.co.jp/data/prfl2/hayashishunpei.html
japanese,林大陽,hayashitaiyo.html,https://www.pancrase.co.jp/data/prfl2/hayashitaiyo.html
japanese,林完,hayashit.html,https://www.pancrase.co.jp/data/prfl2/hayashit.html
japanese,林優作,hayashiyusaku.html,https://www.pancrase.co.jp/data/prfl2/hayashiyusaku.html
japanese,原 昭仁,hara.html,https://www.pancrase.co.jp/data/prfl2/hara.html
japanese,原井徹,harai.html,https://www.pancrase.co.jp/data/prfl2/harai.html
japanese,原田惟紘,harada.html,https://www.pancrase.co.jp/data/prfl2/harada.html
japanese,原田直人,haradanaoto.html,https://www.pancrase.co.jp/data/prfl2/haradanaoto.html
japanese,悠輝平,haruka.html,https://www.pancrase.co.jp/data/prfl2/haruka.html
japanese,春川広明,harukawa.html,https://www.pancrase.co.jp/data/prfl2/harukawa.html
japanese,ハルク大城,hulk.html,https://www.pancrase.co.jp/data/prfl2/hulk.html
japanese,ハンセン玲雄,hansenreo.html,https://www.pancrase.co.jp/data/prfl2/hansenreo.html
japanese,パンチィー山内,yamauchi.html,https://www.pancrase.co.jp/data/prfl2/yamauchi.html
japanese,BG,bg.html,https://www.pancrase.co.jp/data/prfl2/bg.html
japanese,日沖発,hioki.html,https://www.pancrase.co.jp/data/prfl2/hioki.html
japanese,比嘉英樹,higa.html,https://www.pancrase.co.jp/data/prfl2/higa.html
japanese,樋口武大,higuchi.html,https://www.pancrase.co.jp/data/prfl2/higuchi.html
japanese,久松勇二,hisamatsu.html,https://www.pancrase.co.jp/data/prfl2/hisamatsu.html
japanese,日菜太,hinata.html,https://www.pancrase.co.jp/data/prfl2/hinata.html
japanese,日向優希,hinatayuki.html,https://www.pancrase.co.jp/data/prfl2/hinatayuki.html
japanese,日吉伸尊,hiyoshi.html,https://www.pancrase.co.jp/data/prfl2/hiyoshi.html
japanese,平岡将英,hiraoka.html,https://www.pancrase.co.jp/data/prfl2/hiraoka.html
japanese,平賀丈一郎,hiragajyoichiro.html,https://www.pancrase.co.jp/data/prfl2/hiragajyoichiro.html
japanese,平賀正孝,hiragamasataka.html,https://www.pancrase.co.jp/data/prfl2/hiragamasataka.html
japanese,平川智也,hirakawa.html,https://www.pancrase.co.jp/data/prfl2/hirakawa.html
japanese,平澤宏樹,hirasawakoki.html,https://www.pancrase.co.jp/data/prfl2/hirasawakoki.html
japanese,平田 旭,hirataakira.html,https://www.pancrase.co.jp/data/prfl2/hirataakira.html
japanese,平田勝裕,hirata.html,https://www.pancrase.co.jp/data/prfl2/hirata.html
japanese,平田純一,hiratajunichi.html,https://www.pancrase.co.jp/data/prfl2/hiratajunichi.html
japanese,平田丈二,hirataj.html,https://www.pancrase.co.jp/data/prfl2/hirataj.html
japanese,平田直樹,hiratanaoki.html,https://www.pancrase.co.jp/data/prfl2/hiratanaoki.html
japanese,平野唯翔,hiranoyuito.html,https://www.pancrase.co.jp/data/prfl2/hiranoyuito.html
japanese,平野洋太郎,hiranoyotaro.html,https://www.pancrase.co.jp/data/prfl2/hiranoyotaro.html
japanese,平松泰朗,hiramatsu.html,https://www.pancrase.co.jp/data/prfl2/hiramatsu.html
japanese,平山学,hirayamag.html,https://www.pancrase.co.jp/data/prfl2/hirayamag.html
japanese,平山貴一,hirayama.html,https://www.pancrase.co.jp/data/prfl2/hirayama.html
japanese,平安孝行,hirayasu.html,https://www.pancrase.co.jp/data/prfl2/hirayasu.html
japanese,廣川懸三,hirokawa.html,https://www.pancrase.co.jp/data/prfl2/hirokawa.html
japanese,廣瀬勲,hirose.html,https://www.pancrase.co.jp/data/prfl2/hirose.html
japanese,廣中克至,hironakakatsuyuki.html,https://www.pancrase.co.jp/data/prfl2/hironakakatsuyuki.html
japanese,弘中邦佳,hironaka.html,https://www.pancrase.co.jp/data/prfl2/hironaka.html
japanese,廣野剛康,hirono.html,https://www.pancrase.co.jp/data/prfl2/hirono.html
japanese,廣野雄大,hironoyudai.html,https://www.pancrase.co.jp/data/prfl2/hironoyudai.html
japanese,FUMA,fumabasara.html,https://www.pancrase.co.jp/data/prfl2/fumabasara.html
japanese,風魔翔,fuma.html,https://www.pancrase.co.jp/data/prfl2/fuma.html
japanese,深澤駿,fukazawa.html,https://www.pancrase.co.jp/data/prfl2/fukazawa.html
japanese,深谷誠,fukaya.html,https://www.pancrase.co.jp/data/prfl2/fukaya.html
japanese,福里凱亜,fukuzatogaia.html,https://www.pancrase.co.jp/data/prfl2/fukuzatogaia.html
japanese,福島啓太,fukushimakeita.html,https://www.pancrase.co.jp/data/prfl2/fukushimakeita.html
japanese,福島秀和,fukushima.html,https://www.pancrase.co.jp/data/prfl2/fukushima.html
japanese,福田雄平,fukuday.html,https://www.pancrase.co.jp/data/prfl2/fukuday.html
japanese,福田力,fukuda.html,https://www.pancrase.co.jp/data/prfl2/fukuda.html
japanese,福山晄久,fukuyama.html,https://www.pancrase.co.jp/data/prfl2/fukuyama.html
japanese,冨宅飛駈,fuke.html,https://www.pancrase.co.jp/data/prfl2/fuke.html
japanese,藤井勝久,fujii.html,https://www.pancrase.co.jp/data/prfl2/fujii.html
japanese,藤井徹,fujiitoru.html,https://www.pancrase.co.jp/data/prfl2/fujiitoru.html
japanese,藤井伸樹,fujiin.html,https://www.pancrase.co.jp/data/prfl2/fujiin.html
japanese,ふじい☆ペリー,fujiip.html,https://www.pancrase.co.jp/data/prfl2/fujiip.html
japanese,藤井陸平,fujiir.html,https://www.pancrase.co.jp/data/prfl2/fujiir.html
japanese,藤﨑航汰,../prfl2/fujisaki.html,https://www.pancrase.co.jp/data/prfl2/fujisaki.html
japanese,藤田健吾,fujitakengo.html,https://www.pancrase.co.jp/data/prfl2/fujitakengo.html
japanese,藤田成保,fujitashigeyasu.html,https://www.pancrase.co.jp/data/prfl2/fujitashigeyasu.html
japanese,藤田 大,fujitahiroshi.html,https://www.pancrase.co.jp/data/prfl2/fujitahiroshi.html
japanese,藤波勇飛,fujinamiyuhi.html,https://www.pancrase.co.jp/data/prfl2/fujinamiyuhi.html
japanese,藤野敦史,fujino.html,https://www.pancrase.co.jp/data/prfl2/fujino.html
japanese,藤野 武,fujinotakeru.html,https://www.pancrase.co.jp/data/prfl2/fujinotakeru.html
japanese,藤村健悟,fujimurakengo.html,https://www.pancrase.co.jp/data/prfl2/fujimurakengo.html
japanese,藤本直治,../prfl/fujimoto.html,https://www.pancrase.co.jp/data/prfl/fujimoto.html
japanese,藤原大地,../prfl/fujiwara.html,https://www.pancrase.co.jp/data/prfl/fujiwara.html
japanese,藤原勝,fujiwaramasaru.html,https://www.pancrase.co.jp/data/prfl2/fujiwaramasaru.html
japanese,二つ森敬浩,hutatsumori.html,https://www.pancrase.co.jp/data/prfl2/hutatsumori.html
japanese,渕上幹斗,fuchigami.html,https://www.pancrase.co.jp/data/prfl2/fuchigami.html
japanese,船木誠勝,funaki.html,https://www.pancrase.co.jp/data/prfl2/funaki.html
japanese,船田電池,funadakanji.html,https://www.pancrase.co.jp/data/prfl2/funadakanji.html
japanese,ブラック コンバ,blackbomba.html,https://www.pancrase.co.jp/data/prfl2/blackbomba.html
japanese,降旗健太郎,furihatakentaro.html,https://www.pancrase.co.jp/data/prfl2/furihatakentaro.html
japanese,古間木崇宏,furumaki.html,https://www.pancrase.co.jp/data/prfl2/furumaki.html
japanese,ペニー清水,pshimizu.html,https://www.pancrase.co.jp/data/prfl2/pshimizu.html
japanese,宝来弘富,horai.html,https://www.pancrase.co.jp/data/prfl2/horai.html
japanese,朴光哲,boku.html,https://www.pancrase.co.jp/data/prfl2/boku.html
japanese,保坂忠広,hosaka.html,https://www.pancrase.co.jp/data/prfl2/hosaka.html
japanese,星野柊哉,hoshinosyuya.html,https://www.pancrase.co.jp/data/prfl2/hoshinosyuya.html
japanese,星野勇二,hoshino.html,https://www.pancrase.co.jp/data/prfl2/hoshino.html
japanese,星野豊,hoshinoyutaka.html,https://www.pancrase.co.jp/data/prfl2/hoshinoyutaka.html
japanese,細川勇哉,hosokawayuya.html,https://www.pancrase.co.jp/data/prfl2/hosokawayuya.html
japanese,堀江圭功,horieyoshinori.html,https://www.pancrase.co.jp/data/prfl2/horieyoshinori.html
japanese,堀内浩介,horiuchi.html,https://www.pancrase.co.jp/data/prfl2/horiuchi.html
japanese,本田朝樹,honda.html,https://www.pancrase.co.jp/data/prfl2/honda.html
japanese,ホンダショウ・ストリックランド,hondashohei.html,https://www.pancrase.co.jp/data/prfl2/hondashohei.html
japanese,MIKE,mike.html,https://www.pancrase.co.jp/data/prfl2/mike.html
japanese,マイク・モリナ,molina.html,https://www.pancrase.co.jp/data/prfl2/molina.html
japanese,前川 慧,maekawakei.html,https://www.pancrase.co.jp/data/prfl2/maekawakei.html
japanese,前田 海,maedakai.html,https://www.pancrase.co.jp/data/prfl2/maedakai.html
japanese,前田浩平,maedakohei.html,https://www.pancrase.co.jp/data/prfl2/maedakohei.html
japanese,前田壮吉,maedasokichi.html,https://www.pancrase.co.jp/data/prfl2/maedasokichi.html
japanese,前田太輝,maedataiki.html,https://www.pancrase.co.jp/data/prfl2/maedataiki.html
japanese,前田村生,maedamurao.html,https://www.pancrase.co.jp/data/prfl2/maedamurao.html
japanese,前田吉朗,../prfl/maeda.html,https://www.pancrase.co.jp/data/prfl/maeda.html
japanese,前野辰一,maeno.html,https://www.pancrase.co.jp/data/prfl2/maeno.html
japanese,前山哲兵,maeyama.html,https://www.pancrase.co.jp/data/prfl2/maeyama.html
japanese,牧瀬武蔵,makisemusashi.html,https://www.pancrase.co.jp/data/prfl2/makisemusashi.html
japanese,牧野滉風,makino.html,https://www.pancrase.co.jp/data/prfl2/makino.html
japanese,MAGISA,magisa.html,https://www.pancrase.co.jp/data/prfl2/magisa.html
japanese,マグナム酒井,sakai.html,https://www.pancrase.co.jp/data/prfl2/sakai.html
japanese,雅也,masaya.html,https://www.pancrase.co.jp/data/prfl2/masaya.html
japanese,摩嶋一整,majima.html,https://www.pancrase.co.jp/data/prfl2/majima.html
japanese,マスクドCoCo壱,cocoichi.html,https://www.pancrase.co.jp/data/prfl2/cocoichi.html
japanese,増田圭佑,masudakeisuke.html,https://www.pancrase.co.jp/data/prfl2/masudakeisuke.html
japanese,増田大河,masudataiga.html,https://www.pancrase.co.jp/data/prfl2/masudataiga.html
japanese,増田拓真,masudatakuma.html,https://www.pancrase.co.jp/data/prfl2/masudatakuma.html
japanese,増田“BULL”徹平,bull.html,https://www.pancrase.co.jp/data/prfl2/bull.html
japanese,増田良太,masudar.html,https://www.pancrase.co.jp/data/prfl2/masudar.html
japanese,増田裕介,masuda.html,https://www.pancrase.co.jp/data/prfl2/masuda.html
japanese,増田怜央,masudareo.html,https://www.pancrase.co.jp/data/prfl2/masudareo.html
japanese,マッシブ・イチ,ichi.html,https://www.pancrase.co.jp/data/prfl2/ichi.html
japanese,松井幸太,matsuikota.html,https://www.pancrase.co.jp/data/prfl2/matsuikota.html
japanese,松井大二郎,matsui.html,https://www.pancrase.co.jp/data/prfl2/matsui.html
japanese,松井斗輝,matsuitoki.html,https://www.pancrase.co.jp/data/prfl2/matsuitoki.html
japanese,松井英夫,matsuih.html,https://www.pancrase.co.jp/data/prfl2/matsuih.html
japanese,松井 涼,matsuiryo.html,https://www.pancrase.co.jp/data/prfl2/matsuiryo.html
japanese,松尾剛,matsuo.html,https://www.pancrase.co.jp/data/prfl2/matsuo.html
japanese,松岡嵩志,matsuoka.html,https://www.pancrase.co.jp/data/prfl2/matsuoka.html
japanese,松岡 拓,matsuokataku.html,https://www.pancrase.co.jp/data/prfl2/matsuokataku.html
japanese,"松川“ショットガン""直裕",matsukawa.html,https://www.pancrase.co.jp/data/prfl2/matsukawa.html
japanese,松嶋こよみ,matsushima.html,https://www.pancrase.co.jp/data/prfl2/matsushima.html
japanese,松藤冬馬,matsutotoma.html,https://www.pancrase.co.jp/data/prfl2/matsutotoma.html
japanese,松永裕央,matsunaga.html,https://www.pancrase.co.jp/data/prfl2/matsunaga.html
japanese,松永義弘,matsunagay.html,https://www.pancrase.co.jp/data/prfl2/matsunagay.html
japanese,松場貴志,matsuba.html,https://www.pancrase.co.jp/data/prfl2/matsuba.html
japanese,松原聖也,matsubaraseiya.html,https://www.pancrase.co.jp/data/prfl2/matsubaraseiya.html
japanese,松村慶,matsumura.html,https://www.pancrase.co.jp/data/prfl2/matsumura.html
japanese,松元奏太,matsumotokanta.html,https://www.pancrase.co.jp/data/prfl2/matsumotokanta.html
japanese,松本光史,matsumotokoshi.html,https://www.pancrase.co.jp/data/prfl2/matsumotokoshi.html
japanese,松本晃市郎,matsumotok.html,https://www.pancrase.co.jp/data/prfl2/matsumotok.html
japanese,松本崇寿,matsumotot.html,https://www.pancrase.co.jp/data/prfl2/matsumotot.html
japanese,松本天心,matsumoto.html,https://www.pancrase.co.jp/data/prfl2/matsumoto.html
japanese,松本光央,matsumotom.html,https://www.pancrase.co.jp/data/prfl2/matsumotom.html
japanese,マッシブ・イチ,ichi.html,https://www.pancrase.co.jp/data/prfl2/ichi.html
japanese,マモル,mamoru.html,https://www.pancrase.co.jp/data/prfl2/mamoru.html
japanese,眞弓田涼介,mayumidaryosuke.html,https://www.pancrase.co.jp/data/prfl2/mayumidaryosuke.html
japanese,丸岡拓也,maruoka.html,https://www.pancrase.co.jp/data/prfl2/maruoka.html
japanese,丸山数馬,maruyamak.html,https://www.pancrase.co.jp/data/prfl2/maruyamak.html
japanese,丸山耕平,maruyama.html,https://www.pancrase.co.jp/data/prfl2/maruyama.html
japanese,マンモス谷部,yabe.html,https://www.pancrase.co.jp/data/prfl2/yabe.html
japanese,三浦健人,miurakento.html,https://www.pancrase.co.jp/data/prfl2/miurakento.html
japanese,三浦忍,miuras.html,https://www.pancrase.co.jp/data/prfl2/miuras.html
japanese,三浦広光,miura.html,https://www.pancrase.co.jp/data/prfl2/miura.html
japanese,三浦康彰,miuray.html,https://www.pancrase.co.jp/data/prfl2/miuray.html
japanese,三上アスカ,mikami.html,https://www.pancrase.co.jp/data/prfl2/mikami.html
japanese,神酒龍一,miki.html,https://www.pancrase.co.jp/data/prfl2/miki.html
japanese,美木 航,mikiwataru.html,https://www.pancrase.co.jp/data/prfl2/mikiwataru.html
japanese,三崎和雄,misaki.html,https://www.pancrase.co.jp/data/prfl2/misaki.html
japanese,三澤陽平,misawa.html,https://www.pancrase.co.jp/data/prfl2/misawa.html
japanese,水杉泰誠,mizusugitaise.html,https://www.pancrase.co.jp/data/prfl2/mizusugitaise.html
japanese,水島和磨,mizushimakazuma.html,https://www.pancrase.co.jp/data/prfl2/mizushimakazuma.html
japanese,水谷健人,mizutani.html,https://www.pancrase.co.jp/data/prfl2/mizutani.html
japanese,水永将太,mizunaga.html,https://www.pancrase.co.jp/data/prfl2/mizunaga.html
japanese,水野竜也,mizuno.html,https://www.pancrase.co.jp/data/prfl2/mizuno.html
japanese,道端正司,michibata.html,https://www.pancrase.co.jp/data/prfl2/michibata.html
japanese,三ツ塚勇介,mitsuzuka.html,https://www.pancrase.co.jp/data/prfl2/mitsuzuka.html
japanese,三谷敏生,mitani.html,https://www.pancrase.co.jp/data/prfl2/mitani.html
japanese,水戸邉荘大,mitobe.html,https://www.pancrase.co.jp/data/prfl2/mitobe.html
japanese,三苫“king kong”亮人,mitoma.html,https://www.pancrase.co.jp/data/prfl2/mitoma.html
japanese,港太郎,minato.html,https://www.pancrase.co.jp/data/prfl2/minato.html
japanese,嶺 大基,minedaiki.html,https://www.pancrase.co.jp/data/prfl2/minedaiki.html
japanese,ミノワマン,minowa.html,https://www.pancrase.co.jp/data/prfl2/minowa.html
japanese,三原秀美,mihara.html,https://www.pancrase.co.jp/data/prfl2/mihara.html
japanese,三村亘,mimurawataru.html,https://www.pancrase.co.jp/data/prfl2/mimurawataru.html
japanese,宮川順也,miyakawajunya.html,https://www.pancrase.co.jp/data/prfl2/miyakawajunya.html
japanese,宮川博孝,miyagawaa.html,https://www.pancrase.co.jp/data/prfl2/miyagawaa.html
japanese,宮川峻,miyakawa.html,https://www.pancrase.co.jp/data/prfl2/miyakawa.html
japanese,宮城友一,miyagi.html,https://www.pancrase.co.jp/data/prfl2/miyagi.html
japanese,宮城成歩滝,miyaginahoru.html,https://www.pancrase.co.jp/data/prfl2/miyaginahoru.html
japanese,三宅輝砂,miyakekisa.html,https://www.pancrase.co.jp/data/prfl2/miyakekisa.html
japanese,宮崎直人,miyazakin.html,https://www.pancrase.co.jp/data/prfl2/miyazakin.html
japanese,宮崎祐市,miyazaki.html,https://www.pancrase.co.jp/data/prfl2/miyazaki.html
japanese,宮崎裕治,miyazakiy.html,https://www.pancrase.co.jp/data/prfl2/miyazakiy.html
japanese,宮澤雄大,miyazawayuta.html,https://www.pancrase.co.jp/data/prfl2/miyazawayuta.html
japanese,宮路智之,miyaji.html,https://www.pancrase.co.jp/data/prfl2/miyaji.html
japanese,宮下 将,miyashitasho.html,https://www.pancrase.co.jp/data/prfl2/miyashitasho.html
japanese,宮島夢都希,miyajimamutsuki.html,https://www.pancrase.co.jp/data/prfl2/miyajimamutsuki.html
japanese,宮田卓郎,miyata.html,https://www.pancrase.co.jp/data/prfl2/miyata.html
japanese,宮谷英樹,miyatani.html,https://www.pancrase.co.jp/data/prfl2/miyatani.html
japanese,宮平守太郎,miyahira.html,https://www.pancrase.co.jp/data/prfl2/miyahira.html
japanese,宮本 樹,miyamotoitsuki.html,https://www.pancrase.co.jp/data/prfl2/miyamotoitsuki.html
japanese,御代川敏志,miyokawa.html,https://www.pancrase.co.jp/data/prfl2/miyokawa.html
japanese,武蔵幸孝,musashi.html,https://www.pancrase.co.jp/data/prfl2/musashi.html
japanese,武者孝大郎,musha.html,https://www.pancrase.co.jp/data/prfl2/musha.html
japanese,夢虎龍生,mutora.html,https://www.pancrase.co.jp/data/prfl2/mutora.html
japanese,統好,munetaka.html,https://www.pancrase.co.jp/data/prfl2/munetaka.html
japanese,村瀬賢心,murasekenshin.html,https://www.pancrase.co.jp/data/prfl2/murasekenshin.html
japanese,村社泰河,murakosotaiga.html,https://www.pancrase.co.jp/data/prfl2/murakosotaiga.html
japanese,村田卓実,murata.html,https://www.pancrase.co.jp/data/prfl2/murata.html
japanese,村元佑成,muramotoyusei.html,https://www.pancrase.co.jp/data/prfl2/muramotoyusei.html
japanese,村山暁洋,murayamaa.html,https://www.pancrase.co.jp/data/prfl2/murayamaa.html
japanese,村山トモキ,murayama.html,https://www.pancrase.co.jp/data/prfl2/murayama.html
japanese,室川和登,murokawa.html,https://www.pancrase.co.jp/data/prfl2/murokawa.html
japanese,室伏シンヤ,murofushi.html,https://www.pancrase.co.jp/data/prfl2/murofushi.html
japanese,目怒頑丈,medoganjo.html,https://www.pancrase.co.jp/data/prfl2/medoganjo.html
japanese,毛利昭彦,mouri.html,https://www.pancrase.co.jp/data/prfl2/mouri.html
japanese,持田哲兵,mochidateppei.html,https://www.pancrase.co.jp/data/prfl2/mochidateppei.html
japanese,望月貴史,mochizukitakashi.html,https://www.pancrase.co.jp/data/prfl2/mochizukitakashi.html
japanese,望月大志,mochizuki.html,https://www.pancrase.co.jp/data/prfl2/mochizuki.html
japanese,本川ハルアキ,motokawaharuaki.html,https://www.pancrase.co.jp/data/prfl2/motokawaharuaki.html
japanese,百瀬善規,momose.html,https://www.pancrase.co.jp/data/prfl2/momose.html
japanese,森 宏之,morih.html,https://www.pancrase.co.jp/data/prfl2/morih.html
japanese,森 昴星,morisubaru.html,https://www.pancrase.co.jp/data/prfl2/morisubaru.html
japanese,森井一輝,moriikazuki.html,https://www.pancrase.co.jp/data/prfl2/moriikazuki.html
japanese,森川修次,morikawa.html,https://www.pancrase.co.jp/data/prfl2/morikawa.html
japanese,森田祥平,moritashohei.html,https://www.pancrase.co.jp/data/prfl2/moritashohei.html
japanese,門馬秀貴,monma.html,https://www.pancrase.co.jp/data/prfl2/monma.html
japanese,矢内純一,yanai.html,https://www.pancrase.co.jp/data/prfl2/yanai.html
japanese,屋宜宣侍,yagi.html,https://www.pancrase.co.jp/data/prfl2/yagi.html
japanese,八木橋 光,yagihashiakira.html,https://www.pancrase.co.jp/data/prfl2/yagihashiakira.html
japanese,矢澤 諒,yazawaryo.html,https://www.pancrase.co.jp/data/prfl2/yazawaryo.html
japanese,八島勇気,yashima.html,https://www.pancrase.co.jp/data/prfl2/yashima.html
japanese,矢島雄一郎,yajima.html,https://www.pancrase.co.jp/data/prfl2/yajima.html
japanese,安河内将一,yasukochi.html,https://www.pancrase.co.jp/data/prfl2/yasukochi.html
japanese,安永有希,yasunaga.html,https://www.pancrase.co.jp/data/prfl2/yasunaga.html
japanese,八隅孝平,yasumi.html,https://www.pancrase.co.jp/data/prfl2/yasumi.html
japanese,谷内晴柾,yachiharumasa.html,https://www.pancrase.co.jp/data/prfl2/yachiharumasa.html
japanese,矢地祐介,yachiyusuke.html,https://www.pancrase.co.jp/data/prfl2/yachiyusuke.html
japanese,ヤックル真吾,yshingo.html,https://www.pancrase.co.jp/data/prfl2/yshingo.html
japanese,栁川唯人,yanagawayuito.html,https://www.pancrase.co.jp/data/prfl2/yanagawayuito.html
japanese,柳澤龍志,yanagisawa.html,https://www.pancrase.co.jp/data/prfl2/yanagisawa.html
japanese,矢野卓見,yanotaku.html,https://www.pancrase.co.jp/data/prfl2/yanotaku.html
japanese,矢野通,yanonjpw.html,https://www.pancrase.co.jp/data/prfl2/yanonjpw.html
japanese,矢野倍達,yano.html,https://www.pancrase.co.jp/data/prfl2/yano.html
japanese,YABU,yabu.html,https://www.pancrase.co.jp/data/prfl2/yabu.html
japanese,藪本龍作,yabumotoryusaku.html,https://www.pancrase.co.jp/data/prfl2/yabumotoryusaku.html
japanese,矢部佑紀,yabeyuki.html,https://www.pancrase.co.jp/data/prfl2/yabeyuki.html
japanese,山石大樹,yamaishi.html,https://www.pancrase.co.jp/data/prfl2/yamaishi.html
japanese,山木麻弥,yamakimahiro.html,https://www.pancrase.co.jp/data/prfl2/yamakimahiro.html
japanese,山岸正裕,yamagishi.html,https://www.pancrase.co.jp/data/prfl2/yamagishi.html
japanese,山北渓人,yamakita.html,https://www.pancrase.co.jp/data/prfl2/yamakita.html
japanese,山口カケル,yamaguchikakeru.html,https://www.pancrase.co.jp/data/prfl2/yamaguchikakeru.html
japanese,山口 丈,yamaguchijoe.html,https://www.pancrase.co.jp/data/prfl2/yamaguchijoe.html
japanese,山口秀斗,yamaguchihideto.html,https://www.pancrase.co.jp/data/prfl2/yamaguchihideto.html
japanese,山口 亮,yamaguchir.html,https://www.pancrase.co.jp/data/prfl2/yamaguchir.html
japanese,山口怜臣,yamaguchireo.html,https://www.pancrase.co.jp/data/prfl2/yamaguchireo.html
japanese,山崎昭博,yamazakia.html,https://www.pancrase.co.jp/data/prfl2/yamazakia.html
japanese,山﨑鼓大,yamasakikodai.html,https://www.pancrase.co.jp/data/prfl2/yamasakikodai.html
japanese,山崎 進,yamazaki.html,https://www.pancrase.co.jp/data/prfl2/yamazaki.html
japanese,山﨑聖哉,yamazakiseiya.html,https://www.pancrase.co.jp/data/prfl2/yamazakiseiya.html
japanese,山澤勇気,yamasawa.html,https://www.pancrase.co.jp/data/prfl2/yamasawa.html
japanese,山崎蒼空,yamasakisora.html,https://www.pancrase.co.jp/data/prfl2/yamasakisora.html
japanese,山崎悠輝,yamasakiy.html,https://www.pancrase.co.jp/data/prfl2/yamasakiy.html
japanese,山下 剛,yamashitatakashi.html,https://www.pancrase.co.jp/data/prfl2/yamashitatakashi.html
japanese,山城雄太,yamashiro.html,https://www.pancrase.co.jp/data/prfl2/yamashiro.html
japanese,山田健哉,yamadakenya.html,https://www.pancrase.co.jp/data/prfl2/yamadakenya.html
japanese,山田浩平,yamadakohei.html,https://www.pancrase.co.jp/data/prfl2/yamadakohei.html
japanese,山田将太,yamadashota.html,https://www.pancrase.co.jp/data/prfl2/yamadashota.html
japanese,山田崇太郎,yamadas.html,https://www.pancrase.co.jp/data/prfl2/yamadas.html
japanese,山田哲也,yamadat.html,https://www.pancrase.co.jp/data/prfl2/yamadat.html
japanese,山田護之,yamadam.html,https://www.pancrase.co.jp/data/prfl2/yamadam.html
japanese,山田 学,yamada.html,https://www.pancrase.co.jp/data/prfl2/yamada.html
japanese,大和,yamato.html,https://www.pancrase.co.jp/data/prfl2/yamato.html
japanese,山中憲次,yamanakakenji.html,https://www.pancrase.co.jp/data/prfl2/yamanakakenji.html
japanese,山中剛,yamanaka.html,https://www.pancrase.co.jp/data/prfl2/yamanaka.html
japanese,山中大門,yamanakadaimon.html,https://www.pancrase.co.jp/data/prfl2/yamanakadaimon.html
japanese,山野邉 嵐,yamanobearashi.html,https://www.pancrase.co.jp/data/prfl2/yamanobearashi.html
japanese,山本 篤,yamamotokb.html,https://www.pancrase.co.jp/data/prfl2/yamamotokb.html
japanese,山本歩夢,yamamotoayumu.html,https://www.pancrase.co.jp/data/prfl2/yamamotoayumu.html
japanese,ヤマモト・ショーヘイ,yamamotos.html,https://www.pancrase.co.jp/data/prfl2/yamamotos.html
japanese,山本孝夫,yamamoto.html,https://www.pancrase.co.jp/data/prfl2/yamamoto.html
japanese,山本哲也,yamamototetsuya.html,https://www.pancrase.co.jp/data/prfl2/yamamototetsuya.html
japanese,山本敦章,yamamotonobuaki.html,https://www.pancrase.co.jp/data/prfl2/yamamotonobuaki.html
japanese,山本雄希,yamamotoyuki.html,https://www.pancrase.co.jp/data/prfl2/yamamotoyuki.html
japanese,ユータ&amp;ロック,yutarock.html,https://www.pancrase.co.jp/data/prfl2/yutarock.html
japanese,結城大樹,yukidaiki.html,https://www.pancrase.co.jp/data/prfl2/yukidaiki.html
japanese,裕希斗,yukito.html,https://www.pancrase.co.jp/data/prfl2/yukito.html
japanese,佑勢乃花,yusenohana.html,https://www.pancrase.co.jp/data/prfl2/yusenohana.html
japanese,横溝和也,yokomizo.html,https://www.pancrase.co.jp/data/prfl2/yokomizo.html
japanese,横山恭典,yokoyama.html,https://www.pancrase.co.jp/data/prfl2/yokoyama.html
japanese,吉岡直樹,yoshiokan.html,https://www.pancrase.co.jp/data/prfl2/yoshiokan.html
japanese,吉岡宏高,yoshioka.html,https://www.pancrase.co.jp/data/prfl2/yoshioka.html
japanese,吉田朋彦,yoshidat.html,https://www.pancrase.co.jp/data/prfl2/yoshidat.html
japanese,吉田直哉,yoshidanaoya.html,https://www.pancrase.co.jp/data/prfl2/yoshidanaoya.html
japanese,吉田陸,yoshidariku.html,https://www.pancrase.co.jp/data/prfl2/yoshidariku.html
japanese,吉武伸洋,yoshitake.html,https://www.pancrase.co.jp/data/prfl2/yoshitake.html
japanese,吉信,yoshinobu.html,https://www.pancrase.co.jp/data/prfl2/yoshinobu.html
japanese,Dr.Yoshimura,yoshimura.html,https://www.pancrase.co.jp/data/prfl2/yoshimura.html
japanese,吉本少彦名,yoshimotos.html,https://www.pancrase.co.jp/data/prfl2/yoshimotos.html
japanese,吉村友菊,yoshimuray.html,https://www.pancrase.co.jp/data/prfl2/yoshimuray.html
japanese,吉本光志,yoshimoto.html,https://www.pancrase.co.jp/data/prfl2/yoshimoto.html
japanese,ヨシロックT,yoshirock.html,https://www.pancrase.co.jp/data/prfl2/yoshirock.html
japanese,四家達規,yotsuyatatsunori.html,https://www.pancrase.co.jp/data/prfl2/yotsuyatatsunori.html
japanese,與那嶺大輝,yonaminetaiki.html,https://www.pancrase.co.jp/data/prfl2/yonaminetaiki.html
japanese,米泉乾太,yoneizumikenta.html,https://www.pancrase.co.jp/data/prfl2/yoneizumikenta.html
japanese,米澤迅三朗,yonezawa.html,https://www.pancrase.co.jp/data/prfl2/yonezawa.html
japanese,米山千隼,yoneyama.html,https://www.pancrase.co.jp/data/prfl2/yoneyama.html
japanese,米山唯人,yoneyamayuito.html,https://www.pancrase.co.jp/data/prfl2/yoneyamayuito.html
japanese,饒平名知靖,yohena.html,https://www.pancrase.co.jp/data/prfl2/yohena.html
japanese,ライダーHIRO,shimizut.html,https://www.pancrase.co.jp/data/prfl2/shimizut.html
japanese,雷也,raiya.html,https://www.pancrase.co.jp/data/prfl2/raiya.html
japanese,乱暴,ranbo.html,https://www.pancrase.co.jp/data/prfl2/ranbo.html
japanese,李世学,sehaku.html,https://www.pancrase.co.jp/data/prfl2/sehaku.html
japanese,真王 DATE,realkingdate.html,https://www.pancrase.co.jp/data/prfl2/realkingdate.html
japanese,力也,rikiya.html,https://www.pancrase.co.jp/data/prfl2/rikiya.html
japanese,陸虎,rikuto.html,https://www.pancrase.co.jp/data/prfl2/rikuto.html
japanese,リトル,little.html,https://www.pancrase.co.jp/data/prfl2/little.html
japanese,狸瑪猿シュン,ribasaru.html,https://www.pancrase.co.jp/data/prfl2/ribasaru.html
japanese,RYUKI,ryuki.html,https://www.pancrase.co.jp/data/prfl2/ryuki.html
japanese,流極,yanagi_ppt.html,https://www.pancrase.co.jp/data/prfl2/yanagi_ppt.html
japanese,龍野真一郎,ryuno.html,https://www.pancrase.co.jp/data/prfl2/ryuno.html
japanese,Ryo,ryoa.html,https://www.pancrase.co.jp/data/prfl2/ryoa.html
japanese,梁正基,ryo.html,https://www.pancrase.co.jp/data/prfl2/ryo.html
japanese,REIJI,reiji.html,https://www.pancrase.co.jp/data/prfl2/reiji.html
japanese,レッツ豪太,gota.html,https://www.pancrase.co.jp/data/prfl2/gota.html
japanese,レッドスレイヤー・ガイ,redguy.html,https://www.pancrase.co.jp/data/prfl2/redguy.html
japanese,Red Pine☆大助,redpine.html,https://www.pancrase.co.jp/data/prfl2/redpine.html
japanese,ロッキー川村2,../prfl/kawamura.html,https://www.pancrase.co.jp/data/prfl/kawamura.html
japanese,論田愛空隆,ronda.html,https://www.pancrase.co.jp/data/prfl2/ronda.html
japanese,WAKASHOYO,wakashoyo.html,https://www.pancrase.co.jp/data/prfl2/wakashoyo.html
japanese,若菜千明,wakana.html,https://www.pancrase.co.jp/data/prfl2/wakana.html
japanese,若林耕平,wakabayashikohei.html,https://www.pancrase.co.jp/data/prfl2/wakabayashikohei.html
japanese,若松史朗,wakamatsu.html,https://www.pancrase.co.jp/data/prfl2/wakamatsu.html
japanese,若松佑弥,wakamatsuy.html,https://www.pancrase.co.jp/data/prfl2/wakamatsuy.html
japanese,脇本恭平,wakimoto.html,https://www.pancrase.co.jp/data/prfl2/wakimoto.html
japanese,和田拓也,wada.html,https://www.pancrase.co.jp/data/prfl2/wada.html
japanese,和田教良,wadanoriyoshi.html,https://www.pancrase.co.jp/data/prfl2/wadanoriyoshi.html
japanese,渡辺謙明,watanabek.html,https://www.pancrase.co.jp/data/prfl2/watanabek.html
japanese,渡邉ショーン,watanabesean.html,https://www.pancrase.co.jp/data/prfl2/watanabesean.html
japanese,渡邉泰斗,../prfl2/watanabetaito.html,https://www.pancrase.co.jp/data/prfl2/watanabetaito.html
japanese,渡辺大介,../prfl/daisuke.html,https://www.pancrase.co.jp/data/prfl/daisuke.html
japanese,渡部拓馬,watabetakuma.html,https://www.pancrase.co.jp/data/prfl2/watabetakuma.html
japanese,渡辺智史,watanabes.html,https://www.pancrase.co.jp/data/prfl2/watanabes.html
japanese,渡辺竜也,watanabetatsuya.html,https://www.pancrase.co.jp/data/prfl2/watanabetatsuya.html
japanese,渡辺紘司,watanabehiroshi.html,https://www.pancrase.co.jp/data/prfl2/watanabehiroshi.html
japanese,渡邊将広,watanabem.html,https://www.pancrase.co.jp/data/prfl2/watanabem.html
japanese,渡邊雅祥,watanabemasayoshi.html,https://www.pancrase.co.jp/data/prfl2/watanabemasayoshi.html
japanese,渡辺悠太,watanabey.html,https://www.pancrase.co.jp/data/prfl2/watanabey.html
japanese,和知正仁,wachi.html,https://www.pancrase.co.jp/data/prfl2/wachi.html
japanese,ワッサン相原,aihara.html,https://www.pancrase.co.jp/data/prfl2/aihara.html
japanese,割田佳充,warita.html,https://www.pancrase.co.jp/data/prfl2/warita.html
foreign,ア,#ea,https://www.pancrase.co.jp/data/prfl-e/#ea
foreign,カ,#eka,https://www.pancrase.co.jp/data/prfl-e/#eka
foreign,サ,#esa,https://www.pancrase.co.jp/data/prfl-e/#esa
foreign,タ,#eta,https://www.pancrase.co.jp/data/prfl-e/#eta
foreign,ナ,#ena,https://www.pancrase.co.jp/data/prfl-e/#ena
foreign,ハ,#eha,https://www.pancrase.co.jp/data/prfl-e/#eha
foreign,マ,#ema,https://www.pancrase.co.jp/data/prfl-e/#ema
foreign,ヤ,#eyu,https://www.pancrase.co.jp/data/prfl-e/#eyu
foreign,ラ,#era,https://www.pancrase.co.jp/data/prfl-e/#era
foreign,ワ,#ewa,https://www.pancrase.co.jp/data/prfl-e/#ewa
foreign,アーサー・ソアレス,soares.html,https://www.pancrase.co.jp/data/prfl-e/soares.html
foreign,アート・サントーレ,santore.html,https://www.pancrase.co.jp/data/prfl-e/santore.html
foreign,アイスマン,iceman.html,https://www.pancrase.co.jp/data/prfl-e/iceman.html
foreign,アクバル・アレオラ,arreola.html,https://www.pancrase.co.jp/data/prfl-e/arreola.html
foreign,アクバル・ブカリエブ,bukhariev.html,https://www.pancrase.co.jp/data/prfl-e/bukhariev.html
foreign,アザード・アスガロフ,asgarov.html,https://www.pancrase.co.jp/data/prfl-e/asgarov.html
foreign,アジズ・パフルディノフ,pahrudinov.html,https://www.pancrase.co.jp/data/prfl-e/pahrudinov.html
foreign,アスエリオ・シウバ,assuerio.html,https://www.pancrase.co.jp/data/prfl-e/assuerio.html
foreign,アダム・アントリン,antolin.html,https://www.pancrase.co.jp/data/prfl-e/antolin.html
foreign,アニマル,animal.html,https://www.pancrase.co.jp/data/prfl-e/animal.html
foreign,アラン・ゴエス,goes.html,https://www.pancrase.co.jp/data/prfl-e/goes.html
foreign,アラン“ヒロ”ヤマニハ,yamaniha.html,https://www.pancrase.co.jp/data/prfl-e/yamaniha.html
foreign,アリ・カラダギィ,aliqaradaghy.html,https://www.pancrase.co.jp/data/prfl-e/aliqaradaghy.html
foreign,アルカジー・オティナシフィリ,otinashvili.html,https://www.pancrase.co.jp/data/prfl-e/otinashvili.html
foreign,アルセン・バティロフ,batyrov.html,https://www.pancrase.co.jp/data/prfl-e/batyrov.html
foreign,アルボーシャス・タイガー,arbocius.html,https://www.pancrase.co.jp/data/prfl-e/arbocius.html
foreign,アレキサンダー・ラカス,rakas.html,https://www.pancrase.co.jp/data/prfl-e/rakas.html
foreign,アレックス・ロバーツ,alex.html,https://www.pancrase.co.jp/data/prfl-e/alex.html
foreign,アレックス・クック,cook.html,https://www.pancrase.co.jp/data/prfl-e/cook.html
foreign,アレックス・スティーブリング,stiebling.html,https://www.pancrase.co.jp/data/prfl-e/stiebling.html
foreign,アレックス・アンドラデ,andrade.html,https://www.pancrase.co.jp/data/prfl-e/andrade.html
foreign,ALEX OKABE,alexokabe.html,https://www.pancrase.co.jp/data/prfl-e/alexokabe.html
foreign,アレッサンドロ・フェレイラ,alessandrof.html,https://www.pancrase.co.jp/data/prfl-e/alessandrof.html
foreign,アレッサンドロ・マルティンス,alessandromartins.html,https://www.pancrase.co.jp/data/prfl-e/alessandromartins.html
foreign,アレッシャンドリ・シルニ,cirne.html,https://www.pancrase.co.jp/data/prfl-e/cirne.html
foreign,アレッシャンドリ・ソッカ,soca.html,https://www.pancrase.co.jp/data/prfl-e/soca.html
foreign,アンソニー“辰治”ネツラー,netzler.html,https://www.pancrase.co.jp/data/prfl-e/netzler.html
foreign,アンソニー・ドゥ,anthonydo.html,https://www.pancrase.co.jp/data/prfl-e/anthonydo.html
foreign,アンディ サカイ,andysakai.html,https://www.pancrase.co.jp/data/prfl-e/andysakai.html
foreign,アンディ・メイン,main.html,https://www.pancrase.co.jp/data/prfl-e/main.html
foreign,アンディー・ウォン,wang.html,https://www.pancrase.co.jp/data/prfl-e/wang.html
foreign,アンドリュー・ロバート,robert.html,https://www.pancrase.co.jp/data/prfl-e/robert.html
foreign,アンドレ・フォン・デ・ウットラー,oetelaar.html,https://www.pancrase.co.jp/data/prfl-e/oetelaar.html
foreign,アンドレ・モレラ,morera.html,https://www.pancrase.co.jp/data/prfl-e/morera.html
foreign,アンドレイ・チェルバエフ,andreichelbaev.html,https://www.pancrase.co.jp/data/prfl-e/andreichelbaev.html
foreign,アントン・クイバネン,kuivanen.html,https://www.pancrase.co.jp/data/prfl-e/kuivanen.html
foreign,アントン・ラッドマン,radman.html,https://www.pancrase.co.jp/data/prfl-e/radman.html
foreign,イ・ハングン,leehangeun.html,https://www.pancrase.co.jp/data/prfl-e/leehangeun.html
foreign,イアン・ナイ,nai.html,https://www.pancrase.co.jp/data/prfl-e/nai.html
foreign,イアン・フリーマン,freeman.html,https://www.pancrase.co.jp/data/prfl-e/freeman.html
foreign,イヴァン・メンジヴァー,menjivar.html,https://www.pancrase.co.jp/data/prfl-e/menjivar.html
foreign,"イケ“ザ ビースト""クリス",ike.html,https://www.pancrase.co.jp/data/prfl-e/ike.html
foreign,イゴール・ジノビエフ,zinoviev.html,https://www.pancrase.co.jp/data/prfl-e/zinoviev.html
foreign,イスマイロフ・マゴメド,magomed.html,https://www.pancrase.co.jp/data/prfl-e/magomed.html
foreign,イズマエル・ボンフィン,ismael.html,https://www.pancrase.co.jp/data/prfl-e/ismael.html
foreign,伊良波 心,angshin.html,https://www.pancrase.co.jp/data/prfl-e/angshin.html
foreign,ヴァンダーソン・ドス・サントス,wanderson.html,https://www.pancrase.co.jp/data/prfl-e/wanderson.html
foreign,ウィル“アイアン”ノーランド,noland.html,https://www.pancrase.co.jp/data/prfl-e/noland.html
foreign,ウィル“ザ キル”チョープ,chope.html,https://www.pancrase.co.jp/data/prfl-e/chope.html
foreign,ヴィトル・トファネリ,toffanell.html,https://www.pancrase.co.jp/data/prfl-e/toffanell.html
foreign,ウェイン・シャムロック,shamrockw.html,https://www.pancrase.co.jp/data/prfl-e/shamrockw.html
foreign,ウェスリー・ガサウェイ,gassawayw.html,https://www.pancrase.co.jp/data/prfl-e/gassawayw.html
foreign,ヴェンデル・オリヴェイラ,wendelloliveila.html,https://www.pancrase.co.jp/data/prfl-e/wendelloliveila.html
foreign,ウマハノフ・アルトゥール,umakhanov.html,https://www.pancrase.co.jp/data/prfl-e/umakhanov.html
foreign,ウラジミール・レオンティブ,leontyev.html,https://www.pancrase.co.jp/data/prfl-e/leontyev.html
foreign,エイドリアン・セラーノ,serrano.html,https://www.pancrase.co.jp/data/prfl-e/serrano.html
foreign,エディ・ミリス,millis.html,https://www.pancrase.co.jp/data/prfl-e/millis.html
foreign,エディ“ローニン”ジョシュア,joshua.html,https://www.pancrase.co.jp/data/prfl-e/joshua.html
foreign,エデュアルド・パンプロナ,pamplona.html,https://www.pancrase.co.jp/data/prfl-e/pamplona.html
foreign,エド・ハーマン,herman.html,https://www.pancrase.co.jp/data/prfl-e/herman.html
foreign,エヴァン・タナー,tanner.html,https://www.pancrase.co.jp/data/prfl-e/tanner.html
foreign,エバンゲリスタ・サイボーグ,evangelista.html,https://www.pancrase.co.jp/data/prfl-e/evangelista.html
foreign,エベンゼール・ブラガ,braga.html,https://www.pancrase.co.jp/data/prfl-e/braga.html
foreign,エマニュエル・フェルナンデス,fernandez.html,https://www.pancrase.co.jp/data/prfl-e/fernandez.html
foreign,エリック・ゲデック,gedek.html,https://www.pancrase.co.jp/data/prfl-e/gedek.html
foreign,エリック“ザ アメリカン ソルジャー”プリンドル,prindle.html,https://www.pancrase.co.jp/data/prfl-e/prindle.html
foreign,エリック・マイケル・フォート,fought.html,https://www.pancrase.co.jp/data/prfl-e/fought.html
foreign,エルヴィス・シノシック,sinosic.html,https://www.pancrase.co.jp/data/prfl-e/sinosic.html
foreign,オ・ヒョプチャン,ohhyubchan.html,https://www.pancrase.co.jp/data/prfl-e/ohhyubchan.html
foreign,オー・ジン・チュル,chul.html,https://www.pancrase.co.jp/data/prfl-e/chul.html
foreign,オーガスト・スミスル,smisl.html,https://www.pancrase.co.jp/data/prfl-e/smisl.html
foreign,オタベク・トキロフ,tokhirov.html,https://www.pancrase.co.jp/data/prfl-e/tokhirov.html
foreign,オタベク・ラジャボフ,otabek.html,https://www.pancrase.co.jp/data/prfl-e/otabek.html
foreign,オマー・ブイシェ,bouiche.html,https://www.pancrase.co.jp/data/prfl-e/bouiche.html
foreign,オレッグ・タクタロフ,taktarov.html,https://www.pancrase.co.jp/data/prfl-e/taktarov.html
foreign,カート・ペリグリーノ,pellegrino.html,https://www.pancrase.co.jp/data/prfl-e/pellegrino.html
foreign,カーロス・コンディット,condit.html,https://www.pancrase.co.jp/data/prfl-e/condit.html
foreign,ガイ・デルモ,delumeau.html,https://www.pancrase.co.jp/data/prfl-e/delumeau.html
foreign,ガイ・メッツァー,guy.html,https://www.pancrase.co.jp/data/prfl-e/guy.html
foreign,カイル・アグオン,aguon.html,https://www.pancrase.co.jp/data/prfl-e/aguon.html
foreign,カク・サジン,kwok.html,https://www.pancrase.co.jp/data/prfl-e/kwok.html
foreign,ガジ,gadzhi.html,https://www.pancrase.co.jp/data/prfl-e/gadzhi.html
foreign,ガジエフ・アワウディン,alavutdin.html,https://www.pancrase.co.jp/data/prfl-e/alavutdin.html
foreign,ガブリエル・ベラ,vella.html,https://www.pancrase.co.jp/data/prfl-e/vella.html
foreign,ガブリエル・レーベン,levan.html,https://www.pancrase.co.jp/data/prfl-e/levan.html
foreign,ガブリエル・ミランダ,gabrielmiranda.html,https://www.pancrase.co.jp/data/prfl-e/gabrielmiranda.html
foreign,カリベク・アルジクル ウール,kalybekarzykul.html,https://www.pancrase.co.jp/data/prfl-e/kalybekarzykul.html
foreign,カルロス・カヴァルカンチ,carloscavalcante.html,https://www.pancrase.co.jp/data/prfl-e/carloscavalcante.html
foreign,キース・ジャーディン,jardine.html,https://www.pancrase.co.jp/data/prfl-e/jardine.html
foreign,キース・ベーゼムス,besems.html,https://www.pancrase.co.jp/data/prfl-e/besems.html
foreign,キース・ロッケル,rockel.html,https://www.pancrase.co.jp/data/prfl-e/rockel.html
foreign,キーラン・ジョブリン,joblin.html,https://www.pancrase.co.jp/data/prfl-e/joblin.html
foreign,キカリシビリ・ラマズ,ramaz.html,https://www.pancrase.co.jp/data/prfl-e/ramaz.html
foreign,キム・インソク,kimi.html,https://www.pancrase.co.jp/data/prfl-e/kimi.html
foreign,キム・キーボン,kimkibeom.html,https://www.pancrase.co.jp/data/prfl-e/kimkibeom.html
foreign,キム・サンウォン,kimsangwon.html,https://www.pancrase.co.jp/data/prfl-e/kimsangwon.html
foreign,キム・ジェオン,kimjaeyoung.html,https://www.pancrase.co.jp/data/prfl-e/kimjaeyoung.html
foreign,金　宗　王,kim.html,https://www.pancrase.co.jp/data/prfl-e/kim.html
foreign,キム・ジョンマン,kimjongman.html,https://www.pancrase.co.jp/data/prfl-e/kimjongman.html
foreign,キム・ジンクー,kimjinkuk.html,https://www.pancrase.co.jp/data/prfl-e/kimjinkuk.html
foreign,キム・ジンミン,kimjinmin.html,https://www.pancrase.co.jp/data/prfl-e/kimjinmin.html
foreign,キム・スン・ヒー,kimseong.html,https://www.pancrase.co.jp/data/prfl-e/kimseong.html
foreign,キム・ソクモ,kimforce.html,https://www.pancrase.co.jp/data/prfl-e/kimforce.html
foreign,キム・ソングォン,seonggwon.html,https://www.pancrase.co.jp/data/prfl-e/seonggwon.html
foreign,キム・ヒュンクワン,kimhyungkwang.html,https://www.pancrase.co.jp/data/prfl-e/kimhyungkwang.html
foreign,キム・フン,kimhoon.html,https://www.pancrase.co.jp/data/prfl-e/kimhoon.html
foreign,キム・ホリョン,kimhoryong.html,https://www.pancrase.co.jp/data/prfl-e/kimhoryong.html
foreign,キリル・メドベドフスキー,medvedovsky.html,https://www.pancrase.co.jp/data/prfl-e/medvedovsky.html
foreign,ギレルメ・ナカガワ,nakagawa.html,https://www.pancrase.co.jp/data/prfl-e/nakagawa.html
foreign,クーパー・ロイヤル,cooparroyal.html,https://www.pancrase.co.jp/data/prfl-e/cooparroyal.html
foreign,クァク・ユン・ソブ,gwakyunseob.html,https://www.pancrase.co.jp/data/prfl-e/gwakyunseob.html
foreign,グスタボ・PC,gustavopc.html,https://www.pancrase.co.jp/data/prfl-e/gustavopc.html
foreign,グスタボ・シム,ximu.html,https://www.pancrase.co.jp/data/prfl-e/ximu.html
foreign,グライコ・フランサ,franca.html,https://www.pancrase.co.jp/data/prfl-e/franca.html
foreign,クラウスレイ・グレイシー,crosley.html,https://www.pancrase.co.jp/data/prfl-e/crosley.html
foreign,クラバノフ・ジャマル,kurbanov.html,https://www.pancrase.co.jp/data/prfl-e/kurbanov.html
foreign,クリス・ダンカン,duncan.html,https://www.pancrase.co.jp/data/prfl-e/duncan.html
foreign,クリス・チャーメース,chalmers.html,https://www.pancrase.co.jp/data/prfl-e/chalmers.html
foreign,クリス・ライトル,lytle.html,https://www.pancrase.co.jp/data/prfl-e/lytle.html
foreign,クリストフ・キルシュ,kristofkirsch.html,https://www.pancrase.co.jp/data/prfl-e/kristofkirsch.html
foreign,クリストファー・デウィーバー,deweaver.html,https://www.pancrase.co.jp/data/prfl-e/deweaver.html
foreign,クレイグ・オックスレー,oxley.html,https://www.pancrase.co.jp/data/prfl-e/oxley.html
foreign,グレゴリー・スミット,smit.html,https://www.pancrase.co.jp/data/prfl-e/smit.html
foreign,クレベル・小池・エルベスト,kleber.html,https://www.pancrase.co.jp/data/prfl-e/kleber.html
foreign,クンタップ・ウィラサクレック,kuntap.html,https://www.pancrase.co.jp/data/prfl-e/kuntap.html
foreign,ゲーリー・マイヤース,myers.html,https://www.pancrase.co.jp/data/prfl-e/myers.html
foreign,ケべドフ・ミカイル,mikail.html,https://www.pancrase.co.jp/data/prfl-e/mikail.html
foreign,ゴイチ・ヤマウチ,goitiyamauchi.html,https://www.pancrase.co.jp/data/prfl-e/goitiyamauchi.html
foreign,コシム・サルドロフ,qosimsardorov.html,https://www.pancrase.co.jp/data/prfl-e/qosimsardorov.html
foreign,コブス・ハイサマン,huisamen.html,https://www.pancrase.co.jp/data/prfl-e/huisamen.html
foreign,コブラ,cobra.html,https://www.pancrase.co.jp/data/prfl-e/cobra.html
foreign,コリン・マンサー,colin.html,https://www.pancrase.co.jp/data/prfl-e/colin.html
foreign,コルトン・キエルバサ,colton.html,https://www.pancrase.co.jp/data/prfl-e/colton.html
foreign,孔韓冬,handong.html,https://www.pancrase.co.jp/data/prfl-e/handong.html
foreign,サージ・ナーシシャン,narsisyan.html,https://www.pancrase.co.jp/data/prfl-e/narsisyan.html
foreign,サーワン・カカイ,kakai.html,https://www.pancrase.co.jp/data/prfl-e/kakai.html
foreign,サイモン・オリベイラ,oliveira.html,https://www.pancrase.co.jp/data/prfl-e/oliveira.html
foreign,サドゥロエフ・ソリホン,sadulloev.html,https://www.pancrase.co.jp/data/prfl-e/sadulloev.html
foreign,サボウ・ミルチャ,miruchya.html,https://www.pancrase.co.jp/data/prfl-e/miruchya.html
foreign,サルマノフ・ジャヴァ,djavathan.html,https://www.pancrase.co.jp/data/prfl-e/djavathan.html
foreign,サルマノフ・ジャリィ,jali.html,https://www.pancrase.co.jp/data/prfl-e/jali.html
foreign,ジェーミー・フレッチャー,fletcher.html,https://www.pancrase.co.jp/data/prfl-e/fletcher.html
foreign,ジェームス・チェイニー,chaney.html,https://www.pancrase.co.jp/data/prfl-e/chaney.html
foreign,ジェームス・マシューズ,mathews.html,https://www.pancrase.co.jp/data/prfl-e/mathews.html
foreign,ジェームス・リー,jameslee.html,https://www.pancrase.co.jp/data/prfl-e/jameslee.html
foreign,J.J.アンブローズ,jjambrose.html,https://www.pancrase.co.jp/data/prfl-e/jjambrose.html
foreign,ジェイク・シールズ,shields.html,https://www.pancrase.co.jp/data/prfl-e/shields.html
foreign,ジェイソン・ゴドシー,godsey.html,https://www.pancrase.co.jp/data/prfl-e/godsey.html
foreign,ジェイソン・デルーシア,jason.html,https://www.pancrase.co.jp/data/prfl-e/jason.html
foreign,ジェイソン・パラチオス,palacios.html,https://www.pancrase.co.jp/data/prfl-e/palacios.html
foreign,ジェイソン“ミュータント”シマック,jasons.html,https://www.pancrase.co.jp/data/prfl-e/jasons.html
foreign,ジェシー“ザ・ゴースト”グロス,gross.html,https://www.pancrase.co.jp/data/prfl-e/gross.html
foreign,ジェフ・マサギリ,massagli.html,https://www.pancrase.co.jp/data/prfl-e/massagli.html
foreign,ジェメソン・レイス,jamesonreis.html,https://www.pancrase.co.jp/data/prfl-e/jamesonreis.html
foreign,ジェレミー・ホーン,horn.html,https://www.pancrase.co.jp/data/prfl-e/horn.html
foreign,ジバゴ・フランシスコ,givago.html,https://www.pancrase.co.jp/data/prfl-e/givago.html
foreign,ジミー・アンブリッツ,ambriz.html,https://www.pancrase.co.jp/data/prfl-e/ambriz.html
foreign,シャーマン・デブジエフ,debziev.html,https://www.pancrase.co.jp/data/prfl-e/debziev.html
foreign,ジャグジット・シン,singh.html,https://www.pancrase.co.jp/data/prfl-e/singh.html
foreign,ジャスティン・マッコーリー,mccully.html,https://www.pancrase.co.jp/data/prfl-e/mccully.html
foreign,ジャック・マクグローリン,mcglaughlin.html,https://www.pancrase.co.jp/data/prfl-e/mcglaughlin.html
foreign,シャノン“ザ・キャノン”リッチ,ritch.html,https://www.pancrase.co.jp/data/prfl-e/ritch.html
foreign,ジャミール・マスー,massouh.html,https://www.pancrase.co.jp/data/prfl-e/massouh.html
foreign,ジャレッド“スパイダー・モンキー”ブルックス,jarrredbrooks.html,https://www.pancrase.co.jp/data/prfl-e/jarrredbrooks.html
foreign,シュウジ ヤマウチ,yamauchi.html,https://www.pancrase.co.jp/data/prfl-e/yamauchi.html
foreign,ジュニオール,junior.html,https://www.pancrase.co.jp/data/prfl-e/junior.html
foreign,ジョー・ダース,darce.html,https://www.pancrase.co.jp/data/prfl-e/darce.html
foreign,ジョー・チャールズ,charles.html,https://www.pancrase.co.jp/data/prfl-e/charles.html
foreign,ジョー・ピアソン,peason.html,https://www.pancrase.co.jp/data/prfl-e/peason.html
foreign,ジョー・プロクター,proctor.html,https://www.pancrase.co.jp/data/prfl-e/proctor.html
foreign,ジョーイ・ボーイ,joeyboy.html,https://www.pancrase.co.jp/data/prfl-e/joeyboy.html
foreign,ジョージ・ホドリゲス,rodrigues.html,https://www.pancrase.co.jp/data/prfl-e/rodrigues.html
foreign,ジョージ・ワイングロフ,weingroff.html,https://www.pancrase.co.jp/data/prfl-e/weingroff.html
foreign,ジョーダン・カリー,currie.html,https://www.pancrase.co.jp/data/prfl-e/currie.html
foreign,ジョニー・フラシェ,frachey.html,https://www.pancrase.co.jp/data/prfl-e/frachey.html
foreign,ショーン・ダグティ,daugherty.html,https://www.pancrase.co.jp/data/prfl-e/daugherty.html
foreign,ショーン・シャーク,sherk.html,https://www.pancrase.co.jp/data/prfl-e/sherk.html
foreign,ジョアウン・サウダーニャ,saldanha.html,https://www.pancrase.co.jp/data/prfl-e/saldanha.html
foreign,ジョエル・サトゥン,sutton.html,https://www.pancrase.co.jp/data/prfl-e/sutton.html
foreign,ジョシュ・スミス,joshsmith.html,https://www.pancrase.co.jp/data/prfl-e/joshsmith.html
foreign,ジョシュ・バーネット,josh.html,https://www.pancrase.co.jp/data/prfl-e/josh.html
foreign,ジョシュア・ロビソン,robison.html,https://www.pancrase.co.jp/data/prfl-e/robison.html
foreign,ジョゼ・アルド,aldo.html,https://www.pancrase.co.jp/data/prfl-e/aldo.html
foreign,ジョセフ・カマチョ,camacho.html,https://www.pancrase.co.jp/data/prfl-e/camacho.html
foreign,ジョナサン・アイビー,ivey.html,https://www.pancrase.co.jp/data/prfl-e/ivey.html
foreign,ジョナサン・ゲーリー,jonathan.html,https://www.pancrase.co.jp/data/prfl-e/jonathan.html
foreign,ジョナサン・ブルッキンズ,brookins.html,https://www.pancrase.co.jp/data/prfl-e/brookins.html
foreign,ジョニー・ハスキー,huskey.html,https://www.pancrase.co.jp/data/prfl-e/huskey.html
foreign,ジョルジ・パチーユ・マカコ,macaco.html,https://www.pancrase.co.jp/data/prfl-e/macaco.html
foreign,ジョン・アレッシオ,alessio.html,https://www.pancrase.co.jp/data/prfl-e/alessio.html
foreign,ジョン・クリソストモ,crisostomo.html,https://www.pancrase.co.jp/data/prfl-e/crisostomo.html
foreign,ジョン・クロンク,cronk.html,https://www.pancrase.co.jp/data/prfl-e/cronk.html
foreign,ジョン・グローバー,glover.html,https://www.pancrase.co.jp/data/prfl-e/glover.html
foreign,ジョン・ショレス,shores.html,https://www.pancrase.co.jp/data/prfl-e/shores.html
foreign,ジョン・ジンソク,jungjinsuk.html,https://www.pancrase.co.jp/data/prfl-e/jungjinsuk.html
foreign,ジョン・バチスタ・ヨシムラ,yoshimura.html,https://www.pancrase.co.jp/data/prfl-e/yoshimura.html
foreign,ジョン・フランソワ・レノグ,lenogue.html,https://www.pancrase.co.jp/data/prfl-e/lenogue.html
foreign,ジョン・レンケン,renken.html,https://www.pancrase.co.jp/data/prfl-e/renken.html
foreign,ジョン・レンフロー,renfroe.html,https://www.pancrase.co.jp/data/prfl-e/renfroe.html
foreign,ジョン・ローバー,lober.html,https://www.pancrase.co.jp/data/prfl-e/lober.html
foreign,シン・ジェヨン,shinjaeyoung.html,https://www.pancrase.co.jp/data/prfl-e/shinjaeyoung.html
foreign,シンディレ・マネンゲラ,manengela.html,https://www.pancrase.co.jp/data/prfl-e/manengela.html
foreign,スコット“バムバム”ソルビン,sullivan.html,https://www.pancrase.co.jp/data/prfl-e/sullivan.html
foreign,スコット・ビーザック,bessac.html,https://www.pancrase.co.jp/data/prfl-e/bessac.html
foreign,スタニスラブ・ネドコブ,nedkov.html,https://www.pancrase.co.jp/data/prfl-e/nedkov.html
foreign,スティーブ・ヒース,sheath.html,https://www.pancrase.co.jp/data/prfl-e/sheath.html
foreign,スティーブ・マグダレノ,magdaleno.html,https://www.pancrase.co.jp/data/prfl-e/magdaleno.html
foreign,スパイク・カーライル,spikecarlyle.html,https://www.pancrase.co.jp/data/prfl-e/spikecarlyle.html
foreign,セーム・シュルト,semmy.html,https://www.pancrase.co.jp/data/prfl-e/semmy.html
foreign,セルゲイ・キクリック,kulik.html,https://www.pancrase.co.jp/data/prfl-e/kulik.html
foreign,セルゲイ・マルティノフ,martynov.html,https://www.pancrase.co.jp/data/prfl-e/martynov.html
foreign,戦闘竜,sentoryu.html,https://www.pancrase.co.jp/data/prfl-e/sentoryu.html
foreign,ソン・ギュウソク,song.html,https://www.pancrase.co.jp/data/prfl-e/song.html
foreign,ソン・ミョンジン,songminjong.html,https://www.pancrase.co.jp/data/prfl-e/songminjong.html
foreign,ターボ・フェアテックス,fairtex.html,https://www.pancrase.co.jp/data/prfl-e/fairtex.html
foreign,タイ・フリーマン,tfreeman.html,https://www.pancrase.co.jp/data/prfl-e/tfreeman.html
foreign,ダスタン・オムルザコフ,omurzakov.html,https://www.pancrase.co.jp/data/prfl-e/omurzakov.html
foreign,ダニー・バッテン,batten.html,https://www.pancrase.co.jp/data/prfl-e/batten.html
foreign,ダニエル・アカーシオ,acacio.html,https://www.pancrase.co.jp/data/prfl-e/acacio.html
foreign,ダニエル・スウェイン,swain.html,https://www.pancrase.co.jp/data/prfl-e/swain.html
foreign,ダニエル“ニンジャ”ロバーツ,danielroberts.html,https://www.pancrase.co.jp/data/prfl-e/danielroberts.html
foreign,ダニエル・パックマン,pacman.html,https://www.pancrase.co.jp/data/prfl-e/pacman.html
foreign,ダニエル・リオンズ,lyons.html,https://www.pancrase.co.jp/data/prfl-e/lyons.html
foreign,ダニエル・リケイホ,requeijo.html,https://www.pancrase.co.jp/data/prfl-e/requeijo.html
foreign,ダビタシビリ・ダビド,david.html,https://www.pancrase.co.jp/data/prfl-e/david.html
foreign,ダマッシオ・ペイジ,page.html,https://www.pancrase.co.jp/data/prfl-e/page.html
foreign,タラス・サパ,sapa.html,https://www.pancrase.co.jp/data/prfl-e/sapa.html
foreign,ダン・セオドア,theodore.html,https://www.pancrase.co.jp/data/prfl-e/theodore.html
foreign,チアゴ・シウバ,thiago.html,https://www.pancrase.co.jp/data/prfl-e/thiago.html
foreign,チアゴ・ジャンボ,jambo.html,https://www.pancrase.co.jp/data/prfl-e/jambo.html
foreign,チェ・キーソク,choikiseok.html,https://www.pancrase.co.jp/data/prfl-e/choikiseok.html
foreign,チェ・ヒュンソク,hyungsuk.html,https://www.pancrase.co.jp/data/prfl-e/hyungsuk.html
foreign,チェ・ムベ,choi.html,https://www.pancrase.co.jp/data/prfl-e/choi.html
foreign,チェール・シェノン,sonnen.html,https://www.pancrase.co.jp/data/prfl-e/sonnen.html
foreign,チェイス・ビービ,beebe.html,https://www.pancrase.co.jp/data/prfl-e/beebe.html
foreign,チャールズ・ベルマーレ,bellemare.html,https://www.pancrase.co.jp/data/prfl-e/bellemare.html
foreign,チャック・ライデル,liddell.html,https://www.pancrase.co.jp/data/prfl-e/liddell.html
foreign,チョ・ジョンヒョン,junghyun.html,https://www.pancrase.co.jp/data/prfl-e/junghyun.html
foreign,チラギシビリ・ギア,gia.html,https://www.pancrase.co.jp/data/prfl-e/gia.html
foreign,TJ“ザ・トゥルース”ララミー,laramie.html,https://www.pancrase.co.jp/data/prfl-e/laramie.html
foreign,ディーン・リスター,lister.html,https://www.pancrase.co.jp/data/prfl-e/lister.html
foreign,ディションバイ・バキトベック,bakytbek.html,https://www.pancrase.co.jp/data/prfl-e/bakytbek.html
foreign,ティム・マッケンジー,mckenzie.html,https://www.pancrase.co.jp/data/prfl-e/mckenzie.html
foreign,ティム・レイシック,lajcik.html,https://www.pancrase.co.jp/data/prfl-e/lajcik.html
foreign,ティモール・アリエフ,aliyev.html,https://www.pancrase.co.jp/data/prfl-e/aliyev.html
foreign,ディラン・オサリバン,osullivan.html,https://www.pancrase.co.jp/data/prfl-e/osullivan.html
foreign,デイブ・マザニー,mazany.html,https://www.pancrase.co.jp/data/prfl-e/mazany.html
foreign,デビッド・テレル,terrell.html,https://www.pancrase.co.jp/data/prfl-e/terrell.html
foreign,デビッド・フレンディン,frendin.html,https://www.pancrase.co.jp/data/prfl-e/frendin.html
foreign,デビッド・マーシャル,marshall.html,https://www.pancrase.co.jp/data/prfl-e/marshall.html
foreign,デビッド・モア,moore.html,https://www.pancrase.co.jp/data/prfl-e/moore.html
foreign,デニス・ケイン,kang.html,https://www.pancrase.co.jp/data/prfl-e/kang.html
foreign,トッド・メディーナ,medina.html,https://www.pancrase.co.jp/data/prfl-e/medina.html
foreign,トーマス・シュルツ,schulte.html,https://www.pancrase.co.jp/data/prfl-e/schulte.html
foreign,トーマス・プケット,puckett.html,https://www.pancrase.co.jp/data/prfl-e/puckett.html
foreign,トーン・ステリング,stelling.html,https://www.pancrase.co.jp/data/prfl-e/stelling.html
foreign,トニー・ペテーラ,petarra.html,https://www.pancrase.co.jp/data/prfl-e/petarra.html
foreign,トニー・ロス,ross.html,https://www.pancrase.co.jp/data/prfl-e/ross.html
foreign,トニー・ロホ,rojo.html,https://www.pancrase.co.jp/data/prfl-e/rojo.html
foreign,トビー・ミセッチ,misech.html,https://www.pancrase.co.jp/data/prfl-e/misech.html
foreign,ドミニク“fallen angel”ロビンソン,dominiquerobinson.html,https://www.pancrase.co.jp/data/prfl-e/dominiquerobinson.html
foreign,トム・サントス,tomsantos.html,https://www.pancrase.co.jp/data/prfl-e/tomsantos.html
foreign,ドム・オグラーディー,dom.html,https://www.pancrase.co.jp/data/prfl-e/dom.html
foreign,トラビス・フルトン,fulton.html,https://www.pancrase.co.jp/data/prfl-e/fulton.html
foreign,トレイ・テリグマン,telligman.html,https://www.pancrase.co.jp/data/prfl-e/telligman.html
foreign,トレバー・ワード,ward.html,https://www.pancrase.co.jp/data/prfl-e/ward.html
foreign,ナザレノ・マレガリエ,malegarie.html,https://www.pancrase.co.jp/data/prfl-e/malegarie.html
foreign,ナム・ファン,namphan.html,https://www.pancrase.co.jp/data/prfl-e/namphan.html
foreign,ナロンチャイ・ドラゴンテイルジム,narongchai.html,https://www.pancrase.co.jp/data/prfl-e/narongchai.html
foreign,ニック・ヒョード,fiordo.html,https://www.pancrase.co.jp/data/prfl-e/fiordo.html
foreign,ニルソン・デ・カストロ,castro.html,https://www.pancrase.co.jp/data/prfl-e/castro.html
foreign,ヌルジャノフ・ルスタムベック,rustambek.html,https://www.pancrase.co.jp/data/prfl-e/rustambek.html
foreign,ネイサン・ディアズ,diaz.html,https://www.pancrase.co.jp/data/prfl-e/diaz.html
foreign,ネイサン・マーコート,marquardt.html,https://www.pancrase.co.jp/data/prfl-e/marquardt.html
foreign,ハー・スン・ジン,hursungjin.html,https://www.pancrase.co.jp/data/prfl-e/hursungjin.html
foreign,バイザット・ハトホフ,khatkhokhu.html,https://www.pancrase.co.jp/data/prfl-e/khatkhokhu.html
foreign,ハイミソン・ブルーノ,raymison.html,https://www.pancrase.co.jp/data/prfl-e/raymison.html
foreign,バイロン・フィリップス,vyron.html,https://www.pancrase.co.jp/data/prfl-e/vyron.html
foreign,バウミール・ラザロ,lazaro.html,https://www.pancrase.co.jp/data/prfl-e/lazaro.html
foreign,パウロ・フィリョ,filho.html,https://www.pancrase.co.jp/data/prfl-e/filho.html
foreign,バオ・クァーチ,quach.html,https://www.pancrase.co.jp/data/prfl-e/quach.html
foreign,パク・イルギュ,pak.html,https://www.pancrase.co.jp/data/prfl-e/pak.html
foreign,パク・チョンギョ,pakc.html,https://www.pancrase.co.jp/data/prfl-e/pakc.html
foreign,バクスティヤー・アバソフ,abbasov.html,https://www.pancrase.co.jp/data/prfl-e/abbasov.html
foreign,ハクラン・ディアス,hacran.html,https://www.pancrase.co.jp/data/prfl-e/hacran.html
foreign,パッカシット・ウィラサクレック,weerasakreck.html,https://www.pancrase.co.jp/data/prfl-e/weerasakreck.html
foreign,バス・ルッテン,rutten.html,https://www.pancrase.co.jp/data/prfl-e/rutten.html
foreign,バック・メリディス,meredith.html,https://www.pancrase.co.jp/data/prfl-e/meredith.html
foreign,ハファエル・シウバ,rafaelsilva.html,https://www.pancrase.co.jp/data/prfl-e/rafaelsilva.html
foreign,バラカトゥロ・アサドゥラエフ,asadulloev.html,https://www.pancrase.co.jp/data/prfl-e/asadulloev.html
foreign,ハルート・テルジャン,terzyan.html,https://www.pancrase.co.jp/data/prfl-e/terzyan.html
foreign,バレット・ヨシダ,yoshida.html,https://www.pancrase.co.jp/data/prfl-e/yoshida.html
foreign,韓 泰 潤,han.html,https://www.pancrase.co.jp/data/prfl-e/han.html
foreign,ヴァーノン“タイガー”ホワイト,white.html,https://www.pancrase.co.jp/data/prfl-e/white.html
foreign,パン・ジェヒョク,bangjaehyuk.html,https://www.pancrase.co.jp/data/prfl-e/bangjaehyuk.html
foreign,ヒース・シムズ,sims.html,https://www.pancrase.co.jp/data/prfl-e/sims.html
foreign,ピート・ウイリアムス,williams.html,https://www.pancrase.co.jp/data/prfl-e/williams.html
foreign,ヒカルド・アルメイダ,almeida.html,https://www.pancrase.co.jp/data/prfl-e/almeida.html
foreign,ヒカルド・チルロニ,tilroni.html,https://www.pancrase.co.jp/data/prfl-e/tilroni.html
foreign,ビクター・ヘンリー,henry.html,https://www.pancrase.co.jp/data/prfl-e/henry.html
foreign,ビクトー・ハンセイカー,hunsaker.html,https://www.pancrase.co.jp/data/prfl-e/hunsaker.html
foreign,ビクトル・ウーゴ,hugo.html,https://www.pancrase.co.jp/data/prfl-e/hugo.html
foreign,ビスラン・エトレシェフ,etleshev.html,https://www.pancrase.co.jp/data/prfl-e/etleshev.html
foreign,ファーカード・シャリポフ,farkhad.html,https://www.pancrase.co.jp/data/prfl-e/farkhad.html
foreign,ファービオ・レオポルド,leopoldo.html,https://www.pancrase.co.jp/data/prfl-e/leopoldo.html
foreign,ファジャル・デ・ヴィント,windt.html,https://www.pancrase.co.jp/data/prfl-e/windt.html
foreign,ファビアーノ・シウバ,fabianosilva.html,https://www.pancrase.co.jp/data/prfl-e/fabianosilva.html
foreign,ファビオ・シウバ,fsilva.html,https://www.pancrase.co.jp/data/prfl-e/fsilva.html
foreign,ファビオ・ナシメント,nascimento.html,https://www.pancrase.co.jp/data/prfl-e/nascimento.html
foreign,ファブリシオ・ナシメント,fnascimento.html,https://www.pancrase.co.jp/data/prfl-e/fnascimento.html
foreign,ファロ,falo.html,https://www.pancrase.co.jp/data/prfl-e/falo.html
foreign,フィリップ榎本,fenomoto.html,https://www.pancrase.co.jp/data/prfl-e/fenomoto.html
foreign,フィリップ・オリビエリ,olivieri.html,https://www.pancrase.co.jp/data/prfl-e/olivieri.html
foreign,フェルナンド・マツキ,fmatsuki.html,https://www.pancrase.co.jp/data/prfl-e/fmatsuki.html
foreign,フラービオ田中,ftanaka.html,https://www.pancrase.co.jp/data/prfl-e/ftanaka.html
foreign,フラービオ・モウラ,moura.html,https://www.pancrase.co.jp/data/prfl-e/moura.html
foreign,ブライアン・ガサウェイ,brian.html,https://www.pancrase.co.jp/data/prfl-e/brian.html
foreign,ブライアン・ラフィーク,rafiq.html,https://www.pancrase.co.jp/data/prfl-e/rafiq.html
foreign,ブライアン・レイニー,rainey.html,https://www.pancrase.co.jp/data/prfl-e/rainey.html
foreign,ブラッディ・ファン,huang.html,https://www.pancrase.co.jp/data/prfl-e/huang.html
foreign,フランク“アニマル”ロブマン,lobman.html,https://www.pancrase.co.jp/data/prfl-e/lobman.html
foreign,フランク・シャムロック,shamrockf.html,https://www.pancrase.co.jp/data/prfl-e/shamrockf.html
foreign,ブレット・ブレグマーク,bergmark.html,https://www.pancrase.co.jp/data/prfl-e/bergmark.html
foreign,フレジソン・パイシャオン,paixao.html,https://www.pancrase.co.jp/data/prfl-e/paixao.html
foreign,ブレント・シャーマーホーン,schermerhorn.html,https://www.pancrase.co.jp/data/prfl-e/schermerhorn.html
foreign,ヘイガー・チン,chin.html,https://www.pancrase.co.jp/data/prfl-e/chin.html
foreign,ベン・ブッカン,buchan.html,https://www.pancrase.co.jp/data/prfl-e/buchan.html
foreign,ポール・ヴァレランス,varelans.html,https://www.pancrase.co.jp/data/prfl-e/varelans.html
foreign,ポール・デイリー,daley.html,https://www.pancrase.co.jp/data/prfl-e/daley.html
foreign,ポール・ロドリゲス,rodriguez.html,https://www.pancrase.co.jp/data/prfl-e/rodriguez.html
foreign,ポール・レイゼンビー,lazenby.html,https://www.pancrase.co.jp/data/prfl-e/lazenby.html
foreign,ポアイ菅沼,suganuma.html,https://www.pancrase.co.jp/data/prfl-e/suganuma.html
foreign,ボカン・マスンヤネ,masunyane.html,https://www.pancrase.co.jp/data/prfl-e/masunyane.html
foreign,ボグダン・クリスティア,cristea.html,https://www.pancrase.co.jp/data/prfl-e/cristea.html
foreign,ホジェリオ・ボントリン,bontorin.html,https://www.pancrase.co.jp/data/prfl-e/bontorin.html
foreign,ホゼ・アルディ,alday.html,https://www.pancrase.co.jp/data/prfl-e/alday.html
foreign,ボブ・アームストロング,armstrong.html,https://www.pancrase.co.jp/data/prfl-e/armstrong.html
foreign,ボブ・スタインズ,stines.html,https://www.pancrase.co.jp/data/prfl-e/stines.html
foreign,ボブ・スタインズ,stines.html,https://www.pancrase.co.jp/data/prfl-e/stines.html
foreign,ホブソン タカノ,robsontakano.html,https://www.pancrase.co.jp/data/prfl-e/robsontakano.html
foreign,ホン・ジュピョ,hong.html,https://www.pancrase.co.jp/data/prfl-e/hong.html
foreign,ホン・ソンチャン,hongsungchan.html,https://www.pancrase.co.jp/data/prfl-e/hongsungchan.html
foreign,マーカス・アマラウ,amaral.html,https://www.pancrase.co.jp/data/prfl-e/amaral.html
foreign,マーチン・エメン,vanemmen.html,https://www.pancrase.co.jp/data/prfl-e/vanemmen.html
foreign,マーティン・サノ,sano.html,https://www.pancrase.co.jp/data/prfl-e/sano.html
foreign,マイク・カイル,kyle.html,https://www.pancrase.co.jp/data/prfl-e/kyle.html
foreign,マイク・グランディ,grundy.html,https://www.pancrase.co.jp/data/prfl-e/grundy.html
foreign,マイケル・コスタ,costa.html,https://www.pancrase.co.jp/data/prfl-e/costa.html
foreign,マイケル・ロメロ,romero.html,https://www.pancrase.co.jp/data/prfl-e/romero.html
foreign,マウリシオ・レイス,reis.html,https://www.pancrase.co.jp/data/prfl-e/reis.html
foreign,真騎士,blanco.html,https://www.pancrase.co.jp/data/prfl-e/blanco.html
foreign,マシュー・ニコー,nicourt.html,https://www.pancrase.co.jp/data/prfl-e/nicourt.html
foreign,マタファノフ・スヴャトスラフ,skrms.html,https://www.pancrase.co.jp/data/prfl-e/skrms.html
foreign,マッティ・メケレ,makela.html,https://www.pancrase.co.jp/data/prfl-e/makela.html
foreign,マット・トライヘイ,trihey.html,https://www.pancrase.co.jp/data/prfl-e/trihey.html
foreign,マット・ヒューム,hume.html,https://www.pancrase.co.jp/data/prfl-e/hume.html
foreign,マット・ベイル,vaile.html,https://www.pancrase.co.jp/data/prfl-e/vaile.html
foreign,マット・リー,lee.html,https://www.pancrase.co.jp/data/prfl-e/lee.html
foreign,マティヤ・ブラジセビッチ,blazicevic.html,https://www.pancrase.co.jp/data/prfl-e/blazicevic.html
foreign,マルコ・ブルシッチ,burusic.html,https://www.pancrase.co.jp/data/prfl-e/burusic.html
foreign,マルセロ・セザール,cesar.html,https://www.pancrase.co.jp/data/prfl-e/cesar.html
foreign,マルセロ・タイガー,tiger.html,https://www.pancrase.co.jp/data/prfl-e/tiger.html
foreign,マルロン・サンドロ,sandro.html,https://www.pancrase.co.jp/data/prfl-e/sandro.html
foreign,ミック・グリーン,green.html,https://www.pancrase.co.jp/data/prfl-e/green.html
foreign,ミッチ・オドウド,mitchodowd.html,https://www.pancrase.co.jp/data/prfl-e/mitchodowd.html
foreign,ミルトン・ヴィエイラ,milton.html,https://www.pancrase.co.jp/data/prfl-e/milton.html
foreign,ムハンマド・サロヒディノフ,salohidinov.html,https://www.pancrase.co.jp/data/prfl-e/salohidinov.html
foreign,ムリーロ・ブスタマンチ,bustamante.html,https://www.pancrase.co.jp/data/prfl-e/bustamante.html
foreign,モーリス・スミス,smith.html,https://www.pancrase.co.jp/data/prfl-e/smith.html
foreign,ユ・スヨン,yousuyoung.html,https://www.pancrase.co.jp/data/prfl-e/yousuyoung.html
foreign,ヨープ・ファン・ダム,vdven.html,https://www.pancrase.co.jp/data/prfl-e/vdven.html
foreign,ライアン・ストウト,stout.html,https://www.pancrase.co.jp/data/prfl-e/stout.html
foreign,ライアン・ヒース,ryanh.html,https://www.pancrase.co.jp/data/prfl-e/ryanh.html
foreign,ライアン・ビグラー,bigler.html,https://www.pancrase.co.jp/data/prfl-e/bigler.html
foreign,ライリー・ドゥトロ,dutro.html,https://www.pancrase.co.jp/data/prfl-e/dutro.html
foreign,ラス・ミウラ,miura.html,https://www.pancrase.co.jp/data/prfl-e/miura.html
foreign,ラバーン・クラーク,clark.html,https://www.pancrase.co.jp/data/prfl-e/clark.html
foreign,ラファエル・ドス・アンジョス,rafael.html,https://www.pancrase.co.jp/data/prfl-e/rafael.html
foreign,ラファエル・バルボーザ,rafaelbarbosa.html,https://www.pancrase.co.jp/data/prfl-e/rafaelbarbosa.html
foreign,ラファエル・リベイロ,rafaelribeiro.html,https://www.pancrase.co.jp/data/prfl-e/rafaelribeiro.html
foreign,ラリー・パパドポロス,papadopoulos.html,https://www.pancrase.co.jp/data/prfl-e/papadopoulos.html
foreign,ランドン・バンナータ,vannata.html,https://www.pancrase.co.jp/data/prfl-e/vannata.html
foreign,リオン・ヴァン・ダイク,dijk.html,https://www.pancrase.co.jp/data/prfl-e/dijk.html
foreign,リチャード・サー,saar.html,https://www.pancrase.co.jp/data/prfl-e/saar.html
foreign,リッキー・キャンプ,rickycamp.html,https://www.pancrase.co.jp/data/prfl-e/rickycamp.html
foreign,リッチー・ヴァスリック,vaculik.html,https://www.pancrase.co.jp/data/prfl-e/vaculik.html
foreign,リッチー・ウィットソン,whitson.html,https://www.pancrase.co.jp/data/prfl-e/whitson.html
foreign,リルデシ・リマ・ディアス,rildecilimadias.html,https://www.pancrase.co.jp/data/prfl-e/rildecilimadias.html
foreign,リンソン・シマンジュンタク,simanjuntak.html,https://www.pancrase.co.jp/data/prfl-e/simanjuntak.html
foreign,ルイ・サノデキス,sanoudakis.html,https://www.pancrase.co.jp/data/prfl-e/sanoudakis.html
foreign,ルイス・ドゥトラ,luizdutra.html,https://www.pancrase.co.jp/data/prfl-e/luizdutra.html
foreign,ルイス“ベタオ”ノゲイラ,luisbetaonogueira.html,https://www.pancrase.co.jp/data/prfl-e/luisbetaonogueira.html
foreign,ルサンド・ビコ,biko.html,https://www.pancrase.co.jp/data/prfl-e/biko.html
foreign,ルシオ・アブレオ,lucio.html,https://www.pancrase.co.jp/data/prfl-e/lucio.html
foreign,ルスラン・ベックザッド,bekzad.html,https://www.pancrase.co.jp/data/prfl-e/bekzad.html
foreign,レアンドロ・クサノ,kusano.html,https://www.pancrase.co.jp/data/prfl-e/kusano.html
foreign,レアンドロ“ブスカペ”シウバ,leandro.html,https://www.pancrase.co.jp/data/prfl-e/leandro.html
foreign,レイン・アンドリュース,andrews.html,https://www.pancrase.co.jp/data/prfl-e/andrews.html
foreign,レオ・ズーリック,zuluric.html,https://www.pancrase.co.jp/data/prfl-e/zuluric.html
foreign,レオナルド・マフラ,mafra.html,https://www.pancrase.co.jp/data/prfl-e/mafra.html
foreign,レス・ジョンストン,johnston.html,https://www.pancrase.co.jp/data/prfl-e/johnston.html
foreign,レスリー・アレン,allen.html,https://www.pancrase.co.jp/data/prfl-e/allen.html
foreign,レニー・ウィーラー,wheeler.html,https://www.pancrase.co.jp/data/prfl-e/wheeler.html
foreign,レムコ・パドゥール,pardoel.html,https://www.pancrase.co.jp/data/prfl-e/pardoel.html
foreign,ローラン・ファーブル,fabre.html,https://www.pancrase.co.jp/data/prfl-e/fabre.html
foreign,ロドルフォ・ルビオ,rodolfo.html,https://www.pancrase.co.jp/data/prfl-e/rodolfo.html
foreign,ロバート・エマーソン,emerson.html,https://www.pancrase.co.jp/data/prfl-e/emerson.html
foreign,ロバート・ヨナサン,bjornethun.html,https://www.pancrase.co.jp/data/prfl-e/bjornethun.html
foreign,ロビー“スーパーナチュラル”オストヴィッチ,ostovich.html,https://www.pancrase.co.jp/data/prfl-e/ostovich.html
foreign,ロン・ウォーターマン,waterman.html,https://www.pancrase.co.jp/data/prfl-e/waterman.html
foreign,ロン“ザ・ケイブマン”スローター,schroter.html,https://www.pancrase.co.jp/data/prfl-e/schroter.html
foreign,ワン・アヤラ,ayala.html,https://www.pancrase.co.jp/data/prfl-e/ayala.html
foreign,ワン・リザマ,juanlizama.html,https://www.pancrase.co.jp/data/prfl-e/juanlizama.html
female,青木文菜,aoki.html,https://www.pancrase.co.jp/data/prfl-a/aoki.html
female,赤野仁美,akano.html,https://www.pancrase.co.jp/data/prfl-a/akano.html
female,浅倉カンナ,asakura.html,https://www.pancrase.co.jp/data/prfl-a/asakura.html
female,アニー・カロリネ,karoline.html,https://www.pancrase.co.jp/data/prfl-a/karoline.html
female,愛弓,ayumi.html,https://www.pancrase.co.jp/data/prfl-a/ayumi.html
female,アンバー・ブラウン,brown.html,https://www.pancrase.co.jp/data/prfl-a/brown.html
female,石岡沙織,ishioka.html,https://www.pancrase.co.jp/data/prfl-a/ishioka.html
female,石川菊代,ishikawa.html,https://www.pancrase.co.jp/data/prfl-a/ishikawa.html
female,15,15.html,https://www.pancrase.co.jp/data/prfl-a/15.html
female,伊藤あすか,ito.html,https://www.pancrase.co.jp/data/prfl-a/ito.html
female,V.V Mei,vvmei.html,https://www.pancrase.co.jp/data/prfl-a/vvmei.html
female,ヴィヴィアニ・アロージョ,viviane.html,https://www.pancrase.co.jp/data/prfl-a/viviane.html
female,WINDY 智美,windy.html,https://www.pancrase.co.jp/data/prfl-a/windy.html
female,エイミー・モンテネグロ,montenegro.html,https://www.pancrase.co.jp/data/prfl-a/montenegro.html
female,エジナ・トラキナス,trakinas.html,https://www.pancrase.co.jp/data/prfl-a/trakinas.html
female,EDGE,edge.html,https://www.pancrase.co.jp/data/prfl-a/edge.html
female,大室奈緒子,omuro.html,https://www.pancrase.co.jp/data/prfl-a/omuro.html
female,オノダマン,onodaman.html,https://www.pancrase.co.jp/data/prfl-a/onodaman.html
female,KAREN,karen.html,https://www.pancrase.co.jp/data/prfl-a/karen.html
female,キム・ソンウン,kim.html,https://www.pancrase.co.jp/data/prfl-a/kim.html
female,キム・ミョンボ,kimmyungbo.html,https://www.pancrase.co.jp/data/prfl-a/kimmyungbo.html
female,キム・ヨンギ,kimyoungji.html,https://www.pancrase.co.jp/data/prfl-a/kimyoungji.html
female,木村響子,kimura.html,https://www.pancrase.co.jp/data/prfl-a/kimura.html
female,キンバリー・ノヴァス,novaes.html,https://www.pancrase.co.jp/data/prfl-a/novaes.html
female,クセニヤ・グーセヴァ,guseva.html,https://www.pancrase.co.jp/data/prfl-a/guseva.html
female,クリス・マクファー,macfer.html,https://www.pancrase.co.jp/data/prfl-a/macfer.html
female,栗山葵,kuriyama.html,https://www.pancrase.co.jp/data/prfl-a/kuriyama.html
female,クレア・フライヤー,fryer.html,https://www.pancrase.co.jp/data/prfl-a/fryer.html
female,グレイシ・ファリア,faria.html,https://www.pancrase.co.jp/data/prfl-a/faria.html
female,黒田エミ,kuroda.html,https://www.pancrase.co.jp/data/prfl-a/kuroda.html
female,黒部三奈,kurobe.html,https://www.pancrase.co.jp/data/prfl-a/kurobe.html
female,コリーン・シュナイダー,schneider.html,https://www.pancrase.co.jp/data/prfl-a/schneider.html
female,sakura,sakura.html,https://www.pancrase.co.jp/data/prfl-a/sakura.html
female,佐々木絹加,sasaki.html,https://www.pancrase.co.jp/data/prfl-a/sasaki.html
female,サダエ・マヌーフ,sadae.html,https://www.pancrase.co.jp/data/prfl-a/sadae.html
female,佐藤瑞穂,satom.html,https://www.pancrase.co.jp/data/prfl-a/satom.html
female,SAYAKA,sayaka.html,https://www.pancrase.co.jp/data/prfl-a/sayaka.html
female,沙弥子,sayako.html,https://www.pancrase.co.jp/data/prfl-a/sayako.html
female,サラ・ダレリオ,sarah.html,https://www.pancrase.co.jp/data/prfl-a/sarah.html
female,SARAMI,sarami.html,https://www.pancrase.co.jp/data/prfl-a/sarami.html
female,ジェニー・ファン,zennyhuang.html,https://www.pancrase.co.jp/data/prfl-a/zennyhuang.html
female,シェンディ・ソロモン,sheindel.html,https://www.pancrase.co.jp/data/prfl-a/sheindel.html
female,重田ホノカ,shigeta.html,https://www.pancrase.co.jp/data/prfl-a/shigeta.html
female,シッジ・ホッシャ,sidy.html,https://www.pancrase.co.jp/data/prfl-a/sidy.html
female,紫乃ヴァンフース,shino.html,https://www.pancrase.co.jp/data/prfl-a/shino.html
female,シャーリーン・ワット,watt.html,https://www.pancrase.co.jp/data/prfl-a/watt.html
female,シャルマ・デバイア,devaiah.html,https://www.pancrase.co.jp/data/prfl-a/devaiah.html
female,シャロン・ジェイコブセン,sharonjacobson.html,https://www.pancrase.co.jp/data/prfl-a/sharonjacobson.html
female,朱里,syuri.html,https://www.pancrase.co.jp/data/prfl-a/syuri.html
female,新谷琴美,shintani.html,https://www.pancrase.co.jp/data/prfl-a/shintani.html
female,杉山しずか,sugiyama.html,https://www.pancrase.co.jp/data/prfl-a/sugiyama.html
female,鈴木万李弥,suzukimariya.html,https://www.pancrase.co.jp/data/prfl-a/suzukimariya.html
female,ズラブカ・ビタリー,slavka.html,https://www.pancrase.co.jp/data/prfl-a/slavka.html
female,関友紀子,seki.html,https://www.pancrase.co.jp/data/prfl-a/seki.html
female,せり,seri.html,https://www.pancrase.co.jp/data/prfl-a/seri.html
female,ソ・イェダム,yedam.html,https://www.pancrase.co.jp/data/prfl-a/yedam.html
female,ソルト,salt.html,https://www.pancrase.co.jp/data/prfl-a/salt.html
female,ソン・ヘユン,songhyeyun.html,https://www.pancrase.co.jp/data/prfl-a/songhyeyun.html
female,タイアニー・ソウザ,thaianesouza.html,https://www.pancrase.co.jp/data/prfl-a/thaianesouza.html
female,タイナー・ラモニエ,lamounier.html,https://www.pancrase.co.jp/data/prfl-a/lamounier.html
female,高木祐子,takagi.html,https://www.pancrase.co.jp/data/prfl-a/takagi.html
female,高本千代,takamoto.html,https://www.pancrase.co.jp/data/prfl-a/takamoto.html
female,瀧本美咲,takimoto.html,https://www.pancrase.co.jp/data/prfl-a/takimoto.html
female,竹下嘉奈子,takeshita.html,https://www.pancrase.co.jp/data/prfl-a/takeshita.html
female,タチアネ・フォンテス,tatiane.html,https://www.pancrase.co.jp/data/prfl-a/tatiane.html
female,ダニエル・ウェスト,west.html,https://www.pancrase.co.jp/data/prfl-a/west.html
female,タラ・ラローサ,tara.html,https://www.pancrase.co.jp/data/prfl-a/tara.html
female,タルシアラ・ピットブル,pitbull.html,https://www.pancrase.co.jp/data/prfl-a/pitbull.html
female,チャン・ヒョンジ,hyunjijang.html,https://www.pancrase.co.jp/data/prfl-a/hyunjijang.html
female,超弁慶,chobenkei.html,https://www.pancrase.co.jp/data/prfl-a/chobenkei.html
female,チョン・ソユン,seoyun.html,https://www.pancrase.co.jp/data/prfl-a/seoyun.html
female,DIANA,diana.html,https://www.pancrase.co.jp/data/prfl-a/diana.html
female,富松恵美,tomimatsu.html,https://www.pancrase.co.jp/data/prfl-a/tomimatsu.html
female,直DATE,naodate.html,https://www.pancrase.co.jp/data/prfl-a/naodate.html
female,中井りん,nakai.html,https://www.pancrase.co.jp/data/prfl-a/nakai.html
female,永易加代,nagayasu.html,https://www.pancrase.co.jp/data/prfl-a/nagayasu.html
female,ナギ,nagi.html,https://www.pancrase.co.jp/data/prfl-a/nagi.html
female,ニコーレ・カレアーリ,nicolle.html,https://www.pancrase.co.jp/data/prfl-a/nicolle.html
female,NØRI,noridate.html,https://www.pancrase.co.jp/data/prfl-a/noridate.html
female,バーバラ・アシオリー,acioly.html,https://www.pancrase.co.jp/data/prfl-a/acioly.html
female,端 貴代,hashi.html,https://www.pancrase.co.jp/data/prfl-a/hashi.html
female,バッカス羽鳥,hatori.html,https://www.pancrase.co.jp/data/prfl-a/hatori.html
female,ハッピー☆福子,happy.html,https://www.pancrase.co.jp/data/prfl-a/happy.html
female,華DATE,hanadate.html,https://www.pancrase.co.jp/data/prfl-a/hanadate.html
female,原田よき,harada.html,https://www.pancrase.co.jp/data/prfl-a/harada.html
female,HARUKA,haruka.html,https://www.pancrase.co.jp/data/prfl-a/haruka.html
female,ハン・ボラム,hanboram.html,https://www.pancrase.co.jp/data/prfl-a/hanboram.html
female,東陽子,higashi.html,https://www.pancrase.co.jp/data/prfl-a/higashi.html
female,藤野恵実,fujino.html,https://www.pancrase.co.jp/data/prfl-a/fujino.html
female,ブリアナ“ザ・ピンクレンジャー”フィソリ,fissori.html,https://www.pancrase.co.jp/data/prfl-a/fissori.html
female,プリシラ・デ・ソウザ,souza.html,https://www.pancrase.co.jp/data/prfl-a/souza.html
female,ブレンダ・ゴンザレス,brenda.html,https://www.pancrase.co.jp/data/prfl-a/brenda.html
female,ベティコ,bettyco.html,https://www.pancrase.co.jp/data/prfl-a/bettyco.html
female,宝珠山桃花,hoshuyama.html,https://www.pancrase.co.jp/data/prfl-a/hoshuyama.html
female,堀詩織,hori.html,https://www.pancrase.co.jp/data/prfl-a/hori.html
female,ホン・イェリン,yerinhong.html,https://www.pancrase.co.jp/data/prfl-a/yerinhong.html
female,マイラ・カントゥアリア,mayra.html,https://www.pancrase.co.jp/data/prfl-a/mayra.html
female,マグダレナ・ソルモバ,sormova.html,https://www.pancrase.co.jp/data/prfl-a/sormova.html
female,マロリー・マーチン,mallory.html,https://www.pancrase.co.jp/data/prfl-a/mallory.html
female,三浦彩佳,miura.html,https://www.pancrase.co.jp/data/prfl-a/miura.html
female,溝口麻美子,mizoguchi.html,https://www.pancrase.co.jp/data/prfl-a/mizoguchi.html
female,ミナ・グルサンダー,grusander.html,https://www.pancrase.co.jp/data/prfl-a/grusander.html
female,MIYU,miyu.html,https://www.pancrase.co.jp/data/prfl-a/miyu.html
female,MIYOKO,miyoko.html,https://www.pancrase.co.jp/data/prfl-a/miyoko.html
female,村田夏南子,murata.html,https://www.pancrase.co.jp/data/prfl-a/murata.html
female,本野美樹,motonomiki.html,https://www.pancrase.co.jp/data/prfl-a/motonomiki.html
female,モニカ・アドリアーニ,azevedo.html,https://www.pancrase.co.jp/data/prfl-a/azevedo.html
female,モニカ・ロバート,monica.html,https://www.pancrase.co.jp/data/prfl-a/monica.html
female,藪下めぐみ,yabushita.html,https://www.pancrase.co.jp/data/prfl-a/yabushita.html
female,悠花,yuka.html,https://www.pancrase.co.jp/data/prfl-a/yuka.html
female,YUKAЯI,yukari.html,https://www.pancrase.co.jp/data/prfl-a/yukari.html
female,米沢知佐,yonezawa.html,https://www.pancrase.co.jp/data/prfl-a/yonezawa.html
female,ライーゼ・セルケイラ,cerqueira.html,https://www.pancrase.co.jp/data/prfl-a/cerqueira.html
female,ライカ,raika.html,https://www.pancrase.co.jp/data/prfl-a/raika.html
female,リンゼイ・ガーバット,garbatt.html,https://www.pancrase.co.jp/data/prfl-a/garbatt.html
female,ローマ・ルックブンミー,lomalookboonmee.html,https://www.pancrase.co.jp/data/prfl-a/lomalookboonmee.html
female,和田綾音,wadaayane.html,https://www.pancrase.co.jp/data/prfl-a/wadaayane.html
female,渡辺彩華,watanabeayaka.html,https://www.pancrase.co.jp/data/prfl-a/watanabeayaka.html
female,渡邊久江,whisae.html,https://www.pancrase.co.jp/data/prfl-a/whisae.html
female,渡邉浩財子,whisako.html,https://www.pancrase.co.jp/data/prfl-a/whisako.html
female,渡邉史佳,watanabefumika.html,https://www.pancrase.co.jp/data/prfl-a/watanabefumika.html
