count	event
200	(null)
86	ルンピニー・スタジアム
67	ラジャダムナン・スタジアム
60	IT'S SHOWTIME
48	KINGS OSAKA
46	“K-1冬のビッグマッチ 第1弾 横浜”「K-1 WORLD GP 2019 JAPAN ~よこはまつり~」
45	ECO信頼サービス株式会社 presents K-1 DONTAKU
43	ECO信頼サービス株式会社 PRESENTS K-1 WORLD GP 2022 JAPAN~K-1フェザー級世界最強決定トーナメント~
43	TRHD presents K-1 WORLD MAX
43	AZABU presents K-1 WORLD MAX 2024
43	MAROOMS presents KNOCK OUT.60 ～K.O CLIMAX 2025～
41	AZABU PRESENTS K-1 WORLD GP 2023~スーパー・ウェルター級&女子フライ級ダブルタイトルマッチ~
39	Beast of the East
38	ECO信頼サービス株式会社PRESENTS K-1 DONTAKU 2026
38	MAROOMS presents KNOCK OUT CARNIVAL 2024 SUPER BOUT “BLAZE”
38	THE KNOCK OUT
38	NO KICK NO LIFE
37	AZABU PRESENTS K-1 WORLD GP 2023~初代ミドル級王座決定トーナメント~
37	“K-1冬のビッグマッチ 第2弾 名古屋”「K-1 WORLD GP 2019 JAPAN~初代女子フライ級王座決定トーナメント&スーパー・ライト級タイトルマッチ~」
36	REMY presents KNOCK OUT.65 ～THE KNOCK OUT 2026～
36	It's Showtime
36	不明
35	Fight Club Arbat
34	REMY presents KNOCK OUT.63 KNOCK OUT SPRING FES in OKINAWA
34	K.O CLIMAX 2024
34	REMY presents KNOCK OUT.67 ～KNOCK OUT SUMMER JAM in OSAKA～
32	MAROOMS presents KNOCK OUT 2023 SUPER BOUT “BLAZE”
31	ECO信頼サービス株式会社 PRESENTS K-1 WORLD GP 2021 JAPAN ~K-1ライト級タイトルマッチ~
31	Jawin presents Krush Grand Prix 2013 ~-67kg級初代王座決定トーナメント~
30	KROSS×OVER.29 -2024 CLIMAX-
29	Yogibo presents THE MATCH 2022
27	ReBOOT~K-1 ReBIRTH~
27	RISE WEST ZERO
26	ECO信頼サービス株式会社 PRESENTS K-1 WORLD GP 2020 JAPAN~K-1九州初上陸~
26	MAROOMS presents KNOCK OUT 2024 vol.3
26	電工ナビ presents RISE FireBall NAGOYA
26	MAROOMS presents KNOCK OUT 2023 vol.6
25	KROSS×OVER.30
25	MAROOMS presents KNOCK OUT.62
24	“アロマ空間Halu presents”Krush.168 ~in NAGOYA~
24	MAROOMS presents KNOCK OUT.64
24	MAROOMS presents KNOCK OUT 2025 vol.3
24	BODYMAKER presents Krush.31 ~in HIROSHIMA~
23	MAROOMS presents KNOCK OUT 2023 vol.5 “RED ZONE”
23	MAROOMS presents KNOCK OUT.57
23	AZABU PRESENTS Krush.151
22	MAROOMS presents KNOCK OUT 2024 vol.5
22	MAROOMS presents KNOCK OUT.61
22	IBGメディア presents RISE186-RISE 22th Memorial event-
22	シュートボクシング
21	MAROOMS presents KNOCK OUT 2024 vol.2
21	KROSS×OVER.35 新宿FACE大会
21	MAROOMS presents KNOCK OUT.55
20	MAROOMS presents KNOCK OUT 2024 vol.6
20	PURE BIOKEYZ presents KNOCK OUT 2024 vol.1
20	『KROSS×OVER.27』公式記録
20	RISE WEST.19
20	MAROOMS presents KNOCK OUT.66
20	AZABU PRESENTS Krush.150
20	MAROOMS presents KNOCK OUT.58
20	MAROOMS presents KNOCK OUT.56 ～NEW BEGINNING～
20	MAROOMS presents KNOCK OUT 2024 vol.4
20	KHAOS.8
20	MAROOMS presents KNOCK OUT 2025 vol.2
19	MAROOMS presents KNOCK OUT 2023 vol.3
19	crowdbasket presents RISE194
19	RISE ZERO
18	株式会社シマジュー Presents Krush-EX 2023 vol.4 in FUKUOKA
18	RISE WEST.21
18	RISE WEST.20
18	DUAL Presents Krush~RING OF VENUS~
18	THE KNOCK OUT FIGHTER / KNOCK OUT REBELS SERIES. 2
18	KROSS×OVER 15
18	RISE WEST.27
18	KHAOS.11
18	MAROOMS presents KNOCK OUT.59
18	MAROOMS presents KNOCK OUT 2022 vol.8
18	MAROOMS presents KNOCK OUT 2023 vol.2
18	MAROOMS presents KNOCK OUT 2023 vol.1
17	KROSS×OVER.31 -SHINJUKU FACE 20th Anniversary-
17	KHAOS.2
17	KROSS×OVER.28 新宿FACE
17	KROSSxOVER-CAGE.3
17	NEW JAPAN BLOOD 4【Muay Thai Open 16】
17	KHAOS.1
17	KHAOS.5
17	KHAOS.4
17	MAROOMS presents KNOCK OUT 2025 vol.1
16	KROSS×OVER.33
16	KROSS×OVER 18
16	RISE WEST.22
16	Rajadamnern World Series
16	サイクリー PRESENTS Krush-EX 2022 vol.5
16	RISE WEST.26
16	KROSS×OVER 19
16	THE KNOCK OUT FIGHTER.6
16	RISE WEST.25
16	KHAOS.6
16	武林風
16	MAROOMS presents KNOCK OUT 2022 vol.7
15	KROSS×OVER.32
15	KROSS×OVER 17
15	サイクリー PRESENTS Krush-EX 2022 vol.8
15	RISE WEST.18
15	KHAOS.3
15	【KROSS×OVER.36】試合結果&レポート
14	サイクリー PRESENTS Krush-EX 2022 vol.7
14	KHAOS.10
14	サイクリー PRESENTS Krush-EX 2022 vol.1
14	REBELS
14	FIGHT CLUB
14	SACRED FORCE presents KNOCK OUT 2021 vol.5
14	RISE WEST.29
14	RISE WEST.24
14	MAROOMS presents KNOCK OUT-EX 2024 vol.1
14	サイクリー PRESENTS Krush-EX 2022 vol.3
14	KROSS×OVER 20 ５周年記念-BATTLE OF THE NEW ERA-
14	KROSS×OVER 16
14	SuperLeague Elimination 2006
14	KHAOS.7
14	KROSS×OVER 14
14	MAROOMS presents KNOCK OUT 2023 vol.4
14	ルンピニースタジアム
14	RISE WEST.30
13	Steko's Fight Night
13	SuperLeague Tournament Turkey 2005
13	DREAM.18 & GLORY 4 〜大晦日 SPECIAL 2012〜
13	RISE GIRLS POWER.5
13	KICK TO THE FUTURE 6
13	KICK TO THE FUTURE 2
13	KINGS NAGOYA4
13	KINGS OSAKA7
13	KINGS KYOTO13
13	KROSSxOVER KICK -60kg次期王座挑戦者決定戦
13	KING OF KINGS TOUITSU in KOBE
13	KHAOS.9
13	Thai Fight
13	ＤＥＥＰ☆ＫＩＣＫ38
13	KROSS×OVER 12
12	サイクリー PRESENTS Krush-EX 2022 vol.4
12	RISE WEST.23
12	RISE WEST.31
12	ONE SAMURAI 1
12	KINGS NAGOYA18
12	MAROOMS presents KNOCK OUT-EX 2023 vol.1
12	Kings of the Ring
12	KROSSxOVER-CAGE.8
12	4月14日 GODDESS OF VICTORY Ⅱ 試合結果
12	KINGS OSAKA4
12	MAGNUM 29 結果
12	SACRED FORCE presents KNOCK OUT-EX 2021 vol.1 2021年04月04日（日）
12	R.I.S.E. DEAD or ALIVE TOURNAMENT '06
12	ROAD TO REAL KING 7【GO FOR BROKE】
12	KINGS NAGOYA17
12	RISE WEST.28
12	ニュージャパンキックボクシング連盟
11	KROSS×OVER CAGE.6 KICK PART・MMA PART
11	KINGS KYOTO5
11	KINGS NAGOYA3
11	11月21日 岡山 NJKF拳之会主催興行17th NJKF2021 west 4th 結果＆レポート
11	IT'S SHOWTIME Finale Trophy Max 75
11	Hoost Cup KINGS ROAD -京都！王者への道-
11	The Path to the World Champion ～WBCムエタイ世界王者への道～
11	オランダ
11	KINGS NAGOYA2
11	SuperLeague Germany 2005
11	11月19日 岡山 NJKF2023 west 5th 試合結果
11	SuperLeague Netherlands 2003
11	KICK TO THE FUTURE 9
11	KROSS×OVER.23
11	R.I.S.E. 51
11	2月12日 NJKF2023 west 1st 試合結果
11	R.I.S.E. DEAD OR ALIVE TOURNAMENT '07
11	R.I.S.E. DEAD or ALIVE Tournament '04
11	RISE FIGHT CLUB
11	NEW JAPAN BLOOD 1
11	KINGS KYOTO9〜REVERSAL〜
11	FIGHT CLUB.2
11	KROSS×OVER EXTRA.6＆MUAYTHAI FESTA
11	ラジャダムナンスタジアム
11	戦極 Soul of Fight
11	KICK TO THE FUTURE 3
10	KINGS NAGOYA19
10	RIZIN.16
10	Muay Thai Open 23
10	Muay Thai Open 22
10	KROSS×OVER.26 新宿FACE 1部・2部
10	KINGS KYOTO4〜闘志伝承〜
10	KINGS WEST2〜浪速の乱〜
10	ONE 173
10	KINGS NAGOYA7
10	KINGS NAGOYA6
10	KINGS NAGOYA5
10	STAND FIGHTING NETWORK「K-ING」2017年5月28日名古屋国際会議場イべントホール
10	KINGS NAGOYA
10	REBELS.13
10	KROSS×OVER 11
10	SACRED FORCE presents KNOCK OUT-EX 2021 vol.2
10	KINGS KYOTO10
10	RISE on ABEMA
10	熱風 零七 ～桜井洋平FINAL～
10	熱風 零四
10	KROSS×OVER 10
10	NEW JAPAN BLOOD 3
10	SuperLeague Germany 2003
10	Fighting European Tour
10	WBKF Europe Tournament (+93kg) @ Club Arbat
10	SACRED FORCE presents KNOCK OUT-EX 2021 vol.4 ～BLACK FIGHT～
10	GLORY 13 TOKYO
9	R.I.S.E. FIREBALL 1
9	KROSS×OVER -CAGE.8- GENスポーツパレス大会
9	KINGS NAGOYA15
9	湘南美容クリニック presents RIZIN.34
9	KROSS×OVER.24 -2023 CLIMAX-
9	RISE WEST ZERO｜
9	7月3日 DUEL 24 試合結果
9	KINGS KYOTO2〜英雄凱旋〜
9	ONE SAMURAI 2
9	Tough is Not Enough
9	SuperLeague Apocalypse 2006
9	SuperLeague Hungary
9	SuperLeague Austria 2005
9	NJKF拳之会主催興行23rd ～NJKF2024 west 5th ～
9	3月26日 GODDESS OF VICTORY 試合結果
9	ROAD TO REAL KING 13【Muay Thai Open 9】
9	ROAD TO REAL KING 6
9	KINGS OSAKA6
9	KROSSxOVER.22
9	NKジム／テツジム2部主催興行
9	ムエローク Japan 2009 〜最大最強のムエタイ祭り〜
9	R.I.S.E. G-BAZOOKA TOURNAMENT '05
9	ZーⅢCarnival 必勝シリーズvol.3
9	RISE on ABEMA 2021
9	R.I.S.E. VII
9	THE PATH TO THE WORLD CHAMPION 2011
9	SACRED FORCE presents KNOCK OUT-EX 2022 vol.1
9	KINGS KYOTO11
9	KINGS NAGOYA11
9	RISE WEST.17
9	KINGS KYOTO14
9	BLADE.2 -BLADE FIGTHING CHAMPIONSHIP- BLADE FC JAPAN CUP -55kg
9	WBKF Tournament (+93kg) @ Club Arbat
9	Yogibo presents RIZIN.29
8	RIZIN LANDMARK 8 in SAGA
8	NEW JAPAN BLOOD 10
8	全日本キックボクシング連盟「MOVING」
8	爆発シリーズvol.2
8	Dynamite!! 〜勇気のチカラ2008〜
8	Janus Fight Night 2007
8	Lumpinee Stadium
8	熱風 零弐【Muay Thai Open 11】
8	R.I.S.E. G-BAZOOKA TOURNAMENT '06
8	KAKUMEI KICKBOXING
8	全日本キックボクシング連盟「野良犬電撃作戦」
8	Champions of Champions 2
8	GLORY 11: A Decade of Fights
8	Amsterdam Fight Club
8	SuperLeague Italy 2004
8	NEW JAPAN BLOOD 7
8	交戦シリーズvlo.3
8	全日本キックボクシング連盟「浪漫」 Kick Return Kickboxer of the best 60 Tournament 〜決勝戦〜
8	RISE GIRLS POWER.4
8	RISE GIRLS POWER
8	にゃんこ大戦争 presents KNOCK OUT MX LIVE
8	It's Showtime 2010 Amsterdam
8	REBELS.9
8	STRIKE NEXUS 04
8	全日本キックボクシング連盟
8	KINGS KYOTO7
8	KICK TO THE FUTURE 1
8	ROAD TO REAL KING 3
8	KT Kickboxing Tournament
8	後楽園ホール
8	KROSSxOVER.25
8	KINGS KYOTO８
8	Road to GLORY JAPAN -65kg SLAM
8	タイ
8	一撃 2.22 ICHIGEKI
8	Muay Thai Open 17
8	U-NEXT presents THE KNOCK OUT FIGHTER.7
8	IKUSA GP -U60 SUPERSTAR☆Z TOURNAMENT -FINAL STAGE-
8	絆 Ⅷ
8	熱風 零八【Muay Thai Open 13】
8	RIZIN.43
8	掣圏道 SWAアルティメットボクシング
8	Gentlemen Fight Night
8	European Championships 2004
8	KINGS NAGOYA12
8	FIGHT FOR JAPAN K-1 WORLD MAX 2011 -70kg Japan Tournament FINAL
8	全日本キック
7	ROAD TO REAL KING 14
7	必勝シリーズFINAL
7	RIZIN LANDMARK 9 in KOBE
7	DUEL.7
7	K-1甲子園 KING OF UNDER 18 〜FINAL16〜
7	全日本キックボクシング連盟「New Year Kick Festival 2008」
7	THAI FIGHT EXTREME JAPAN
7	IT'S SHOWTIME（K-1 WORLD GP 2008 IN AMSTERDAM）
7	Janus Fight Night 2006
7	KROSS×OVER.22
7	マーシャルアーツ日本キックボクシング連盟
7	全日本キックボクシング連盟「GOLDEN TRIGGER」
7	MAGNUM41☆試合結果速報
7	Hoost Cup KINGS KYOTO 〜MAMIYA祭り！意志を継ぐ者へ〜
7	武林風 2014
7	KINGS NAGOYA9
7	12月8日 DUEL.32 試合結果
7	SuperLeague Switzerland 2004
7	KINGS NAGOYA14
7	Z-Ⅳ Carnival YOUNG FIGHT 喝采シリーズvol.4
7	RIZIN.41
7	12月14日(日) WORLD ROAD 試合結果
7	KROSS×OVER.24 -2023 CLIMAX
7	RISE WEST.14
7	R.I.S.E. DEAD OR ALIVE TOURNAMENT '05
7	Balans Fight Night
7	STRIKE NEXUS 05
7	CENTRAL KICK Vol.1
7	BLADE 1-BLADE FIGHTING CHAMPIONSHIP-BLADE FC JAPAN -61kg
7	Muay Thai Open 19
7	Muay Thai Open 18
7	熱風 拾
7	ROAD TO REAL KING 11
7	KINGS NAGOYA16
7	Muay Thai Open 20
7	It's Showtime 2009 Amsterdam
7	SuperLeague Netherlands 2004
7	8月11日 絆 XIV 試合結果
7	RIZIN LANDMARK 11 in SAPPORO
7	10月13日 DUEL.31 試合結果
7	西日本豪雨被害チャリティーHOOST CUP KINGS EHIME〜四国合戦〜
7	KINGS NAGOYA10
7	KINGS KYOTO12
7	K-2 GRAND PRIX '93
7	KING OF KNOCK OUT 2018
7	DUEL.17
7	RWS
7	DUEL.18
7	全日本キックボクシング連盟「Brandnew Fight」
7	KROSS×OVER.27
7	11月30日(日) Challnger11 試合結果
7	REBELS.10
7	SuperLeague Austria
7	GLORY 8 TOKYO
7	MA日本キックボクシング連盟
7	第一回国際親善大会KICK BOXING WORLD CUP in JAPAN/TOKYO
7	16th World Kickboxing Championships
7	必勝シリーズvol.6
7	REBELS.15
6	爆発シリーズvol.1
6	冠鷲シリーズvol.2
6	絆 Ⅱ
6	RIZIN.21
6	KINGS KYOTO3
6	全日本キックボクシング連盟「REARM」
6	全日本キックボクシング連盟「Departure 〜野良犬FINAL〜」
6	KROSS×OVER CAGE.5 KICK・MMA PART
6	RWEDDINGS presents RIZIN.12
6	K-1甲子園 〜FINAL 16
6	全日本キックボクシング連盟「Road to 70's」
6	全日本キックボクシング連盟「Super Fight 2007」
6	REBELS.8 & IT’S SHOWTIME JAPAN countdown-1
6	Muay Thai Open 14
6	ROAD TO REAL KING 15【Muay Thai Open 10】
6	10月16日 DUEL.25 試合結果
6	全日本キックボクシング連盟「全日本ライト級最強決定トーナメント2004 FINAL STAGE」
6	全日本キックボクシング連盟「Wilderness」
6	全日本キックボクシング連盟「KICK OUT」
6	NEXUS MANIA 2024
6	KROSS×OVER 4
6	KROSS×OVER 3
6	It's Showtime presents: Fights at the Border
6	KO World Series
6	Gentleman Fight Night IV
6	2 Hot 2 Handle
6	SuperLeague Germany 2004
6	【KROSS×OVER-EXTRA.7】試合結果&レポート
6	D.ダイバー presents THE KNOCK OUT FIGHTER
6	XPLOSION SUPER FIGHT 2004 〜K-1 CHALLENGE〜
6	BORDERKICKBOXING
6	Night of Thunderman 3
6	KINGS KYOTO15
6	熱風 零参
6	熱風 零壱
6	8/8 Stand upプロフェッショナルvol.3
6	NJKF川崎、初見参！5大タイトルマッチ！
6	R.I.S.E. 46 〜THE KING OF GLADIATORs '08〜
6	R.I.S.E. FLASH to CRUSH TOURNAMENT '06
6	Dynamite!! 〜勇気のチカラ2009〜
6	全日本キックボクシング連盟「WAVE-XIII」
6	RISE GIRLS POWER.2
6	Local Kombat 31
6	Iron Challenge
6	Yogibo presents RIZIN.25
6	R.I.S.E. 48 〜THE KING OF GLADIATORs '08〜
6	REBELS.60
6	REBELS.18
6	SuperLeague Portugal
6	4月24日 絆・XIII 試合結果
6	RIZIN.19
6	RDF Dodge Trophy
6	KROSS×OVER -EXTRA.2-＆Level-G zero
6	REBELS.65
6	4月21日 NJKF2024 west 2nd 試合結果
6	KICK TO THE FUTURE 4
6	DUEL.12
6	全日本キックボクシング連盟「STRAIGHT」
6	全日本キックボクシング連盟「Fire Wire」
6	Tournament "Cup of Gold Bars" (over 91 kg)
6	爆発シリーズvol.5
6	DREAM.18 & GLORY 4
6	Muay Thai Open 26
6	HOOST CUP KINGS KYOTO 11
6	TITANS NEOS 20 2016・9・18（日）後楽園ホール
6	REBELS.6
6	IGOSSO REBORN 2014
6	全日本キックボクシング連盟「New Year Kick Festival 2006」
6	全日本キックボクシング連盟「全日本ライト級最強決定トーナメント 〜決勝戦〜」
6	全日本キックボクシング連盟「全日本ライト級最強決定トーナメント」
6	全日本キックボクシング連盟「DEAD HEAT」
6	RISE Fight Party
6	4th Busan TAFISA World Games
6	9月3日 NJKF2023 west 4th 試合結果
6	絆 Ⅶ
6	K.O CLIMAX 2019 SUMMER KICK FEVER
6	REBELS.46
6	全日本キックボクシング連盟「Spring Storm」
6	RIZIN.50
6	野獣シリーズFINAL
6	IFMA World Championship
6	全日本キックボクシング連盟「LEGEND-X」
6	全日本キックボクシング連盟「LEGEND-VIII」
6	RISE WEST.16
6	M-1 FAIRTEX SINGHA BEER ムエタイチャレンジ 2009 Yod Nak Suu vol.2
6	JAPAN KICKBOXING INNOVATION 認定 第8回 岡山ジム主催興行
6	MA日本キック
6	KROSS×OVER -EXTRA.3-
6	KROSS×OVER 21
6	Arbat
5	全日本キックボクシング連盟「CROSS FIRE-II」
5	Wolf Revolution 〜Second Wave〜
5	SACRED FORCE presents KNOCK OUT-EX 2021 vol.3 ～RED FIGHT～
5	必勝シリーズvol.2
5	全日本キックボクシング連盟「Fujiwara Festival 〜藤原祭り2008〜」
5	全日本キックボクシング連盟「Reverse×Rebirth」
5	Survivor 〜Round.2〜
5	全日本キックボクシング連盟「New Year Kick Festival 2009」
5	SUPER MUAY
5	Oktagon presents: It's Showtime 2009
5	拳心館主催興行 喝采シリーズvol.5
5	ONE 172: 武尊 VS ロッタン
5	ONE Friday Fights 81: Superbon vs. Nattawut
5	全日本キックボクシング連盟「NEVER GIVE UP」
5	マーシャルアーツ日本キックボクシング連盟「MILLENNIUM CHAMPION CARNIVAL」
5	KICK Insist12
5	K.O CLIMAX 2019
5	喝采シリーズvol.1
5	KROSS×OVER 2
5	2H2H
5	It's Showtime（K-1 WORLD GP 2006 in AMSTERDAM）
5	KICK Insist17
5	全日本キックボクシング連盟「野良犬電撃作戦2009」
5	拳心館主催興行 野獣シリーズvol.4
5	DUEL.10
5	RISE WEST.15
5	S-BATTLE NEXT HEROS 2025
5	全日本キックボクシング連盟「New Year Kick Festival 2007」
5	全日本キックボクシング連盟「SWORD FIGHT 2006」
5	Road to KING３
5	全日本キックボクシング連盟「New Deal」
5	entryBody">TITANS NEOS 25
5	Fujiwara Festival 〜藤原祭り2010〜
5	M-1 RAJA BOXING SINGHA BEER ムエタイチャレンジ「NAI KANOMTOM vol.2」
5	全日本キックボクシング連盟「Fujiwara Festival 〜藤原祭り2004〜」
5	Kushima's Fight 7 拳神伝 〜プロキックボクシングトーナメント〜
5	REBELS.14
5	ミネルヴァ
5	Fights at the Border IV
5	Mugendo World Grand Prix
5	R.I.S.E. -β- "L7"
5	R.I.S.E. FLASH to CRUSH TOURNAMENT '07
5	5月15日 岡山 NJKF2022 west 2nd 試合結果
5	STRIKE NEXUS 06
5	Fighting NEXUS Strike up vol.0
5	野獣シリーズvol.2
5	喝釆シリーズFINAL
5	一撃 8.10 ICHIGEKI
5	KROSS×OVER-CAGE.2-
5	Local Kombat 30
5	Local Kombat 28
5	STRIKE NEXUS 03
5	KINGS OSAKA5
5	Road to GLORY JAPAN
5	ニュージャパンキックボクシング連盟「START OF NEW LEGEND XIII 〜新しい伝説の始まり〜」
5	IT’S SHOWTIME JAPAN countdown-2
5	BOM-ouroboros 2021-
5	KROSS×OVER 1
5	ジャパンキックボクシング協会 プレ旗揚げ戦 ＫＩＣＫ ＯＲＩGＩＮ
5	CHAKURIKI 15 帰ってきた藤原祭
5	絆 Ⅹ
5	NEW JAPAN BLOOD 6
5	Noc Bojovnikov 5
5	Heaven or Hell 5
5	ミネルヴァ：GODDESS OF VICTORY
5	Masters Fight Night
5	ラジャダムナン
5	ROAD TO REAL KING 5【Muay Thai Open 7】
5	4月24日 岡山NJKF拳之会主催興行16th～ NJKF2021 west 2nd ～結果＆レポート
5	DUEL.11
5	KROSS×OVER 5
5	K-2 France Grand Prix 1995
5	KROSS×OVER-EXTRA.4-
5	大阪府立第2体育館
5	全日本キックボクシング連盟「Kick On!」
5	11月13日 NJKF2022 4th 試合結果
5	NJKF王者たちよ。俺か？おまえ達か？”真の主役”は誰だ？！
5	絆 Ⅺ
5	ルンピニスタジアム
5	GOAT
5	3A-LIFE presents RISE121
5	オーストラリア
5	KROSS×OVER-CAGE.3
5	KROSS×OVER -CAGE- GENスポーツパレス大会
5	全日本キックボクシング連盟「KNOCK DOWN」
5	DUEL.15
5	ONE Friday Fights 138
5	全日本キックボクシング連盟「浪漫」 Kick Return Kickboxer of the best 60 Tournament 〜開幕戦〜
5	IKUSA GP -U60 SUPERSTAR☆Z TOURNAMENT -Opening Stage-
5	全日本キックボクシング連盟「RUSH!」
5	全日本キックボクシング連盟「全日本ライト級最強決定トーナメント2004 1st STAGE」
5	全日本キックボクシング連盟「HURRICANE BLOW」
5	ONE Friday Fights 59
5	M-1
5	ROAD TO REAL KING 8【Muay Thai Open 8】
5	REBELS.61
5	REBELS.38
5	REBELS.23
5	REBELS.11
5	ONE Friday Fights 53
5	KINGS KYOTO6
5	熱風 零九 Part1
5	Yogibo presents RIZIN.24
5	R.I.S.E. XII
5	全日本キックボクシング連盟「The Championship」
5	全日本キックボクシング連盟「BACK FROM HELL-II」
5	RIZIN.27
5	12月6日 NJKF2020 west Young Fight 試合結果
5	スイス
5	第9回岡山ジム主催興行 岡山ジム創設50周年記念大会
5	WKN Simply the best
5	R.I.S.E. VI
5	SuperLeague Austria 2003
5	シュートボクシング・ガールズトーナメント Girls S-cup2011
4	一撃 5.30 ICHIGEKI
4	全日本キックボクシング連盟「BLAZE UP」
4	ONE Friday Fights 144
4	スッグ・フェアテックス
4	全日本キックボクシング連盟「初代全日本スーパーウェルター級王座決定トーナメント 〜決勝戦〜」
4	全日本キックボクシング連盟「HARD BLOW」
4	DUEL.14
4	GOOD SPEED presents RIZIN.18
4	全日本キックボクシング連盟「CROSSOVER-2」
4	BOM 40
4	英雄伝説 2015 （HERO LEGENDS）
4	全日本キックボクシング連盟「SURVIVOR」
4	11月7日 NJKF2021 4th 試合結果
4	REBELS.69
4	必勝シリーズvol.1
4	Hero Legends
4	Muay Thai: World Title Fight
4	R.I.S.E. The Law of The Ring（リングの掟）〜日本 vs 世界〜
4	全日本キックボクシング連盟「青春塾祭り 〜Naokick's〜」
4	Ring of Honor
4	War of the Worlds
4	11月31日 DUEL.22 試合結果
4	RIZIN.20
4	SLAMM - Netherland vs Thailand III
4	KICK Insist10
4	WLF ワールド・チャンピオンシップ 2015
4	KINGS NAGOYA8
4	ONE Friday Fights 92
4	児童福祉チャリティ TITANS 1st 2004年チャンピオンシリーズ 〜新日本キックボクシング＆K-1ファイターズ参戦〜
4	SPASHAN HPS presents RIZIN TRIGGER 2nd
4	XPLOSION SUPER FIGHT 12
4	大和開発 presents RIZIN LANDMARK 13 in FUKUOKA
4	ROAD TO REAL KING 9
4	谷山ジム「ビッグバン・統一への道 其の四」
4	X-FIGHT
4	和書
4	全日本キックボクシング連盟「Triumph」
4	全日本キックボクシング連盟「SWORD FIGHT」
4	2H2H - Simply The Best
4	ONE Fight Night 13: Allazov vs. Grigorian
4	ONE X
4	XPLOSION SUPER FIGHT 19
4	日韓親善国際格闘技大会 GLADIATOR
4	ONE Friday Fights 100
4	M-1 FAIRTEX SINGHA BEER ムエタイチャレンジ 2009 Yod Nak Suu vol.4
4	TNK1 feat.REBELS
4	冠鷲シリーズvol.1
4	REBELS.67
4	R.I.S.E. 49 〜RISING ROOKIES CUP〜
4	R.I.S.E. XXV
4	Local Kombat 19
4	Fighting NEXUS – SUBLIME GUYS FIGHT in KAWAGOE 2023
4	W.O.K.A. Super Welterweight World Title Fight
4	REBELS.43
4	R.I.S.E. XVII
4	R.I.S.E. IX
4	ニュージャパンキックボクシング連盟「START OF NEW LEGEND IX 〜新しい伝説の始まり〜」
4	スーパービッグバン2020
4	REBELS.57
4	REBELS.25 a.k.a. INNOVATION’s day
4	KICK TO THE FUTURE 8
4	It's Showtime 2009 Budapest
4	3月31日 絆XV 試合結果
4	絆
4	Girls S-cup2016 ～七夕ジョシカク祭り～
4	Kunlun Fight
4	SuperKombat: Fight Club
4	NOC BOJOVNIKOV 4
4	ニュージャパンキックボクシング連盟「START OF NEW LEGEND XI 〜新しい伝説の始まり〜」
4	ニュージャパンキックボクシング連盟「ADVANCE II 〜前進〜」
4	ニュージャパンキックボクシング連盟「INFINITE CHALLENGE X 〜無限の挑戦〜」
4	Yogibo presents RIZIN.32
4	A-1 World Combat Cup
4	La nuit des super fights
4	SLAMM - Netherland vs Thailand IV
4	REBELS 3
4	Toyota Marathon
4	DUEL.9
4	J-NET
4	SUK WAN KINGTHONG advance
4	MAX MUAYTHAI WORLD CHAMPION 2013 JAPAN
4	Bishkek, kyrgyzstan, Stadium "Spartacus"
4	名古屋市公会堂
4	RIZIN.12
4	ONE Friday Fights 84
4	Ultimate Glory 2010-2011 First Round
4	RIZIN.42
4	ONE Friday Fights 86
4	全日本キックボクシング連盟「70's」
4	ニュージャパンキックボクシング連盟「ADVANCE IV 〜前進〜」
4	鐡人シリーズvol.2
4	冠鷲シリーズFINAL
4	MARS 11 "2nd ANNIVERSARY"
4	Judgement Day II Super 8
4	フランス
4	エバレット (ワシントン州)
4	6月4日 NJKF2023 3rd 試合結果
4	NO KICK,NO LIFE 2015
4	GLORY93
4	Planet Battle
4	1月26日 DUEL.20 試合結果
4	RISING SUN
4	DUEL.13
4	ONE Friday Fights 56
4	REBELS.7
4	一撃 1.11 ICHIGEKI
4	ONE Friday Fights 30
4	全日本キックボクシング連盟「SWORD FIGHT 2008 〜日本VSタイ5対5マッチ〜」
4	全日本キックボクシング連盟「Fujiwara Festival 〜藤原祭り〜」
4	全日本キックボクシング連盟「KICK ENERGY」
4	2月26日 NJKF2023 1st 試合結果
4	DUEL.2
4	Suk Wanchai MuayThai Super Fight
4	Muay Thai Open 24
4	REBELS.8 × IT'S SHOWTIME JAPAN countdown-1
4	KROSS×OVER.31
4	QP PRESENTS HOOST CUP KINGS KYOTO8
4	湘南美容クリニック presents RIZIN.39
4	La Nuit des Champions
4	M-1 FAIRTEX SINGHA BEER ムエタイチャレンジ「Legend of elbows 2008 〜JAO SUU〜」
4	全日本キックボクシング連盟「Fight Must Go On」
4	全日本キックボクシング連盟「SUPER FIGHT 〜日本VS世界・5対5マッチ〜」
4	全日本キックボクシング連盟「SCRAMBLE」
4	マーシャルアーツ日本キックボクシング連盟「SPIRIT」
4	タイ・オムノーイスタジアム
4	Cygames presents RIZIN 平成最後のやれんのか！
4	ONE Friday Fights 151
4	REBELS.54
4	KUNLUN FIGHT 49×REBELS.45
4	ZONE×REAL 第二章 第1部 ZONE 2
4	REBELS.58
4	REBELS.41
4	REBELS.31
4	DEEP HAMAMATSU IMPACT 2023
4	絆 Ⅳ
4	爆発シリーズvol.3
4	RKSゴールドラッシュ13
4	Survivor Round.1
4	戦士 SENSHI 17
4	Muay Thai World Championships 2007
4	GLORY 11 Chicago
4	RISE NORTH
4	HOOST CUP KINGS NAGOYA 10～NAGOYAチャンピオンカーニバル～
4	全日本キックボクシング連盟「LEGEND-IV」
4	It's Showtime 2010 Amsterdam II
4	LiR&meravi化粧品 presents KICK Insist 19 KUNIMASA NAGAE MEMORIAL
4	MTGP Impact in Paris
4	全日本キックボクシング連盟「全日本ライト級最強決定トーナメント2004 2nd.STAGE」
4	戦場23
4	Kickboxing Tournament Prague 1997
4	La Finale du Grand Tournoi
4	武林風550
4	Light Heavyweight Super 8
4	BOUT46
4	HEAT 48
4	Ufa
4	RIZIN.34
4	12月5日 NJKF2021 west 京都大会〜ワイルドウエスト〜試合結果
4	WFCA
4	IFMA World Muay Thai Championships
4	NJKF西日本 YOUNG FIGHT 2nd
4	NO KICK NO LIFE 新章～唯我独尊～
4	RIZIN LANDMARK 14 in SENDAI
4	IFMA Muay Thai World Championships 2004
4	EUROPEAN KICKBOXING CHAMPIONSHIPS
4	必勝シリーズvol.4
4	英雄伝説
4	ROAD TO KNOCK OUT.1
4	R.I.S.E. XVIII
4	RWS JAPAN
4	16th WORLDKICKBOXING CHAMPIONSHIPS
4	BARS - Cup of Arbat Final (+94 KG)
3	マーシャルアーツ日本キックボクシング連盟「EXPLOSION-3 〜挑戦者決定戦最終章〜」
3	WOLF REVOLUTION 〜First Wave〜
3	RIZIN.15
3	鐡人シリーズvol.1
3	KICK Insist２５
3	喝釆シリーズvol.2
3	NO KICK NO LIFE 新章 ～唯我独尊～
3	ニュージャパンキックボクシング連盟「START OF NEW LEGEND 〜新伝説の始まり〜 Start Me Up!!」
3	全日本キックボクシング連盟「Fujiwara Festival 〜藤原祭り2006〜」
3	DEEP HAMAMATSU IMPACT 2026 1ST ROUND
3	絆 Ⅻ
3	First Strike
3	Fists of Fury
3	Wu Lin Feng
3	GLORY 3 ROMEGLORY WORLD SERIES 2012 70kg Slam Tournament FINAL 8
3	HOOST CUP KINGS KYOTO15
3	MA日本キック JAPAN CUP KICK 10
3	ONE Friday Fights 96
3	HEAT 5
3	全日本キックボクシング連盟「Fighting Base-2」
3	IT'S SHOWTIME OKTAGON
3	全日本キックボクシング連盟「RED ZONE」
3	ReBOOT～K-1 ReBIRTH～
3	S-BATTLE 2024 NEXT HEROS
3	S-BATTLE 2021 冬の陣
3	新日本キック「MAGNUM 54」
3	ONE Friday Fights 155
3	ONE Friday Fights 148
3	ONE Friday Fights 140
3	Glory 9: New York - 95 kg Slam Tournament
3	It's Showtime 2012 in Leeuwarden
3	Rings Gala
3	A-1 Combat League
3	BUSHIDO Europe - ROTTERDAM RUMBLE
3	KICK Insist1６
3	KICK Insist11
3	武林風 2015
3	武林風 2013
3	NAGOYAKICK 〜BoogieFight07 Black Sunday〜
3	HEAT 6
3	Dynamite! SUMMER NIGHT FEVER in 国立
3	RETURN OF GLADIATORS
3	Janus Fight Night
3	Return of the King 2
3	Angels of Fire II
3	【 KROSS×OVER CAGE.9】
3	S1世界選手権
3	タイ国国王誕生記念大会
3	タイ国王生誕記念大会
3	Lord of Ring
3	SSSR Championship
3	RIZIN男祭り
3	RIZIN DECADE 雷神番外地
3	MAX FC
3	KINGS NAGOYA13
3	RIZIN.37
3	RISE WEST.12
3	静岡KICK vol.10
3	RESISTANCE-20
3	MuayThaiOpen 48
3	M-1 FAIRTEX SINGHA BEER ムエタイチャレンジ2009 Yod Nak Suu vol.3
3	M-1「120th ANNIVERSARY OF JAPAN-THAILAND」
3	ニュージャパンキックボクシング連盟「FIGHTING EVOLUTION VI 〜進化する戦い〜」
3	マーシャルアーツ日本キックボクシング連盟「SUPREME-1 〜最高のキック〜」
3	ニュージャパンキックボクシング連盟「VORTEX II 〜旋風〜」
3	K-2 PLUS TOURNAMENT
3	K-2 GRAND PRIX ’93
3	The Battle of the Year
3	Road to KING4
3	REBELS-EX
3	KROSS×OVER.25
3	ONE Friday Fights 58: Superbon vs. Grigorian II
3	GLORY 15
3	XPLOSION SUPER FIGHT 17
3	XPLOSION SUPER FIGHT 16
3	Yogibo presents RIZIN.27
3	M-1 FAIRTEX SINGHA BEER ムエタイチャレンジ「Legend of elbows 2008 〜CRASH〜」
3	マーシャルアーツ日本キックボクシング連盟「東金ジム炎の7番勝負」
3	谷山ジム「ビッグバン・統一への道 其の五」
3	M-1 FAIRTEX SINGHA BEER ムエタイチャレンジ「Legend of elbows 2008 〜MIND〜」
3	M-ONE 2018 FINAL
3	M-FIGHT The Battle Of Muaythai IV
3	M-FIGHT ムエローク2013 -2nd-
3	ムエローク2013 -1st-
3	THE BEST OF THE BEST
3	REBELS.62
3	BOM WAVE08 -Get Over The COVID-19-
3	Gala Gym Alkmaar
3	Fight At The Border 1
3	第9回 KODO -魂動-
3	Ring Sensation
3	NO KICK NO LIFE 2016
3	R.I.S.E. XXXV
3	STRIKE NEXUS 07
3	Fighting NEXUS“SUBLIME GUYS FIGHT in KAWAGOE 2022”
3	TREASURE HUNT Ⅲ
3	鐡人シリーズvol.3
3	Challenger5
3	INOKI BOM-BA-YE 2002
3	RIZIN LANDMARK 12 in KOBE
3	Wolf Revolution 〜Third Wave〜
3	全日本キックボクシング連盟「WAVE-II」
3	Local Kombat 33
3	Local Kombat 32
3	Local Kombat 29
3	Local Kombat 24
3	STRIKE NEXUS 01
3	MAキック
3	Kickboxing Superstar XIX
3	A-1 World Combat Cup Tournament
3	HOOST CUP KINGS KYOTO13
3	HOOST CUP KINGS NAGOYA13〜REBORN（再生）〜
3	RIZIN TRIGGER 1st
3	R.I.S.E. MIGHTY EIGHTY TOURNAMENT '06
3	The KHAN 3
3	The Khan 2
3	マーシャルアーツ日本キックボクシング連盟「ADVANCE.1」
3	マーシャルアーツ日本キックボクシング連盟「FINAL EXPLOSION 〜全階級タイトルマッチ〜」
3	全日本キックボクシング連盟「SWORD FIGHT 〜日本 VS タイ・5対5マッチ〜」
3	Gentleman Fight Night
3	Night of Revenge
3	Lokal Kombat 18
3	It's Showtime Trophy FinalRound
3	It's Showtime 8
3	ONE Friday Fights 73
3	ニュージャパンキックボクシング連盟「ADVANCE X 〜前進〜 真王杯決勝戦」
3	Nuit des Champions
3	HIGH SPEED 6 feat.REBELS
3	HIGH SPEED 4
3	DEMOLITION 11
3	WOLF REVOLUTION
3	ニュージャパンキックボクシング連盟「VORTEX I 〜旋風〜」
3	ニュージャパンキックボクシング連盟「DREAM RUSH 6」
3	ニュージャパンキックボクシング連盟「DREAM RUSH 4」
3	洄瀾勇士4 PUNCHUP X RISE 台日交流戦
3	RISE GIRLS POWER 2
3	Muay Thai Warriors
3	Toyota Vigo Marathon Tournament
3	HOOST CUP KINGS～王者たちの饗宴～
3	M-1ムエタイチャレンジ RAORAK MUAY FINAL
3	Toyota Cup 2010 Tournament
3	JAPAN KICKBOXING INNOVATION 認定 第6回岡山ジム主催興行
3	タイ・ラジャダムナンスタジアム
3	タイ・バンコク国立競技場
3	スックワンキントーン decisive battle
3	谷山ジム「ビッグバン・統一への道 其の八」
3	東京後楽園ホール
3	SuperKombat World Grand Prix I 2012
3	VIP Fight Night 2009
3	RIZIN.17
3	REBELS.37
3	RISE GIRLS POWER.3
3	村上祭 VOL.2
3	STRIKE NEXUS 02
3	ZIHAD cup STIR KING 2011
3	Fujiwara Festival 〜藤原祭り2009〜
3	全日本キックボクシング連盟「ALL or NOTHING」
3	全日本キックボクシング連盟「CUB☆KICK'S-5」
3	全日本キックボクシング連盟「Solid Fist」
3	KPKB vol.8
3	DUEL.1
3	野獣シリーズvol.6
3	野獣シリーズvol.3
3	K-1甲子園2008 中部地区代表決定戦
3	燃えろドラゴン! その壱
3	マーシャルアーツ日本キックボクシング連盟「士道館新春正月興行 BREAKDOWN-1」
3	第10回岡山ジム主催興行
3	スックワンキントーン Aggressive
3	ラスベガス
3	全日本キックボクシング連盟「GIRLS STANDING FIGHT - Girls SHOCK II」
3	ランシット・インターナショナル・スタジアム
3	R.I.S.E. XXVI
3	R.I.S.E.
3	HEAT 49
3	WPMF JAPAN×REBELS SUK WEERASAKRECK FAIRTEX
3	Glory Collision 8
3	GLORY COLLISION 4
3	Kings Birthday 2010
3	ギニア Muaythai Tournament
3	スッグ・ペットインディー
3	スッグ・フェアテック
3	スッグ・ムエタイルンピニーゲリッククライ
3	全日本キックボクシング連盟「VANGUARD」
3	全日本キックボクシング連盟「BULLET」
3	全日本キックボクシング連盟「BE WILD」
3	KING OF OCEANIA Round1
3	KPKB vol.22
3	MuayThaiOpen 34
3	Kunlun Fight 62
3	Rajadumnern Stadium
3	D4D Toyota Cup
3	It's Showtime.T FinalRound
3	BARS - Cup of Arbat Semifinals
3	BARS - Cup of Arbat Quarterfinals
3	全日本キックボクシング連盟「全日本ライト級最強決定トーナメント2004 2nd STAGE」
3	TOP Presents RIZIN.1
3	DUEL.5
3	絆 Ⅴ
3	DUEL.3
3	GENOME 21
3	NAGOYA KICK ～BE-BOP!!～
3	ニュージャパンキックボクシング連盟「Millennium Wars 1」
3	湘南美容クリニック presents RIZIN.36
3	IFMA European Amateur Muaythai championships
3	KING OF SOUL vol.4
3	BOM– ouroboros 2021 –
3	全日本キックボクシング連盟「CUB☆KICK'S-7」
3	BLADE1
3	Max Muay Thai
3	HEAT 57
3	R.I.S.E. -γ- "R.O.C"
3	全日本キックボクシング連盟「Spear of Destiny」
3	HOOST CUP KINGS KYOTO6
3	ROAD TO REAL KING 10【GO FOR BROKE】
3	Glory 100
3	ONE Friday Fights 123
3	ONE Friday Fights 82
3	REBELS.55
3	ZONE4『原点回帰』
3	PANCRASE REBELS RING.1 NIGHT
3	MuayThaiOpen33 ＆ Lumpinee Boxing Stadium of Japan
3	REBELS.33
3	KROSS×OVER-CAGE.7
3	KING OF KNOCK OUT 2018 両国国技館
3	Suk Wanchai MuayThai Super Fight vol.4
3	全日本キックボクシング連盟「CUB☆KICK'S-9」
3	European Amateur Muay Thai Championships
3	Local Kombat 27
3	ONE Friday Fights 145
3	HOOST CUP KINGS NAGOYA18
3	超S-BATTLE 2023
3	NEW JAPAN BLOOD 9
3	BEAST 03
3	絆 Ⅲ
3	ACCEL 42
3	QP PRESENTS HOOST CUP KINGS KYOTO9〜REVERSAL〜
3	K-3 オランダ
3	ONE Friday Fights 68
3	CHAKURIKI 16 白鷺祭
3	HOOST CUP KINGS KYOTO10
3	European Kickboxing Championships
3	Cro Cop Final Fight
3	It's Showtime 2010 Prague
3	Local Kombat 21
3	BUNGELING BAY 縁 〜enishi〜
3	HOOST CUP KINGS NAGOYA 14
3	HOOST CUP KINGS KYOTO 10
3	R.I.S.E. XXXI
3	全日本キックボクシング連盟「CROSSOVER」
3	全日本キックボクシング連盟「LEGEND-II」
3	Time For Action presents Team SuperPro 10 Year Anniversary
3	Rings Holland - Risky Business
3	GLORY 89
3	全日本キックボクシング連盟「SUPER FIGHT -LIGHTNING-」
3	KICK Insist１８
3	RIZIN.13
3	Kunlun Fight 74
3	R.I.S.E. XXVIII
3	ニュージャパンキックボクシング連盟「FIGHTING EVOLUTION III 〜進化する戦い〜」
3	United Glory 14: 2010-2011 World Series Finals
3	全日本キックボクシング連盟「YOUNG GUN」
3	KROSS×OVER19
3	M-1 RAJA BOXING SINGHA BEER ムエタイチャレンジ「NAI KANOMTOM vol.3」
3	Girls SHOCK V
3	GIRLS STANDING FIGHT - Girls SHOCK IV
3	藤原祭
3	REBELS.26 ～the duel～
3	WLF 2018 武林風 世界拳王争覇戦 in 温県
3	S-BATTLE 2022 冬の陣
3	African Bomba-Yaa
3	ONE Friday Fights 149
3	Fighters Gate-4 ～夢の扉を開けろ～
3	FUTURE FIGHTER IKUSA 4 〜宴〜 FIREWORKS
3	FUTURE FIGHTER IKUSA 3 〜特攻〜 BROKEN ARROW
3	ニュージャパンキックボクシング連盟「ROAD TO REAL KING I」
3	ニュージャパンキックボクシング連盟「INFINITE CHALLENGE VII 〜無限の挑戦〜」
3	ニュージャパンキックボクシング連盟「INFINITE CHALLENGE IV 〜無限の挑戦〜」
3	ニュージャパンキックボクシング連盟「INFINITE CHALLENGE I 〜無限の挑戦〜」
3	ニュージャパンキックボクシング連盟「DREAM RUSH 2」
3	KICKBOXING ZONE
3	ONE Fight Night 8: Superlek vs. Williams
3	Last Man Standing 2, semi final
3	R.I.S.E. Dead or Alive Tournament
3	HIGHSPEED EX
3	REBELS.21
3	JAPAN KICKBOXING INNOVATION 認定 第7回岡山ジム主催興行
3	タイ国　ラジャダムナン・スタジアム
3	IKUSA
3	全日本キックボクシング連盟「LEGEND-III」
3	M-1 FAIRTEX SINGHA BEER ムエタイチャレンジ Legend of Elbows 2008 〜YOD MUAY〜
3	ROAD TO REAL KING 12【GO FOR BROKE】
3	KOMA GP
3	Knees of Fury 10 WMC World Heavyweight GP
3	MA日本キック KING COMBAT-2002 - KICK BOXING 60kg TOURNAMENT 日本最強決定戦
3	Nacht der 8 in Berlin Treptow
3	King of the Ring in Cottbus
3	Fight Night Saint-Tropez II
3	NIGHT OF THE STARS
3	Local Kombat 16
3	Extreme Fighters
3	HOOST CUP KINGS KYOTO11
3	Thai Boxe Mania
3	It's Showtime "Fast & Furious 70 MAX"トーナメント
3	WMC-IFMA World Muay Thai Championships
3	Mix Fight Gala　11
3	KOK World GP 2010 in Moscow
3	W5 Grand Prix Heavyweight tournament
3	Nuit Des Champions
3	-
3	HOOST CUP KINGS NAGOYA 12
3	INNOVATION「第6回岡山ジム主催興行」
3	ONE Fight Night 26
3	The Challenger 中国
3	Time for Action
3	Fight Night Veghel
3	Arbat - WBKF Europe Tournament
3	HOOST CUP
3	Janus Fight Night 2005
3	GLORY Heavyweight Grand Prix
3	ISKA Championship Kickboxing
3	REBELS.3
3	全日本キックボクシング連盟「70's 全日本キック中量級最強決定トーナメント 〜開幕戦〜」
3	Akhmat Fight Show
3	Battle of Arnhem III
3	全日本キックボクシング連盟「LEGEND-VII」
3	BARS - Cup of Arbat Semifinals (+94 KG)
3	S-1 European Elimination
3	全日本キックボクシング連盟「EVOLUTION」
3	Rajadamnern Stadium
3	GLORY 8 TOKYO -65kg Slam
3	REBELS.59
3	WMC I-1 World Muaythai Grand Prix 2016
3	英雄伝説 2012アジア65㎏級チャンピオントーナメント
3	MUAYTHAI SUPER CHAMP
2	全日本キックボクシング連盟「ALL JAPAN KICKBOXING 15th ANNIVERSARY SPECIAL BOUT -CRUSH-」
2	OKTAGON
2	TREASURE HUNT Ⅰ
2	M-1 FAIRTEX ムエタイチャレンジ2009 Yod Nak Suu vol.1
2	M-1 FAIRTEX フレッシュマンズ in 大森
2	全日本キックボクシング連盟「STACK OF ARMS」
2	TRIAL LEAGUE.2
2	全日本キックボクシング連盟「浪漫」Kickboxer of the best 60 Tournament 〜決勝戦〜
2	KODO 11
2	英雄伝説 2016
2	MuayThaiOpen 30
2	交戦シリーズvlo.2
2	PetrosyanMania: Gold Edition
2	Petrosyan Mania
2	Fight Code
2	Fight Code: Dragon Series Round 2
2	Campionato Mondiale Thai Boxe
2	Janus Fight Night "The Legend"
2	Gentleman Promotions Fightnight
2	King of Kings
2	Rings Kickboxing Gala
2	Italian Extreme IV tournament
2	RKS GOLD RUSH XVII
2	HOOST CUP KINGS OSAKA6～BURNNING ! OSAKA～
2	拳心館主催興行 必勝シリーズvol.5
2	The Kakidamishi 1
2	World Martial Arts Challenge
2	Kickboxing Prestige Fight
2	PROFESSIONAL SHOOTO 2024 vol.6 in OSAKA
2	MARS WORLD FIGHTING GP in 幕張
2	全日本キックボクシング連盟「小林聡プロデュース 野良犬電撃作戦」
2	全日本キックボクシング連盟「CUB☆KICK'S-8」
2	全日本キックボクシング連盟「Rock'n Roll☆U5 FIGHT☆Hill it!」
2	マーシャルアーツ日本キックボクシング連盟「DETERMINATION (決心) 7th 〜梶原一騎19回忌追悼記念 第8回梶原一騎杯 キックガッツ2005〜」
2	マーシャルアーツ日本キックボクシング連盟「SUPREME-7 CHAMPION CARNIVAL 〜7階級タイトルマッチ〜」
2	マーシャルアーツ日本キックボクシング連盟「SUPREME-4 梶原一騎18回忌追悼記念 第7回梶原一騎杯 キックガッツ2004」
2	マーシャルアーツ日本キックボクシング連盟「SUPREME-2 〜最高のキック〜」
2	マーシャルアーツ日本キックボクシング連盟「梶原一騎17回忌追悼記念・第6回梶原一騎杯・キックガッツ2003」
2	マーシャルアーツ日本キックボクシング連盟「SHIMOKITA GROUND ZERO」
2	S-1 Tournament Final
2	11月5日 GRABS祭り試合結果
2	KICK Insist 15
2	Gentleman Fight Night V
2	It's Showtime（K-1 WORLD GP 2007 IN AMSTERDAM）
2	Glory 15: Istanbul - Light Heavyweight World Championship Tournament
2	Glory 5: London
2	It's Showtime 2011 Lyon
2	One Night in Bangkok
2	SLAMM - Netherland vs Thailand II
2	Muay Thai Gala
2	Killerdome II
2	ONE 171
2	ONE Fight Night 22: Sundell vs. Diachkova
2	Glory of Heroes 33: Shanghai
2	Glory of Heroes 6
2	Glory of Heroes 4
2	武林風 & WCKムエタイ: 中国 vs アメリカ
2	武林風 2014 インターナショナル・チャンピオン
2	BRIDGE
2	ONE Friday Fights 95
2	United Glory 15
2	Fighters' Night
2	PRINCE REVOLUTION”HOPE” 9
2	PRINCE REVOLUTION”HOPE” 7
2	9月10日 DUEL.28 試合結果
2	KROSS×OVER CAGE4＆Level-G PRO
2	GLORY92
2	XPLOSION SUPER FIGHT 14
2	RWS ラジャダムナンワールドシリーズ
2	Evolution 16
2	The Contender Asia Finale
2	XPLOSION 3 - KINGS OF CHAMPIONS
2	XPLOSION Boonchu S-cup
2	International Profi Tournament
2	NJKF西日本 YOUNG FIGHT 3rd
2	マーシャルアーツ日本キックボクシング連盟 2009士道館新春興行BREAK THROUGH-9 〜添野道場40周年記念大会〜
2	M-1 ムエタイチャレンジ
2	KINGS CUP 4th
2	Ring Out Challenge 5
2	RISE WEST.10
2	喝釆シリーズvol.3
2	S-BATTLE 2025 冬の陣
2	DEEP HAMAMATSU IMPACT 2022
2	DEEP HAMAMATSU IMPACT 2021
2	DEEP HAMAMATSU IMPACT 2020
2	MuayThaiOpen 51
2	MuayThaiOpen 49
2	Z RACING PARTS presents RESISTANCE-14
2	M-1 FAIRTEX SINGHA BEER ムエタイチャレンジ2009 Yod Nak Suu vol.2
2	M-1 FAIRTEX SINGHA BEER ムエタイチャレンジ「Legend of Elbows 2008 〜CRASH〜」
2	MUAY THAI CHALLENGE M-1
2	ニュージャパンキックボクシング連盟「VORTEX III 〜旋風〜」
2	K-ENERGY
2	ISKAフルコンタクト世界ライトヘビー級タイトルマッチ
2	KICK Insist２４
2	ムエローク 2021 八王子
2	SPASHAN presents RIZIN TRIGGER 3rd
2	Rush On
2	ONE Friday Fights 165 & The Inner Circle
2	ONE 165: Superlek vs. Takeru
2	Kunlun Fight 22
2	Kunlun Fight 18
2	Victory
2	Glory 7: Milan
2	SukWanchai MuayThai Super Fight vol.10
2	新日本プロレス"YOKOHAMA DEAD OUT"
2	ONE Friday Fights 78
2	PRINCE REVOLUTION 28
2	新・格闘技の祭典
2	マーシャルアーツ日本キックボクシング連盟「マッハ士道館・戦国シリーズ仁義なき戦いパート3」
2	キックボクシングフェス.2 GOAT
2	谷山ジム主催「Big bang 3 〜ビッグバン 統一への道 其の参〜」
2	KICK the ROOTS 〜宇都宮キックボクシング〜
2	KICK the ROOTS 〜BUSTA〜
2	HEAT 13
2	WILD KICKBOXING 〜縁〜
2	HEAT 12
2	琉球 Kamikaze Spirits
2	The Battle Of MuayThai SEASONⅡ vol.7 pt.2
2	The Battle Of Muaythai XV
2	Festival of Martial Arts～FIGHT FOR PEACE7～
2	WPMF JAPAN The Battle of Muaythai IX
2	M-FIGHT The Battle of Muaythai III
2	M-1ムエタイチャレンジ Sutt Yod Muaythai vol.3
2	M-1ムエタイチャレンジ Sutt Yod Muaythai vol.2
2	蹴拳Ⅴ
2	TOP☆RUN
2	ムエローク 2022 ガールズファイト
2	DUEL.23
2	(株)WAONpresentsミネルヴァOSAKA
2	BOM WAVE04 -Get Over The COVID-19-
2	WFL: Manhoef vs. Bonjasky
2	Glory 17: Los Angeles
2	Legend 2: Invasion
2	Thai/Kickboxing Nijmegen
2	WBC Muaythai Chamipionship
2	OCEANS
2	Next Generation Warriors
2	HEAT 4
2	The Battle of Arnhem V
2	Local Kombat 18
2	Local Kombat 11
2	GLORY 70
2	AROUSAL-8
2	R.I.S.E. 52
2	TRIAL LEAGUE.1
2	Fighting NEXUS vol.32
2	NEW JAPAN BLOOD 2
2	Suk Wanchai MuayThai Super Fight vol.5
2	日韓親善国際格闘技大会 GLADIATOR 岡山大会
2	全日本キックボクシング連盟「CUB♀KICK'S-1」
2	KYOKUGEN 2016
2	全日本キックボクシング連盟「WAVE-V」
2	全日本キックボクシング連盟「WAVE-IV」
2	シュートボクシング「GROUND ZERO TOKYO」
2	全日本キックボクシング連盟「KICK OVER-VI」
2	全日本キックボクシング連盟「KICK OVER-IV」
2	ONE Friday Fights 66
2	Local Kombat 26
2	Local Kombat 22
2	Local Kombat 20
2	Local Kombat 14
2	Fighting NEXUS “SUBLIME GUYS FIGHT in KAWAGOE 2024”
2	DEEP SAITAMA IMPACT in小江戸・川越2018
2	KING OF SOUL vol.7 MA日本キックボクシング連盟公認大会
2	E.M.A.CHAMPIONSHIP
2	PRESENTS　HOOST CUP　KINGS OSAKA5
2	鉄拳9
2	チャクリキ
2	DEEP HAMAMATSU IMPACT 2024
2	W5
2	W5 Grand Prix K.O
2	NO RESPECT 4
2	HOOST CUP KINGS KYOTO12
2	ジャパンカップキックボクシング３
2	TOP☆RUN 4
2	HOOST CUP KINGS OSAKA
2	R.I.S.E. -α- "THE FACE"
2	FUTURE FIGHTER IKUSA 5 〜乱〜 MONKEYMAGIC
2	IKUSA「Young Gunners 2」
2	NAGOYA KICK 〜CENTRAL RHYTHM〜
2	Festival of Martial Arts～FIGHT FOR PEACE8～
2	TRADITION.4～MAキック30周年記念興行～
2	Road to GLORY JAPAN -85kg
2	NKB 2011逆転シリーズ
2	GLORY 38 Chicago
2	GLORY 32 Virginia
2	BOUT 45
2	マーシャルアーツ日本キックボクシング連盟「BREAK THROUGH-4 〜突破口 KICKGUTS 2008〜 梶原一騎22回忌追悼記念・第11回梶原一騎杯」
2	マーシャルアーツ日本キックボクシング連盟「BREAKDOWN-8 〜打破〜 MA.KICK祭り CHAMPION CARNIVAL」
2	マーシャルアーツ日本キックボクシング連盟「BREAKDOWN（打破）5 〜新東金ジム29周年記念 戦場の狼3」
2	マーシャルアーツ日本キックボクシング連盟「SURPRISING 8 〜MA日本キック連盟祭・オールタイトルマッチ〜」
2	マーシャルアーツ日本キックボクシング連盟「SURPRISING 3rd」
2	マーシャルアーツ日本キックボクシング連盟「SUPREME-6」
2	マーシャルアーツ日本キックボクシング連盟「SHIMOKITA GROUND ZERO PT2」
2	Fights at the Border III
2	Suk Wanchai MuayThai Super Fight vol.6
2	AJKN.4
2	Gentleman Fight Night III
2	Yogibo presents RIZIN.31
2	JAPAN KICKBOXING INNOVATION 『RESISTANCE-11』
2	HEAT 56 in VIETNAM
2	DEEP NAGOYA IMPACT 2026 2nd ROUND 公武堂ファイト
2	GYEONGBOK ANDONG MUAYTHAIMATCH
2	ミネルヴァ大阪大会
2	Night Of Champions 31
2	MAROOMS Presents KNOCK OUT.60～K.O CLIMAX 2025～
2	BOM – ouroboros 2021 –
2	ONE Friday Fights 156 & Superfan Fights
2	IT'S SHOWTIME 54 & 55
2	United Glory - 2010-2011 World Series: Final Round
2	Ultimate Glory 2
2	Judgement Day
2	Future Battle
2	Gentlemen Promotion
2	Kings of the Ring - World GP 85 KG
2	SuperKombat: the pilot show
2	Planet Battle: Where Champions Collide
2	NO NAME HEROES 6 -GO GO UGO!-
2	ニュージャパンキックボクシング連盟「WBCムエタイルール日本統一王座決定戦 〜ROAD TO REAL KING 11〜」
2	ニュージャパンキックボクシング連盟「WBCムエタイルール日本統一王座決定トーナメント準決勝 〜ROAD TO REAL KING 9〜」
2	ニュージャパンキックボクシング連盟「FIGHTING EVOLUTION I 〜進化する戦い〜」
2	ニュージャパンキックボクシング連盟「ADVANCE VI 〜前進〜 MUAYTHAI OPEN」
2	ニュージャパンキックボクシング連盟「ADVANCE I 〜前進〜」
2	SUK WAN KINGTHONG 2022 FINAL
2	SUK WAN KINGTHONG
2	RIZIN.32
2	International Muay Thai Fight Night
2	Tournoi Poids Lourds WKN
2	Thaiboxing Carabeen Tournament
2	SLAMM5
2	RINGS in Enschede.T
2	JAPAN KICKBOXING INNOVATION Join Forces-14
2	ノースエリア格闘技イベント BOUT-VI
2	ノースエリア格闘技イベント BOUT-IV
2	ニュージャパンキックボクシング連盟「VORTEX X 〜旋風〜」
2	タイ・パタヤ
2	ニュージャパンキックボクシング連盟「CHALLENGE TO MUAYTHAI 7」
2	BKFC Thailand 5
2	Thai Fight Samui
2	Khmer - Thai Fight
2	Phoenix Fighting Championship
2	Thai Fight China
2	Thai Fight Vietnam
2	Yokkao 15
2	Wanchai＋PK MuayThai Super Fight
2	Thai Fight 2015
2	Muay Thai in Macau
2	Combat Banchamek
2	Yokkao Extreme 2013
2	MSA Muaythai Premier League
2	LOADS OF THE RING
2	BOM WAVE07- Get Over The COVID-19
2	DUEL.4
2	M1 ムエタイ・グランド・チャンピオンシップ
2	Survivor 〜Round.5〜
2	MARS 09 "BLOWN AWAY"
2	NJKF祭 KICKBOXING JAPAN CUP 1st ROUND
2	新日本キック
2	PANCRASE REBELS RING.1
2	ONE Friday Fights 118
2	RIZIN LANDMARK 4 in NAGOYA
2	全日本キックボクシング連盟「HOT SHOT」
2	SUK WAN KINGTHONG 1st
2	ACCEL18 聖夜祭り
2	マーシャルアーツ日本キックボクシング連盟「谷山ジム25周年記念興行 ビッグ・バン〜統一への道」
2	BRAVE 2003
2	格闘技シンポジウム～総合格闘技完成前夜
2	リングス MEGA BATTLE SPECIAL 礎～ISHIZUE
2	WBKF Eurasia Championship
2	CIS(WBKF) Title (+93kg) @ Club Arbat
2	BARS
2	MAX FC 19
2	DEEP HAMAMATSU IMPACT 2013
2	風吹ジム特設リング
2	THE MATCH 2022
2	RIZIN.11
2	一撃 8.20 ICHIGEKI
2	GLORY 2
2	Tough Is Not Enough
2	オランダ（大会名不明）
2	INNOVATION
2	村上祭 vol.4
2	EM Legend 15
2	EM Legend 10
2	ムエローク2011 -3rd-
2	BOM WAVE 04 – Get Over The COVID-19 – 第2部
2	BOM WAVE03 – Get Over The COVID-19-
2	M-1 FAIRTEX SINGHA BEER ムエタイチャレンジ 2009 Yod Nak Suu vol.3
2	ニュージャパンキックボクシング連盟「START OF NEW LEGEND V 〜新伝説の始まり〜」
2	全日本キックボクシング連盟「CUB☆KICK'S-4」
2	Fight Time
2	Fair Fight XVI
2	冠鷲シリーズvol.6
2	2011藤原祭～冬の陣～
2	SHINING☆STAR with J-FIGHT＆J-GIRLS 2018
2	ムエローク2014 2nd
2	M-FIGHT SUK WEERASAKRECK Ⅱ Part.1
2	ニュージャパンキックボクシング連盟「WEST SWELL 〜西のうねり〜」
2	Dynamite!! 〜勇気のチカラ2010〜
2	UNRIVALED-2
2	THE NIGHT OF THE SHOCK
2	カナダサリー州
2	CROSSPOINT presents X-TRA!
2	R.I.S.E.「FLASH to CRUSH TOURNAMENT '06」
2	SHOOT!!ザ・超合金 〜バトル・クィーン・グランプリ」
2	DUEL.19
2	BOUT 47
2	HEAT22
2	M-1 RAJA BOXING SINGHA BEER ムエタイチャレンジ NAI KANOMTOM vol.3
2	R.I.S.E. XIV
2	R.I.S.E. XIII
2	GLORY RIVALS 5
2	NJKF2022 west 2nd
2	Janus FIGHT NIGHT
2	スッグ・ワンブンヤー
2	スッグ・ムエタイルンピニーゲリック
2	TITANS NEOS VII
2	全日本キックボクシング連盟「DANGER ZONE」
2	全日本キックボクシング連盟「Who's Next 02」
2	全日本キックボクシング連盟「WHO'S NEXT?」
2	The Challenger
2	KROSS×OVER – EXTRA.1
2	Challenger4
2	Ultimate Nokaut 2
2	Rings Fightgala
2	MuayThaiOpen 50
2	千葉キックRESISTANCE 2023
2	THAI FIGHT EXTREME
2	KPKB vol.20
2	M-FIGHT～蹴拳15～Part.2
2	R.I.S.E. 54 〜RISING ROOKIES CUP〜
2	All Star Fight 3
2	All Star Fight
2	Kunlun Fight 45
2	Kunlun Fight 39
2	Kunlun Fight 36
2	Muaythai Premier League: Round 1
2	Champions of Champions II
2	It's Showtime（K-1 WORLD GP 2008 IN AMSTERDAM）
2	不明（イタリア）
2	Omnoi Stadium
2	THE SMOKER'S HALLOWEEN
2	BARS - Cup of Arbat Finals
2	KROSS×OVER CAGE.6
2	ONE Friday Fights 147
2	新日本キック「MAGNUM 55」
2	KODO 7 BEAT
2	新日本キック「TITANS NEOS 28」
2	RISE/M-1MC ～INFINITY～
2	IT'S SHOWTIME 59
2	全日本キックボクシング連盟「SUPER FIGHT 〜LIGHTNING〜」
2	全日本キックボクシング連盟「BACK FROM HELL-I」
2	第6回岡山ジム主催興業
2	ONE Friday Fights 136
2	ONE Friday Fights 32
2	DUEL.8
2	NAGOYA KICK ～The morning comes again～
2	Rumble of the Kings 2011
2	全日本キックボクシング連盟「Rising Force」
2	ニュージャパンキックボクシング連盟「Millennium Wars 10」
2	ニュージャパンキックボクシング連盟「Millennium Wars 5」
2	スックワンキントーン Keep going!
2	QP PRESENTS HOOST CUP KINGS KYOTO 8
2	(株)WAON presents ミネルヴァOSAKA
2	TREASURE HUNT Ⅴ
2	巌流島バーチャルファイト
2	マーシャルアーツ日本キックボクシング連盟「SURPRISING 6 〜東金ジム28周年記念 戦場の狼2〜」
2	RISE WEST.11
2	RISE WEST.9
2	全日本キックボクシング連盟全日本ライト級最強決定トーナメント
2	龍PROMOTION「I.K.M.F. 韓国・日本4VS4マッチ」
2	Angels of Fire V
2	ONE Friday Fights 110
2	HOOST CUP KINGS KYOTO8
2	全日本キックボクシング連盟「藤原祭り 2006」
2	5月26日 DUEL.30 試合結果
2	BLADE2
2	ムエローク Japan 2009 ～最大最強のムエタイ祭り～
2	武林風547
2	Super Muay Thai
2	MAX Muay Thai
2	MAX Muay Thai 7
2	WBCムエタイ・ジャパン第2回大会 「The Path to the World Champion」
2	BOUT49
2	R.I.S.E. 53
2	R.I.S.E. 47 〜RISING ROOKIES CUP〜
2	R.I.S.E. XLV
2	TK2 Kickboxing
2	abc presents RIZIN LANDMARK 15 in HIROSHIMA
2	M-1 FAIRTEX ムエタイチャレンジ 2009「Yod Nak Suu vol.1」
2	WORLD CHAMPIONSHIOP MUAYTHAI
2	FUTURE FIGHTER IKUSA 6 〜宙(SORA)〜GANGSTAR☆Z＠Velfarre
2	マーシャルアーツ日本キックボクシング連盟「KING COMBAT-2002 - KICK BOXING 60kg TOURNAMENT 日本最強決定戦」
2	全日本キックボクシング連盟「KICK OVER-VIII」
2	HOOST CUP KINGS NAGOYA7
2	Glory 104
2	GLORY 94
2	GLORY 90
2	Laonda Fight Night
2	ONE Friday Fights 154
2	ONE Friday Fights 139
2	REBELS.56
2	It's Showtime Exclusive
2	Road to Rajadamnern
2	大和ジム50周年記念大会 ～大和祭り～
2	マーシャルアーツ日本キックボクシング連盟「BREAK THROUGH-10 〜突破口〜」
2	NAGOYAKICK 〜DrumRoll Please!!〜
2	ニュージャパンキックボクシング連盟「FIGHTING EVOLUTION XIII 〜進化する戦い〜」
2	ニュージャパンキックボクシング連盟「FIGHTING EVOLUTION X 〜進化する戦い 10th〜 THE NEXT GENERATION, WHO GET THE CHAMP!?」
2	ニュージャパンキックボクシング連盟「FIGHTING EVOLUTION VIII 〜進化する戦い〜 COUNTER THE ASIAN ATTACK」
2	ニュージャパンキックボクシング連盟「INFINITE CHALLENGE VIII 〜無限の挑戦〜」
2	新日本キック BRAVE HEARTS 18
2	マーシャルアーツ日本キックボクシング連盟「東金ジム27周年記念大会 DETERMINATION (決心) 5th 〜戦場の狼〜」
2	MA日本キック 東金ジム26th anniversary SUPREME-3 ～戦場の虎～
2	BOM19 – The Battle Of Muay Thai 19
2	MuayThaiOpen40
2	MuayThaiOpen38
2	MuayThaiOpen36
2	MuayThaiOpen35 ＆ LumpineeBoxingStadium of Japan
2	MuayThaiOpen31
2	蹴拳24
2	MBK Fight Night
2	RWS - Rajadamnern World Series
2	ONE Friday Fights 60
2	REBELS.52
2	RISE cooperation REBELS.28
2	習志野ジム＆掣圏道協会「格闘技新世紀・夢 挑戦!」
2	マーシャルアーツ日本キックボクシング連盟「マーシャルアーツスピリット」
2	マーシャルアーツ日本キックボクシング連盟「SET FIRE II 〜キックに火をつけろ!〜」
2	爆発シリーズFINAL
2	HOOST CUP KINGS OSAKA4 ～チャンピオンカーニバル～
2	The Battle Of Muaythai 17
2	ムエローク2017 1st
2	全日本キックボクシング連盟「CUB☆KICK'S 3days 1st - AJ NIGHT 〜Tradition〜」
2	KROSSxOVER 9
2	The KHAN
2	Fight Festival 12
2	Muay Thai World Championships
2	Kings Cup
2	Muay Thai World Championshios
2	R.I.S.E. DEAD or ALIVE Tournament '05
2	キックボクシングフェス.2「GOAT」
2	全日本キックボクシング協会“SAMURAI WARRIORS 挑戦”
2	BEAST 02
2	KROSS×OVER.26
2	K-2 GRAND PRIX '93 風林火山 "山の章"
2	聖戦 〜SANCTUARY III〜 風林火山 "風の章"
2	聖戦 〜SANCTUARY I〜
2	格闘技オリンピックIII 〜カラテワールドカップ '92〜
2	Fight Code: Rhinos Series, Quarter Finals
2	Lokal Kombat 25
2	HOOST CUP KINGS KYOTO9～REVERSAL～
2	HOOST CUP KINGS KYOTO7
2	S-BATTLE vol.17 2019 桜の陣
2	熱風 零六【Muay Thai Open 12】
2	蹴拳VI
2	Survivor 〜Round.3 立川隆史・引退記念興行〜
2	KICK TO THE FUTURE 7
2	ONE Friday Fights 50
2	ONE Friday Fights 36
2	ONE Friday Fights 26
2	SLAMM - Netherland vs. Thailand IV
2	Fights at The Border III
2	European Championships
2	European Muay Thai Championship
2	WMF Muay Thai World Championship
2	マーシャルアーツ日本キックボクシング連盟「BREAK-8 〜士道館新春興行〜」
2	マーシャルアーツ日本キックボクシング連盟「BREAK-2 〜WMAF世界フェザー級タイトルマッチ＆ウェルター級王座決定戦〜」
2	マーシャルアーツ日本キックボクシング連盟「BREAK THROUGH-3 〜突破口〜」
2	R.I.S.E. DEAD or ALIVE TOURNAMENT '05
2	マーシャルアーツ日本キックボクシング連盟「最強を求めて」
2	GLORY 6 Istanbul
2	キック・ユニオン "ディファ有明大会"
2	LETHWEI×UNBEATABLE
2	A1 World Combat Cup
2	Starmuay V
2	Uprising 12
2	Gentleman Fight III
2	HOOST CUP KINGS OSAKA７～BURNING！OSAKA～
2	AJKN Aggression 2025
2	KPKB vol.19
2	JEWELS 20th RING
2	KPKB vol.14
2	KPKB vol.13
2	BreakingDown16
2	BreakingDown15
2	BreakingDown14
2	BreakingDown9
2	BreakingDown8
2	BreakingDown7
2	BreakingDown6
2	BreakingDown5
2	R.I.S.E. XIX
2	スッグ・ラジャダムナン・チューチャルーン
2	全日本キックボクシング連盟「OVER the EDGE」
2	全日本キックボクシング連盟「CROSS FIRE-I」
2	全日本キックボクシング連盟「LEGEND-VI」
2	Victory or Hell 8
2	GLORY 78
2	GLORY 81
2	Glory 79: Collision 3
2	Glory 66
2	GLORY 49
2	にゃんこ大戦争 presents RIZIN.45
2	全日本キックボクシング連盟「LIGHT ON!」
2	全日本キックボクシング連盟「REVOLVER」
2	ONE WARRIOR SERIES
2	KICK Insist21
2	RIZIN.23– CALLING OVER -
2	TRIBELATE vol.45
2	ビッグバン・統一への道 其の六
2	WORLD MUAYTHAI FEDERATION CHAMPIONSHIP
2	ニュージャパンキックボクシング連盟「FIGHTING EVOLUTION II 〜進化する戦い〜 MUAYTHAI OPEN」
2	TRIAL LEAGUE.7
2	ONE Friday Fights 163 & The Inner Circle
2	ONE Friday Fights 150
2	S-BATTLE 2026 NEXT HEROS
2	AJKN.2 ～祭～
2	全日本キックボクシング連盟「SWORD FIGHT 2008 〜日本vsタイ・5対5マッチ」
2	全日本キックボクシング連盟「CUB☆KIX 〜全日本キックvsチームドラゴン・10vs10 全面対抗戦〜」
2	全日本キックボクシング連盟「全日本ライト級最強決定トーナメント2004 1st.STAGE」
2	ANDY'S GLOVE
2	Kings of Kombat 4
2	Kings of Combat
2	KING OF OCEANIA Round3（XPLOSION SUPER FIGHT 12）
2	KING OF OCEANIA Round2
2	全日本キックボクシング連盟「EVOLUTION step-8」
2	全日本キックボクシング連盟「One Truth 5th」
2	シュートボクシング「SBワールドレボリューション宣言」
2	「シュートボクシングvs沖縄空手チェンジングマッチ」
2	For Japan presents RIZIN LANDMARK 6 in NAGOYA
2	Zhara Fight Show
2	Night Club "Reaktor"
2	BOUT50
2	ONE Friday Fights 62
2	Road to GLORYトーナメントFINAL8
2	全日本キックボクシング連盟「浪漫 〜Kick Return〜 Kickboxer of the best 60 Tournament 開幕戦」
2	M-1 FAIRTEX SINGHA BEER ムエタイチャレンジ 〜獲武-腕 物語 2007〜
2	全日本キックボクシング連盟「SWORD FIGHT 2006 〜日本VSタイ・5対5マッチ〜」
2	SOUL IN THE RING CLIMAX
2	ONLY THE BRAVE
2	Glory Glory 14: Zagreb
2	一撃 〜極真 vs K-1 全面対抗戦〜
2	Battle of Arnhem I
2	不明（オランダ）
2	KO POWER Tournament
2	BURST
2	GIRLS STANDING FIGHT - Girls SHOCK III
2	M-FIGHT Suk WEERASAKRECK VII
2	SUK WAN KINGTHONG Go to Raja
2	激突II
2	RIZIN LANDMARK 12
2	World Championship MUAY THAI Matter of Pride
2	RKS リアル カクトウ スピリッツ ダブルクラッチ2
2	S・BATTLE 2012 冬の陣
2	BreakingDown13
2	K-1甲子園2018 -55kgトーナメント二回戦
2	士道館新春興行MA日本4大タイトルマッチ
2	DRAGON ROAD ONE AND ONLY TAKE１
2	BREAK-11 ～NEXUS～
2	BREAK-8～士道館新春興行～
2	BREAK-2
2	士道館新春正月興行 BREAK-1
2	FIGHTERS GATE-5 ～夢の扉を開けろ～
2	全日本キックボクシング連盟「KICK OVER-I」
2	静岡KICK vol.9
2	天下一・武道会ZERO
2	MAX FC 23 IN IKSAN
2	BORDER-KICKBOXING
2	JAPAN KICKBOXING INNOVATION
2	Glory 19: Virginia
2	United Glory 13: 2010-2011 World Series Semifinals
2	It's Showtime Trophy MAX 75
2	Master Sken's Fight Night
2	Knees of Fury 11
2	Tarik Solak's Show
2	KB4 Fightnight
2	JNI Promotions
2	ニュージャパンキックボクシング連盟「真王杯 55kg・60kg オープントーナメント（ADVANCE X 〜前進〜）」
2	ニュージャパンキックボクシング連盟「真王杯 55kg・60kg オープントーナメント（ADVANCE VIII 〜前進〜）」
2	ニュージャパンキックボクシング連盟「真王杯 55kg・60kg オープントーナメント（ADVANCE VII 〜前進〜）」
2	サムロンスタジアム
2	ニュージャパンキックボクシング連盟「X-DUEL VI 〜終わりなき決戦〜」
2	New Year Kick Festival 2009
2	全日本キック Krush！～Kickboxing Destruction～
2	全日本キック SUPER FIGHT
2	全日本キック DANGER ZONE
2	Inside the Matrix IV
2	元気ですか!! 大晦日!! 2011
2	Domination 5
2	FIGHT STADIUM 7
2	Obračun u Ringu 8
2	RIZIN LANDMARK 6 in NAGOYA
2	DEEP 89 IMPACT
2	BARS - Cup of Gold Panther
2	BARS - Cup of Arbat
2	BARS - Cup of Arbat Final
2	Sor.Sommai (ラジャダムナンスタジアム)
2	Muay Xtreme
2	Yogibo presents RIZIN.33
2	HEAT 29
2	熱風 零伍【BANZAI ATTACK Ⅰ】
2	Japan Kickboxing Innovation 認定 第5回岡山ジム主催興行
2	TRIBELATE〜新宿フェイス
2	新☆四角いジャングル 〜ミスター格闘技降臨!!〜
2	タイ国 ラジャダムナン・スタジアム
2	NARIAGARI
2	R.I.S.E. X
2	KROSS×OVER.28
2	JAPAN KICKBOXING INNOVATION「Z RACING PARTS presents RESISTANCE-10」
2	JAPAN KICKBOXING INNOVATION 「RESISTANCE-9」
2	拳心館主催興行 冠鷲シリーズvol.5
2	RISE WEST 大橋駅前大会
2	KAKUMEI
2	RIZIN.10
2	BANZAI ATTACK Ⅱ
2	Suk Wanchai MuayThai Super Fight vol.8
2	Last Man Standing 2
2	ANGELS OF FIRE IV
2	Battle of Champions, Moscow
2	S-BATTLE 2024 冬の陣
2	全日本キック ～全日本ライト級最強決定トーナメント2004/FINAL STAGE～
2	全日本キック 全日本ライト級最強決定トーナメント 〜決勝戦〜
2	RISE WARLD SERIES 2026 TOKYO 2
2	KPKB vol.15
2	KING OF SOUL vol.2
2	German King Cup
2	Kieler Fight Night
2	BLADE.2 -BLADE FIGTHING CHAMPIONSHIP
2	NKB「交戦シリーズvlo.5」
2	グループエスカラデーPRESENTS HOOST CUP KINGS NAGOYA8
2	KROSS×OVER 6
2	WARRIOR
2	WORLD TITLE FIGHT OF MUAY THAI
2	MUAYTHAI GALA INTERNATIONAL
2	Rising Sun 5
2	Angels of Fire III
2	Fight At The Border
2	The Battle of Arnhem IV
2	LEGEND 4
2	KTK CHAMPIONSHIP
2	BE MY SELF ～自分らしく～
2	MSN Fight Gala
2	ONE Friday Fights 74
2	ONE Friday Fights 141
2	ONE Friday Fights 116
2	ONE Friday Fights 99
2	ONE Friday Fights 67
2	Kunlun Fight 35
2	Glory 14: Zagreb
2	Beast of the East 2010 Poland
2	Gentleman Fightnight IV
2	WFCA Gala Zutphen
2	Gala in Brediushal
2	OYAJI & ROOKIES DEEP in KASUGAI 公武堂ファイト
2	NAGOYA KICK ～Shine a Light～
2	JAPAN CUP4
2	WLF武林風中日対抗戦
2	Enfusion Kickboxing Final Tour
2	Kickboxing Champions League
2	Thaiboxing Gala
2	Killerdome IV
2	Victory or Hell
2	It's Showtime As Usual
2	Bad Boys Day part 1
2	Gym Alkmmaar Fight Gala
2	HEAT10
2	REBELS.12
2	ONE Friday Fights 111
2	ムエローク2017 3rd
2	蹴拳 31
2	ONE FIGHT NIGHT 6: SUPERBON VS. ALLAZOV
2	Nuit Des Champions 2017
2	NJKF西日本 YOUNG FIGHT 1st
2	Immortal Triumph
2	REBELS.45
2	REBELS.42
2	REBELS.40
2	ニュージャパンキックボクシング連盟真王杯 55kg・60kg オープントーナメント（ADVANCE VIII 〜前進〜）
2	ニュージャパンキックボクシング連盟真王杯 55kg・60kg オープントーナメント（ADVANCE VII 〜前進〜）
2	IKUSA「-初陣- Kick vs. Techno」
2	ONE Friday Fights 21
2	HOOST CUP KINGS NAGOYA8
2	ラジャダムナン・スタジアム認定ウェルター級タイトルマッチ
2	ONE Fight Night 24: Brooks vs. Balart
2	Mark Of Greatness
2	ONE Friday Fights 158
2	Freefight en kickbox gala
2	Night of Thunderman 2
2	Ultimate Nokaut 1
2	Ultimate Glory 2010/11 Second Round
2	REBELS.47
2	REBELS.34×WPMF JAPAN
2	Glory 10: Los Angeles
2	R.I.S.E. XXXVIII
2	R.I.S.E. DEAD OR ALIVE TOURNAMENT '06
2	R.I.S.E. XXX
2	JAPAN CUP KICK 8
2	GLADIATOR KICK 001
2	MATURI BOM-BA-YE
2	ROAD TO LEGEND in 伊勢
2	ニュージャパンキックボクシング連盟「achievement 3」
2	KlasH European Elimination
2	Krash CBF Show No Mercy
2	East Side 4
2	RKSゴールドラッシュ
2	R.I.S.E. 50
2	Road to ONE:CENTURY
2	Glory 77: Rotterdam
2	IT'S SHOWTIME 57 & 58
2	MUSASHI ROCK FESTIVAL2020
2	Challenger 6
2	REBELS.5
2	ONE Friday Fights 54
2	ONE 167: Tawanchai vs. Nattawut II
2	ONE Fight Night 21: Eersel vs. Nicolas
2	ONE Fight Night 17: Kryklia vs. Roberts
2	ONE 157: Petchmorakot vs. Vienot
2	Fight Night Saint Tropez
2	Full Contact Gala
2	TRIBELATE vol.8 〜バンゲリングベイ3周年記念イベント〜
2	BANCHO CUP 3
2	Namlatili mi Srbe
2	REBELS.2
2	Glory 75: Utrecht
2	RingFight
2	Planet Battle Queen Elizabeth Stadium
2	TENKAICHI G19
2	TENKAICHI G16
2	KTK17 IN INCHEON
2	NJKF2023 west 4th
2	GRACHAN
2	Fight Club "The Octopus"
2	KPKB vol.25
2	冠鷲シリーズvol.3
2	野良犬祭
2	TENKAICHI G17
2	SuperKombat World Grand Prix II 2012
2	CHALLNGER7
2	Kunlun Fight 14 THE WORLD MAX RETURN 2015
2	IT'S SHOWTIME "Fast & Furious 70kg MAX 2011"トーナメント
2	WPKL Gala in Hogendorphal
2	Matter of Honor
2	Gala in Zilvermeeuwen
2	ビッグバン・統一への道 其の四
2	SUK WEERASAKRECK IX
2	RIZIN LANDMARK 10 in NAGOYA
2	KICK’S NIGHT 17
2	CHOC DES ETOILES
2	KROSS×OVER 13
2	RIZIN.9
2	NO KICK, NO LIFE 2016
2	全日本キックボクシング連盟「浪漫 〜Kick Return〜 Kickboxer of the best 60 Tournament 決勝戦」
2	RISE GIRLS POWER 3
2	ROAD TO KNOCK OUT.2
2	MuayThaiOpen 37 ＆ LumpineeBoxingStadium of Japan
2	DEAD HEAT
2	Fight Night Mannheim
2	8TKO #7
2	Global FC 3
2	Profighters Gala in Almere
2	絆 Ⅸ
2	Local Kombat 9
2	MAT vol.1
2	INOKI BOM-BA-YE 2003 馬鹿になれ夢を持て
2	BOUT 41
2	全日本キックボクシング連盟「Fujiwara Festival 〜藤原祭り2007〜」
2	M-1 FAIRTEX SINGHA BEERムエタイチャレンジ「Legend of Elbows 2006 July 9」
2	KICKBOXING MONDIALE 3 LA GRANDE SFIDA
2	R.I.S.E. XX
2	ONE Friday Fights 162 & The Inner Circle
2	FIGHTER100
2	谷山ジム「ビッグバン・統一への道 其の九」
2	MA日本キック 大阪大会
2	ONE Friday Fights 109
2	ONE Friday Fights 64
2	野獣シリーズvol.1
2	OCEANS 5
2	NO KICK NO LIFE 新章-雲外蒼天-
2	K-COMBAT Asia championship final.4
2	3A-LIFE presents RISE 60
2	修斗 SHOOTO the SHOOT 2011
2	蹴拳18
2	Fujiwara Festival～藤原祭り2009～
2	全日本キック 小林聡プロデュース 野良犬電撃作戦2009
2	RIKIX「NO KICK,NO LIFE 2014」
2	M-1 FAIRTEX SINGHA BEER ムエタイチャレンジ 2009「Yod Nak Suu vol.2」
2	BOM 50
2	ONE Friday Fights 126
2	RIZIN WORLD SERIES in KOREA
2	R.I.S.E. XXII
2	全日本キックボクシング連盟「KICK MIND」
2	HEAT49
2	KAKUMEI NAGOYA 3 ～ 届け！愛と勇気とローキック ～
2	激突III
2	ONE Friday Fights 80
2	Xplosion 18 Super Fights
2	Muay Yoko 第19回大会
2	2025 WARRIOR'S JOURNEY
2	ZONE 4
2	BRUTE FORCE 33 COLLISION
2	REBELS.50
2	ACCEL vol57
2	QP PRESENTS HOOST CUP KINGS KYOTO7
2	ニュージャパンキックボクシング連盟「X-DUEL IV 〜終わりなき決戦〜」
2	ニュージャパンキックボクシング連盟「DREAM RUSH 8」
2	日本キックボクシング連盟「2001 激動シリーズ」
2	マーシャルアーツ日本キックボクシング連盟「BREAK THROUGH-5 〜打破〜 新東金ジム30周年記念 戦場の狼IV」
2	REBELS.44
2	大和ジム50周年記念大会〜大和祭り〜
2	全日本キックボクシング連盟「GO AHEAD!」
2	全日本キックボクシング連盟「パワーファイト '89」
2	Europsko prvenstvo
2	QP PRESENTS HOOST CUP KINGS OSAKA5
2	MA日本キックボクシング連盟「士道館新春正月興行 BREAKDOWN-1」
2	第35回K-1アマチュア～全日本大会・西日本予選トーナメント＆ワンマッチ～
2	M-1ムエタイチャレンジ Sutt Yod Muaythai vol.4 Part2
2	Rayong-Dreamfights Grand Prix
2	Muay Thai World Championsips
2	Muaythai Champions League
2	谷山ジム主催「Big bang 2 〜ビッグバン 統一への道 其の弐〜」
2	Suek Petchyindee
2	Kiatpetch
2	ニュージャパンキックボクシング連盟「CHALLENGE TO MUAI-THAI 9」
2	WMC I-1 Grand Extreme
2	L-1 the 10th Anniversary
2	JEWELS 19th RING 大阪大会
1	イギリス
1	マーシャルアーツ日本キックボクシング連盟キック・ガッツ 梶原一騎杯
1	全日本キックボクシング　EVOLUTION STEP 3
1	全日本キックボクシング　INSPIRING WARS “HEAT630”
1	全日本キックボクシング　REAL BOUT
1	全日本キックボクシング　世紀の激突・Part3
1	全日本キックボクシング　'89新春特別興行世紀の激突第1弾
1	新日本プロレス　INOKI 闘魂 LIVE Part2
1	キックボクシングフェス GOAT 2
1	WAR WOLF FIGHT
1	M-1 RAJA BOXING SINGHA BEERムエタイチャレンジ NAI KANOMTOM vol.3
1	M-1 RAJA BOXING SINGHA BEERムエタイチャレンジ NAI KANOMTOM vol.2
1	M-1 FAIRTEX SINGHA BEERムエタイチャレンジ NAI KANOMTOM vol.1
1	ニュージャパンキックボクシング連盟「FIGHTING EVOLUTION XII 〜進化する戦い 12th〜 THE "FIVE-STAR" FIGHT WMC世界スーパーフライ級王者決定戦」
1	M-1 FAIRTEX SINGHA BEER ムエタイチャレンジ Legend of Elbows 2006 July 9
1	全日本キックボクシング連盟「CUB★KICK'S-1」
1	全日本キックボクシング連盟「CROSS FIRE 〜対抗戦七番勝負〜」
1	全日本キックボクシング連盟「SUPER FIGHT -MAXIMUM-」
1	JAPAN KICKBOXING INNOVATION UNRIVALED-4
1	JAPAN KICKBOXING INNOVATION RESISTANCE-19
1	JAPAN KICKBOXING INNOVATION RESISTANCE-16
1	千葉市政100周年記念大会 千葉キック2021
1	INNOVATION 「Resistance-2」
1	INNOVATION 「Resistance-1」
1	KING OF STRIKERS ROUND43
1	KING OF STRIKERS ROUND 42
1	第10回 KODO -魂動-
1	KING OF STRIKERS ROUND 41
1	REBELS 47
1	World GBC Tour 9
1	DEEP TOKYO IMPACT 2012　SBルール
1	SHOOT the SHOOTO 2011
1	パンクラス PANCRASE 2005 SPIRAL TOUR
1	Duel en Terre des Farangs 2
1	La Nuit des Lions II
1	The Diamond 4
1	CFS 7
1	生ゴン1000回記念 サムライ祭り＆SAEKI祭り2
1	MAGNUM 53
1	TITANS NEOS 27
1	skyticket Presents DEEPJEWELS 35
1	GLORY 99
1	WKN Iran: World Cup 2017
1	Amazing MuayThai Fight Night 2
1	Petrosyanmania: Gold Edition
1	CENTURY PART II
1	Dreams Of Gold
1	Masters Of Destiny
1	ONE Championship 96: Masters of Destiny
1	Enter the Dragon
1	ONE Championship 94: Enter the Dragon
1	ONE Championship 83: Heart Of Lion
1	Bellator Kickboxing 10
1	ONE Championship 71: Heroes of Honor
1	Bellator Kickboxing 5 at Bellator 176
1	W5 Grand Prix KITEK XXXIX
1	Bellator Kickboxing 4 at Bellator 168
1	Oktagon 2016: Turin
1	Glory 25: Milan
1	Oktagon 2015: 20 Years Edition
1	Thai Boxe Mania 2015
1	GLORY 12
1	GLORY 7 MILAN
1	Gotti Promotions
1	GLORY 1 STOCKHOLMGLORY WORLD SERIES 2012 70kg Slam Tournament FIRST 16
1	YOKKAO EXTREME 2012
1	THAI BOXE MANIA
1	It's Showtime 2010
1	Thai Boxe Abano GP 2008
1	Battle of Arnhem 6
1	Serata Muaythai Gala
1	Muay Thai Event in Padova
1	Kombat League
1	The Night of Superfight
1	S-1 Muay Thai Middle Europe tournament
1	The Night of Superfights III
1	The Night of Superfights II
1	Muaythai Mondiale A Trieste
1	Bologna Fight Night
1	European MTA Muaythai title
1	Muaythai France vs Italy
1	Thaiboxing in Trieste
1	Phetch Buncha Samui Stadium
1	Thailand vs Europa
1	Thaiboxing Gala in Mestre
1	La BangKok Italiana
1	Shimizu presents BOM 40
1	PRINCE REVOLUTION “HOPE” 5
1	2021年5月30日（日）K-1 WORLD GP 2021 JAPAN～K-1バンタム級日本最強決定トーナメント～
1	マーシャルアーツ日本キックボクシング連盟RKSゴールドラッシュ2
1	WORLD OYAZI BATTLE -SAMURAI RETURN!-
1	PRIDE.1
1	KICK Association
1	ONE Fight Night 41: シンサムット vs. ジャービス
1	ONE Fight Night 35
1	ONE Friday Night 96: Komawut vs. Panrit
1	ONE Fight Night 81: Superbon vs. Nattawut
1	KROSS×OVER.21
1	レキオバトル名護 vol.5
1	「RISE105」
1	MAキック「士道館新春興行MA日本4大タイトルマッチ～添野道場45周年記念大会～」
1	HEAT「HEAT 32」
1	MAキック「士道館新春興行 世界、日本4大タイトルマッチ」
1	MAキック「DRAGON.3 ～THE ONE AND ONLY～ 門戸開放」
1	MAキック「BREAK-33 ～新春士道館興行～」
1	神風塾「LEGEND 3」
1	HEAT 4 〜MEGA BATTLE HEAT from NAGOYA〜
1	山木ジム21周年記念興行「山木祭り」
1	マーシャルアーツ日本キックボクシング連盟「SURPRISING-3rd」
1	IKUSA「IKUSA GP -U60 SUPERSTAR☆Z TOURNAMENT -Opening Stage-」
1	マーシャルアーツ日本キックボクシング連盟「SUPREME-6 〜挑戦者決定戦・猛暑御見舞〜」
1	マーシャルアーツ日本キックボクシング連盟「GROUND ZERO the SECOND」
1	マーシャルアーツ日本キックボクシング連盟「SHIMOKITA GROUND ZERO PT3」
1	マーシャルアーツ日本キックボクシング連盟「ADVANCE-1」
1	Night of the Titans
1	Oktagon 2011 in Milan
1	KnocKOut - Oktagon K-1
1	Tatneft Cup 2011 1st selection 1/8 final
1	TatNeft Arena World Cup 2010, Final
1	JapOut Presents QUEST
1	TatNeft Arena World Cup 2010, Semi Finals
1	パタヤ
1	HOOOST CUP KINGS OSAKA
1	CHALLENGER４
1	MAGNUM 59
1	戦闘甲斐士27
1	RIZIN.22
1	ラジャダムナン・スタジアム「スック・チュージャルーンムエタイ」
1	S-BATTLE 2025 NEXT HEROS
1	BOM47
1	True 4U スックムエマンワンスック
1	NKB 2022 喝采シリーズ 1st
1	SUK MUAY THAILAND
1	ROAD TO LEGEND5 in 伊勢
1	KTK CHALLENGE LEAGUE 11
1	REBELS.29 with Dropout
1	チャクリキ ゴールドラッシュ in RKS
1	チャクリキ ファイティング ガラ 5
1	STRIKER5
1	アクセル大阪大会
1	チャクリキ ファイティング ガラ 4
1	フェニックススピリッツ
1	KROSS×OVER -CAGE.8
1	Road to Legend.3 in Fukuoka
1	KROSS×OVER28.5 -EXTRA EDITION-
1	TRIDENT FC
1	LEGEND vol.1
1	爆発シリーズvol.4
1	NKB・ガルーダフェスVol.6
1	Mix Fight Gala 10
1	Tough is not enough
1	Fights at the Border V
1	WFCA Thai-Kickbox Gala in Nijmegen
1	Glory 11: Chicago
1	It's Showtime 57 & 58
1	It's Showtime Madrid 2011
1	RETURN OF KING 2
1	Return of the King 1
1	2 Hot 2 Handle - Pride & Honor
1	Pride & Honor Ahoy 2006
1	2 Hot 2 Handle - The Road To Tokyo
1	Gentleman Fight Night 3
1	MARS WORLD FIGHTING GRAND PRIX 1st in SEOUL
1	WPKL European Title Muay Thai Champions League XIV
1	The Night of Legend
1	Gala in Almere
1	Battle in Zaandam II
1	Profighters Gala in ALmere
1	Veni, Vidi, Vici II
1	Immortality
1	Baas Sports
1	Killerdome III
1	Thaiboksgala
1	Itai-Te Promotions
1	Loasana Promotions
1	Champions Gym Gala in Hanenhof
1	NJKF2022 1st
1	武林風 536
1	武林風 534
1	武林風 529
1	武林風 527
1	武林風 523
1	武林風 516
1	武林風 2021:Global Kung Fu Festival
1	Glory of Heroes 32: Huizhou
1	Glory of Heroes: Guangzhou
1	Glory of Heroes: 中国 VS スペイン / ストライカーズ・リーグ: マドリッド
1	Glory of Heroes: Luoyang
1	Rise of Heroes: Chengde
1	Rise of Heroes 3
1	Glory of Heroes 5
1	Rise of Heroes 1
1	Glory of Heroes 3
1	武林風 vs Krush
1	Glory of Heroes 2
1	Glory of Heroes 1
1	武林風 2016
1	武林風 ワールド・チャンピオンシップ 2016
1	武林風 2015 – ニュージーランド vs 中国
1	武林風 2014 – King’s Cup 2014
1	武林風 2014 – オランダ vs 中国
1	武林風 & Thailand Queen’s Cup 2014
1	武林風 & クンルン・ファイト 2 & MAXムエタイ 6
1	武林風 2014 - Day of Destruction 8
1	トライアルリーグ10
1	トライアルリーグ9
1	闘真会館 BATTLE FRONT 1
1	カラテ祭り
1	G-GATE
1	バトルフロント1
1	ONE Fight Night 46
1	GLORY 1 STOCKHOLM LightWeight - First 16
1	IT'S SHOW TIME
1	GLADIATORS GAMES
1	チャンピオンズ・リーグ
1	Gladiator
1	Profiliga Muay Thai VIII
1	Muay Thai Fight Night
1	WKN Kickboxing in Prague
1	Die K-1 Superfighter Gala
1	Czech Grand Prix Thaiboxing II
1	Amsterdam Fight Club2009年4月11日
1	KING OF STRIKERS ROUND 39
1	PRINCE REVOLUTION”HOPE” 3
1	Bushido Europe: Rotterdam Rumble
1	GLORY98
1	GLORY96
1	GLORY88
1	NJKF2023 west 5th
1	HEAT 2nd
1	SRS藤原紀香番組卒業特番 スペシャルワンマッチ
1	Join Forces -REIWA-
1	It's Pay Back Time
1	Evolution 15 The Contender Qualifier
1	The Contender Asia Episode 14
1	The Contender Asia Episode 11
1	The Contender Asia Episode 3
1	WBC Muay Thai Championships
1	K-1クイーンズランド大会
1	GOLD RUSH 6
1	DIVINER presents  TWOFC Vol.0
1	MAGNUM41
1	S-1 Slovenia
1	WBC
1	Noc pobjede
1	Golden Belt Tournament in Cacak
1	King of Colloseum
1	JAPAN KICKBOXING INNOVATION RESISTANCE-10
1	JAPAN KICKBOXING INNOVATION RESISTANCE-9
1	Japan Kickboxing Innovation RESISTANCE-7
1	Japan Kickboxing Innovation Resistance-6
1	JAPAN KICKBOXING INNOVATION Resistance-4
1	武林風2018：-60kg世界選手権トーナメント
1	武林風2017年世界選手権西安
1	Pound for Pound vol.5
1	株式会社秀拓 presents KROSS×OVER 9
1	RISE.94
1	BRAVE HEARTS 19
1	BREAK-14
1	BREAK-6
1	BREAK-4
1	FIGHTERS GATE-7 ～夢の扉を開け～
1	マーシャルアーツ日本キックボクシング連盟BREAK THROUGH-7 〜CHAMPION CARNIVAL〜 MA日本キック連盟4階級タイトルマッチ
1	ニュージャパンキックボクシング連盟「ADVANCE X～前進～真王杯決勝戦」
1	MA四国大会
1	FORCE ３
1	Ｋ－ダイナミズムバーニングバウトvol１
1	R.I.S.E.ⅩⅡ
1	SB「∞ーS～infinity-s～Vol.6」
1	REAL　DEAL　BATTLE　STAGE
1	POWER広島
1	BLOOM0.2
1	SPACE ONE×BOM
1	KPKB vol.21
1	BEAST PRESENTS 青龍杯Ⅱ
1	PRINCE REVOLUTION“SURVIVAL”
1	SUPER MUAY JAPAN
1	NJKF2021 west 京都大会
1	Japan Kickboxing Innovation ＆ DANGER GYM 『AROUSAL-6』
1	RIZIN LANDMARK 9 in KOBE OPENING FIGHT
1	ONEルンピニー
1	NKB日本キックボクシング連盟「喝采シリーズvol.1」
1	M-1 FAIRTEX SINGHA BEER ムエタイチャレンジ「Legend of Elbows 2008 〜YOD MUAY〜」
1	M-1 FAIRTEX SINGHA BEER ムエタイチャレンジ「Legend of Elbows 2008 〜MIND〜」
1	CHAOS MADMAX II「WORLD CHAOS MADMAX 〜公開血闘7番勝負〜」
1	M-1 FAIRTEX SINGHA BEER ムエタイチャレンジ〜BATTLES OF FATE 2007〜
1	マーシャルアーツ日本キックボクシング連盟「士道館新春正月興行 〜SURPRISING-1〜」
1	第3回 M-1 ムエタイチャレンジ
1	Holland vs Thailand: The Revenge
1	Hot Night in Amsterdam
1	Kickboxing "Holland vs Canada"
1	Holland vs Thailand VI
1	Champions in Action
1	ISKAヨーロッパ・ムエイタイ王者決定戦
1	Superfights I
1	MTBNオランダ・ムエタイ王者決定戦
1	Kick-Thaiboxing Gala in Amsterdam
1	戦嬢 21
1	DUEL.22
1	ラジャダムナンスタジアム80周年記念大会 R80
1	ワイルドシーサー「TENKAICHI 73 -ALL STARS-」
1	ワイルドシーサー「TENKAICHI 71」
1	KINGS CUP 1st
1	ONE on Prime Video 2: Xiong vs. Lee 3
1	ONE: First Strike
1	ONE: Big Bang
1	GLORY 69
1	GLORY 65
1	New Blood 8
1	HEAT 53
1	HEAT52×AFC27
1	NJKF2022 3rd
1	藤原敏男スポーツジム後援会「Fujiwara Festival 〜藤原祭り2009〜」
1	M-1 FAIRTEX ムエタイチャレンジ ROAD OF THE FIGHT 2007
1	天空キックボクシング協会「キックボクシング『天空』 〜四季〜」
1	新日本キックボクシング連盟「FIGHTING EVOLUTION I 〜進化する戦い〜」
1	PRINCE REVOLUTION 25
1	マーシャルアーツ日本キックボクシング連盟「EXPLOSION-1」（サムライルール）
1	マーシャルアーツ日本キックボクシング連盟「最強を求めて！世界制覇」
1	マーシャルアーツ日本キックボクシング連盟「新春特別興行～戦い続ける男たち」
1	マーシャルアーツ日本キックボクシング連盟「サムライ2000」（サムライルール　※キックボクシングと総合格闘技の混合ルール）
1	マーシャルアーツ日本キックボクシング連盟「マッハ士道館ドリームマッチ」
1	JAPAN MARTIAL ARTS EXPO PROLOGUE
1	BreakingDown12
1	「KICK THE ROOTS PRESENTS 我龍真吾引退記念興行 〜生きざま way of life〜」
1	MA日本キックボクシング連盟/WKA世界空手道連盟「BREAK-13～梶原一騎25回忌追悼記念・第14回梶原一騎杯 KICK GUTS 2011～」
1	GRACHAN V
1	GLADIATOR 11 "G-1"
1	ACCEL vol.14 夏の陣
1	ACCEL vol.13 WEST EVOLUTION 世界4大格闘王神戸決戦
1	HEAT 11
1	ACCEL DREAM NIGHT vol.12
1	宇都宮蹴拳伝 vol.3
1	激闘! 平成の四角いジャングル
1	マーシャルアーツ日本キックボクシング連盟「BREAK THROUGH 6」
1	マーシャルアーツ日本キックボクシング連盟「BREAK THROUGH 5 〜打破〜 新東金ジム30周年記念 戦場の狼IV」
1	M-1「120th ANNIVERSARY OF JAPAN-THAILAND 〜MUAY THAI HEARTY SMILES〜」
1	マーシャルアーツ日本キックボクシング連盟「KICK GUTS 2007 〜 梶原一騎21回忌追悼記念・第10回梶原一騎杯」
1	マーシャルアーツ日本キックボクシング連盟「BREAKDOWN（打破）5 〜 新東金ジム29周年記念 戦場の狼3」
1	M-1 FAIRTEX SINGHA BEER ムエタイチャレンジ「BATTLES OF FATE 2007」
1	キック・ユニオン「ディファ有明大会」
1	club DEEP 福岡 天下一祭り
1	THE FORCE IV
1	どついたるねん9
1	どついたるねん福知山
1	どついたるねん7
1	The Battle Of MuayThai ouroboros 2021-第1部
1	SFC
1	BOM The Battle Of Muaythai 18
1	The Battle Of Muaythai 16（BOM XVI）
1	TITANS NEOS 21
1	The Battle Of Muaythai XIII
1	The Battle of Muaythai VIII
1	KICK GUTS 2014 ～第17回梶原一騎杯
1	M-FIGHT SUK WEERASAKRECK VI
1	タイ国王妃生誕記念興行 クイーンズカップ
1	MAX FC 30
1	Max FC 25
1	Eruption 2020 in 薩摩
1	出陣シリーズVol.1
1	CRASH AT THE CROWN
1	BOM WAVE06- Get Over The COVID-19 –
1	グループエスカラデーPRESENTS HOOST CUP KINGS NAGOYA10〜DAY FIGHT
1	QP PRESENTS HOOST CUP KINGS KYOTO８〜DAY FIGHT
1	Bellator Kickboxing 1
1	International Fighting Championship
1	Muay Thai Champions League XIII
1	Xena Sports Victory or Hell 3
1	The Fights of the Gladiators
1	The Fight of the Champions
1	Thai/Kickboxing Zaandam
1	武士道ヨーロッパ
1	THE RETURN OF THE BOYS
1	スウェーデン
1	It's Showtime - Christmas Edition
1	Nikko T. Press Productions: Battle of the Best
1	GLORY 74
1	INNOVATION「CHAMPIONS CARNIVAL 2020（第1部）」
1	R.I.S.E. XLIV
1	全日本キックボクシング連盟「Muay Thai Wave from YOKOHAMA 4」
1	BORDER -season4- 2nd
1	Fighting NEXUS vol.31
1	T1戰士征途
1	WLF武林風.554
1	WLF 2023 Year-End Kung Fu Festival
1	Dragon Fight
1	WLF 2019
1	ONE Fight Night 29
1	ONE Friday Fights 38
1	HOOST CUP KINGS NAGOYA10～NAGOYAチャンピオンカーニバル～
1	BOM -ouroboros 2021-
1	ISKAインターコンチネンタルスーパーヘビー級王座戦
1	神風塾 火の国格闘伝説 LEGEND 2
1	リアルディール「BATTLE EVENT REALDEAL 14」
1	リアルディール「BATTLE EVENT REALDEAL VI」
1	W-FACE
1	RIZIN34
1	HOOST CUP KINGS OSAKA5
1	HOOST CUP KINGS OSAKA4
1	拳王征战“凤栖仙凤三宝杯”中日拳王争霸赛
1	KYOKUGEN 2015
1	Wolf Revolution 〜resurrection〜
1	Black List 010 meets Wolf Revolution
1	Wolf Revolution 〜First Wave〜
1	コロシアム2000
1	サムローンスタジアム
1	全日本キックボクシング連盟「WAVE-XII」
1	全日本キックボクシング連盟「WAVE-III」
1	全日本キックボクシング連盟「WAVE-I」
1	シュートボクシング「GROUND ONE TOKYO」
1	全日本キック＆MA日本キック合同興行「KICK CHAMPION'S NIGHT」
1	ONE Friday Fights 33
1	ONE Friday Fights 10
1	ONE Friday Fights 6
1	TITANS NEOS III
1	引退試合
1	新日本プロレス『’89格闘衛星☆闘強導夢』
1	全日本キックボクシング協会『格闘技大戦争』
1	新日本プロレス『格闘技世界一決定戦』
1	全日本キックボクシング協会
1	ONE Friday Fights 105
1	AJKN 5.5
1	AJKN.3~頂~
1	MA公認OSAKA
1	MAキックボクシング連盟広島大会
1	MA日本キックボクシング連盟 大阪大会
1	SUPER KICK S-1
1	MA日本キックボクシング
1	KING OF SOUL：vol.8
1	KING OF SOUL vol.7
1	HOOST Cup NAGOYA16
1	HOOST Cup Kings OSAKA6
1	HEAT53
1	Iron Challenge 2015
1	Fight Nights: Battle of Moscow 15
1	SUPERKOMBAT VIP Edition
1	Payback Time: "The Decider"
1	Payback Time
1	Athletic Club "Minoas"
1	UrbanFighter
1	Great Kickboxing Spectacle in Athens
1	NO RESPECT 3
1	Professional Title Gala
1	Greece and Serbia Fight the World
1	Kicker vs Boxer
1	No Respect 2
1	Kickboxing Superstar XII
1	Kickboxing Mania
1	Le Grand Tournoi
1	"Kings Of The Ring" Italy Thai Boxing Tournament, Final
1	"Kings Of The Ring" Italy Thai Boxing Tournament, Semi Finals
1	"Kings Of The Ring" Italy Thai Boxing Tournament, Quarter Finals
1	JAPAN CUP KICK5
1	RKSゴールドラッシュ9
1	ACF
1	BEAST.1
1	Ring Out Challenge 4
1	九州プロキックボクシングvol.2
1	HOOST CUP KINGS KYOTO4～闘志伝承～
1	RIZIN.7
1	HOOST CUP KINGS WEST2～浪速の乱～
1	BATTLE EVENT REALDEAL 14
1	IKUSA YGZ04 -BIRD-BASE-
1	THAI FIGHT Extreme in France
1	大和ジム創立40周年&名古屋JKファクトリー創立20周年記念興行「THE ORIGIN OF KICK BOXING 〜キックの源流 大和魂集結!〜」
1	NAGOYA KICK 〜BoogieFight4〜
1	土浦ジム40周年興行 EXCITING KICK BOXING
1	REBELS.22
1	THE INTERNATIONAL KOREA CUP
1	THE SUPER KICK M-152 TNT 4th
1	THE SUPER KICK M-149
1	蹴拳 VI
1	NKB THE SUPER KICKBOXING “TNT”M-146
1	NKB THE SUPER KICKBOXING “TNT”M-145
1	NKB 真っ向シリーズ サード
1	NKB/APKF THE SUPER KICKBOXING
1	SENSHI 22
1	RCC Fair Fight 26
1	WGP Kickboxing #70
1	Ural FC 2
1	Muaythai Factory
1	WGP Kickboxing #67
1	RCC Fair Fight 18
1	GLORY Collision 2
1	WGP Kickboxing #57
1	WGP Kickboxing #47
1	GLORY 47 Lyon
1	WGP Kickboxing #38
1	GLORY 34 Denver
1	WGP Kickboxing #29
1	SPARTAN’S NIGHT III
1	ENFUSION #119
1	BOM WAVE07- Get Over The COVID-19-
1	BOM WAVE05- Get Over The COVID-19-
1	BOM WAVE04- Get Over The COVID-19-
1	HEAT20～HEAT20回記念大会～
1	RISE KOREA 2011
1	MKF ULTIMATE VICTOR 2011
1	武林風・世界拳王争覇戦
1	全日本キックボクシング連盟「Krush! 〜Kickboxing Destruction〜」
1	静岡KICK vol.8
1	マーシャルアーツ日本キックボクシング連盟「ADVANCE.1 花澤ジム33周年記念大会」
1	マーシャルアーツ日本キックボクシング連盟「ADVANCE.1 花澤ジム32周年記念大会」
1	マーシャルアーツ日本キックボクシング連盟「SURPRISING 7th」
1	マーシャルアーツ日本キックボクシング連盟「東金ジム26th anniversary SUPREME-3 〜戦場の虎〜」
1	マーシャルアーツ日本キックボクシング連盟「EXPLOSION-2」
1	マーシャルアーツ日本キックボクシング連盟「EXPLOSION」
1	M-1 FAIRTEX ムエタイチャレンジ2009『Yod Nak Suu vol.1』
1	ニュージャパンキックボクシング連盟「STARTOF NEW LEGEND III 〜新伝説の始まり〜」
1	マーシャルアーツ日本キックボクシング連盟「SUPRISING-2nd」
1	NOC BOJOVNIKOV（スロバキア）
1	Fight Night in Winterthur
1	Gala in Barneveld
1	Mix Fight Gala
1	Fists of Fury 4
1	Superleague 2004
1	Heaven or Hell
1	A Night to Remember
1	Fighting NEXUS“SUBLIME GUYS FIGHT in KAWAGOE 2025”
1	Fighting NEXUS “SUBLIME GUYS FIGHT in KAWAGOE 2023”
1	HEET41
1	EM Legind 24
1	EM Legind 23
1	HOOST CUP KINGS KYOTO3
1	ストライキングチャレンジ37
1	BRIDGE one match challenge 24th
1	Muaythai Champions League.T
1	Ahoy Simply The Best VI
1	Gala in Schremerhorn
1	SFC 2023
1	Fighting NEXUS “SUBLIME GUYS FIGHT in KAWAGOE 2022”
1	TENKAICHI 93
1	MAX FC14
1	Resistance-4
1	BOMBERS 001・Gateway to “The Battle Of MuayThai”
1	日本骨髄バンクチャリティ CHAKURIKI 7 〜水の都バトル〜
1	REBEL
1	RISE
1	Kunlun Fight 4
1	「K-1甲子園2023～高校生日本一決定トーナメント～」-60kg 決勝
1	「K-1甲子園2023～高校生日本一決定トーナメント～」-60kg 準決勝
1	「K-1甲子園2023～高校生日本一決定トーナメント～」-60kg 一回戦
1	「K-1甲子園2023～東日本予選トーナメント～」-60kg 準決勝
1	「K-1甲子園2023～東日本予選トーナメント～」-60kg 一回戦
1	「第14回K-1アマチュア全日本大会～アマチュア日本一決定オープントーナメント～」チャレンジBクラス -60kg 決勝
1	「第14回K-1アマチュア全日本大会～アマチュア日本一決定オープントーナメント～」チャレンジBクラス -60kg 準決勝
1	「第14回K-1アマチュア全日本大会～アマチュア日本一決定オープントーナメント～」チャレンジBクラス -60kg 一回戦
1	「第53回K-1アマチュア～全日本大会・東日本予選トーナメント＆ワンマッチ～」チャレンジBクラス -60kg 決勝
1	「第53回K-1アマチュア～全日本大会・東日本予選トーナメント＆ワンマッチ～」チャレンジBクラス -60kg 準決勝
1	「第53回K-1アマチュア～全日本大会・東日本予選トーナメント＆ワンマッチ～」チャレンジBクラス -60kg 一回戦
1	4. Merseburger Fight Night
1	Ultimate Glory 7
1	Ultimate Glory 6
1	The Battle of Arnhem 6
1	Gentlemen Promotions
1	Gentlemen Fight Night 3
1	Kings of the Ring - Prestige Fgihts
1	Cage Carnage
1	Kickboxing Gala in Mons
1	No Limits Tonight
1	Muay Thai & Mix Fight Gala
1	Breidushal
1	Internatinoal Profi Tournament
1	M-1 ムエタイチャレンジ Sutt Yod Muaythai vol.1
1	ニュージャパンキックボクシング連盟「ROAD TO REAL KING 14」
1	ニュージャパンキックボクシング連盟「GO FOR BROKE 〜ROAD TO REAL KING III〜」
1	KROSS×OVER17
1	ムエローク HACHIOJI 2021
1	SUK WAN KINGTHONG to challenge 2
1	CHIANGMAI FIGHT 2019
1	琉球かきだみし81
1	RIZIN.36
1	A1 WORLD COMBAT League
1	LAST MAN STANDING
1	Fight Zone III
1	Carcharias Fighting Championship
1	Fight Zone II
1	No Respect 4
1	Fight Zone I
1	WAKO
1	"New Talents"
1	Gala of the Champs
1	WMF European Muay Thai title
1	RIZIN.29
1	RIZIN.22 -STARTING OVER-
1	韓国
1	S・BATTLE 2014冬の陣
1	REBELS.19 with Dropout
1	Get In The Ring
1	Campions League
1	La Onda Fight Night
1	RKS GOLD RUSH Ⅴ
1	MA日本キック RKSゴールドラッシュ2
1	HIGHSPEED 2017 ～DIVINE～
1	HIGHSPEED2017 ～STATUS～
1	ニュージャパンキックボクシング連盟「MuayThaiOpen 22」
1	ノースエリア格闘技イベント BOUT 11
1	ニュージャパンキックボクシング連盟「KICK TO THE FUTURE 1」
1	ノースエリア格闘技イベント BOUT-X
1	ノースエリア格闘技イベント BOUT-VIII
1	ニュージャパンキックボクシング連盟「START OF NEW LEGEND XI　新しい伝説の始まり」
1	NORTH LEGEND in Zepp Sapporo KICK BOXING FIGHTING 2007
1	ニューキャパンキックボクシング連盟「FIGHTING EVOLUTION XII〜進化する戦い12th〜THE“FIVE-STAR”FIGHT」
1	ムエタイ　日ータイ交流戦〜伝承〜INHERIT
1	ニュージャパンキックボクシング連盟「Fighting Evolution IX MUAY Thai Open」
1	ニュージャパンキックボクシング連盟「FIGHTING EVOLUTION III〜進化する戦い〜3KINGS　チャンピオンカーニバル」
1	ニュージャパンキックボクシング連盟「ADVANCE III〜前進〜」
1	タイ国王生誕記念試合 王宮前広場
1	ニュージャパンキックボクシング連盟「INFINITE CHALLENGE IX　〜無限の挑戦〜」
1	WEBBWOODS presents IKUSA YGZ04 〜BIRD-BASE〜
1	TOSHIMAX
1	アメリカ・オクラホマ
1	K-1オランダ
1	ニュージャパンキックボクシング連盟「CHALLENGE TO MUAYTHAI 6」
1	UBCTVマッチ
1	ニュージャパンキックボクシング連盟「MILLENIUM WARS 8」
1	仙台スポーツセンター
1	BOM WAVE07 The2nd
1	The Battle Of MuayThai～-ouroboros 2021-
1	GRACHAN11
1	WINNERS 2014 3nd
1	GRACHAN12
1	INOKI BOM-BA-YE 2013（IGFルール）
1	Innovation～KICK BOXING 戦闘甲斐士13～
1	GRACHAN9
1	RISE vs MKF
1	KROSS×OVER -EXTRA.5-
1	格闘技のおもちゃ箱 ACF60th X 闘宝伝承2021～Living legendary fighters～
1	格闘技のおもちゃ箱 ACF 55th
1	全日本キックボクシング連盟  「"Soar Into Space" Chapter III」
1	「タイvsオランダ 3」　ルンピニースタジアム
1	オランダ・ドルトレヒト
1	「タイvsオランダ 2」　ルンピニースタジアム
1	全日本キックボクシング連盟 「INSPIRING WARS-HEAT630」
1	全日本キックボクシング連盟 「'89新春特別興行世紀の激突第1弾」
1	THAI FIGHT Khao Aor
1	THAI FIGHT Nan
1	THAI FIGHT Pluak Daeng
1	THAI FIGHT Korat 2020
1	THAI FIGHT Begins
1	THAI FIGHT: New Normal
1	YOKKAO 45 & 46
1	THAI FIGHT: Thai Fest in Patong
1	THAI FIGHT Mae Sot
1	THAI FIGHT Bangsaen
1	THAI FIGHT Kham Chanod
1	THAI FIGHT Betong
1	THAI FIGHT Samui 2019
1	THAI FIGHT Mueang Khon
1	Fight Night Dubai
1	THAI FIGHT Phuket
1	Yokkao 36
1	Thai Fight Rayong
1	Thai Fight Rome
1	Thai Fight Barcelona
1	Yokkao 26
1	Thai Fight: We Love Yala
1	Thai Fight Turin
1	Thai Fight Paris
1	Yokkao 22
1	Thai Fight London
1	Glory 31: Amsterdam
1	Enfusion
1	Thai Fight Bangkok
1	Royal Cup Muay Thai
1	Thai Fight Russia
1	Fight League
1	Best of Siam 6
1	Thai Fight 2014
1	Thai Fight Kard Chuek 2014
1	Petchviset & Wanmitchai Promotions
1	Sandee & Siam Warriors Muay Thai Super Fights
1	HOOST CUP LEGEND～伝説降臨～
1	Yokkao 7
1	Yokkao 5
1	Combat Renaissance
1	Muay Thai Warriors: Dabble in Chiang Mai
1	Siam Warriors
1	Best of Siam 2
1	Super Showdown 4
1	Muaythai Gala – TV 11
1	Best of Siam
1	Lumpinee Champion Krikkrai Fight
1	Yokkao Extreme
1	World Class Fights,Commerce Casino
1	Detonation 9
1	Fight Sport Industries
1	Hatyai Stadium
1	TV3 Omnoi Siamboxing Stadium
1	S-8 Thaiboxing
1	World Champion Muay Thai Extravaganza
1	ルンピニー・スタジアム(4～5R)
1	ルンピニー・スタジアム(1～3R)
1	Muay Thai Legends
1	SLAMM "Nederland vs Thailand V"
1	Lumpinee champion Krikkri Fights
1	SLAMM "Nederland vs Thailand IV"
1	Gala de Levallois-Perret
1	SLAMM "Nederland vs Thailand"
1	One Songchai Tsunami Show, Rajamangala Stadium
1	Palokmuaythai ITV, Siam Omnoi Stadium
1	Chachoengsao Promotion
1	JAPAN KICKBOXING INNOVATION Join Forces-5
1	Superfighter 2
1	I-1 World Muay Thai Championship
1	WCCS Philippines: Gallantry
1	DEMOLITION FIGHT V
1	DEMOLITION FIGHT IV
1	SPORTS EXPO
1	WCKプロダクション主催「キングス・バースデー・セレブレーション」
1	ニュージャパンキックボクシング連盟「ROAD TO REAL KING 9」
1	Combat Night Pro: Orlando
1	Dana White's Contender Series 49
1	LFA 121
1	Combat Night Pro 20
1	Combat Night Pro 19
1	Glory 67
1	ONE Friday Fights 112
1	ONE Friday Fights 104
1	BODYMAKER presents GLADIATOR 017 in OSAKA
1	SUK WAN KINGTHONG decisive battle
1	Suk Wan King Thon Aggressive
1	HEAT 25
1	ACCEL 20
1	Survivor 〜Round.6〜
1	MUAY2010 1st 〜ムエロークプレステージ〜
1	ニュージャパンキックボクシング連盟/センチャイムエタイジム「Muay Thai Open」
1	ニュージャパンキックボクシング連盟「MILLENNIUM WARS 7」
1	硬派er～'92格闘技オリンピックⅠ
1	INSPIRING WARS HEAT 928 IN BUDOKAN
1	INSPIRING WARS-HEAT630WKA世界ジュニアライトヘビー級タイトルマッチ
1	INSPIRING WARS SECOND
1	今世紀最大の激突！
1	格闘技大戦争パート5
1	格闘技大戦争パート4
1	格闘技大戦争 Part III
1	格闘技大戦争PART2
1	格闘技大戦争
1	BEST OF KICK BOXING Super Fight 3
1	中国・「FAITH FIGHT CHAMPIONSHIP」
1	中国・「EM-LEGEND」
1	SARABAの宴
1	MAX MUAYTHAI THE FINAL CHAPTER
1	谷山ジム「ビッグバン・統一への道 其の十一」
1	ラジャダムナン・スタジアム「スッグ・ラーチャダムヌンチューチャルン TRUE VISION」
1	ラジャダムナン・スタジアム「KIATYONGYUT BATTLE」
1	日タイ修好120周年記念認可事業 ムエタイ日-タイ交流戦 〜伝承〜 INHERIT / 第9回NPO法人Kリーグインターナショナルネットワークス国際大会
1	WBKF Europe Championship
1	MAX FC17
1	WMCI-1 I-1GP2018
1	S-BATTLE 2016 冬の陣
1	S-BATTLE Vol.11 2015 冬の陣
1	SHOIOT BOXING YOUNG CEASER CUP CENTRAL #15
1	DEEP NAGOYA IMPACT 2015 公武堂ファイト
1	Inspire-S-vol.2(名古屋市公会堂)
1	Inspire-S-(名古屋ダイアモンドホール)
1	シュートダブルクロス 3rd.(大阪府立第2体育館)
1	代々木第2体育館
1	尼崎体育館
1	露橋スポーツセンター
1	PROUD WARRIOR PRODUCTION
1	Standing Alone
1	ONE FridayFights 109
1	GLORY 87
1	REBELS ～The FINAL～
1	RIZIN.23 -CALLING OVER-
1	静岡キック vol.3
1	力搏宁戦II
1	THE LAST BOMB ナグランチューン・マーサM16引退記念試合
1	HOOST CUP KINGS NAGOYA16
1	Night of Fighters 4
1	一撃 3.19 ICHIGEKI（パリ）
1	RISE WEST ZERO & KAMINARIMON
1	TORAO28
1	TORAO27
1	IT'S SHOWTIME 54&55
1	Ernesto Hoost Present's IT'S SHOWTIME 2009 Barneveld
1	SLAMM!!: New Generation
1	Next Generation Warriors 3
1	Noord Gestoord
1	Demolition Fight GP
1	「日本骨髄バンクチャリティ CHAKURIKI 3」
1	「〜熊本復興祈念イベント〜火の国格闘伝説 LEGEND7」
1	「日本骨髄バンクチャリティ CHAKURIKI 2」
1	「～縁～ 八芳園 2015」
1	「火の国格闘伝説 LEGEND 6」
1	「NO KICK NO LIFE 2015」
1	「BLADE1」
1	Victory or Hell Part 1
1	The Fights of the Gladiators	（Netherlands）
1	INNO
1	INNOVATION認定 DANGER GYM主催「AROUSAL Ⅵ 」
1	KROSS×OVER.11
1	REBELS68
1	鐵拳-13 （鉄拳）
1	士道館新春興行 FIGHT FOR PEACE 10
1	菅原道場主催 鉄拳12
1	激闘1
1	HOOST CUP KINGS KYOTO 4
1	HOOST CUP KINGS OSAKA 2
1	HOOST CUP KINGS NAGOYA 3
1	HOOST CUP KINGS Kyoto 3
1	HOOST CUP KINGS Kyoto 2
1	HOOST CUP SPIRIT 6
1	ONE SAMURAI 4
1	RIZIN.44
1	武風林2017 〜中国vs欧州対抗戦〜
1	BLADE.2
1	Muay Thai in America
1	全日本キックボクシング連盟「Fighting Base-1」
1	ACB KB 8: Only The Braves
1	King of Kings: World Grand Prix 2016
1	Sportmani Events VIII
1	Ring Stars
1	World Fighting League
1	King of Kings: Hero's Bushido Vilnius 2014
1	Eggesiner Fight Cup
1	The Battle VIII
1	「REBELS.18」
1	M-1ムエタイチャレンジ「Sutt Yod Muaythai vol.1」Part2
1	紅擂台 2019
1	DUEL.16
1	スック ワンキントーン Go to Raja
1	功夫女侠 Kung Fu Girl
1	LEGEND OF KICKBOXER LOK vol.1
1	thaiboxgala Roosendaal Lijsdreem "Judgement Day"
1	M-FIGHT～蹴拳13～Part2
1	DEEP PROTECT IMPACT 2008
1	カオラックスタジアム（タイ）
1	MARS 10 "ALL-OUT WAR"
1	DEEP 30 IMPACT
1	ニュージャパンキックボクシング連盟「FIGHTING EVOLUTION IV 〜進化する戦い〜 健心塾10周年記念大会」
1	ACCEL 格闘武道会4 聖夜決戦
1	ACCEL 格闘武道会2 KARATE REVENGE
1	M-1 FAIRTEX SINGHA BEER ムエタイチャレンジ 〜タイ国王即位60周年記念杯2006〜
1	NO CONTEST
1	XPLOSION SUPER FIGHT GoldCoast
1	シュートボクシング「"S" of the world」
1	X PLOSION Boonchu S-cup
1	X-PLOSION ON JUPITER
1	Judgement Day Super 8
1	XPLOSION 1
1	RESISTANCE-19
1	JAPAN KICKBOXING INNOVATION RESISTANCE-14
1	JAPAN KICKBOXING INNOVATION Resistance-13
1	APAN KICKBOXING INNOVATION 戦闘甲斐士27
1	KROSS×OVER14
1	スックワンキントーン 2025 THE FIRST
1	ONE Friday Fights 89
1	ムエローク2022 ガールズファイト
1	スックワンキントーン to challenge
1	ESISTANCE-5
1	No Respect 3
1	サミー・ケプシー・ル・ショック・デ・モンド
1	LA NUIT DES CHAMPIONS III
1	パンクラス 1995 EYES OF BEAST
1	DESTINY-VII
1	全日本キックボクシング連盟"EVOLUTION step-2"
1	全日本キックボクシング連盟 "Soar Into Space" Chapter 6
1	Thriller from Paris I
1	全日本キックボクシング連盟 "Soar Into Space" Chapter III
1	全日本キックボクシング連盟 "Soar Into Space" Chapter II
1	Sammi Kebchi Promotion
1	全日本キックボクシング連盟 "INSPIRING WARS-THIRD"
1	全日本キックボクシング連盟 "Inspiring Wars Heat-928"
1	全日本キックボクシング連盟 "Inspiring Wars" 1
1	全日本キックボクシング連盟「スーパーファイト2」
1	“初来日”
1	タコマ (ワシントン州)
1	シドニー
1	アトランタ
1	メキシコ
1	ハワイ
1	ポートランド (オレゴン州)
1	タイ王国王妃誕生記念興行 Queen's Cup 2010
1	ニュージャパンキックボクシング連盟「BRAVE HEART 〜START OF NEW LEGEND XV 新しい伝説の始まり〜」
1	M-1 FAIRTEX SINGHA BEER ムエタイチャレンジLegend of Elbows 2008 〜JAI SUU〜
1	ランシットスタジアム
1	全日本キックボクシング連盟「GIRLS STANDING FIGHT 1st.BOUT - Girls SHOCK!」
1	タイ・ランシットスタジアム
1	マーシャルアーツ日本キックボクシング連盟「第2回 梶原一騎杯 '99 キックガッツ」
1	2012特攻シリーズ ファイナル
1	KROSS OVER CAGE
1	I-1 World Muaythai Grand Prix 2024
1	MAX MUAY THAI
1	サラブリー県 特設リング
1	ランシット・スタジアム認定インターナショナルバンタム級王座決定戦
1	キリカン県ファヒン郡 特設リング
1	チョンブリ地区タイトルマッチ
1	Z-1世界トーナメント大会マレーシア CARAVAN TOMOI DUNIA 決勝戦
1	Z-1世界トーナメント大会マレーシア CARAVAN TOMOI DUNIA 1回戦
1	バンコーブア寺院特設リング
1	ムエタイスタジアム
1	ホームシン寺特設リング
1	出陣シリーズVol.5
1	Battle for the Belts
1	M-1 FAIRTEX SINGHA BEER ムエタイチャレンジ NAI KANOMTOM vol.1
1	IKUSA「FUTURE FIGHTER IKUSA 4 〜宴〜 FIREWORKS」
1	TAEKWONDO GAME 2003 〜GRAND PRIX〜
1	SUK WAN KINGTHONG Go to Raja Rookies
1	格闘技のおもちゃ箱 ACF 99th
1	TAS
1	競拳23
1	PEACE
1	ACF 74th
1	2017 MKF ULTIMATE VICTOR 04 KTK CHAMPIONSHIP
1	BOUT
1	REBELS.30
1	Kingdom Fight 21
1	GLORY COLLISION 6
1	REBELS 〜New Year Festival〜
1	ALL BOX WORLD 15th
1	THAI FIGHT EXTREME HONG KONG
1	THAI FIGHT EXTREME CHANNES PARIS
1	Pay Back Time 2, Powerplay Promotions
1	Legends of Heroes: Muaythai vs Kung Fu, Arena of Stars, Genting Highlands
1	SportAccord World Combat Games, Finals -75 kg
1	SportAccord World Combat Games, Semi Finals -75 kg)
1	SportAccord World Combat Games, Quarter Finals -75 kg
1	Kickboxing Superstar XIX Edition
1	Guinée Muay Thai
1	SLAMM "Nederland vs Thailand VI"
1	Les Star du Ring
1	The Return Of The Condentars
1	The Contender Asia Episode 13
1	The Contender Asia Episode 9
1	The Contender Asia Episode 4
1	スッグ・ギャットペット
1	ラジャダムナン創立記念興行
1	スッグ・ペットインディー＋ワンウェラポン
1	スッグ・ペットピア
1	スッグ・D4Dコモーンレン+ペットインディー
1	スッグ・ペットパノムルン
1	「TIME to CHANGE the KICK by J-SPIRIT 2nd」
1	「新・琉王 VS 天下一最強軍団」
1	KROSS×OVER.20
1	武林風 〜世界拳王争覇賽 in 洛陽II〜
1	KROSS×OVER.21 立嶋篤史～100戦目記念大会～
1	出陣シリーズvol.2
1	BRAVE 2003 (日進会館）
1	ONE Friday Fights 164 & The Inner Circle
1	ONE Friday Fights 34: Rodtang vs. Superlek
1	ONE Friday Fights 22
1	MuayThaiOpen 52
1	UNRIVALED-1
1	ONE FRIDAY FIGHTS64
1	暴虎馮河2024
1	RESISTANCE-14
1	RESISTANCE-13
1	RESISTANCE-12
1	海外
1	RESISTANCE-11
1	SOUL IN THE RING Ⅸ
1	韓国・釜山
1	KPKB vol.23
1	HOOST CUP KINGS OSAKA３
1	蹴拳 31 ※蹴拳 ムエタイライト級挑戦者決定戦
1	蹴拳 27   ※蹴拳 ムエタイライト級次期挑戦者決定トーナメント準決勝
1	新日本キック WINNERS 2015 3rd
1	WSR SUK WEERASAKRECK IX
1	蹴拳 24
1	WPMF JAPAN SUK WEERASAKRECK VIII
1	M-FIGHT SUK WEERASAKRECK IV Part.1
1	M-FIGHT～蹴拳13
1	新日本キック NEW FETAL MOVEMENT～新たなる胎動～WINNERS2013
1	M-FIGHT 蹴拳Ｘ Part.1
1	蹴拳 Ⅵ Next Heroes Cup×Legend of Daddy vol.2  ※NEXT HERORS CUPスーパーライト級準決勝
1	2011藤原祭り～夏の陣～ 其の壱  ※NEXT HERORS CUPスーパーライト級決勝戦
1	M-1フレッシュマンズ NEXT HEROS CUP2011 vol.2  NEXT HERORS CUPスーパーライト級準決勝
1	ONE Friday Fights 134
1	Shooto Brazil 3
1	Demolition V
1	Shooto Brazil 2
1	Floripa Fight 3
1	Jungle Fight 7
1	Demolition IV
1	Heavyweight Factory II
1	Stomp GP
1	M-1ムエタイチャレンジ Sutt Yod Muaythai Vol.2 Part2
1	M-1 FAIRTEX SINGHA BEERムエタイチャレンジ NAI KANOMTOM vol.4
1	REVELS
1	T Fight All Star
1	GIFSC
1	Legend of Rajadamnern: Last of the Generation
1	World Fight Kun Khmer Series
1	MAS Fight Kun Khmer
1	All Star Fight 8
1	All Star Fight 7
1	All Star Fight 6
1	All Star Fight 5
1	All Star Fight 4
1	Enfusion 63
1	kunlun Fight 69
1	kunlun Fight 67
1	All Star Fight 2
1	Kunlun Fight 56
1	Wu Lin Feng 2016 –Fight of the Century 2
1	Kunlun Fight 53 - Muay Thai 70kg Championship
1	Kunlun Fight 32
1	Topking World Series 4 – 70kgトーナメント準決勝
1	T-one Muay Thai 2015
1	Wu Lin Feng 2015 – Fight of the Century
1	Quanwei WMC Muaythai International Title 2015
1	Topking World Series 3 – 70kgトーナメント準々決勝
1	Topking World Series 2
1	Topking World Series - 70 kg Tournament, Final 16
1	Chiang Rai WBC Muaythai Championship
1	Monte Carlo Fighting Masters 2014
1	MAX Muay Thai 5: The Final Chapter
1	MAX Muay Thai 4
1	Wu Lin Feng & MAX Muay Thai 3
1	MAX Muay Thai 1
1	Thai Fight 2012: King of Muay Thai Tournament Finals, 70 kg Tournament Final
1	Thai Fight 2012: King of Muay Thai Tournament 2nd Round, 70 kg Tournament Semi Finals
1	Thai Fight 2012: King of Muay Thai Tournament 1st Round, 70 kg Tournament Quarter Finals
1	Thai Fight Extreme 2012
1	Thai Fight 2012
1	Yokkao Extreme 2012
1	Thai Fight 2011 70 kg Tournament, Final
1	Thai Fight 2011 70 kg Tournament, Semi Final
1	Thai Fight 2011 70 kg Tournament, Quarter Final
1	It's Showtime 2008 Eindhoven
1	Le Grand Tournoi Final of The Gladiators
1	SLAMM!! Netherlands vs Thailand
1	WMC Explosion III
1	XPLOSION HONG KONG 2005
1	スッグ・ポープラムック（40万バーツ賭け試合）
1	Chinese police VS Thai police kickboxing Championship
1	K.O.M.A. "King of Martial Arts" GP
1	スッグD4D コーモーンレール3000+スッグ・ペットインディー
1	不明（タイ）
1	Lumpimee 45th Anniversary
1	Lumpimee Featherweight title
1	スッグ・ポープラムック
1	GLORY WORLD SERIES FIRST 16
1	Planet Battle V
1	Gracie Fighting ChampionshipsTeam Gracie vs. Team Hammer House
1	ONE Friday Fights 152 & Superfan Fights
1	第一回国際親善大会 KICK BOXING WORLD CUP in JAPAN/TOKYO
1	ROAD TO ONE JAPAN
1	MAXFC
1	Kings Cup 1st
1	NEO GENERATION
1	King of Strikers 6
1	WBCムエタイ
1	Kings of Muaythai: Belarus vs Europe
1	Fight at The Border
1	USA vs. Belarus
1	ACCEL60
1	AJKN Aggression2025
1	ACCEL Vol.58 桜花絢爛
1	6/13 Stand up vol.2
1	KROSS×OVER.29 -2024 CLIMAX
1	新日本キック「MAGNUM 56」
1	新日本キック「TITANS NEOS 30」
1	新日本キック「TITANS NEOS 29」
1	NUIT DES CHAMPIONS 20
1	M-1ムエタイチャレンジ 「Sutt Yod Muaythai vol.1」Part2
1	2011藤原祭り～冬の陣～
1	「REBELS.9」
1	「2011藤原祭り～夏の陣～」其の弐
1	東日本大震災チャリティーイベント“Stand up JAPAN!”「REBELS.7」
1	スッグ・ジャルムアン
1	第5回岡山ジム主催興業
1	CHAMPIONS CARNIVAL 2015
1	CHAMPIONS CARNIVAL 2014
1	JAPAN KICKBOXING INNOVATION「Dream Force-4」
1	ONE Friday Fights 157 & The Inner Circle Fights
1	ONE Friday Fights 85
1	ONE Friday Fights 75
1	ハードヒット fight 4 da future
1	レジェンド～第6章
1	レジェンド～第5章～
1	NAGOYA KICK ～Devil Gate Drive～
1	英雄伝説2014世界搏撃王争覇戦
1	Tech-KREP Fighting Championship – Soldiers of the Empire
1	GLORY 3 ROMEGLORY WORLD SERIES 2012 70kg Tournament FINAL 8
1	GLORY 1 STOCKHOLMGLORY WORLD SERIES 2012 70kg Tournament FIRST 16
1	大和ジム創立40周年、名古屋JKファクトリー創立20周年記念興行
1	全日本キックボクシング連盟「SUPER FIGHTER 〜MAXIMUM〜」
1	KOMBAT FESTIVAL 2004
1	PALASPORT ARCELLA
1	VICTORY OR HELL
1	全日本キックボクシング連盟「CRUSH」
1	Thai Kick Box Gala Hanau August Scharttner Halle
1	ニュージャパンキックボクシング連盟「CHALLENGE TO MUAI-THAI 4」
1	ニュージャパンキックボクシング連盟「CHALLENGE TO MUAI-THAI 2」
1	ニュージャパンキックボクシング連盟「Millennium Wars 8」
1	ニュージャパンキックボクシング連盟「横浜ヤングファイト」
1	KING EXCEED「KING2」
1	ドラゴンジム「大震災復興チャリティーイベント戦場5」
1	JEWELS「JEWELS 13th RING」
1	ドラゴンジム「BREATHLESS MUAY THAI 7」
1	神風塾「火の国格闘伝説 LEGEND」
1	神風塾「火の国格闘伝説 LEGEND3」
1	BOM WAVE06 - Get Over The COVID-19 -
1	スックワンキントーン Let’s do our best
1	DUEL.25
1	DUEL.24
1	JAPAN CUP KICK vol.4
1	BOMBERS 002～Gateway to “The Battle Of MuayThai”～
1	DEEP JEWELS 27
1	Z-1 CARNIVAL 闘魂シリーズ ヤングファイト
1	MAキック士道館興行「FIGHT FOR PEACE 12」
1	RyskCombat 10
1	マーシャルアーツ日本キックボクシング連盟「BREAK THROUGH 5 〜打破〜新東金ジム30周年記念 戦場の狼IV」
1	IKUSA YGZ04 〜BIRD-BASE〜
1	CHAKURIKI19 ノブ ハヤシ引退記念大会
1	WAKO PRO WORLD CHAMPIONSHIP in CHUNGJU
1	東日本大震災チャリティーイベント“Stand up JAPAN!” REBELS.7
1	2010 WAKO PRO WORLD CHALLENGE IN SEOUL
1	KOMA(King Of Martial Arts) MS 'The Fame'
1	XENIA X-Fighter
1	Tatneft Cup 2009 Final in Russia
1	Ukrainian Muaythai championships 2009
1	8th Ukrainian Muaythai Cup
1	1st Stage of Ukrainian Muaythai Cup 2008
1	The Honor of Soldier tournament
1	KING OF SOUL:Vol.9
1	QP PRESENTS HOOST CUP KINGS KYOTO８
1	Night of Glory
1	ISKA
1	JAPAN KICKBOXING INNOVATION 『RESISTANCE-13』
1	KPKB vol.9 & 10
1	BOM WAVE07- Get Over The COVID-19 –
1	ONE Friday Fights１１０
1	ONE Friday Fights 77
1	ムエローク2019 HACHIOJI
1	DUEL 9
1	KING OF STRIKERS ROUND22
1	TITANS NEOS IV
1	R.I.S.E.-α- "THE FACE"
1	NJKF2018west 4th
1	BOM19
1	BOM18
1	MUAYTHAI HIGHSPEED
1	NKJF DUEL.25
1	LEGION☆JAPAN 2022～百花繚乱～
1	Challeger3
1	ONE Friday Fights 159
1	HEAT52
1	JAPAN KICKBOXING INNOVATION 認定 第10回 岡山ジム主催興行
1	岡山ジム創設50周年記念大会
1	MA日本キックBREAK THROUGH-14～突破口～
1	MA日本キックBREAK THROUGH-13～突破口～
1	K-1甲子園～FINAL 16
1	MA日本キックBREAK THROUGH-11～突破口～
1	MA日本キックBREAK THROUGH-10～突破口～
1	JMCRIDE ON TIME
1	KROSS×OVER EXTRA.6
1	KROSS×OVER18
1	武林風549
1	Kunlun Fight 100
1	Kunlun Fight 71
1	WKunlun Fight 65 - World MAX 2017 Final 16
1	Kunlun Fight 64 Group O Tournament Final
1	Kunlun Fight 64 Group O Tournament Semi-Finals
1	Kunlun Fight 60 Group G Tournament Final
1	Kunlun Fight 60 Group G Tournament Semi-Finals
1	Enfusion Live 47
1	Kunlun Fight 56 - World MAX 2016, Final
1	Kunlun Fight 56 - World MAX 2016, Semi Finals
1	Kunlun Fight 53 - World MAX 2016 Final 8
1	Kunlun Fight 50 – World MAX 2016 Final 16
1	Kunlun Fight 45 - World MAX 2016 Group M Tournament Final
1	Kunlun Fight 45 - World MAX 2016 Group M Tournament Semi Finals
1	Glory of heroes 1
1	Wu Lin Feng 2015 World 67 kg Tournament Final 16
1	MAX Muay Thai 6
1	Max Muay Thai 3
1	WBC Battle of the belts
1	Wushu vs Muaythai
1	Bruce Lee 70th Birthday Celebrations
1	A1 Lyon
1	M-1 Fairtex Muay Thai Challenge
1	英雄伝説　新春武術チャリティナイト
1	Kai Yang Har Dao Tournament, 1st Round
1	ONE Friday Fights120
1	MA日本キック DRAGON.5 ～THE ONE AND ONLY～ 門戸開放
1	シュートボクシング WORLD TOURNAMENT S-cup2012
1	シュートボクシング 2012～Road to S-cup～act.4
1	TK2 World MAX 4ever Edition
1	Kickboxing Gala
1	ONE Friday Fights 135
1	ONE Friday Fights 87
1	龍行天下
1	八王子格闘祭り 〜ムエタイの壁〜
1	ジャパン・ムエタイ・センター「RIDE ON TIME」
1	全日本キックボクシング連盟「CROSS OVER」
1	マーシャルアーツ日本キックボクシング連盟「ODYSSEY-4」
1	タイ・バンコクBBTVスタジアム
1	全日本キックボクシング連盟「KICK the KICK 1999 Stage III」
1	全日本キックボクシング連盟「KICK SPIRITS-X」
1	NKB日本キックボクシング連盟「喝采シリーズ vol.5」
1	山木ジムOB会 "山木ジム21周年記念興業 山木祭り"
1	MA日本キックボクシング連盟 「第2回 梶原一騎杯'99 キック ガッツ」
1	シュートボクシング 「GROUND ZERO TOKYO」
1	MA日本キックボクシング連盟「キック・ガッツ梶原一騎杯」
1	MA日本キックボクシング連盟「最強へのバトル」
1	MA日本キックボクシング連盟「THE SUPREME of KICKBOXING '97」
1	MA日本キックボクシング連盟「ワールド・チャンピオン・カーニバル パート3」
1	MA日本キックボクシング連盟「チャンピオン・カーニバル パート2」
1	世界ムエタイ評議会国際試合 ルンピニースタジアム
1	MA日本キックボクシング連盟 「港山木ジム10周年記念興行」
1	Kリーグ オープニング・ファイト“見参”
1	K-1LEGEND 乱
1	UKF アメリア・オクラホマ州タルサ
1	梶原一騎追悼'90格闘技の祭典
1	MA日本キックボクシング連盟 「港山木ジム7周年記念興行」
1	MA日本キックボクシング連盟 「'92激突ジム対抗戦 扇橋スポーツクラブ１周年記念興行」
1	QP PRESENTS HOOST CUP KINGS OSAKA 5
1	Fight 4 Respect 11
1	Fight 4 Respect 10
1	Fight 4 Respect
1	GLORY 92
1	Fight for Honor II
1	ONE Friday Fights 142
1	ONE Friday Fights 113
1	LETHWEI×UNBEATABLE 北陸大会
1	LETHWEI ✕ UNBEATABLE 第1回大
1	Nariagari vol.2
1	NOC BOJOVNIKOV
1	Fights at the Border II
1	FIGHT FOR PEACE .16
1	MuayThai Super Fight vol.6
1	菅原道場「鉄拳7」
1	ONE Friday Fights 4
1	KNOCKOUT 2022 Vo.8
1	KNOCKOUT 2022 Vo.6
1	REBELS.64
1	PANCRASE302
1	RISING SUN（オランダ）
1	2H2H - Simply the Best IV
1	第2回S-cupトーナメント 決勝
1	第2回S-cupトーナメント 準決勝
1	第2回S-cupトーナメント 1回戦
1	第1回S-cupトーナメント 1回戦
1	Rumble 10
1	Rajadamnern World Series Japan
1	MuayThai Super Fight vol.10
1	YOKKAO 17
1	Lion Fight 21
1	LION FIGHT 11
1	M-ONE GRAND MUAY THAI
1	ホーストカップ
1	米国ムエタイ連盟「ワールド・チャンピオン・ムエタイ・エクストラバギャンザ」
1	大和ジム40周年＆名古屋JKF20周年記念興行 THE ORIGIN OF KICK BOXING 〜キックの源流 大和魂集結!〜」
1	マーシャルアーツ日本キックボクシング連盟「BREAK THROUGH-14 〜突破口〜」
1	ALTIMATE WARRIORS
1	NAGOYAKICK 〜夏FES.09 FREEDOM〜
1	ニュージャパンキックボクシング連盟「START OF NEW LEGEND II 〜新しい伝説の始まり〜」
1	ニュージャパンキックボクシング連盟/センチャイムエタイジム「FIGHTING EVOLUTION II 〜進化する戦い〜 MUAYTHAI OPEN」
1	ニュージャパンキックボクシング連盟「ADVANCE VIII 〜前進〜 真王杯 55kg・60kg オープントーナメント」
1	ニュージャパンキックボクシング連盟/センチャイムエタイジム「ADVANCE VI 〜前進〜」
1	ニュージャパンキックボクシング連盟「ADVANCE V 〜前進〜 YOUNG FIGHT」
1	The Battle Of Muaythai XIV 第1部
1	BOM The Battle Of Muaythai XII
1	MA日本キック BREAK-18～Sils～
1	Fujiwara Festival ～藤原祭り2010～
1	MA日本キック BREAK-2
1	MA日本キック BREAK THROUGH-14～突破口～
1	MA日本キック BREAK THROUGH-12～突破口～KICKGUTS2009～
1	M-1 FAIRTEXムエタイチャレンジ2009『Yod Nak Suu vol.1』
1	ラジャダムナンスタジアム生誕63周年記念興行
1	X-TRA！
1	MA日本キック BREAK THROUGH-4～突破口 KICKGUTS2008
1	JMC RIDE ON TIME
1	MA日本キック BREAKDOWN-8～打破～MA.KICK祭り
1	M-1 MUAY THAI HEARTY SMILES
1	MA日本キック BREAK DOWN 3～打破～
1	MA日本キック 賞金争奪トーナメント士道館新春正月興行
1	MA日本キック SURPRISING-3～W・TITLE MATCH～
1	MA日本キック SUPRISING-2nd
1	MA日本キック DETERMINATION<<決心>>7 KICK GUTS2005
1	MA日本キック DETERMINATION<<決心>>5～戦場の虎～
1	IKUSA YGZ04 ～BIRD-BASE～
1	IKUSA6～宙（SORA）～GANGSTAR☆Z＠Velfarre
1	MA日本キック SUPREM-4 梶原一騎18回忌追悼記念
1	MA日本キック SUPREME-2 ～最高のキック～
1	IKUSA Young Gunners 2
1	FUTURE FIGHTER IKUSA 4 ～宴～ FIREWORKS
1	新撰組プロモーション “新・格闘技の祭典”
1	IKUSA YOUNG GUNNERS
1	MuayThaiOpen 44※引退試合
1	MuayThaiOpen 43
1	MuayThaiOpen 42
1	ルンピニースックギャットペット※日本人で初の金曜ルンピニー大会のテレビ生放送出場
1	MuayThaiOpen 41
1	The Battle Of Muaythai XV
1	MuayThaiOpen39 ＆ Lumpinee Boxing Stadium of Japan
1	蹴拳 34
1	MuayThaiOpen 37 ＆ LumpineeBoxingStadium of Japan
1	MuayThaiOpen 34
1	MuayThaiOpen33 ＆ Lumpinee Boxing Stadium of Japan※MuayThaiOpenスーパーフライ級王座決定戦
1	蹴拳27
1	MuayThaiOpen30※MuayThaiOpenスーパーフライ級王座決定戦
1	MuayThaiOpen 29
1	Muay Thai Open28※MuayThaiOpenフライ級初代王者決定戦
1	MuayThaiOpen27※WMC世界スーパーフライ級王座決定戦
1	M-FIGHT The Battle of Muaythai II
1	Petchyindee
1	「第13回K-1アマチュア全日本大会～アマチュア日本一決定オープントーナメント～」チャレンジAクラス -65㎏ 決勝
1	「第13回K-1アマチュア全日本大会～アマチュア日本一決定オープントーナメント～」チャレンジAクラス -65㎏ 準決勝
1	「第47回K-1アマチュア～全日本大会・東日本予選トーナメント＆ワンマッチ～」チャレンジAクラス -65㎏ 決勝
1	「第47回K-1アマチュア～全日本大会・東日本予選トーナメント＆ワンマッチ～」チャレンジAクラス -65㎏ 準決勝
1	「第47回K-1アマチュア～全日本大会・東日本予選トーナメント＆ワンマッチ～」チャレンジAクラス -65㎏ 一回戦
1	「第44回K-1アマチュア～全日本大会・東日本予選トーナメント＆ワンマッチ～」チャレンジAクラス -65㎏ 決勝
1	「第44回K-1アマチュア～全日本大会・東日本予選トーナメント＆ワンマッチ～」チャレンジAクラス -65㎏ 準決勝
1	「第44回K-1アマチュア～全日本大会・東日本予選トーナメント＆ワンマッチ～」チャレンジAクラス -65㎏ 二回戦
1	「第44回K-1アマチュア～全日本大会・東日本予選トーナメント＆ワンマッチ～」チャレンジAクラス -65㎏ 一回戦
1	「第12回K-1アマチュア全日本大会～アマチュア日本一決定オープントーナメント～」チャレンジBクラス -65㎏ 決勝
1	「第12回K-1アマチュア全日本大会～アマチュア日本一決定オープントーナメント～」チャレンジBクラス -65㎏ 準決勝
1	「第12回K-1アマチュア全日本大会～アマチュア日本一決定オープントーナメント～」チャレンジBクラス -65㎏ 一回戦
1	「第40回K-1アマチュア～全日本大会・東日本予選トーナメント～」チャレンジBクラス -65㎏ 決勝
1	「第40回K-1アマチュア～全日本大会・東日本予選トーナメント～」チャレンジBクラス -65㎏ 準決勝
1	「第40回K-1アマチュア～全日本大会・東日本予選トーナメント～」チャレンジBクラス -65㎏ 二回戦
1	「第40回K-1アマチュア～全日本大会・東日本予選トーナメント～」チャレンジBクラス -65㎏ 一回戦
1	ONE Friday Fights 46: Tawanchai vs. Superbon
1	『創世のタイガ』&『無法島』PRESENTS REBELS 〜New Year Festival〜
1	Chang MuayThai Kiatpetch Super Fight
1	REBELS.26
1	カンボジア・バベット「Titan Fight, Samurai vs Khmer」
1	REBELS.16
1	タイ・カイアディソンスタジアム
1	REBELS×IT’S SHOWTIME ～REBELS.8 & IT’S SHOWTIME JAPAN countdown-1～
1	ジャパンカップ・キックボクシング3
1	ＲＫＳゴールドラッシュ９
1	サムライプロジェクト「サムライ」
1	マーシャルアーツ日本キックボクシング連盟「サムライ2000」
1	マーシャルアーツ日本キックボクシング連盟「TORNADO WARNING〜トルネード襲来!!〜」
1	マーシャルアーツ日本キックボクシング連盟「第二回梶原一騎杯 '99 キックガッツ」
1	ラジャダムナンスタジアム 80周年記念大会 R80
1	長野復興チャリティ 野良犬祭6
1	RIZIN.18
1	HOOST CUP KINGS NAGOYA6
1	スック・ギャットペット
1	Muay Thai Open 41
1	スック ワンキントーン
1	HOOST CUP KINGS NAGOYA2
1	Wanchai+PK MuayThai Super Fight
1	MUAYTHAI WINDY SUPER FIGHT vol.17
1	WINDY Super Fight
1	LEGEND最終章
1	全日本キックボクシング連盟「SWORD FIGHT 2008 〜日本vsタイ・5対5マッチ〜」
1	全日本キックボクシング連盟「S.W.S. 〜Super Welter Struggle〜」
1	NETWORK 2016 フェザー級新人王トーナメント 一回戦 サバイバルマッチ1
1	Suk Wan Muaythai Naikhanomtom
1	M-One "Team Thailand vs. Team America"
1	Muaythai Premier League: Round 2
1	Fist of legend-International tournament fight
1	Thailand Versus Challenger Series 2011
1	China Fight Night
1	Martial Arts Festival "For Russia"
1	Thailand vs Challenger series "Thailand vs Germany"
1	WCK Full Rules Muaythai Championship Event
1	Muaythaitv Trophy et Ultimate Thai 5
1	ワールド・チャンピオン・ムエタイ・エクストラバギャンザ
1	SLAM GALA
1	スッグヨードムエローク クラティーンデーン
1	Finnfight 9
1	Fight Festival 17
1	Fight Festival 16
1	SM
1	Fight Extream 4
1	Urheilutalo
1	NJKF2022 west 3rd
1	Local Kombat 25
1	Local Kombat 23
1	Day of the Parther
1	FAIRTEX FIGHT
1	GRACHAN 17
1	全日本キックボクシング協会 原点回帰 四ノ陣
1	AJKN 2025 SERIES AJKN.11
1	AJKN 2025 SERIES AJKN.10
1	BOMプロモーション『BOM OUROBOROS 2025』BOM OFGミドル級（-72.57kg）王座決定戦　3分3R
1	RWS JAPAN「ラジャダムナン ワールド シリーズ ジャパン」（72.5kg）3分3R
1	BOMプロモーション「ROAD TO ONE JAPAN & Shimizu presents BOM 37」　BOMミドル級（72.57kg）3分5R
1	株式会社BOMプロモーション「BOM OUROBOROS 2022」WPMFインターナショナル ミドル級（72.57kg）王者決定戦　3分5R
1	株式会社BOMプロモーション「BOM 36」WPMFインターナショナル・ミドル級王者決定戦（72.50kg）
1	ビッグバンプロモーション『ビッグバン・統一への道 其の４2』
1	株式会社BOMプロモーション『BOM WAVE08 ー Get Over The COVID-19 ー』日タイ対抗戦　ミドル級（72.57kg）
1	ビッグバンプロモーション『ビッグバン・統一への道 其の４０』
1	株式会社RIKIX『NO KICK NO LIFE 』
1	株式会社BOMプロモーション「BOM ～ The Battle Of MuayThai 〜BOM WAVE07」BOMミドル級（72.57kg）王座決定戦
1	株式会社BOMプロモーション「BOM ～ The Battle Of MuayThai 〜BOM WAVE06 – Get Over The COVID-19 –」BOMミドル級
1	株式会社BOMプロモーション「BOM ～ The Battle Of MuayThai 〜BOM WAVE05- Get Over The COVID-19 –」BOMミドル級（72.50kg）王座決定戦
1	株式会社BOMプロモーション「BOM ～ The Battle Of MuayThai 〜BOM WAVE04 – Get Over The COVID-19 –」BOMミドル級王座決定トーナメント 1回戦
1	岡山ジム「JAPAN KICKBOXING INNOVATION 認定 第7回岡山ジム主催興行」
1	REBELSプロモーション「REBELS.64」
1	株式会社キックスロード「KNOCK OUT×REBELS」
1	ラジャダムナンスタジアム認定 スーパーウェルター級タイトルマッチ〜ラジャダムナン・スタジアム（タイ）〜
1	BEAST 04
1	CPF Muaymansananlok
1	CPF Muaymansananlok + Petchyindee
1	ペッティンディー
1	Konkraeng Muay Thai Muang Chakangraw + Muaymanwansuk
1	ペッティンディー+ギャットペット
1	全日本キックボクシング連盟「BACK FROM HELL - II」
1	KARATE WORLD CUP '94
1	リングス MEGA-BATTLE TOURNAMENT '92 2nd Round
1	リングス MEGA-BATTLE TOURNAMENT '92 1st round
1	格闘技オリンピックII
1	リングス MEGA BATTLE 6th. 颯～HAYATE
1	リングス MEGA BATTLE 5th. 獅子吼～SHI SHI KU
1	リングス MEGA BATTLE 4th. 光臨～KOHRIN リングス旗揚げ1周年記念大会
1	リングス MEGA BATTLE 3rd. 雷～IKAZUCHI
1	リングス MEGA-BATTLE 2nd. 息・吹～IBUKI
1	リングス MEGA-BATTLE 1st. 回天～KAITEN
1	リングス ASTRAL STEP FINAL BLAZE UP 炎上
1	全日本キックボクシング連盟「INSPIRING WARS HEAT」
1	新日本キックBRAVE HEARTS 20
1	ムエタイオープン
1	ブリザードジム興行
1	OGUNIl興行
1	Noc Válečníků 7
1	SuperKombat World Grand Prix 2012 Final Elimination（スーパーファイト）
1	Fight Code: Rhinos Series, Final 16 (Part 3)
1	Lokal Kombat 26
1	BEAT DOWN 2024 フェニックス
1	JAPAN KICKBOXING INNOVATION認定 第9回岡山ジム主催興行 岡山ジム創設50周年記念大会
1	ACCEL vol.53
1	ACCEL vol.51
1	ACCEL 50
1	ALL BOX WORLD 12TH
1	ALL BOX WORLD 11TH
1	Wanchai+Kingthong MuayThai Super Fight
1	バトル・オブ・アーネム（オランダ）
1	プーミポン国王就任50周年記念興行
1	KOK WORLD GP 2013 IN CHISINAU
1	2013年Ｋ1王者決定戦（中国）
1	KOK WORLD GP 2012 IN MOLDOVA
1	Muay Thai Open18
1	MuayThai Open13
1	START OF NEW LEGEND XV～新しい伝説の始まり～
1	NKB「交戦シリーズvlo.6」
1	NKB 2019 出陣シリーズ FINAL
1	HOOST CUP KINGS KYOTO 13
1	HOOST CUP KINGS KYOTO 8
1	RKS GOLD RUSH VII
1	PANCRASE 257
1	谷山ジム「ビッグバン・統一への道 其の六」
1	K-1甲子園2009 FINAL16
1	武林風大会
1	NAGOYAKICK 〜BoogieFight09 VACANCY〜
1	ニュージャパンキックボクシング連盟「Muay Thai Heritage 2」
1	ニュージャパンキックボクシング連盟「アゼリア大正」
1	RKSゴールドラッシュ14
1	JAPAN CUP KICK 6
1	BOM38
1	SUKWANKINGTHONG Keep going 2
1	SUKWANKINGTHONG to challenge 2
1	ACCEL20 格闘技夏祭り
1	シュートボクシング GROUND ZERO TOKYO
1	SHOOT THE SHOOTO XX
1	シュートボクシング GROUND ZERO YOKOHAMA
1	シュートボクシング S-CUP Thunder and lightning
1	ラジャダムナンスタジアム Knockout
1	オトゴースタジアム
1	NJKF拳之会主催興行18th～ NJKF2022 west 2nd ～
1	NJKF連盟DUEL
1	PRINCE REVOLUTION 48
1	PRINCE REVOLUTION SURVIVAL 4
1	戦士 SENSHI 15
1	戦士 SENSHI 14
1	戦士 SENSHI 12
1	トルコ
1	European Thai Boxing Championship
1	WBKF Europe Title (+93kg) @ Club Arbat
1	Kickboxing World Cup Szeged
1	WBKF Eurasia Title (+93kg) @ Club Arbat
1	Fight Festival 9
1	WAKO World Cup 2008 Szeged
1	マーシャルアーツ日本キックボクシング連盟「BREAK THROUGH-13 〜突破口〜」
1	マーシャルアーツ日本キックボクシング連盟「2009士道館新春興行 BREAK THROUGH-9 〜添野道場40周年記念大会〜」
1	マーシャルアーツ日本キックボクシング連盟「BREAK THROUGH-7 〜CHAMPION CARNIVAL〜 MA日本キック連盟4階級タイトルマッチ」
1	マーシャルアーツ日本キックボクシング連盟「BREAK DOWN 3 〜打破〜」
1	マーシャルアーツ日本キックボクシング連盟「DETERMINATION（決心）9th 〜CHAMPION CARNIVAL MA日本6階級タイトルマッチ〜」
1	マーシャルアーツ日本キックボクシング連盟「DETERMINATION（決心）7th 〜梶原一騎19回忌追悼記念 第8回梶原一騎杯 キックガッツ2005〜」
1	新・格闘技の祭典2005
1	BRAVE CORE III
1	マーシャルアーツ日本キックボクシング連盟「EXPLOSION-1」
1	マーシャルアーツ日本キックボクシング連盟「新春正月興行」
1	KAKIDAMISHI 2
1	マーシャルアーツ日本キックボクシング連盟「『闘い続ける男たち』パート2」
1	マーシャルアーツ日本キックボクシング連盟「COMBAT-2000 王道」
1	マーシャルアーツ日本キックボクシング連盟「戦国シリーズ仁義なき闘いパート3 Millennium Battle 2000」
1	マーシャルアーツ日本キックボクシング連盟「添野道場30周年記念大会 仁義なき闘いパート2」
1	GLORY 13 Tokyo
1	GLORY 9 New York - 2013 95kg Slam
1	Music Hall & BFN Group present: It's Showtime 58
1	Siam Gym Belgium presents It's Showtime 56
1	It's Showtime Warsaw
1	IT'S SHOWTIME 2011 Lyon
1	Fightingstars presents: IT'S SHOWTIME Sporthallen Zuid
1	Local Kombat 28 "Invazia greilor"
1	Lokal Kombat 27 "Porţile de fier"
1	Local Kombat 24 "Bătaie în Giuleşti"
1	Local Kombat 19 "Infruntarea titanilor"
1	Local Kombat 16 "Liga Campionilor"
1	Local Kombat 14 "Lupta capitala"
1	Local Kombat 12 "Fara mila"
1	Local Kombat 10 "Arde Braila"
1	Local Kombat 8 "Duelul giganţilor"
1	Local Kombat 6
1	Local Kombat 5
1	Local Kombat 4
1	日本キックボクシング連盟 "2006 逆襲シリーズ"
1	ONE Friday Fights 124
1	ONE Friday Fights 107
1	ノースエリア格闘技イベントBOUT39
1	NARIAGARI vol.4
1	Uiltslagen Roosendaal Gala
1	Beast of The East
1	Balans Kickboxing Gala
1	WFCA Ultimate Glory 2
1	Fighting NEXUS vol.19
1	MAGNUM 51
1	MAGNUM 50
1	RUSH ON
1	大和～YAMATO～32
1	JEWELS 21st RING
1	JEWELS 16th RING
1	JEWELS 13th RING
1	武林風 第3回中日対抗戦
1	武林風 中国対世界選抜
1	「仙台青葉ジム創設40周年記念興行」
1	ニュージャパンキックボクシング連盟「BRAVE HEART 〜START OF NEW LEGEND VIII 新しい伝説の始まり〜」
1	ニュージャパンキックボクシング連盟「戦勇士」
1	女子キックボクシング「天空」 New Beginning 〜女の夢 全て託して舞い上がれ〜
1	天空・大和撫子の闘い 女子キックボクシング第2回大会
1	KTK17 BMK
1	Fighting NEXUS “BAYSIDE BATTLE in YOKOSUKA 2025” in 神奈川歯科大学アリーナ
1	Fighting NEXUS vol.22
1	Japan Kickboxing Innovation Dream Force-9
1	JAPAN KICKBOXING INNOVATION Dream Force－5
1	JAPAN KICKBOXING INNOVATION HARD CORE 聖域2014 ‐2nd‐
1	JAPAN KICKBOXING INNOVATION HARD CORE 聖域2014‐1st‐
1	JAPAN KICKBOXING INNOVATION Hardcore聖域 2013 ～FINAL～
1	JAPAN KICKBOXING INNOVATION Hardcore聖域2013～2nd～
1	KPKB vol.9
1	KPKB vol.7
1	BreakingDown11
1	DEEP 113 IMPACT
1	DEEP TOKYO IMPACT 2022 5th ROUND
1	DEEP TOKYO IMPACT 2022 4th ROUND
1	W clutch vol.2
1	W5 GRAND PRIX MOSCOW
1	FUTURE FIGHTER IKUSA 6 〜宙（SORA）〜 GANGSTAR☆Z
1	R.I.S.E. THE LOW of THE RING 〜日本vs世界〜
1	R.I.S.E. DEAD or ALIVE TOURNAMENT
1	R.I.S.E. Fourth
1	スッグ・プンパンムアン（ルンピニー・スタジアム）
1	全日本キックボクシング連盟「LEGEND-I」
1	ニュージャパンキックボクシング連盟「achivement 1 〜約束の地へ到達〜」」
1	ニュージャパンキックボクシング連盟 「絆 Ⅷ」
1	ジャパン・キックボクシング・イノベーション 「戦闘甲斐士 18」
1	HEAT 「HEAT 26」
1	「力保健搏擊之夜(第18回)-風林火山 6」（香港）
1	「力保健搏擊之夜(第15回)-風林火山 5」（香港）
1	柏龍「慈善國際泰拳賽」（香港）
1	「力保健搏擊之夜(第11回)-風林火山 2」（香港）
1	KROSS×OVER -EXTRA.3
1	キングダムエルガイツ東京大会～メジャー系団体vsインディー系団体 全面対抗戦～
1	FIGHTERS GATE-9 ～夢の扉を開け～
1	KINGS 3rd
1	WARDOG CAGE FIGHT 46
1	ACCEL Vol.57
1	BLOOM FIGHTING CHAMPIONSHIP
1	ACCEL Vol.56
1	BRAVE CORE II
1	ONE Fight Night 44
1	ONE Fight Night 38
1	ONE 166: Qatar
1	Muay Thai Mania III
1	Ring Rage Part 5
1	Fight Time: WDC World Championship
1	TOUGH IS NOT ENOUGH
1	Brave CF 97
1	Pro Fight 28
1	ブルガリア・ブルガスアリーナ
1	Glory Collision 4
1	Glory 81
1	Max Fight 50
1	Mix Fight Championship
1	GLORY: Collision 3
1	Colosseum Tournament 27
1	Max Fight 46
1	The Spirit of Bulgaria
1	Glory 73
1	GLORY 73
1	GLORY 66
1	GLORY 62
1	GLORY 59
1	GLORY 52
1	GLORY 45
1	GLORY 41
1	国内カード
1	Max Fight 37
1	Ultimate pro Fight 2
1	Ultimate pro Fight
1	2H2H - PRIDE & HONOR
1	RISING SUN 6（オランダ）
1	全日本キックボクシング連盟「WAVE-VI」
1	Road to ONE:4th Young Guns
1	ROAD to ONE 3rd：TOKYO FIGHT NIGHT
1	KICK Insist27
1	EM Legend 36
1	Wu Lin Feng 2016: WLF x Krush - China vs Japan
1	中日拳王永州大决战
1	SAMURAIあばれ祭 VOL.8
1	平江中日格闘技対抗戦
1	LEGEND CUP vol.21
1	HEAT25
1	蹴拳4
1	CHIKISEI FIGHTING DREAM 1
1	TRIBELATE vol.18
1	ニュージャパンキックボクシング連盟「BRAVE HEART (START OF NEW LEGEND III)
1	ニュージャパンキックボクシング連盟「BRAVE HEART I
1	R.I.S.E. MIGHTY EIGHTY TOURNAMENT '06【MIGHTY EIGHTY TOURNAMENT 1回戦
1	BATTLE FRONT 1
1	琉球鉄拳王IV
1	Survivor～Round.7～
1	Survivor 〜Round.4〜
1	カンボジア
1	ニュージャパンキックボクシング連盟「キックボクシング 真王杯 55kg・60kg オープントーナメント（ADVANCE X 〜前進〜）」
1	SuperKombat World Grand Prix 2012 Final
1	3rd Steko Fight Night
1	Capital Punishment 4
1	SuperKombat World Grand Prix II 2011
1	タイ バンコク
1	MUAY THAY MAYHEM-11 in NY
1	WPKC公認3分3R イタリア パドゥヴァ
1	WMCインターコンチネンタルバンタム級タイトルマッチ
1	S-1女子バンタム級8人トーナメント
1	54kg契約 Girls SHOCK V
1	インターナショナル女子ムエタイスーパーフライ級タイトルマッチ
1	マーシャルアーツ日本キックボクシング連盟「COMBAT-2000 王道II」
1	バンタム級 イタリア ジェノヴァ
1	54kg契約 タイ ローイエット
1	54kg契約 イタリア
1	Bloom Fighting Championship 05
1	Grove.All.Fight
1	JAPAN CUP KICK Vol.5
1	NJKF2022 west 6th ワイルドウェスト2
1	NJKF2021 west 京都大会 〜ワイルドウエスト〜
1	NKB 必勝シリーズvol.3 ZーⅢCarnival
1	ONE Friday Fights 143
1	ONE Friday Fights123
1	KPKB vol.16
1	大和～YAMATO～23
1	BOM WAVE 07 – Get Over The COVID-19 –
1	BOM WAVE 05 – Get Over The COVID-19 –
1	BOM WAVE 03 – Get Over The COVID-19 –
1	ONE Fight Night 20: Todd vs. Phetjeeja
1	ONE Fight Night 16: Haggerty vs. Andrade
1	Empower
1	Gladiators Night 9
1	ISKA Full Contact World Title (+93kg)
1	WKA - Russia vs Europe
1	ISKA Kickboxing World Championship
1	WBKF - Russia vs Czech
1	KS-SELECTION presents AJKN.3~頂~
1	AJKN.1 ～始動～
1	WKN GLADIATOR 8
1	INFINTY
1	マーシャルアーツ日本キックボクシング連盟「BREAK THROUGH-11 〜突破口〜」
1	国際格闘技武道連盟
1	全日本キックボクシング連盟「全日本ライト級最強決定トーナメント2004/FINAL STAGE」
1	全日本キック vs J-NETWORK「MOVEMENT」
1	戦士 SENSHI 8
1	カラテワールドカップ '94
1	SM Thaiboxing 2008 Finals
1	SM Thaiboxing 2008 quarter finals
1	HEAT24
1	Kings of Combat 3
1	XPLOSION SUPER FIGHT SYDNEY
1	KINGS OF THE RING
1	LICENSE‘2’THRILL
1	全日本キックボクシング連盟「KICK OVER13」
1	全日本キックボクシング連盟「Destiny V」
1	全日本キックボクシング連盟「Evolution STEP3」
1	全日本キックボクシング連盟 ラスベガス興行
1	全日本キックボクシング連盟「One Truth」
1	シュートボクシング「SB若手選手対強豪ムエタイ選手」
1	シュートボクシング「’88ファーストマッチ・SB協会北米支部設立記念試合」
1	MA日本キック JAPAN CUP KICK 9
1	MA日本キック JAPAN CUP KICK Vol.VⅡ
1	Bellator Kickboxing 9
1	IT'S SHOWTIME ATHENS
1	Ultimate Glory 11: A Decade of Fights
1	Gala International Multi-boxes à Coubertin
1	K.O. Events "Tough Is Not Enough
1	The KHAN 2008 Series 1
1	KO World Series 2008 Auckland
1	Alkmaar
1	Kings of Oceania 2004
1	IT'S SHOWTIME 7
1	MT ONE
1	IT'S SHOWTIME -Amsterdam ArenA-
1	It's Showtime -Original-
1	IT'S SHOWTIME -Christmas Edition-
1	Day of No Mercy
1	WMC Muay Thai World Title
1	IFMA World Muay thai Championships, semi final
1	Muay Thai Fight Night (WPKL)
1	PRINCE REVOLUTION 19
1	ONE Friday Fights 131
1	ONE Friday Fights 72
1	+WEED presents RIZIN LANDMARK vol.2
1	Fighting NEXUS “SUBLIME GUYS FIGHT in KAWAGOE 2025”
1	Fighting NEXUS Strike up vol.3
1	NJKF拳之会主催興行19th ～NJKF2022 west 5th～
1	FIGHTING NEXUS SUBLIME GUYS FIGHT in KAWAGOE 2022
1	DEEP CAGE IMPACT 2011 in HAMAMATSU
1	club DEEP 東京
1	ビッグバン・統一への道 其の45
1	HEAT46
1	NO KICK, NO LIFE
1	KICK GUTS 2013 梶原一騎杯 ～真樹日佐夫 追悼興行～
1	SRS.2011 -For Japan-
1	シュートボクシング 2011 act.2 -SB168-
1	2012“湯都論剣”世界格闘王者争覇戦
1	2012 武林風 第7回中日対抗戦
1	HEAT12
1	TRIBELATE vol.24
1	REBELS 2
1	M-1 FAIRTEX SINGHA BEER ムエタイチャレンジ 2009「Yod Nak Suu vol.4」
1	M-1 FAIRTEX ムエタイチャレンジ2009「Yod Nak Suu vol.1」
1	M-1 FAIRTEX SINGHA BEER ムエタイチャレンジ「Legend of elbows 2008 〜YOD MUAY〜」
1	M-1 日タイ修好120周年記念イベント 120th ANNIVERSARY OF JAPAN-THAILAND 〜MUAY THAI HEARTY SMILES〜
1	Yogibo presents RIZIN.30
1	ONE 157: PETCHMORAKOT VS VIENOT
1	KPKB.vol.8
1	天空キックボクシング協会「キックボクシング『天空』〜四季〜」
1	天空キックボクシング協会「キックボクシング『天空』〜東西南北〜」
1	天空キックボクシング協会「キックボクシング『天空』〜星雲〜」
1	天空キックボクシング協会「キックボクシング『天空』〜希望〜」
1	GLORY 5 LONDON
1	IT'S SHOWTIME 6 "As Usual"
1	IT'S SHOWTIME 4
1	IT'S SHOWTIME 3 - Exclusive
1	Battle of Arnhem II
1	Thaiboxing - Thrill of the Year!
1	IT'S SHOWTIME 1
1	WPKL Muay Thai Fight Night
1	S-cup BOMBER
1	S-CUP Thunder and lightning
1	K-2 Plus Tournament 1994 準々決勝
1	K-2 GRAND PRIX '93 準々決勝
1	K-2 GRAND PRIX '93 準決勝
1	全日本キックボクシング EVOLUTION STEP 3
1	リングス格後楽園実験リーグ '93 Round2
1	格闘技オリンピックIII〜'92カラテワールドカップ
1	リングス有明大会「光臨」
1	硬派er-'92格闘技オリンピックⅠ
1	DUEL 24
1	戦場 20
1	DUEL 22
1	被災地復興チャリティー NIPPON FIGHT
1	club DEEP 浜松
1	タイ女子ムエタイ大会
1	GIRLS STANDING FIGHT 1st.BOUT - Girls SHOCK!
1	Splendid Grand Prix
1	ECE #9
1	M-FIGHT ムエローク 2013 -3rd
1	REBELS MUAYTHAI-1
1	M-1MC「M-1ムエタイチャレンジ Sutt Yod Muaythai vol.1」 Part1
1	REBELSプロモーション「REBELS-EX」
1	M-1フレッシュマンズ4
1	M-1 MC「2010 M-1フレッシュマンズ Vol.3」
1	Fair FC 13
1	マーシャルアーツ日本キックボクシング連盟「SURPRISING 4th 〜梶原一騎20回忌追悼記念 第9回梶原一騎杯 キックガッツ2006〜」
1	WPKC認定キックボクシング大会
1	タイ王妃生誕記念女子ムエタイ大会
1	黄金筋肉 女子総合格闘技 最強女王決定トーナメント
1	全日本キックボクシング連盟「GIRLS STANDING FIGHT - Girls SHOCK III」
1	女子格闘技Gals
1	第11回岡山ジム主催興行 ZAIMAX MUAYTHAI
1	RE:ORIGIN
1	MAGNUM 56
1	TITANS NEOS 30
1	WLF武林風545
1	WLF武林風世界カンフー盛典
1	WLF武林風541in唐山
1	WLF武林風in唐山
1	WLF武林風2020世界カンフー盛典in珠海
1	武林風2019WLFワールドカップ2018-2019決勝
1	武林風2018：WLF-67kgワールドカップ2018-2019
1	武風林 2017: World Championship Xi'an
1	武風林 2017: 60 kg 世界トーナメント, 1/8 決勝
1	武風林 2017: 60 kg 世界トーナメント, 1/8 準決勝
1	武風林 2017: 60 kg 世界トーナメント, 1/8 準々決勝
1	武風林 2017: 60 kg 世界トーナメント, 1/8 開幕戦
1	武風林
1	ニュージャパンキック 2014
1	M-fight - Suk WEERASAKRECK II
1	パウンドフォーパウンド vol.1
1	RISE ZERO 2015.8.9
1	RISE ZERO 2015.6.7
1	RISE ZERO Ariake
1	DEEP 99 IMPACT
1	RUMBLE AT THE RIDGE VII
1	全日本キックボクシング連盟「CUB☆KICK'S 3day 3rd -CUB☆KICK'S-4」
1	全日本キックボクシング連盟「CUB☆KICK'S I」
1	全日本キックボクシング連盟「藤原祭り2005」
1	全日本キックボクシング連盟「TRIAL LEAGUE I」
1	MA日本キックボクシング連盟公認大会 ジャパンカップキック4
1	日本骨髄バンクチャリティ CHAKURIKI 16 白鷺祭
1	GLORY 104
1	ONE Friday Fights 34
1	Techo Santepheap Kun Khmer World Champion
1	ONE Friday Fights 119
1	RLibogen Fight Night VII
1	ONE Friday Fights 122
1	PRINCE REVOLUTION
1	S-BATTLE 2025
1	スーパービッグバン2020 第二部
1	DEEP HAMAMATSU IMPACT 2019
1	DEEP HAMAMATSU IMPACT 2018
1	RISE ZERO Shinjuku
1	TITANS NEOS14
1	チャクリキ ゴールドラッシュ 2 ダブルブレード
1	TITANS NEOS 13
1	RKS GOLD RUSH11
1	JAPAN CUP KICK BOXING vol.4
1	JAPAN CUP KICK BOXING vol.3
1	BreakingDown19.5
1	BreakingDown19
1	BreakingDown18
1	BreakingDown17
1	BreakingDown13.5
1	K-1甲子園2020～高校生日本一決定トーナメント～ 55kg決勝戦
1	K-1甲子園2020～高校生日本一決定トーナメント～ 55kg準決勝
1	K-1甲子園2020～高校生日本一決定トーナメント～ 55kg準々決勝
1	K-1甲子園2020～高校生日本一決定トーナメント～ 55kg二回戦
1	第6回K-1アマチュア全日本大会～アマチュア日本一決定オープントーナメント～ 決勝戦
1	第6回K-1アマチュア全日本大会～アマチュア日本一決定オープントーナメント～ 準決勝
1	第20回K-1アマチュアK-1チャレンジAクラス 55kg準決勝
1	第20回K-1アマチュアK-1チャレンジAクラス 55kg決勝戦
1	The Battle Of Muay Thai SeasonⅡ vol.6 Part.2
1	添野道場50周年記念大会
1	BOM XX The Battle Of Muay Thai 20
1	FIGHT FOR PEACE 9～
1	The Battle Of Muaythai 16
1	KICK GUTS 2014 第17回梶原一騎杯 真樹日佐夫三回忌追悼興行
1	KICK GUTS 2013 梶原一騎杯 真樹日佐夫 追悼興行
1	BREAK－33～新春士道館興行～FIGHT FOR PEACE 4
1	BREAK-24 ～SAGITTARIUS～
1	FIGHT FOR PEACE III 5大タイトルマッチ BREAK-22
1	BREAK-18～Sils～
1	BREAK-15～Gaia～
1	～KICKBOXING 戦闘甲斐士8～
1	BREAK-7～トリプルタイトルマッチ～
1	FIGHTERS GATE-6～夢の扉を開けろ～
1	SUK Phumpanmuang×TRIBELATE vol.41
1	2024年3月20日
1	全日本キックボクシング連盟 Fujiwara Festival 〜藤原祭り2008〜
1	マーシャルアーツ日本キックボクシング連盟「ODYSSEY-1 伊藤隆・引退記念試合」
1	Wolf Revolution Second Wave
1	マーシャルアーツ日本キックボクシング連盟「COMBAT 2000」
1	マーシャルアーツ日本キックボクシング連盟「TORNADO WARNING トルネード襲来!!」
1	シュートボクシング 〜GROUND ZERO TOKYO〜
1	MA日本キック KING OF SOUL vol.6
1	DEEP NAGOYA IMPACT 公武堂ファイト
1	LETHWEI ✕ UNBEATABLE 第1回大会
1	BOUT33
1	BOUT 17 函館大会
1	BOUT 15 函館大会
1	BOUT 12
1	BOUT 10
1	JAPAN KICKBOXING INNOVATION Champions Carnival 2017 II
1	ONE Fight Night 11: Eersel vs. Menshikov
1	ONE on TNT III
1	Big Bang II
1	ONE Championship 84: Warrior's Dream
1	Glory 49: Rotterdam
1	Glory 42: Paris
1	Glory: Collision
1	Glory 34: Denver
1	Glory 29: Copenhagen
1	Glory 26: Amsterdam
1	Glory 23: Las Vegas
1	One Shot World Series
1	Glory 6: Istanbul
1	Glory 2: Brusselsl
1	Muay Thai Mania V
1	Glory 1: Stockholml
1	United Glory 15: World Series 2012
1	Natural Powers
1	Klaar Om Te Bossen 3
1	Muay Thai Premier League: Round 3
1	Kickboxgala Golden Glory Helmond, Sporthal Haagdijk
1	Ultimate Glory 2010 First Round
1	A1 WORLD COMBAT CUB
1	Star Muaythai V
1	GGH Gala
1	SLAMM Nederland vs Thailand V
1	Ulimate Glory 9
1	Slamm 4 One Night in Bangkok
1	Ultimate Glory 5
1	Fight Night in Veghel
1	West Point Fight II
1	WFCA Gala The Eye of the Tiger
1	It's Showtime Trophy 75kg Tournament
1	Showdome IV
1	Queens Fight Night
1	Face to Face
1	WPKL Muay Thai Champions League XIII
1	Gala in Kampen
1	Dutch Muay Thai Championships
1	WFCA Gala in Nijmegen
1	RKS GOLD RUSH 11
1	RKS GOLD RUSH 10
1	『K-1 WORLD MAX 2010 IN SEOUL -70kg World Championship Tournament FINAL16』
1	『K-1 WORLD MAX 2010 〜-63kg Japan Tournament 1st Round〜』1回戦
1	『R.I.S.E. 46 〜THE KING OF GLADIATORs '08〜』60kg CHAMPION MATCH（タイトル挑戦者決定戦）
1	『R.I.S.E.-γ- "R.O.C"』タイトルセレクションマッチ
1	全日本キックボクシング連盟『New Year Kick Festival 2008』
1	全日本キックボクシング連盟『「浪漫」Kick Return Kickboxer of the best 60 Tournament 〜決勝戦〜』Kick Returnトーナメント リザーブファイト
1	『R.I.S.E. FLASH to CRUSH TOURNAMENT '07』FLASH to CRUSH TOURNAMENT '07 1回戦
1	『R.I.S.E. FLASH to CRUSH TOURNAMENT '06』FLASH to CRUSH TOURNAMENT '06 1回戦
1	『R.I.S.E. XXV』
1	全日本キックボクシング連盟『EVOLUTION』
1	HEAT 7
1	Afternoon Rumble
1	First of the Year
1	ニュージャパンキックボクシング連盟「START OF NEW LEGEND IX 〜新伝説の始まり〜 Start Me Up!!」
1	ニュージャパンキックボクシング連盟「INFINITE CHALLENGE IX 〜無限の挑戦〜」
1	ニュージャパンキックボクシング連盟「X-DUEL VIII 〜終わりなき決戦〜 TOSHIMAX」
1	ニュージャパンキックボクシング連盟「X-DUEL II 〜終わりなき決戦〜」
1	日本キックボクシング連盟「2003 首領底シリーズ ファイナル」
1	ニュージャパンキックボクシング連盟「Hot blood kick boxing」
1	ニュージャパンキックボクシング連盟「DREAM RUSH 7」
1	ニュージャパンキックボクシング連盟「DREAM RUSH 3」
1	ニュージャパンキックボクシング連盟「CHALLENGE TO MUAYTHAI 10」
1	ニュージャパンキックボクシング連盟「CHALLENGE TO MUAYTHAI 9」
1	ニュージャパンキックボクシング連盟「CHALLENGE TO MUAYTHAI 5」
1	野良犬電撃作戦2009
1	M-1 FAIRTEXムエタイチャレンジ2009 Yod Nak Suu vol.1
1	M-1 FAIRTEX ムエタイチャレンジ Legend of elbows2008～YODMUAY～
1	野良犬電撃作戦
1	M-1 FAIRTEX ムエタイチャレンジ Regend of elbows 2008～CRASH～
1	全日本キックボクシング連盟 「浪漫」
1	全日本キック CUB☆KICK’S-6
1	全日本キック New Deal
1	真王杯 ADVANCE VIII ～前進～
1	真王杯 ADVANCE VII ～前進～
1	全日本キック CROSSOVER
1	全日本キック SWORD FIGHT 2006～日本VSタイ・5対5マッチ～
1	Muay Thai Lumpinee Krikkri Fights
1	全日本キック STACK OF ARMS
1	PAIN and GROLY
1	全日本キック MOVING
1	ONE Friday Fights 41
1	ONE Friday Fights 13
1	ONE 159: DE RIDDER VS. BIGDASH
1	TK2 Tournament
1	武林風 World Championship 2017
1	Survivor 〜Round.7〜
1	マーシャルアーツ日本キックボクシング連盟「BREAK THROUGH-3 〜突破口」
1	ニュージャパンキックボクシング連盟「START OF NEW LEGEND 〜新伝説の始まり〜」
1	Removing Land Mines Charity　Event
1	ニュージャパンキックボクシング連盟「FIGHTING EVOLUTION VIII 〜進化する戦い10th〜 THE NEXT GENERATION, WHO GET THE CHAMP!?」
1	ニュージャパンキックボクシング連盟「FIGHTING EVOLUTION VI 〜進化する戦い 6th〜」
1	ニュージャパンキックボクシング連盟「FIGHTING EVOLUTION III 〜進化する戦い〜 3KINGS チャンピオン・カーニバル」
1	国王生誕記念ムエタイ世界大会
1	ニュージャパンキックボクシング連盟「INFINITE CHALLENGE II 〜無限の挑戦〜」
1	Evolution 22
1	Brute Force 11
1	Evolution 15: The Contender Qualifier
1	Evolution 14: The Contenders
1	Evolution 13: Carnival of Carnage
1	XPLOSION SUPER FIGHT 18
1	Evolution 11
1	XPLOSION SUPER FIGHT 15 - Macao
1	XPLOSION SUPER FIGHT 14 - Sydney
1	XPLOSION SUPER FIGHT 11 - HONG KONG
1	XPLOSION 10 - WMC World Title Match
1	XPLOSION 9
1	WMC World Title in Hong Kong
1	Xplosion Super Fight Vol. 5
1	シュートボクシング「"S" of the world Vol.3」
1	TENKAICHI fight
1	FUTURE FIGHTER IKUSA 3 -特攻- BROKEN ARROW
1	R.I.S.E. second
1	一撃
1	HEAT48
1	NKB日本キックボクシング連盟『野獣シリーズvol.7』
1	BLADE 1 - BLADE FIGHTING CHAMPIONSHIP- BLADE FC JAPAN -61kg
1	ラウェイ ミャンマー vs. タイ チャレンジファイト
1	ムエローク2019グローバル
1	ムエローク GLOBAL 2018
1	KROSS×OVER -EXTRA.6&MUAYTHAI FESTA
1	HEAT 50回記念大会
1	静岡キックvol.3
1	HOOST CUP～KINGS NAGOYA～
1	DEEP HAMAMATSU IMPACT 2014
1	GRACHAN25×BFC vol.2
1	WINDY Super Fight 2015
1	ONE Friday Fights 163
1	SHOOT the SHOOTO
1	SHOOT THE RISIN雷神Vol.2 IRONFIST
1	タイ・ルンピニースタジアム「スッグ・ワンソンチャイ」
1	MA日本キックボクシング連盟「CHAMPION CARNIVAL」
1	Uインター vs. シュートボクシング
1	SB世界スーパーミドル級タイトルマッチ
1	シュートボクシング「BATTLE GAME!! CAESAR FINAL COUNTDOUN Vol.1」SB全日本ホーク級王者決定戦
1	シュートボクシング「シュートボクシング VS　K.I.C.K Ⅱ」
1	シュートボクシング「SB新世代戦争」
1	APF - Azerbaijan vs. Europe
1	HERO'S Lithuania 2009
1	リトアニア・ブシドー協会「GRADIATORS」
1	World Amateur Muay Thai Championship
1	WMF Finals in Bangkok
1	WBKF European Muay Thai title (-93kg)
1	WBKF European Muay Thai title (93kg)
1	WBKF European Muay Thai title (-81kg)
1	Golden Panther Cup Finals (81kg) @ Club Arbat
1	BARS "Arbat"
1	ONE Friday Fights 101
1	龍生塾 THE FORCE
1	RIZIN.30
1	HOOST CUP SPIRIT 3 - 魂 其之参
1	HOOST CUP KINGS - 王者たちの饗宴
1	HOOST CUP ～魂・其之弐～
1	Infliction Fight Series #37
1	War in the Shore
1	Australia vs The World
1	Rebellion 30
1	Infliction Fight Series
1	REBELLION MUAYTHAI XXVII
1	Infliction
1	Credissimo Golden Fight
1	Topking World Series
1	Best Of Siam XIII (ラジャダムナンスタジアム)
1	The Big Match Super Fight (ラジャダムナンスタジアム)
1	Rajadamnern International Fight
1	Thai Fight : We Love Yala
1	Lumpinee TKO
1	Nemesis XI
1	Prestige Fight Series 3
1	Destiny 5
1	Road To Rebellion IV
1	Eruption 10
1	Sunday Championship Night
1	HEAT 50
1	HEAT 39
1	HEAT 36
1	ビッグバン・統一への道 其の21
1	HEAT 34
1	HEAT 30
1	SFK～7th anniversary～ ×REBELS -SPIRIT FIRE KOBE-
1	TRIBELATE vol.36～Title Match Festival～
1	KING OF STRIKERS Round 6
1	DEMOLITION 2DAYS ～day 2nd Kick Boxing～ – HIGH SPEED –
1	DEEP KICK 2
1	NAGOYA KICK～BoogieFight09 VACANCY～
1	DEEP KICK
1	NAGOYA KICK～BoogieFight08 Sandcastle～
1	NAGOYAKICK～BoogieFight07 Black Sunday～
1	S-1
1	La Nuit des Champions 31
1	Glory of Heroes 32 Huizhou
1	NO KICK NO LIFE 2015
1	NO KICK NO LIFE 2014
1	ONE FRIDAY FIGHTS 98
1	ONE Friday Nights 71
1	Rebels68
1	MuaythaiOpen47
1	MuayThaiOpen46
1	MuaythaiOpen45
1	SukWanKingThong
1	Rebels.60
1	MuaythaiOpen44
1	MuaythaiOpen43
1	蹴拳CONNECT
1	MuaythaiOpen42
1	MuaythaiOpen41
1	M-ONE 4.1
1	MuaythaiOpen40
1	堺市産業振興センター 85kg契約
1	新木場ファーストリング SKKBスーパーミドル級王座決定戦
1	新宿フェイス SKKBライトヘビー級王座決定戦
1	ドラゴンボクシングスタジアム80kg契約
1	KICK the ROOTS 〜宇都宮キックボクシング2〜
1	新☆四角いジャングル 〜ミスター格闘技降臨!!〜もっともっと梶原一騎〜
1	タイ国 王宮前広場
1	BBTVスタジアム
1	67Kg世界最強決定トーナメント　フランス　ベルーシー体育館
1	富士急ハイランド特設リング
1	横浜文化体育館
1	RFA 29
1	SPACE ONE × BOM
1	Space One Champions
1	RUSH ON2
1	Space One Champions 2024
1	RWS Legend of Rajadamnern: Last of the Generation
1	中日拳王決戦
1	Kickboxing of the world
1	Blade FC 2
1	Oktagon 2015
1	OKTAGON 2015
1	Blade 1
1	谷山ジム「ビッグバン・統一への道 其の十二」
1	BREAK-9 〜MA日本ランキング戦〜
1	Wカプセル
1	MA日本キック SURPRISING-3rd
1	Wカプセル Vol.1
1	Wカプセルvol.1
1	R.I.S.E. DEAD or ALIVE Tournament ’05（一回戦）
1	R.I.S.E. DEAD or ALIVE Tournament ’04 1回戦
1	IKUSA YOUNG GUNNERS 2
1	MA日本キック EXPLOSION-3～挑戦者決定戦最終章～
1	ミネルヴァOSAKA
1	ニュージャパンキックボクシング連盟/センチャイムエタイジム「Muay Thai Open6」
1	ニュージャパンキックボクシング連盟健心塾主催「WEST SWELL 〜西のうねり〜」
1	ニュージャパンキックボクシング連盟「START OF NEW LEGEND III 〜新しい伝説の始まり〜」
1	ニュージャパンキックボクシング連盟「START OF NEW LEGEND 〜新しい伝説の始まり〜」
1	ニュージャパンキックボクシング連盟「FIGHTING EVOLUTION XIII 〜進化する戦い13th〜 The Last Supper 最後の晩餐」
1	ニュージャパンキックボクシング連盟「FIGHTING EVOLUTION XII 〜進化する戦い12th〜 THE "FIVE-STAR" FIGHT」
1	ニュージャパンキックボクシング連盟「FIGHTING EVOLUTION X 〜進化する戦い10th〜 THE NEXT GENERATION、WHO GET THE CHAMP!?」
1	ニュージャパンキックボクシング連盟「FIGHTING EVOLUTION VIII 〜進化する戦い8th〜 COUNTER THE ASIAN ATTACK」」
1	ニュージャパンキックボクシング連盟「FIGHTING EVOLUTION VI 〜進化する戦い6th〜 BATTLE OF THE WARRIORS」
1	ニュージャパンキックボクシング連盟「FIGHTING EVOLUTION III 〜進化する戦い〜 THREE KINGS CHAMPION CARNIVAL」
1	ニュージャパンキックボクシング連盟「ADVANCE IX 〜前進」
1	MA日本キックボクシング連盟「DETERMINATION（決心） 6th 〜新人王トーナメント2005〜」
1	MA日本キックボクシング連盟「DETERMINATION（決心） 1st」
1	ONE Friday Fights143
1	EFC蛮火豹.7
1	ISKAキックボクシング
1	New Zealand vs England
1	NZ - AUS - HOL
1	NextGen
1	KROSS×OVER -CAGE.8-
1	DUEL.34
1	MAGNUM 61
1	BOUT35
1	RISE GIRLS POWER3
1	La Onda Fight Night: Blood In Blood Out
1	Noc skorpiona 6
1	TRIBELATE Vol.56 酒井秀信 江戸川区凱旋 タワーホール船堀 格闘技大会
1	TRIBELATE Vol.53
1	TRIBELATE voI.51
1	TRIBELATE voI.50
1	TRIBELATE vol.49
1	TRIBELATE vol.48×WINDY SPORTS
1	TRIBELATE vol.46
1	TRIBELATE vol.44
1	TRIBELATEvol.42×SUK Phumpanmuang
1	NICE MIDDLE 17
1	全日本キック「LEGEND-VII」
1	全日本キック「YOUNG GUN」
1	M-1 FAIRTEX SINGHA BEER ムエタイチャレンジLegend of Elbows 2008 〜YOD MUAY〜
1	スッグ・フェアテックス（ルンピニー・スタジアム）
1	スック・フェーアテックス（ルンピニー・スタジアム）
1	全日本キックボクシング連盟「全日本ライト級最強決定トーナメント 1st. Stage」
1	全日本キックボクシング連盟「JUST BRING IT!」
1	ジャパンキックボクシング NAGAE ISM
1	静岡キックvol.5
1	一撃 3.19 ICHIGEKI
1	EFC蛮火豹７
1	K-1甲子園2017 ～高校生日本一決定トーナメント～ -55kg準決勝/2分3R・延長1R
1	K-1甲子園2017 ～高校生日本一決定トーナメント～ -55kg準々決勝/2分3R・延長1R
1	K-1甲子園2017 ～高校生日本一決定トーナメント～ -55kg二回戦/2分3R・延長1R
1	KHAOS 4
1	HOOST CUP　KINGS KYOTO2 ～英雄凱旋！～
1	ALL BOX WORLD 9th
1	K-1甲子園2016 ～高校生日本一決定トーナメント～ -55kg決勝戦/2分3R・延長1R
1	K-1甲子園2016 ～高校生日本一決定トーナメント～ -55kg準決勝戦/2分3R・延長1R
1	K-1甲子園2016 ～高校生日本一決定トーナメント～ -55kg準々決勝/2分3R・延長1R
1	K-1甲子園2016 ～高校生日本一決定トーナメント～ -55kg二回戦/2分3R・延長1R
1	競拳Jr7
1	競拳Jrタイトルマッチ
1	競拳Jr決勝戦
1	競拳Jr1回戦戦
1	競拳Jr2
1	競拳jr.1
1	競拳Jr6
1	GANZBERG KUN KHMER
1	Mattrid Kun Khmer Grand Fight
1	WLF 537
1	MUAY2010 2nd 〜ムエロークプレステージ
1	アジア太平洋キックボクシング連盟「THE SUPER KICKBOXING」
1	宇都宮蹴拳伝 Vol.2 〜宇都宮四天王凱旋!〜
1	M-1 FAIRTEX SINGHA BEER ムエタイチャレンジ Legend of Elbows 2008 〜JAO SUU〜
1	M-1 FAIRTEX SINGHA BEER ムエタイチャレンジ Legend of Elbows 2008 〜CRASH〜
1	新日本キックボクシング「MAGNUM15」
1	M-1 FAIRTEX SINGHA BEER ムエタイチャレンジ 〜BATTLES OF FATE 2007〜
1	M-1 FAIRTEX SINGHA BEER ムエタイチャレンジ「タイ国王即位60周年記念杯2006」
1	M-1 FAIRTEX SINGHA BEER ムエタイチャレンジ「Legend of Elbows 2006 July 9」
1	パンクラスZ in 熊本 2005
1	ACCEL vol.40
1	ACCEL Vol.39
1	ACCEL vol.38
1	ACCEL vol.37
1	ALL BOX WORLD
1	KROSS OVER.26
1	KROSS×OVER.19
1	KROSS×OVER.18
1	KROSS×OVER.17
1	村上祭 VOL.1
1	RISE.102
1	DRAGON ROAD THE ONE AND ONLY TAKE6
1	KICK GUTS 2014 第17回梶原一騎杯
1	HEAT32
1	士道館新春興行MAキック世界、日本3大タイトルマッチ
1	DRAGON.3 ～THE ONE AND ONLY～ 門戸開放
1	KICK GUTS 2013 梶原一騎杯 ～真樹日佐夫 追悼興行
1	DRAGON ROAD ～ONE AND ONLY TAKE2～
1	BREAK－33～新春士道館興行～ FIGHT FOR PEACE 4
1	愛媛松山大会 雷舞 創世
1	BREAK-25 ～CANNONBALL～
1	BREAK-23 ～Jack pot～
1	BREAK－20 ～RAISE～
1	BREAK-16～GRASP～
1	BOUT-9
1	BREAK－12 ～It starts～
1	BEAT DOWN
1	BREAK-5～MA日本ライト級王座決定戦準決勝～
1	M-1フレッシュマンズvol.2
1	NEXUS MANIA 2024 in GEN SPORTS PALACE
1	STRIKE NEXUS.1
1	NEXUS STRIKE UP Vol.0
1	Gala Fearless 5
1	出陣シリーズVol.3 Z-Ⅱ Carnival ヤングファイト
1	BUNGELING BAY SPIRIT 縁 〜enishi〜
1	タイ王妃生誕77周年祝賀女子ムエタイ大会
1	かきだみし5 -GENESIS U-60kg級トーナメント決勝戦-
1	全日本キックボクシング連盟「CUB★KICK'S-3」
1	PRO-KARATEDO達人NEO9
1	Ring Sensation Championship: Uprising 12
1	Knees Of Fury 27
1	EVOLUTION 18
1	European Muaythai Championships 2008
1	Fury in Macau
1	XPLOSION Macau
1	MARS WORLD FIGHTING GP 1st in Korea
1	Knees of Fury 12
1	XPLOSION 10 - WMC World title Match
1	Knees of Fury IX
1	Knees of Fury VIII
1	SM Thaiboxing Gala
1	Knees of Fury VII
1	Battle of the Anzacs
1	Knees of Fury VI
1	Into the Fire 2/2
1	Knees of Fury IV
1	License 2 Thrill
1	WMC World Heavyweight Title
1	KB4
1	South Australia vs Thailand
1	Chaweng Stadium
1	Chewang Stadium
1	WMC Lightheavy weight World Title
1	Kanchanaburi Stadium
1	Thailand vs West Australia
1	Thai Consul General's Cup
1	Night of Fighters
1	XPLOSION マカオ
1	KINGS OF THE RINGKINGS
1	2025 WKBF in Mun Gyeong
1	MuayThaiOpen50
1	World Kings Of Muay-Thai Contend for Hegemony - LETS FIGHT II
1	IMPERIAL 〜帝国〜
1	M-1 FAIRTEX SINGHA BEER ムエタイチャレンジ Legend of elbows 2008 〜MIND〜
1	スッグペッティンディー（ルンピニー・スタジアム）
1	全日本キック Rock'n Roll☆U5 FIGHT☆Hill it!
1	MA日本キック DETERMINATION≪決心≫7 KICK GUTS 2005
1	MA日本キック DETERMINATION≪決心≫5 〜戦場の虎〜
1	全日本キック NEVER GIVE UP
1	全日本キック SURVIVOR
1	全日本キック The Championship
1	MA日本キック 東金ジム26th anniversary SUPREME-3 〜戦場の虎〜
1	全日本キック 全日本ライト級最強決定トーナメント2004/2nd STAGE
1	全日本キック KNOCK DOWN
1	全日本キック 全日本ライト級最強決定トーナメント
1	全日本キック BACK FROM HELL-II
1	全日本キック GOLDEN TRIGGER
1	全日本キック Who's Next 02
1	MA日本キック 最強を求めて!「出陣・決戦」
1	MA日本キック 新春正月興行
1	MA日本キック ADVANCE-1
1	MA日本キック ODYSSEY-4
1	MA日本キック キック ガッツ 2001
1	ドリームプロデュース 真昼の決闘
1	MA日本キック 最強を求めて!世界制覇
1	MA日本キック 北沢大会
1	RIZIN DECADE
1	BEAST.05
1	RKS GOLD RUSH Ⅺ
1	X FORCE ONE
1	JAPAN CUP KICKBOXING Vol.4
1	アクセル53
1	JAPAN CUP KICKBOXING Vol.3
1	競拳 20
1	競拳 WAKANO Owner Birthday  Anniversary 2021
1	Super Gp 3
1	SUPER GP
1	The Battle of Arnhem Part2
1	Rostock Fight Night
1	Länderkampf - Deutschland vs. Nordirland
1	Rostocker Fight Night
1	ドイツ
1	ビッグバンISEHARA 其の1
1	NKB日本キックボクシング連盟「必勝シリーズvol.1」
1	日本キックボクシング連盟「交戦シリーズvol.1」
1	GFC 7: Iron Is Back
1	FEA Kickboxing
1	S-BATTLE 2018 冬の陣
1	S-BATTLE vol.14 2017 -冬の陣-
1	NKB 2021 必勝シリーズvol.4
1	ANGEL CHAMPAGNE presents RIZIN LANDMARK 4 in NAGOYA
1	Road to RWS
1	Road to KING２
1	全民英雄 拳時代
1	RISE WEST.6
1	レジェンド～第8章～
1	LEGEND 7th STAGE
1	NAGOYA KICK ～GUY IS BACK～
1	NAGOYA KICK～Unidad con el Diablo～
1	DEMOLITION WEST
1	HEAT 46
1	La Familia Fight Night X
1	Yangames Fight Night
1	WFL
1	グローバルFC
1	火の国格闘伝説　LEGEND2
1	The Battle in Best
1	SHOCK OF EUROPE
1	The Night of The Sensation
1	WMTA WORLD CHAMPION
1	SUPER PRESTIGE FIGHT
1	THE NIGHT OF THE TRUTH
1	リングス 光臨
1	FIGHT OF THE HEAVY TANKS
1	NIGHT OF FIGHTS
1	イングランド
1	Thai-Kickboxing Gala
1	Glory World Series 2012 Moscow
1	Time Fight
1	ラーマ9世生誕記念祭
1	United Glory 12: 2010-2011 World Series Quarterfinals
1	Urban Boxing United
1	UKC FRANCE MAX
1	Ernesto Hoost Presents IT'S SHOWTIME 2009 Barneveld
1	NUIT DES SPORTS DE COMBAT
1	nuit des boxeurs thai Brest le
1	Nuit des Titans
1	Gala in Geneve
1	Enher the Plaza Muay Thai Gala
1	Total K Romania
1	A-1 Tournament @
1	ISKA Heavie weight Title
1	A-1 Tournament Istanbur
1	Best of The Best
1	TENKAICHI FIGHT
1	TENKAICHI Fight
1	INNOVATION Innovation champion carnival
1	MA日本キック KICK GUTS 2012 第15回梶原一騎杯
1	MA日本キック BREAK-24
1	MA日本キック BREAK-17
1	MA日本キック 真樹ジムAICHI10周年記念興行 J-1 time
1	MA日本キック BREAK－12
1	MA日本キック BREAK-9
1	MA日本キック BREAK-7
1	MA日本キック BREAK-4
1	MA日本キック BREAK THROUGH-14
1	MA日本キック FIGHTERS GATE-6
1	MA日本キック FIGHTERS GATE-5
1	MA日本キック BREAK THROUGH-3
1	RIZIN.22 - STARTING OVER -
1	Total K, Romania
1	ACCEL54
1	ACCEL53
1	ACCEL52
1	ACCEL51
1	Mix Fight Championship 24
1	RIZIN FIGHTING WORLD GRAND-PRIX 2015 さいたま3DAYS
1	Rumble of The Kings
1	PLANET BATTLE
1	SUK WAN KINGTHONG "advance"
1	SUK WAN KINGTHONG "decive battle"
1	STRIKE NEXUS.3
1	ILOCANDIA MUAYTHAI FIGHTERS LEAGUE
1	HOOST CUP KINGS OSAKA6〜BURNNING ! OSAKA〜
1	第一回国際親善大会KICK BOXING WORLD CUP in JAPAN
1	HOOST CUP KINGS WEST
1	GLADIATOR 56
1	Marokko VS Turkije
1	Westpoint Fight Night
1	CHALLENGER 12
1	Kick Insist 23
1	ONE Friday Fights 91
1	BOM WAVE 04 – Get Over The COVID-19 – 第1部
1	NO KICK NO LIFE～新章～
1	NAGAE ISM
1	The Battle Of Muaythai BOM WAVE01 Get Over The COVID-19
1	Road to ONE：2nd sponsored by ABEMA
1	BOM‐THE BATTLE OF MUAY THAI SEASON2 vol.2
1	新日本キック TITANS NEOS 25
1	新日本キック SOUL IN THE RING 16
1	新日本キック TITANS NEOS 24
1	新日本キック MAGNUM 46
1	新日本キック MAGNUM 45
1	新日本キック WINNERS2017 2nd
1	新日本キック MAGNUM 43
1	新日本キック SOUL IN THE RING XIV
1	SIAM WARRIORS SUPERFIGHTS
1	新日本キック TITANS NEOS 2
1	新日本キック MAGNUM 40
1	新日本キック SOUL IN THE RING 13
1	新日本キック TITANS NEOS XVIII
1	新日本キック WINNERS 2015 2nd
1	新日本キック Soul in the RingXII
1	新日本キック WINNERS 3rd
1	JAPAN KICKBOXING INNOVATION Dream Force -I
1	新日本キック WINNERS 2014
1	新日本キック MAGNUM 33
1	新日本キック BRAVE HEART 22
1	新日本キック MAGNUM 31
1	新日本キック SOUL IN THE RING IX
1	新日本キック BRAVE HEARTS 20
1	新日本キック SLEDGE HAMMER IV
1	新日本キック MAGNUM 28
1	20年月日 / 新日本キック TITANS NEOS 26
1	ONE Friday Fights 129
1	ONE Friday Fights 93
1	Kunlun Fight 68
1	Rumble Of The Kings
1	Kunlun Fight 60
1	Kunlun Fight 48
1	Kunlun Fight 43
1	Enfusion Live 34
1	IFC 3
1	Its Fight Time
1	Kunlun Fight 25
1	Kunlun Fight 23
1	KOK World GP 2014 in Chișinău
1	KOK World GP 2014 in Gdansk
1	KOK World Grand Prix 2013
1	Legend 1
1	Enfusion Live: Barcelona
1	United Glory - 2010-2011 World Series Finals
1	WKBF World title (76kg) Semi-finals
1	WBKF European title @ Club "Arbat"
1	11th Ukrainian Muay Thai championships
1	Ukraine vs Belarus
1	10th Ukrainian Muay Thai championships
1	Ukraine vs Kyrgyz @ Club Arbat
1	ONE Championship Friday Fight
1	Heroes Fight Event
1	The Night of Stars
1	シュートボクシング「無双〜MU-SO〜 其の壱」
1	Rising Sun-7
1	WFCA Gala Roosendaal
1	Verslag gala Time for Action
1	Battle of Arnhem 4
1	Fighting NEXUS “BAYSIDE BATTLE in YOKOSUKA 2024”
1	WMC世界スーパーヘビー級王座防衛
1	SUK WAN KINGTHONG Keep going 2
1	ACCEL vol58 桜花爛漫
1	ACCEL Vol.57 2024 FIRST BATTLE
1	Ultimate Glory 2010/11 Final Round, Super Fight
1	Big8 Grand Prix "European Selection"
1	W5 Grand Prix 2009 Ryaza
1	PKP Oriental Rules Kickboxing Tournament
1	MAX FC 20
1	SHOIOT BOXING YOUNG CAESER CUP CENTRAL No.19
1	NAGOYA KICK ～Unidad con el Diablo～
1	NAGOYA KICK ～WALK ON～
1	club DEEP 公武堂ファイト
1	RKSゴールドラッシュ11
1	RKS GOLD RUSH
1	ACCEL vol.47
1	Yiannis Evgenikos presents: It’s Showtime Athens
1	Gala Internacional de Kickboxing de Alenquer
1	Fights at the Border presents: It's Showtime 2009
1	Kickboxing Cup 2007
1	Gentleman Gala Tilburg
1	It's Showtime UK Trophy 75 MAX
1	It's Showtime Trophy 75 MAX
1	It's Showtime Trophy 75 MAX Tournament
1	WFCA Gala
1	Fights at The Border 4
1	Gentlemens Promotion
1	Gala in Maldegem
1	Gentleman's Promotion Gala in Tilburg
1	Test of Talents Gala
1	Test of Talents -Battle at The Coast-
1	WPKL Muay Thai Champions League XII
1	Test of Talent Reloaded III Mortsel
1	Thaiboxing & Freefight event in Alkmaar
1	WPKL Muay Thai Champions League XI
1	Xena Sport Victory Or Hell 8
1	WPKL Muay Thai Champions League VIII
1	Xena Sport Victory Or Hell 7
1	鐵拳-15
1	Knuckle’s15@熊本グランメッセ
1	朝倉未来にストリートファイトで勝ったら1000万円
1	鐵拳-13
1	HEAT47
1	村上祭 Vol.1
1	MKF
1	士道館新春興行MA日本4大タイトルマッチ～
1	DRAGON.5 - THE ONE AND ONLY 門戸開放
1	シュートボクシング GROUND ZERO TOKYO 2013
1	DRAGON ROAD - ONE AND ONLY TAKE 2
1	シュートボクシング 2013 act.2
1	IT'S SHOWTIME JAPAN countdown-2
1	FIGHT FOR PEACE Ⅲ 5大タイトルマッチ BREAK-22
1	BREAK-15 -Gaia-
1	BRAVE CORE
1	BREAK-7 ～トリプルタイトルマッチ～
1	MA日本キック BREAK-7〜トリプルタイトルマッチ〜
1	BREAK-6 ～MA日本ライト&フェザー級王座決定戦～
1	BREAK-4～KICK GUTS 2010 梶原一騎24回忌追悼記念
1	BREAK-1
1	THE SMOKER’S PARTY 2
1	BREAK THROUGH-2～突破口～
1	BREAKDOWN-8～打破～MA.KICK祭り
1	KICK GUTS 2007 梶原一騎21回忌追悼記念
1	BREAK DOWN-5～打破～新東金ジム29周年記念
1	マーシャルアーツキック賞金争奪トーナメント士道館新春正月興行
1	CHAOS－MADMAX～混沌の中から覇者は生まれる～
1	ムエローク2014 -2nd-
1	ムエローク2014 -1st-
1	M-FIGHT The Battle of Muaythai II
1	タイ・ルンピニースタジアム
1	ムエローク2012 -3rd-
1	ムエローク2012 -2nd-
1	M-1ムエタイチャレンジ Sutt Yod Muaythai vol.1 Part1
1	世界の果てまでイッテQ 極真空手vs少林寺拳
1	ムエローク2011 -2nd-
1	ムエローク2011 -1st-
1	K-1甲子園2009 関東地区予選大会
1	DEMOLITION ‐HIGH SPEED Ⅲ
1	DEMOLITION Σ 2DAYS
1	ZAIMAX MUAYTHAI 2026
1	HOOST CUP KINGS KYOTO 3
1	The Battle Of MuayThai SEASONⅡ vol.6 pt.2
1	MuayThaiOpen 46
1	The Battle Of MuayThai SEASONⅡ vol.2
1	MuayThaiOpen42
1	ムエローク 2017 1st
1	ムエローク2016 1st
1	HEAT 33
1	WAR on the SHORE
1	東西最強対決異種格闘技戦
1	梶原一騎追悼'90格闘技の祭典異種格闘技戦
1	OSAKA INSPIRE
1	激突!!シュートボクシング日米重量級マッチ
1	世界ホーク級タイトルマッチ
1	「シュートボクシングvsムエタイ第2弾」
1	UWF 真夏の格闘技戦「THE PROFESSIONAL BOUT」異種格闘技戦
1	「SBワールドレボリューション宣言」 世界ホーク級王座決定戦
1	「’88ファーストマッチ・SB協会北米支部設立記念試合」
1	「'87ファイナルマッチ SBvsカナダマーシャルアーツ5対5チェンジングマッチ」異種格闘技戦
1	大阪激烈バウト巍桜流拳法 vs シュートボクシング
1	「シュートボクシングvs沖縄空手チェンジングマッチ」異種格闘技戦
1	「格闘技スポーツ元年」（第4戦）全日本ホーク級タイトルマッチ
1	「格闘技スポーツ元年」（第3戦）異種格闘技戦
1	「格闘技スポーツ元年」（第2戦）異種格闘技戦
1	「格闘技スポーツ元年」（第1戦） 異種格闘技戦
1	「伝統への挑戦」
1	Wu Lin Feng -60kg Contender Tournament, Final
1	Wu Lin Feng -60kg Contender Tournament, Semi Finals
1	Empire League Team II
1	Nuit Des Gladiateurs 10
1	Kunlun Fight 74 World -61.5kg Tournament, Semi Finals
1	Kunlun Fight 74 World -61.5kg Tournament, Quarter Finals
1	W5 #42: "European League"
1	第9回岡山ジム主催興行
1	第8回岡山ジム主催興行
1	NO KICK NO LIFE 新章～雲外蒼天～✖︎DIAMOND FES
1	第6回岡山ジム主催興行
1	第4回岡山ジム主催興行
1	ONE on TNT I
1	Bellator Kickboxing 12
1	Bellator kickboxing 10
1	Duel 3
1	WLF武林風
1	Victory - ACB KB9: Showdown in Paris
1	Thai Boxe Mania 2017
1	Nuit Des Championship 2016
1	Monte-Carlo Fighting Masters
1	KOK World GP 2010 in Dnipropetrovsk, Semi-Finals
1	Explosion Fight Night Volume 01
1	La Nuit des Challenges 8
1	Muaythai Gala in Divonne
1	A-1 World Cup Combat Lyon
1	La Nuit de la Boxe 2009
1	Légendes et Guerriers
1	Carcharias Team Boxing Gala
1	Le Choc des Best Fighters 1
1	La Nuit des Challenges 5
1	Fighting Day 8
1	JAPAN KICKBOXING INNOVATION RESISTANCE－19
1	スッグ マハーガムムエタイローク S-1 ワールドチャンピオンシップ
1	Viking Fight Rumble in the West
1	WARRIORS CUP OF AMERICA
1	WARRIORS CUP OF AMERICA III
1	WARRIORS CUP OF AMERICA II
1	IKF NIGHT OF CHAMPIONS
1	Beyond The Horizon
1	Pinnacle of Power
1	ONE:IMMORTAL TRIUMPH
1	ONE:CALL TO GREATNESS
1	ONE: KINGDOM OF HEROES
1	BLADE.2 -BLADE FIGTHING CHAMPIONSHIP-
1	REBELS.36
1	REBELS.32
1	M-FIGHT～蹴拳13～Part.1
1	M-FIGHT～蹴拳Ⅻ×Legend of Daddy3
1	蹴拳Ⅸ Part.2
1	全日本キックボクシング連盟『Kick Return』Kickboxer of the best 60 Tournament 〜開幕戦〜
1	M-1 FAIRTEX SINGHA BEERムエタイチャレンジ「獲武-腕 物語 2007」
1	M-1 FAIRTEX SINGHA BEERムエタイチャレンジ「BATTLES OF FATE 2007」
1	IKUSA GP ＜-U60 SUPERSTAR☆Z＞ TOURNAMENT 〜FINAL STAGE
1	Combat at The Capitale III -The Combat vs. IKUSA-
1	WOLF REVOLUTION meets LUZ
1	全日本キックボクシング連盟全日本ライト級最強決定トーナメント 〜決勝戦〜
1	Wolf Revolution -resurrection-
1	マーシャルアーツ日本キックボクシング連盟KING COMBAT-2002 - KICK BOXING 60kg TOURNAMENT 日本最強決定戦
1	渋谷クラブサミット99「Future shock fair -ON POINT-」
1	THAI FIGHT Muay Thai The World's Unrivalled Fight
1	REBELS.66
1	Kiatpetch Muay Thai
1	ONE Friday Fights 47
1	グループエスカラデーPRESENTS HOOST CUP KINGS NAGOYA 11
1	グループエスカラデーPRESENTS HOOST CUP KINGS NAGOYA10～NAGOYAチャンピオンカーニバル～DAY FIGHT
1	BOM～The Battle Of MuayThai～-ouroboros 2021-
1	MA日本キック BREAKDOWN（打破）5 ～新東金ジム29周年記念 戦場の狼3～
1	FUTURE FIGHTER IKUSA 5 ～乱～MONKEYMAGIC
1	XPLOSION 5- In Progress -
1	X-PLOSION 5
1	中国功夫-日本シュートボクシング争奪戦
1	X-PLOSION Boonchu S-cup
1	MA日本キック 最強を求めて！出陣・決戦
1	Full Blast II
1	Warriors Of Light
1	ONE Friday Fights 128
1	King of Rookie 2024
1	Z RACING PARTS presents RESISTANCE-12
1	NJKF2024 west 1st
1	DEEP HAMAMATSU IMPACT 2025 1st ROUND
1	WLF MAX 武林風551
1	ONE WARRIOR SERIES 10
1	ONE Warrior Series 8.日本VS世界
1	ACCEL45 真夏の格闘技祭り
1	RKS GOLD RUSH Ⅳ
1	club DEEP 富山 -野蛮人祭り7-
1	第13回KODO‐魂動-
1	第11回 KODO-魂動
1	Amsterdam Fightclub
1	SLAMM Nederland vs Thailand VI
1	Freefight & Kickbix Gala
1	Beatdown
1	Amsterdam Fightclub presents
1	Fight Gala in Curacao
1	The Chosen Ones
1	Muaythai Gala in Zonnehuis
1	Diamonds of the Future
1	FF/Muay Thai Gala in Oostzaan
1	Men of Honor
1	Fight Gala in Beverwijk
1	QP PRESENTS HOOST CUP KINGS KYOTO10
1	WFC 5: Noc Gladiatora III
1	Sukosan Fight Night
1	King of Colosseum
1	GLORY 11
1	GLORY 2 Brussels
1	GLORY 1 Stockholm
1	IT'S SHOWTIME 55
1	Ultimate Glory 2010/11 Final Round
1	K.O. Night in the Margriethal
1	Muay Thai Mania II
1	Rings Scentsation
1	MM Thaibox Gala
1	A-1 World Champions League
1	Ultimate Glory III
1	Gala in Margriethal
1	Gala in Vlaardingen
1	Bushido Europe "Rotterdam Rumble"
1	It's Showtime 12
1	Night of the Explosion
1	2 Hot 2 Handle XVII
1	Tulp Muay Thai Gala
1	A Night To Remember
1	Muay Thai Gala in Dordrecht
1	Fighting Party
1	WPKL Gala in Schuttersveld
1	PetrosyanMania
1	戦士 SENSHI30
1	戦士 SENSHI26
1	Trieste Fight Night
1	戦士 SENSHI22
1	etrosyanMania GLOD EDITION
1	戦士 SENSHI21
1	PetrosyanMania GLOD EDITION
1	Megdan 7
1	KING OF KINGS 72
1	KUNLUN FIGHT 49 × REBELS.45
1	ウィラサクレック・フェアテックス（WSR） - SUK WEERASAKRECK IX
1	PANCRASE 246 (REBELS提供試合 キックルール)
1	IT’S SHOWTIME 54
1	REBELS-EX 〜HINATA's wave〜
1	TRIAL LEAGUE.3
1	TREASURE HUNT Ⅳ
1	Ultimate Glory 2010/11 Final
1	W5 Grand Prix 2009
1	Rumble in the Hague
1	Bad Boys Day
1	WFCA Baltic Grand Prix
1	Local Kombat 13
1	Emmen Spoiler
1	蹴拳
1	グループエスカラデーPRESENTS HOOST CUP KINGS NAGOYA9
1	RIZIN.53
1	新日本キック TITANS NEOS 35
1	KROSS×OVER30
1	BOM WAVE03 pt.2 ~Get Over The COVID-19~
1	INNOVATION AROUSAL-5
1	RKSゴールドラッシュ17
1	GAINA魂2025
1	RKSゴールドラッシュ16
1	RKSゴールドラッシュ15
1	MAキックボクシングキックボクシング・チャンピオンウォーズ・オールスター戦
1	シュートボクシング Shoot the Shooto XX
1	UWFインターナショナル '96挑戦～HIGH TENSION～
1	K-LEAGUE オープニングファイト "見参" KENZAN
1	MA日本キックキックボクシング連盟　山木ジム6周年記念興行
1	MA日本キックキックボクシング連盟 EXCITING MUAY THAI
1	「タイvsオランダ 3」ルンピニースタジアム
1	全日本キックボクシング連盟 Inspiring Wars Heat-928
1	全日本キックボクシング連盟 Inspiring Wars Heat 630
1	世界ムエタイ連盟日本大会
1	「タイvsオランダ 2」ルンピニースタジアム
1	Holland Goes to Thailand ルンピニースタジアム
1	オランダ vs ムエタイ5対5全面対抗戦 アムステルダム
1	フランス・パリ
1	アメリカ・ラスベガス
1	NKB 喝采シリーズ vol.5
1	INNOVATION 『戦闘甲斐士27』
1	INNOVATION 『Z RACING PARTS presents RESISTANCE-10』
1	INNOVATION 『RESISTANCE-5』
1	KPKB vol.28
1	GLADIATOR 033
1	GLADIATOR 032 in OSAKA
1	GLADIATOR 031
1	GLADIATOR 030
1	HOOST CUP KINGS OSAKA 6 ～ BURNING! OSAKA ～
1	Road to Legend 6 in NAGOYA
1	HEAT
1	REBELS 44
1	RKS競拳 暴走台風伝説 vol.1
1	POWER GATE カイザーグランプリ
1	S-BATTLE 2018 桜の陣
1	Bellator 157
1	RKS GOLD RUSH 5
1	MAキック RKSゴールドラッシュ 2
1	バトルイベントREALDEAL
1	Great kickboxing spectacle
1	Fight Club Berlin
1	S-1 Championship
1	K.O.T.R.-EUROPEAN
1	ONE SUPER SERIES
1	ACB Kick Boxing 14
1	SUPERPRO FIGHT NIGHT 3
1	Let's Kick with J the FINAL
1	R.I.S.E. 48
1	R.I.S.E. 46
1	Let's Kick with J the 2nd
1	Let's Kick with J the 1st
1	New Year Kick Festival 2008
1	Championship Tour of J Final
1	Championship Tour of J 2nd
1	The Starting Point of J 2nd
1	The Starting Point of J
1	KK-1 WORLD GP 2001 オセアニア地区予選トーナメント
1	CHAMPIONS CARNIVAL 2020（第1部）
1	Glory 100 - Day Two
1	Glory Collision 7
1	Glory: Collision 6
1	HIT IT
1	Glory Collision 3
1	GLORY 74 Arnhem
1	GLORY 59 Amsterdam
1	GLORY 54 Birmingham
1	GLORY 49 Rotterdam
1	GLORY 46 China
1	GLORY 41 Holland
1	GLORY Collision 1
1	GLORY 33  New Jersey
1	GLORY 28 Paris
1	GLORY 26 Amsterdam
1	GLORY 22 Lille
1	GLORY 19 Virginia
1	Kunlun Fight 15
1	GLORY 17 Los Angeles
1	GLORY 9 New York
1	GLORY 7 Milan
1	Capital Punishment 5
1	Kalverdijkje Leeuwarden 2011
1	SuperKombat World Grand Prix I
1	It's Showtime Sporthallen Zuid
1	RingRage part 5
1	IT'S SHOWTIME 2010 Amsterdam II
1	KlasH IV
1	Freefight en Kickbox Gala
1	No Guts No Glory
1	K.O.C. III
1	Gala in Roosendaal
1	Gala in Goes,Zeeland
1	FFE Gala in Zonnehuis
1	IMPACT Roosendaal
1	ONE Friday Fights 130
1	Survivor　Rounde.1
1	RISING ROOKIES
1	静岡kick
1	KICK Insist19 KUNIMASA NAGAE MEMORIAL
1	CHALLENGER 7
1	KICK Insist 14
1	KICK Insist 13
1	Challenger 5
1	K-SPIRIT 2 日韓インターナショナルタイトルマッチ
1	M-1 FAIRTEX ムエタイチャレンジ『RAORAK MUAY vol,1』
1	REBELS.4
1	Survivor Rounde.1
1	宇都宮蹴拳伝 vol.3 ～Challenge of UTSUNOMIYA’s fighter～
1	RISE RISING ROOKIES
1	DEEP GLOVE 2
1	BUNGELING BAY 縁 ～enishi～
1	トライアルリーグ8
1	TRIBELATEVol. 9 ～Hybrid Club Fight～
1	全日本キック TRIALKEAGUE,4
1	RIZIN.49
1	BEAST
1	KPKB vol.5
1	Eruption in 薩摩 2021
1	ONE Friday Fights 17
1	ONE 162: Zhang vs. Di Bella
1	ONE Fight Fight 26
1	BOUT-16
1	“湯都論剣”世界格闘王者争覇戦
1	RISE/M-1 MC 〜INFINITY〜
1	M-1 FAIRTEX SINGHA BEER ムエタイチャレンジ「NAI KANOMTOM vol.4」
1	M-1 FAIRTEX SINGHA BEER ムエタイチャレンジ「NAI KANOMTOM vol.1」
1	KNUCKLE'S 16
1	World Cup TNA Fights
1	HEAT 45
1	Bulldog Media Fight Night 2
1	HEAT 44
1	Fight Legend Geneva
1	Fight Night Saint-Tropez III
1	Final Fight 2
1	Final Fight - Retour aux sources
1	La 20ème Nuit des Champion
1	Time Fight 3
1	Le Banner Series Acte 1
1	Gladiator's War - Le Banner Tour 1st Fight
1	8ème Nuit des Sports de Combatbr
1	Post Tenebra Cup 2005
1	Double Shock Power
1	LES CHOCS DU MUAY-THAI
1	アメリカ・ボクシング興行（ムエタイルール）
1	Le Choc des Champions
1	フランス パリ
1	Muaythai Gala in Paris
1	Full-Contact gala in La Locomotive Discothèque
1	Full Contact Gala : France vs The World
1	FFUBADA French Cup
1	HEAT20回記念大会
1	かきだみし
1	SAMURAI Fighting 〜あばれ祭り・2〜
1	SMOKER's
1	TRIBELATE vol.14
1	BREATHNESS MUAY THAI 4
1	TRIBELATE vol.13
1	MARS 06 -Rapid Fire-
1	TRIBELATE vol.11
1	TRIBELATE vol.9
1	ACF 100th
1	ACF 90th
1	Join Forces-15
1	DUEL.26
1	GLORY OF HEROES.53
1	Legend vol.2 in AICHI
1	ONE Friday Fights 108
1	NEXUS MANIA 2026 1stROUND
1	STRIKE NEXUS 08
1	キックボクシングフェス GOAT
1	九州プロキックボクシングvol.9
1	ENFUSION #110
1	ENFUSION TALENTS #86
1	ENFUSION TALENTS #51
1	ENFUSION TALENTS #45
1	BOUT45
1	BOUT42
1	BOUT37
1	In Syng Production「World Championship Muaythai」
1	M-1 フレッシュマンズ in 大森
1	Glory 62: Rotterdam
1	Glory 59: Amsterdam
1	Rings Fighting Network Amstelveen
1	Road 2 Victory Sokudo
1	Battle Under the Tower
1	RINGS Beverwijk 2016
1	Day of Destruction 11
1	Fighting Rookies
1	Rissing Sun 2.0
1	Ultimate Kickboxing
1	Day of Destruction 10
1	WLF Mejiro
1	Fight For Victory V
1	HEAT5 〜MEGA BATTLE HEAT from NAGOYA〜
1	HEAT4 〜MEGA BATTLE HEAT from NAGOYA〜
1	全日本キックボクシング「GO AHEAD!」
1	全日本キックボクシング「HOT SHOT」
1	全日本キックボクシング「LEGEND-X」
1	NKB 野獣シリーズ vol.5 – Z-V Carnival / ガルーダフェス Vol.4
1	NKB 野獣シリーズvol.1
1	NKB 喝釆シリーズvol.6
1	HEAT 58
1	新日本キック MAGNUM 56
1	MAX FC 17 in Seoul
1	TENKAICHI G18
1	DEEP SAITAMA IMPACT in 小江戸・川越2017
1	TENKAICHI
1	CRAZY KING Vol.3
1	GLADIATOR 13
1	GLADIATOR 6
1	GRACHAN Ⅲ
1	GRACHAN II
1	ZST.18 ～旗揚げ6周年記念大会～
1	ZST SWAT！ in FACE vol.1
1	ZST.16
1	StrikeforceISKAフリースタイル世界スーパーヘビー級選手権試合
1	MA日本キック「TORNADO WARNING 〜トルネード襲来!!〜」
1	Fight Code: Rhinos Series, Finals
1	Fight Code: Rhinos Series, Semi Finals
1	Fight Code: Rhinos Series, Final 16
1	Wako-Pro World Grand Prix 2011: Hungary vs Croatia
1	Fight Code Rhinos Series, 1st Round
1	タトネフチ・アリーナ・ワールドカップ2010 決勝戦
1	タトネフチ・アリーナ・ワールドカップ2010 準決勝
1	タトネフチ・アリーナ・ワールドカップ2010 2回戦
1	タトネフチ・アリーナ・ワールドカップ2010 1回戦
1	インペリアル・タイボクシング・トーナメント
1	Noc Bojovníkov
1	Heaven or Hell 4
1	Cup of Arbatトーナメント決勝戦
1	Cup of Arbat トーナメント準決勝
1	Cup of Arbat トーナメント1回戦
1	IT'S SHOWTIME - EXCLUSIVE
1	Boxing Club "Reaktor"
1	WAKO第12回ワールド・キックボクシング・チャンピオンシップス
1	Boxing Club "Reaktor":Belarus VS Russia
1	ユーロピアン・オープン･ムエタイ・チャンピオンシップス
1	IFMA キングスカップ
1	King of Rookie 2025
1	SUK WAN KINGTHONG "Decisive battle Ⅱ"
1	全日本キックボクシング協会 原点回帰 弍ノ陣
1	International Championship Titles
1	KING OF STRIKERS ROUND 47
1	INNOVATION認定 第9回岡山ジム主催興行 岡山ジム創設50周年記念大会
1	ジャパンキックボクシング協会「Challenger 6」
1	ジャパンキックボクシング協会「Challenger 4 ～Beyond the limit～」
1	ONE:MASTERS OF DESTINY
1	ACCELvol.38
1	ACCELvol.37トリプルメインイベント第3試合　アクセルGルール初代バンタム級王座決定戦　3分3R
1	ACCELvol.27
1	ACCELvol.26
1	ACCELvol.25
1	STRIKE NEXUS 08 in GEN SPORTS PALACE
1	FightingNEXUS BAYSIDE BATTLE in YOKOSUKA 2025
1	AJKN.5
1	Glory 74: Collision 2
1	Glory 72: Chicago
1	Glory 67: Orlando
1	REBELS～The FINAL～
1	鐵拳(MAキック)
1	野良犬祭4
1	野良犬祭3
1	TENKAICHI　G19
1	JAPANKICKBOXINGINNOVATIONChampionsCarnival 2017 III
1	TENKAICHI G
1	TENKAICHI G 16
1	W clutch
1	RKS GOLD RUSH 7
1	BATTLE OF CHAMPIONS
1	リングス「実験リーグ'93 Round3」
1	マーシャルアーツ日本キックボクシング連盟SURPRISING 6 〜東金ジム28周年記念 戦場の狼2〜
1	マーシャルアーツ日本キックボクシング連盟東金ジム27周年記念大会 DETERMINATION（決心）5th 〜戦場の狼〜
1	XPLOSION - 3 KINGS OF CHAMPIONS
1	The Battle of Muaythai BOM2-6
1	SuperKombat World Grand Prix III 2012
1	Lokal Kombat 29
1	TAIWAN TOP ONE 2025 WARRIORS JOURNEY
1	ジャパンキックボクシング協会「CHALLENGER 7」
1	PRO-KARATEDO 達人Neo 国際戦第一章 臨兵闘者皆陣列前行の巻
1	RKS GOLD RUSH 6
1	CRAZY KING 11×KING 9
1	DUEL.6
1	シュートボクシング「無双〜MU-SO〜 其の四」
1	ラジャダムナン・スタジアム生誕記念興行
1	samuraiTV presents 日泰5対5対抗戦
1	IKUSA YOUNG GUNNERES 3 〜RETURNS〜
1	IKUSA "YOUNG GUNNERS2 by FUTURE FIGTHER IKUSA"
1	IKUSA 「YOUNG GUNNERS by FUTURE FIGTHER IKUSA」
1	山木
1	Future Fighter IKSA その弐 秋の陣「雷襲」
1	マーシャルアーツ日本キックボクシング連盟「GROUND ZERO PT4」
1	KAKUMEIプロジェクトKAKUMEI KICK BOXING 第2弾
1	ターゲットオフィス「SPARKS-STAGE.1」
1	マーシャルアーツ日本キックボクシング連盟「COMBAT-2000」ミレニアム・スペシャル
1	マーシャルアーツ日本キックボクシング連盟「COMBAT-2000 王道 II」
1	マーシャルアーツ日本キックボクシング連盟「GRADIATORS II」
1	マーシャルアーツ日本キックボクシング連盟「第3回梶原一騎杯キックガッツ2000 COMBAT-2000」
1	WORLD ROAD
1	KING of CHALLENGER
1	CHALLENGER 8
1	ONE Friday Fights 94
1	NJKF祭り
1	NJKF2024west 3rd
1	ワイルドウエスト3
1	NJKF2023west 4th
1	ワイルドウエスト2
1	AJKN.1～始動～
1	ワイルドウエスト
1	グループエスカラデーPRESENTS HOOST CUP KINGS NAGOYA15
1	タイ国 ルンピニー・スタジアム
1	SUPERKOMBAT World Grand Prix 2012 Final
1	TK2 WORLD MAX 2009
1	MULTIBOX
1	TK2 WORLD MAX 2008
1	TK2 WORLD MAX 2007
1	Kick Imperator 4
1	"Les Maîtres du Ring"
1	WKBC Full Contact Kickboxing
1	World Fighting League 3
1	Golden Fight League
1	Enfusion Live 27
1	Enfusion Live 22
1	Kunlun Fight 7 World MAX 2014
1	LEGEND 3: Pour Homme
1	NO KICK,NO LIFE 2014
1	El Desafio
1	IT'S SHOWTIME Athens
1	Beast of the East【WFCAタイボクシング世界ジュニアミドル級タイトルマッチ
1	Dynamite!! ～勇気のチカラ2009～
1	SLAMM Netherland vs Thailand IV
1	SLAMM Netherland vs Thailand III
1	Muay Thai Champions League VII
1	Gala in Breidushal
1	WKPL Gala
1	Thaiboxing from Rabat
1	ニュージャパンキックボクシング連盟「MuayThai Open 12」
1	ニュージャパンキックボクシング連盟「MuayThai Open 9」
1	スック・ダウルンチューチャルン
1	Thai Boxing Showtime 7
1	Glory 96
1	Glory 91
1	Lidon vs Benzaquen
1	DEWT
1	Muay Thai Championships
1	Gala Top Team
1	Rings "The Chosen Ones"
1	Blood, Sweat & Tears
1	Gala in Beverwijk
1	Muay Thai Gala in Amsterdam
1	Gala in Alkmaar
1	Muay Thai Gala in Hougwoud
1	Gala in Zilwermeeuwen
1	Muay Thai Gala in Hilversum
1	ONE 163: Akimoto vs. Petchtanong
1	ONE 163 Akimoto vs. Petchtanong
1	ONE Championship: ONE X
1	ONE Championship: Winter Warriors
1	ONE Championship: Fists Of Fury
1	ONE Championship: Reign of Dynasties 2
1	ONE Championship: Masters Of Destiny
1	ONE Championship: A New Era
1	ONE Championship: Hero's Ascent
1	MA日本キック「DRAGON ROAD ONE AND ONLY TAKE１」
1	ビッグバン・統一への道 其の十一
1	MA日本キック「BREAK-30 ～UNIFICATION～ WBCムエタイ日本4大タイトルマッチ」
1	MA日本キック「KICK GUTS 2012 第15回梶原一騎杯～真樹日佐夫追悼記念興行～」
1	MA日本キック「BREAK-25 ～CANNONBALL～」
1	ビッグバン・統一への道 其の八
1	真樹ジムAICHI10周年記念興行 J-1 time 〜signal of start〜
1	ビッグバン・統一への道 其の五
1	ビッグバン・統一への道 其の参
1	MA日本キック「Explosion-1」
1	MA日本キック「〜暴虎馮河 其の壱〜」
1	NAGOYA KICK〜CENTRAL RHYTHM〜
1	NAGOYA KICK〜KICK Hopping！〜
1	NAGOYAKICK〜BoogieFight07 Black Sunday〜
1	NAGOYAKICK〜2008FINAL 名古屋ｖｓムエタイ最終決戦 DrumRoll Please!!〜
1	BRIDGE　one match challenge 6th
1	TREASURE HUNT Ⅵ
1	IKFプロムエタイスーパーヘビー級タイトルマッチ
1	かつおのタタキック2025
1	KPKB VOL.20
1	KPKB vol.17
1	KING OF STRIKERS ROUND39
1	LEGION☆JAPAN2022～百花繚乱～
1	KING OF STRIKERS ROUND38
1	SLAMM: Nederland vs Thailand VI
1	JANUS FIGHT NIGHT
1	Star Muay Fight Night 4
1	Battle of Sweden
1	Al-Fid Thaibox Gala
1	ONE: NO SURRENDER III
1	M-ONE 2017 FINAL
1	M-ONE 2017 2nd
1	M-ONE 2017 1st
1	M-ONE 2016 FINAL
1	M-ONE 2016 3rd
1	M-ONE 2016 vol.2
1	M-ONE
1	WSR SUK WEERASAKRECK X
1	タイ国王妃誕生日記念興行
1	SUK WEERASAKRECK VIII
1	Suk WEERASAKRECK VII
1	SUEK FAIRTEX WBC MUAYTHAI
1	SUK WEERASAKRECK VI
1	SUK WEERASAKRECK V Part.2
1	SUK WEERASAKRECK IV　Part.2
1	タイ・シンブリー県チャイナート・ワットソンサワン
1	SUK WEERASAKRECK III Part.2
1	SUK WEERASAKRECK Ⅱ Part.1
1	BOM I～The Battle of Muaythai～
1	アユタヤ特設会場
1	プーケット・パトンスタジアム
1	シンブリ特設会場
1	Sutt Yod Muaythai vol.4
1	Sutt Yod Muaythai vol.3
1	Sutt Yod Muaythai vol.2
1	2011藤原祭り～夏の陣～
1	がんばろうニッポン！RAORAK MUAY vol,2
1	ランシット・インターナショナルスタジアム
1	Fujiwara Festival 〜藤原祭り2007〜
1	CUB☆KICK'S-8
1	MAキック「KING OF SOUL vol.7」
1	MAキック「KING OF SOUL vol.6」
1	MAキック「KING OF SOUL vol.5」
1	Fighting NEXUS 狼煙～Ready To Go in NAGANO 2024
1	MA日本キック 横浜登竜門 Ⅶ
1	ジャパンキックボクシング協会 『WARRIOR』
1	KICK Insist 12
1	DUEL 21
1	MA日本キックボクシング連盟「BREAK-6」
1	マーシャルアーツ日本キックボクシング連盟「BREAK THROUGH-8 〜突破口〜」
1	大和〜YAMATO〜31 in 長崎
1	大和〜YAMATO〜30
1	GLORY87
1	GLORY 85
1	Road to ONE Japan ＆ BOM 37
1	HOOST CUP KINGS NAGOYA18～NEVER ENDING SPIRIT～
1	HOOST CUP KINGS KYOTO14
1	PETIT PRINCE TROPHY #4
1	FCE #4
1	Kick's Night 16
1	CHOC DES ETOILES 8
1	Yogibo presents RIZIN.26
1	RIZIN FIGHTING WORLD GRAND-PRIX 2017 バンタム級トーナメント 1st ROUND -秋の陣-
1	BLADE FIGHTING CHAMPIONSHIP
1	日本キックボクシング連盟 「2014生粋シリーズVOL.5
1	日本キックボクシング連盟 「2014生粋シリーズVOL.3
1	サラブリースタジアム
1	タイ国 ラジャダムナンスタジアム スッグ・ラジャダムナン・チューチャルーン
1	タイ国 大会名不明（オームノーイスタジアム）
1	全日本キックボクシング連盟「ALL JAPAN KICKBOXING 15th ANNIVERSARY SPECIAL BOUT - CRUSH -」
1	全日本キックボクシング連盟「LEGEND-IX」
1	Glory 2: Brussels
1	K1 Rules World Championship
1	Trophée Bad Panther
1	WFC6
1	GLORY80
1	NO KICK NO LIFE ～新章～
1	MuayThaiOpen 36
1	MuayThaiOpen 35 ＆ LumpineeBoxingStadium of Japan
1	The Battle of Muaythai 10～ The 10th anniversary tournament ～
1	PRO-KARATEDO 達人NEO7
1	戦嬢22
1	INOKI BOM-BA-YE × 巌流島 in 両国
1	ACB-KB 16
1	Enfusion 5th Anniversary
1	Kunlun Fight 66
1	Kunlun Fight 53
1	Kunlun Fight 49 / Rebels 45
1	Kunlun Fight 46
1	ACB KB 3: Grand Prix Final
1	Kunlun Fight 28
1	K-ENERGY Okayama
1	Wu Lin Feng World Championship 2015
1	Kunlun Fight 13
1	Qabala Fight Series #1
1	WLF World 70 kg 8 Man Tournament, Quarter Finals
1	Wu Lin Feng 70 kg Tournament, Final
1	Wu Lin Feng 70 kg Tournament, Semi Finals
1	Wu Lin Feng 70 kg Tournament, Quarter Finals
1	Glory 1: Stockholm – 70 kg Slam Tournament, First Round
1	Born To Fight
1	Fighterzone Kickboxing World Series MAX
1	SUPERKOMBAT World Grand Prix 2011 Final
1	Fight Nights: Battle of Moscow 3
1	Mix Fight Gala XI
1	KlasH Champions Battlefield IV
1	IKBO World Title
1	WFCA World Title
1	Veselic meets Dejpitak
1	JEWELS 10th RING
1	ニュージャパンキックボクシング連盟「START OF NEW LEGEND XI 新しい伝説の始まり」
1	ニュージャパンキックボクシング連盟「FIGHTING EVOLUTION XII 〜進化する戦い 12th〜」
1	ニュージャパンキックボクシング連盟「ADVANCE IX 〜前進〜」
1	（ラスベガス）
1	シュートボクシング『GROUND ZERO TOKYO』
1	Shoot the Shooto XX
1	Night of Dynamite
1	ワールド・チャンピオン・カーニバル
1	Nürnberg
1	Fight Gala in Darmstadt
1	Fight Night Leverkusen
1	The Champions Club Germany 2008
1	マーシャルアーツ日本キックボクシング連盟第2回 梶原一騎杯 '99 キック ガッツ
1	ONE Friday Fights 69
1	KICK Insist 10
1	KICK Insist 9
1	GLORY COLLISION 7
1	Enfusion 134
1	ONE FRIDAY FIGHTS119
1	ONE FRIDAY FIGHTS 51
1	リトアニア
1	K-1MAX Easteurope GP
1	アマムエタイ選手権
1	琉球かきだみし84
1	レキオバトル名護 vol.6
1	戦嬢21
1	PATH TO GLORY
1	戦場29
1	SUK WANKINGTHONG Advance
1	SUK WANKINGTHONG 1st
1	SUK WANKINGTHONG decisive battle II
1	Master's Pit 開館20周年記念大会「暴虎馮河2024」
1	Resistance-13
1	KICK Insist15
1	HEAT56 in VIETNAM
1	GLORY: Collision 4
1	GLORY 80
1	GLORY 76
1	Glory: Collision 2
1	GLORY: Rotterdam
1	GLORY Collision: Rico vs. Badr
1	Global FC 4
1	Legend Fighting Show 2
1	Legend Fighting Show
1	It's Showtime 55
1	It's Showtime 2011 LYON
1	IT'S SHOWTIME 2010 Prague
1	It's Showtime 2009
1	Rings Fightgala 〜Born Invincible〜
1	It's Showtime 7
1	IT'S SHOWTIME 〜Amsterdam ArenA〜
1	Rings Fightgala 〜Heroes of the Next Generation〜
1	Warriors Fight Night
1	WPKL Gala in Amsterdam
1	ONE：MASTERS OF FATE
1	ONE：WARRIORS OF LIGHT
1	ONE：HERO’S ASCENT
1	ONE: CONQUEST OF CHAMPIONS
1	HEAT 5 ～MEGA BATTLE HEAT from Nagoya～
1	club DEEP 富山 -野蛮人祭り5-
1	M-1 FAIRTEX SINGHA BEERムエタイチャレンジ 〜BATTLES OF FATE 2007〜
1	武頼漢 -BURAIKAN-
1	FUTURE FIGHTER IKUSA 6 〜宙(SORA)〜 GANGSTAR☆Z @ Velfarre
1	IKUSA YOUNG GUNNERES 3 〜RETURNS〜 @ ODAIBA
1	全日本キックボクシング連盟「LEGEND-V」
1	パラリド・スタジアム（イタリア）
1	タイ・ルンピニー・スタジアム
1	SUK WAN KINGTHONG "Decisive battle"
1	SUPER MUAY JAPAN 2026
1	SUK WAN KINGTHONG "2026 THE FIRST"
1	SUK WAN KINGTHONG "2025 THE FINAL"
1	NJKF2022 west 1st
1	WARDOG CAGE FIGHT 50
1	DEEP NAGOYA IMPACT 2024 4th ROUND
1	HOOST CUP KINGS NAGOYA13
1	SUPERKOMBAT World Grand Prix IV 2016
1	SUPERKOMBAT World Grand Prix 2012 Final Elimination
1	SUPERKOMBAT World Grand Prix IV 2011
1	Local Kombat 12
1	Local Kombat 7
1	HEAT36
1	「BLADE 2」
1	「CHAKURIKI 1」
1	「武勇伝」in 石垣島
1	「搏击王者佛山争霸赛」
1	HEAT17
1	HEAT14
1	HEAT13
1	HEAT11
1	HEAT9
1	HEAT8
1	新日本プロレス YOKOHAMA DEAD OUT
1	THE NIGHT OF GRADIATORS 〜KING OF THE RING〜（クロアチア）
1	BreakingDown20
1	BreakingDown16.5
1	BreakingDown10
1	BreakingDown9.5
1	NARIAGARI Vol.1
1	BreakingDown6.5
1	BreakingDown5.5
1	BOUT 56
1	RING OUT CHALLENGE 7
1	BOUT 52
1	BOUT 49
1	BOUT 46
1	BOUT 43
1	掣圏道東京大会
1	K-U「童夢IV」
1	K-U「童夢III」
1	KTK
1	Kunlun Fight 50
1	全日本キックボクシング連盟「Krush.3」
1	全日本キックボクシング連盟「Kick Return 〜Kickboxer of the best 60 Tournament 開幕戦」
1	SHINING CASTLE
1	R.I.S.E. XXIII
1	R.I.S.E. XV
1	HOOST CUP KINGS NAGOYA17～王者への道～
1	ONE Friday Fights 103
1	COLORS Produce by SHOOTO Vol.6
1	突破vol.36
1	益荒男vol.28
1	DOUBLE G FC
1	KROSS×OVER-EXTRA.5
1	KROSS×OVER-CAGE.2
1	KROSS×OVER CAGE FIGHT
1	SENSHI14
1	ONE Fight Night 37
1	ONE Fight Night 32: Nakrob vs. Jaosuayai
1	ONE Fight Night 25: Brooks vs. Balart
1	ONE Fights Night 21
1	ONE Friday Fights 55
1	ONE Friday Fights 37
1	ONE Fight Night 3：De Ridder vs. Abdulaev
1	ONE: REVOLUTION
1	ONE: FULL BLAST II
1	ONE: BIG BANG II
1	ONE: WARRIOR’S CODE
1	ONE: MARK OF GREATNESS
1	ONE：DAWN OF VALOR
1	MAGNUM 64
1	GODDESS OF VICTORY IV
1	Muaythai Open 51
1	TITANS NEOS 37
1	MAGNUM 62
1	GODDESS OF VICTORY III
1	DUEL.33
1	Muaythai Open 49
1	レキオバトル名護 vol.8
1	TITANS NEOS 34
1	CHAKURIKI 19
1	絆 XIV
1	BOM～The Battle Of MuayThai～ BOM WAVE 01
1	英雄伝説アジアチャンピオンリーグ総決戦 in 敦煌
1	LA NUIT DES CHAMPIONS
1	BEST OF FIGHT
1	MA日本キックボクシング連盟「鉄拳 TEKKEN in Kimitsu」
1	ONE 172: Takeru vs. Rodtang
1	SUK WAN KINGTHONG Rookies
1	KICK ORIGIN 2010 1st ～2020新春三階級王座決定戦～
1	WKA World Championships
1	SuperKombat: Fight Club, semi Finals
1	SuperKombat: Fight Club, Quarter Finals
1	SuperKombat World Grand Prix III, Semi Finals
1	SuperKombat World Grand Prix II
1	8ème Nuit des Sports de Combat
1	La Nuit du Kick-Boxing 2010
1	Cologne Fight Night 2010
1	Collizion Bosnia
1	The Battle of Arhnem
1	Load Of Ring
1	WKN
1	MA日本キック RKSゴールドラッシュ 2
1	MA日本キック RKSゴールドラッシュ
1	NKB 神風シリーズ vol.5 ガルーダ・フェスVol.2
1	日本格闘技キック連盟 SUPER KICK S-1
1	ONE Friday Fights 106
1	RESISTANCE-5
1	CHAMPIONS CARNIVAL 2020
1	MuayLok Hachioji 2023
1	CHAKURIKI18 ファイティング・スピリット・アゲイン
1	国際チャクリキ協会 Dream Gate 11
1	CHAKURIKI 11 負けるもんかin浪速導夢
1	国際チャクリキ協会 Dream Gate 10
1	Glory 93
1	SENSHI 19
1	SENSHI 16
1	NKB 2021 必勝シリーズvol.5
1	ONE FridayFights 146
1	ONE FridayFights 111
1	静岡キック vol.2 静岡vs炎の十番勝負
1	GLORY 64
1	GLORY 60
1	GLORY 53
1	GLORY 47
1	Japan Kickboxing Innovation Champions Carnival 2020
1	REBELS 67
1	REBELS 63×KNOCK OUT
1	Japan Kickboxing Innovation Join Forces 14
1	REBELS 61
1	Japan Kickboxing Innovation Join Forces 13
1	Japan Kickboxing Innovation Join Forces 12
1	LEGEND vol.3
1	ROAD TO LEGEND in伊勢
1	Glory 88
1	ONE Friday Fights 117
1	Z-Ⅵ Carnival
1	Z-Ⅴ Carnival
1	TITANS NEOS 19
1	RISE KOREA
1	OKTAGON～Fight Code～
1	FIGHTING　EVOLUTION　ⅩⅢ
1	Fighting Evolution VIII　COUNTER THE ASIAD ATTAC
1	FIGHTING EVOLUTION III
1	MARS　World Fighting GP
1	SWORD FIGHT 2006
1	INFINITE CHALLENGE Ⅷ
1	INFINITIE CHALLENGE Ⅳ
1	X-DUEL Ⅷ
1	MA日本キック 『CAP THE CLIMAX』 KAKUMEI KICKBOXING
1	DEEP 111 IMPACT
1	DEEP 105 IMPACT ～20th Anniversary～
1	DEEP 102 IMPACT ～20th Anniversary～
1	KINGS CUP 6
1	TENKAICHI 97
1	DEEP八王子超人祭り！
1	GRACHAN29
1	GRACHAN13
1	小林聡プロデュース ～中村高明・引退記念興行～
1	全日本キック NEW Year Kick Festival 2009
1	M-1 FAIRTEX SINGHA BEER ムエタイチャレンジ『NAI KANOMTOM vol.1』
1	M-1 ムエタイチャレンジ「Legend of Elbows 2008 〜JAI SUU〜」
1	天空「響き 〜女の夢 全て託して舞い上がれ〜」
1	R.I.S.E.「G-BAZOOKA TOURNAMENT '06」
1	琉球 Kamikaze Sprits
1	R.I.S.E. THE LAW of THE RING 〜日本vs世界〜
1	TITANS NEOS 12（防衛2）
1	スック・ダウルン・チューチャルーン
1	四国決戦Vol.6
1	SPIRIT
1	キックボクシングフェスティバル 松山大会Vol.3
1	DEEP JEWELS 50
1	MA日本キックボクシング連盟 村上祭
1	BLADE 1
1	GLORY 13
1	HEAT 10
1	HEAT 9
1	HEAT 8
1	マーシャルアーツ日本キックボクシング連盟「BREAK THROUGH-1 〜突破口〜 MA.KICK 2008 士道館新春正月興行」
1	スーパービッグバン2022
1	ニュージャパンキックボクシング連盟「START OF NEW LEGEND XII 〜新しい伝説の始まり〜 Muay Thai Open 5」
1	KROSS×OVER24
1	KROSS×OVER23
1	KROSS×OVER22
1	大和ジム50周年記念大会
1	M-1 FAIRTEX SINGHA BEER ムエタイチャレンジ 2009「Yod Nak Suu vol.3」
1	ニュージャパンキックボクシング連盟「MuayThai Heritage」
1	マーシャルアーツ日本キックボクシング連盟「マーシャルアーツキック賞金争奪トーナメント士道館新春正月興行」
1	マーシャルアーツ日本キックボクシング連盟「DETERMINATION≪決心≫5 〜戦場の虎〜」
1	マーシャルアーツ日本キックボクシング連盟「DETERMINATION≪決心≫2nd 〜激突☆王者VS王者〜」
1	テレ・マーカー Presents KNOCK OUT "CHAMPIONSHIP.1"
1	BOM2-6 - The Battle Of Muay Thai SeasonⅡ vol.6 -
1	REBELS.63 × KNOCK OUTREBELS-MUAY THAI
1	SUK WAN KINGTHONG "Go to the Raja"SUK WAN KINGTHONG
1	BOM -THE BATTLE OF MUAY THAI SEASON 2-WMC
1	Muay Thai Open.42ムエタイオープン
1	MuayThaiOpen.43
1	SUK WAN KINGTHONG "Go to Raja"
1	KICK ADDICT‼
1	The EM-Legend 24
1	NO KICK NO LIFE "FIGHT&MUSH" ROUND'2
1	NO KICK NO LIFE "THE FINAL"
1	蹴拳30
1	WPMF  JAPAN The Battle Of  Muaythai IX
1	WPMF JAPAN × REBELS SUK WEERASAKRECK FAIRTEX
1	MAROOMS presents「KNOCK OUT 2023 Vol.1」
1	ONE Friday Fights 133
1	Space ONE Japan x BOM
1	M-1 FAIRTEX SINGHA BEER ムエタイチャレンジ Legend of Elbows 2008 〜JAI SUU〜
1	M-1 FAIRTEX SINGHA BEER フレッシュマンズ in 大森 II STAGE
1	TRIBELATE vol.13 〜Hybrid Club Fight〜
1	ONE Fight Night 15: Le vs. Freymanov
1	KROSSXOVER.28.5- EXTRA EDITION-
1	WMO ASIAN TITLE FIGHT
1	ONE 162: ZHANG VS. DI BELLA
1	ONE 158: TAWANCHAI VS. LARSEN
1	R.I.S.E. The Law of The Ring 〜日本 vs 世界〜
1	NKB『Z-III Carnival』
1	8TKO #14
1	Kumit K Event 4
1	IFPファイトシリーズ
1	Fair.FC
1	Enfusion Talents #93
1	Enfusion ECE #3 MIX
1	DEEP
1	ニュージャパンキックボクシング連盟「ROAD TO REAL KING VI」
1	全日本キックボクシング連盟"CUB☆KICK'S 3days" 1st「AJ NIGHT 〜Tradition〜」
1	LUGANO GRAND PRIX 3（スイス）
1	全日本キックボクシング連盟「SUPER FIGHT〜MAXIMAM〜」
1	JAPANESE ATTACK! 〜Night of the SAMURAI〜
1	全日本キックボクシング連盟 "GIRLS STANDING FIGHT - Girls SHOCK II"
1	R.I.S.E. "REAL IMPACT SPORTS ENTERTAINMENT"
1	Wu Lin Feng 2024: 12th Global Kung Fu Festival
1	ONE Fight Night 6
1	FULL CIRCLE
1	NextGen III
1	ノースエリア格闘技イベント BOUT 43
1	IZAの舞
1	Sityodtong International Stadium
1	ZONE extra
1	KICKBOXING ZONE 5 沖縄大会
1	ZONE 4 『原点回帰』
1	FIGHT COLLECTION in 沖縄 K-SPIRIT13
1	スックムエタイ ルンピニークリッククライ
1	KICKBOXING ZONE 3 沖縄大会
1	スック・ルンピニー・グリッククライ
1	蹴拳25
1	蹴拳22
1	TNT 5th
1	TITANS NEOS 12
1	「M-1ムエタイチャレンジ Sutt Yod Muaythai vol.1」Part2
1	FIGHT CLUB 1
1	M-1 FAIRTEX ムエタイチャレンジ「がんばろうニッポン！RAORAK MUAY vol,2」
1	M-1 FAIRTEX ムエタイチャレンジ「RAORAK MUAY vol,1」
1	M-1 FAIRTEX ムエタイチャレンジ 2009 Yod Nak Suu vol.1
1	PAIN and GLORY（イギリス）
1	大和~YAMATO~27
1	大和~YAMATO~26
1	ムエローク 2024 HACHIOJI
1	SUK WAN KINGTHONG 2021 THE FIRST
1	MA日本キック DRAGON.3 ～THE ONE AND ONLY～ 門戸開放
1	REBELS.20
1	ZST SWAT! in FACE vol.3
1	Marrara International Stadium
1	Capital Punishment
1	Evolution 18
1	World Domination II, Rydges Lakeside Hotel
1	World Domination
1	Titans
1	Philip Lam Promotions
1	N&J promotion presents "Men at War"
1	タイ・ウドンターニー
1	Girls S-cup2015 -48kg 日本トーナメント
1	SB&J-GIRLS 2015 女祭り
1	TRIBELATE
1	1st World Martial Arts Council Games 2015
1	TAKE OVER Vol.2
1	M-1 FAIRTEX フレッシュマンズ in 大森 STAGE IV
1	R.I.S.E.-β- "L7"
1	Bloom Fighting Championship 03
1	HEAT.47
1	FIST OF AWAKENING 拳力覺醒
1	富德搏擊王世界職業大賽2024
1	立技瘋看門道
1	KING OF SOUL vol.6
1	NO KICK NO LIFE 新章〜唯我独尊〜
1	NO KICK NO LIFE ～新章～ X DIAMOND FES
1	INNOVATION 認定 第6回岡山ジム主催興行
1	NO KICK NO LIFE～THE FINAL～
1	ZONE 3 沖縄大会
1	ディファ有明
1	MAX MUAYTHAI
1	M-FIGHT 蹴拳Ｘ Part.2
1	BREAK-30 ～UNIFICATION～
1	スッグペッティンディー
1	がんばろうニッポン！『2011藤原祭～冬の陣～』
1	M-1 FAIRTEX『RAORAK MUAY vol.3』
1	M-1 FAIRTEX『がんばろうニッポン！RAORAK MUAY vol,2』
1	M-1 FAIRTEX『RAORAK MUAY vol,1』
1	Fujiwara Festival～藤原祭り2010～
1	M-1 FAIRTEX NAI KANOMTOMvol.3
1	M-1 RAJA NAI KANOMTOM vol.2
1	全日本キック Fujiwara Festival～藤原祭り2008～
1	全日本キック Fighting Base-2
1	全日本キック Fighting Base-1
1	全日本キック 小林聡プロデュース 野良犬電撃作戦
1	M-1 FAIRTEX SINGHA BEER フレッシュマンズin大森
1	全日本キック CUB☆KICK’S－9
1	JAPAN KICKBOXING INNOVATION「Dream Force-11」
1	JAPAN KICKBOXING INNOVATION「CHAMPIONS CARNIVAL2015」
1	JAPAN KICKBOXING INNOVATION「戦闘甲斐士16」
1	JAPAN KICKBOXING INNOVATION「Dream Force－7」
1	蹴拳23 Joe Tsuchiya Festival
1	JAPAN KICKBOXING INNOVATION「戦闘甲斐士15」
1	JAPAN KICKBOXING INNOVATION「雷舞」
1	JAPAN KICKBOXING INNOVATION「戦闘甲斐士14」
1	JAPAN KICKBOXING INNOVATION「Innovation champion carnival 」
1	JAPAN KICKBOXING INNOVATION「戦闘甲斐士13」
1	JAPAN KICKBOXING INNOVATION「戦闘甲斐士12」
1	MA日本キックボクシング連盟「BREAK－32」
1	蹴拳プロモーション「蹴拳Ⅶ」
1	「Muay Thai Wave from YOKOHAMA 11」
1	MA日本キックボクシング連盟「戦闘甲斐士10」
1	「Suk Daawrung Muay Thai 4」
1	MA日本キックボクシング連盟「戦闘甲斐士9」
1	AJKN 2024 SERIES AJKN.7
1	突破vol.35
1	AJKN 2024 SERIES AJKN.6
1	Glory 74
1	Glory 59
1	Glory 51
1	PRIDE.2
1	大和～YAMATO～30
1	大和 26
1	QP PRESENTS HOOST CUP KINGS KYOTO6
1	2014平江中日格闘技対抗戦
1	ZST BATTLE HAZARD 02
1	ZST BATTLE HAZARD 01
1	A-LEAGUE 52DX
1	力保健搏擊之夜 Libogen Fight Night (PART-15) -風林火山5 9.18 港日大戦-Wanchai Southorn Stadium, Hong Kong
1	M-1 FAIRTEX SINGHA BEER ムエタイチャレンジ Legend of Elbows 2008 〜MIND〜
1	ニュージャパンキックボクシング連盟「X-DUEL VII 〜終わりなき決戦〜」
1	ニュージャパンキックボクシング連盟「VORTEX VIII 〜旋風〜」
1	日本キックボクシング連盟「2002 破壊シリーズ」
1	ニュージャパンキックボクシング連盟「MILLENNIUM WARS 8」
1	タイBBTVスタジアム
1	ニュージャパンキックボクシング連盟「MILLENNIUM WARS 3」
1	ニュージャパンキックボクシング連盟「INNOVATION 6」
1	龍生塾「The Forth IV」
1	龍生塾「THE FORCE 2」
1	龍生塾「THE FORCE」
1	中国散打国際交流試合
1	龍生塾「どついたるねん9」
1	MA日本キックボクシング連盟「KING COMBAT-2002 -KICK BOXING 60kg TOURNAMENT 日本最強決定戦」
1	シュートボクシング クラブファイト
1	シュートボクシング フレッシュバトル2001
1	龍生塾「どついたるねん8」
1	迎撃覇者
1	グループエスカラデーPRESENTS HOOST CUP KINGS NAGOYA11
1	BARS: Kirsanov vs. Matkin
1	フランス・ゲレ「BEST OF FIGHT」
1	ビッグバン・統一への道 其の十
1	ビッグバン・統一への道 其の九
1	全日本キックボクシング連盟「Krush! Rookies Cup 〜K-1 RULE 60kg Tournament〜」
1	NAGOYA KICK～GOOD BYE!! ASUNAL HALL～
1	WKA
1	チャクリキ ファイティング ガラ４
1	LEGEND第4章
1	STRIKER1
1	CLUB DEEP OSAKA
1	ONE 170
1	ONE 167: Tawanchai vs. Nattawut 2
1	Nuit Des champions
1	ホーストカップ ～Departure～
1	RIZIN.1
1	シュートボクシング 25TH ANNIVERSARY SERIES 第3戦 維新-ISHIN- 其の参
1	JEWELS 4th RING
1	clubDEEP富山～野蛮人祭り7～
1	Titan Fight Samurai vs Khmer
1	GLADIATOR in 鹿児島 2013
1	MAGNUM 55
1	Battle To Be King, Fairtex Thepprasit Stadium
1	Sons of Africa
1	Battle on Bali FC
1	Xplosion 17
1	KOK Fight Night - Spartan's Night V
1	RKS GOLD RUSH 3
1	Hoost Cup KINGS OSAKA 2
1	Hoost Cup KINGS KYOTO 3
1	ISKA タイトルマッチ（ハワイ州ホノルル）
1	NJKF2023 west 2nd~⁡⁡
1	Ring of Fire 11: Bring it On
1	株式会社秀拓 presents KROSS×OVER 8
1	イノベーションRESISTANCE-18
1	イノベーションRESISTANCE-17
1	Z-Ⅵ Carnival 冠鷲シリーズvol.4
1	イノベーションRESISTANCE-11
1	イノベーションRESISTANCE-10
1	レキオバトル名護 vol.3
1	MuayThaiOpen 43
1	WPMF JAPAN × REBELS.35
1	REBELS.28
1	REBELS.17
1	ニュージャパンキックボクシング連盟「DREAM RUSH 5」
1	全日本キックボクシング連盟「DEAD OR ALIVE」
1	全日本キックボクシング連盟「BURNING-VI」
1	全日本キックボクシング連盟「BURNING-V」
1	全日本キックボクシング連盟「BURNING-II」
1	全日本キックボクシング連盟「KICK OVER-IX」
1	キックボクシング30周年記念興行
1	全日本キックボクシング連盟「KICK SPIRITS-VIII」
1	全日本キックボクシング連盟「KICK SPIRITS-IV」
1	全日本キックボクシング連盟「KICK SPIRITS-I」
1	全日本キックボクシング連盟「CHALENGER-XI」
1	全日本キックボクシング連盟「CHALENGER-IX」
1	チャンネル7・BBTVマッチ
1	全日本キックボクシング連盟「CHALENGER-IV」
1	全日本キックボクシング連盟「CHALENGER-I」
1	全日本キックボクシング連盟「DESTINY-X」
1	全日本キックボクシング連盟「DESTINY-VII」
1	全日本キックボクシング連盟「DESTINY-V」
1	全日本キックボクシング連盟「DESTINY-IV」
1	全日本キックボクシング連盟「DESTINY-I」
1	チャンネル9・TVマッチ
1	全日本キックボクシング連盟「EVOLUTION step-3」
1	全日本キックボクシング連盟「EVOLUTION step-2」
1	全日本キックボクシング連盟「One Truth 8th」
1	全日本キックボクシング連盟「One Truth 6th」
1	全日本キックボクシング連盟「One Truth 3rd」
1	全日本キックボクシング連盟「One Truth 2nd」
1	全日本キックボクシング連盟「One Truth “一つの真実”」
1	全日本キックボクシング連盟「SOAR INTO SPACE CHAPTER VI」
1	全日本キックボクシング連盟「SOAR INTO SPACE CHAPTER IV」
1	全日本キックボクシング連盟「SOAR INTO SPACE CHAPTER III」
1	全日本キックボクシング連盟「SOAR INTO SPACE CHAPTER II」全日本フェザー級王座決定戦
1	全日本キックボクシング連盟「SOAR INTO SPACE CHAPTER I」
1	全日本キックボクシング連盟「INSPIRING WARS "THIRD"」
1	全日本キックボクシング連盟「INSPIRING WARS JAPAN vs THAI」
1	全日本キックボクシング連盟「INSPIRING WARS HEAT-928」
1	全日本キックボクシング連盟「RANKING BOUT2」
1	全日本キックボクシング連盟「RANKING BOUT」
1	全日本キックボクシング連盟「INSPIRING WARS-1」
1	全日本キックボクシング連盟「世紀の激突 PART6」
1	全日本キックボクシング連盟「世紀の激突 PART4」
1	全日本キックボクシング連盟「世紀の激突 PART3」
1	全日本キックボクシング連盟「格闘技大戦争5」
1	全日本キックボクシング連盟「パワーファイト」
1	全日本キックボクシング連盟「ヤング・ファイト」
1	喝釆シリーズvol.6
1	RISE ZERO_20170806
1	NOC Gladiators
1	David Sain
1	Sokol Maric Fight Night
1	アクセル50
1	Yogibo presents RIZIN.47
1	BOM OUROBOROS
1	BOM WAVE04-Get Over The COVID-19-
1	BOM WAVE 04
1	BOM WAVE 3
1	BOM 2-6～THE Battle Of Muaythai SEASON II vol.6
1	REBELS.53
1	REBELS,45
1	RIKIX「NO KICK NO LIFE～THE FINAL～」
1	RIKIX「NO KICK NO LIFE 2016」
1	ラジャダムナンスタジアム創立記念興行
1	REBELS.39
1	WPMF JAPAN×REBELS.35
1	RIKIX「NO KICK,NO LIFE 2015」
1	M-FIGHT SUK WEERASAKRECK IV
1	M-FIGHT SUK WEERASAKRECK III
1	M-FIGHT SUK WEERASAKRECK II
1	M-1ムエタイチャレンジ Sutt Yod Muaythai Vol.2
1	ルンピニースタジアム「スッグペッティンディー」
1	2011藤原祭〜冬の陣〜
1	M-1 FAIRTEX ムエタイチャレンジ「RAORAK　MUAY vol.3」
1	M-1 FAIRTEX SINGHA BEERムエタイチャレンジ NAI KANOMTOMvol.4
1	Muay Thai Wave from YOKOHAMA 8
1	スッグ・ダウルン・チューチャルン・UBC
1	TRIBELATE vol.16
1	NEXUS MANIA 2025
1	King of Rookie2024
1	BOUT-27
1	MA日本キックボクシング連盟「BREAK-4 KICK GUTS 2010 梶原一騎24回忌追悼記念・第13回梶原一騎杯」
1	MA日本キックボクシング連盟「士道館新春正月興行 BREAK-1」
1	MA日本キックボクシング連盟「BREAK THROUGH-14 〜突破口〜」
1	MA日本キックボクシング連盟「BREAK THROUGH-13 〜突破口〜」
1	MA日本キックボクシング連盟「BREAK THROUGH-12 〜突破口〜 KICK GUTS 2009 〜梶原一騎23回忌追悼記念・第12回梶原一騎杯」
1	MA日本キックボクシング連盟「BREAK THROUGH-11 〜突破口〜」
1	MA日本キックボクシング連盟「2009士道館新春興行 BREAK THROUGH-9 〜突破口〜 添野道場40周年記念大会」
1	MA日本キックボクシング連盟「BREAK THROUGH-4 〜突破口〜 KICK GUTS 2008 〜梶原一騎22回忌追悼記念・第11回梶原一騎杯」
1	MA日本キックボクシング連盟「BREAK THROUGH-2 〜突破口〜」
1	MA日本キックボクシング連盟「BREAKDOWN-8 〜打破〜 MA.KICK祭り CHAMPION CARNIVAL」
1	MA日本キックボクシング連盟「BREAKDOWN-7 〜打破〜」
1	MA日本キックボクシング連盟「KICK GUTS 2007 梶原一騎21回忌追悼記念・第10回梶原一騎杯」
1	MA日本キックボクシング連盟「BREAKDOWN-5 〜打破〜 新東金ジム29周年記念 戦場の狼3」
1	MA日本キックボクシング連盟「BREAKDOWN-3 〜打破〜」
1	MA日本キックボクシング連盟「SURPRISING-8 MA連盟祭 〜オールタイトルマッチ〜」
1	MA日本キックボクシング連盟「SURPRISING 6th 新東金ジム28周年記念 〜戦場の狼2〜」
1	MA日本キックボクシング連盟「SURPRISING-2nd」
1	MA日本キックボクシング連盟「DETERMINATION（決心）9th 〜CHAMPION CARNIVAL MA日本6階級タイトルマッチ〜」
1	MA日本キックボクシング連盟「東金ジム27周年記念大会 DETERMINATION（決心）5th 〜戦場の狼〜」
1	MA日本キックボクシング連盟「DETERMINATION（決心）2nd 〜激突☆王者VS王者〜」
1	MA日本キックボクシング連盟「SUPREME-6 〜挑戦者決定戦・猛暑御見舞〜」
1	The Battle of Muaythai Ⅲ
1	蹴拳 13
1	The Battle of Muaythai Ⅱ
1	TRIBELATE vol.40 -Hybrid Club Fight-
1	TNK1 feat. REBELS
1	KAKUMEIKICKBOXING
1	K-1チャレンジ(一般) Bクラス トーナメント 女子-50kg　決勝
1	第31回K-1アマチュア ～全日本大会・西日本予選トーナメント＆ワンマッチ～50kg決勝戦
1	第31回K-1アマチュア ～全日本大会・西日本予選トーナメント＆ワンマッチ～
1	第1回 KODO－魂動－
1	M-1ムエタイチャレンジ Sutt Yod Muaythai Vol.1 Part2
1	NAGOYA KICK ～Live! Live!～
1	NAGOYA KICK ～夏夜の砲声～
1	M-1 FAIRTEX ムエタイチャレンジ RAORAK MUAY vol.2
1	NAGOYA KICK ～Scream Like A Rolling Stone～
1	NAGOYA KICK ～Concrete River～
1	大和ジム40周年＆名古屋JKF20周年記念興行 THE ORIGIN OF KICK BOXING
1	NAGOYA KICK ～BoogieFight09 VACANCY～
1	ストライキングチャレンジ13
1	BRIDGE one match challenge 6th
1	BOUT 42
1	津武英雄
1	REBELS 69
1	SUK WAN KINGTHONG Go for the top
1	RIZIN.23 - CALLING OVER -
1	Kunlun Fight 70
1	WLF 武林風 vs. Krush 中日対抗戦 vol.2
1	EM-LEGEND 10
1	EM-LEGEND 9
1	谷山ジム「ビッグバン・統一への道 其の七」
1	スックワンキントーン2024 THE FINAL
1	SUK WAN KINGTHONG "Aggressive"
1	SUK WAN KINGTHONG "Advance"
1	KROSS×OVER-EXTRA.4
1	Kings Birthday Event
1	Phuket Promotion
1	HOOST CUP KINGS KYOTO9
1	ジャパンカップキックボクシング Vol.II
1	ONE Friday Fights 146
1	全日本キックボクシング連盟「浪漫 〜 Kick Return 〜 Kickboxer of the best 60 Tournament 決勝戦」
1	JANUS FIGHT NIGHT 2005 Thai Boxe Mondiale Tournament
1	全日本キックボクシング連盟「SUPER FIGHT 〜MAXIMAM〜」
1	全日本キックボクシング連盟「MOVEMENT」
1	不明（バンコク）
1	KPKB vol.12
1	NO KICK NO LIFE 2023 act.1
1	Challeger3 〜Beyond the limit〜
1	Road to ONE 2nd
1	Glory of Heroes 31
1	Hero Legend 2017
1	Kunlun Fight 26
1	WPMF JAPAN×REBELSSUK WEERASAKRECK FAIRTEX
1	NO KICK, NO LIFE 2014
1	M-FIGHT SUK WEERASAKRECK IV Part.1
1	M-FIGHT SUK WEERASAKRECK III Part.2
1	M-FIGHT SUK WEERASAKRECK II Part.2
1	M-FIGHT SUK WEERASAKRECK I Part.2
1	Warriors Night 1
1	RISE/M-1MC ～INFINITY～
1	M-1ムエタイチャレンジ Sutt Yod Muaythai vol.3 Part2
1	Fairtex Thepprasit Boxing Stadium
1	M-1 FAIRTEX SINGHA BEER ムエタイチャレンジ 2009
1	Muaythai on Channel 5
1	World Championship Muaythai
1	Noche de Campeones
1	SUK Fairtex
1	SUK Petpanomurung
1	Muaythai Gala
1	WFC 6, Sofia, Bulgaria
1	INOKI BOM-BA-YE×巌流島 in 両国
1	NJKF2025 west 2nd
1	NJKF2024 west 5th
1	GARUDA FES vol.5
1	RISE WEST.8 & KAMINARIMON at Acros Fukuoka
1	WLF2018武林風世界拳王争覇戦in天津
1	HIGHSPEED 2016 ～higher self～
1	HIGHSPEED DX
1	MAX FCコンテンダーリーグ19
1	ONE Championship: Mark Of Greatness
1	Dawn Of Valor
1	Glory of Heroes 34: Tongling
1	Glory of Heroes 31: Beijing
1	Glory of Heroes: New Zealand vs China
1	Glory of Heroes: Jinan, 57 kg Tournament Semi-Finals
1	Glory of Heroes: Portugal & Strikers League
1	Rise of Heroes: Hengyang
1	Rise of Heroes 1, 57kg Tournament Final
1	Rise of Heroes 1, 57kg Tournament Semifinals
1	WLF武林風 vs Krush中日対抗戦
1	ONE Friday Fights 120
1	A New Tomorrow
1	New Generation Warriors
1	The Return Of The King
1	C.L.K Mucho Machismo
1	Balans Fight Night Gala
1	2H2H - Pride & Honor
1	SLAMM - Netherland vs Thailand I
1	The Night of Immortality
1	It's Showtime Trophy 75KG Tournament
1	Muay Thai Champions League XIV
1	Beatmasters Show
1	MT/MF Fight Gala
1	WFCA Benelux title
1	Killerdome V
1	Muay Thai Express I
1	Magic Duo part 3
1	Victory Or Hell 7
1	WPKL gala in Hogendorpha
1	Sor.Yingjaroen Engineering Muay Thai Stadium
1	Chiang Mai Muay Thai Stadium
1	Tha Phae Muay Thai Stadium
1	MGL-1 70kg級トーナメント決勝
1	MGL-1 70kg級トーナメント準決勝
1	MGL-1 70Kg級トーナメント1回戦
1	新日本プロレス「YOKOHAMA DEAD OUT」
1	BOUT.52
1	OKTAGON IN ROME
1	BOUT.38
1	BOUT.34
1	天下一・武道会 ＺＥＲＯ
1	静岡KICKvol.8
1	Kings of Oceania April 2007
1	Ichigeki Bulgaria 06
1	KB in Russia, Moscow
1	Belorechensk Fight Night 2
1	Bangkok, IFMA, Amateur Muaythai World Championships, アマチュアムエタイ
1	Bangkok
1	MARS WORLD FIGHTING GP in SEOUL
1	ブルガリアキック
1	Arbat Fight Club, WBKF, Moscow
1	Total Kombat 3
1	Belarus vs USA, Minsk, Belarus
1	WSFC 8 - West Siberian Fighting Championship 8, ムエタイルール
1	WKN EUROPEAN Title THAI BOXING, Daugavpils, Latvia
1	IAMTF, Bangkok
1	BARS - BARS
1	2004年5月15日以前の試合
1	燃えろドラゴン！その壱
1	QP PRESENTS HOOST CUP KINGS KYOTO 10
1	QP PRESENTS HOOST CUP KINGS KYOTO 7
1	GLORY86
1	GLORY84
1	GLORY 84
1	True4U Muaymanwansuk	Buriram
1	Petchyindee Road Show
1	Glory 75
1	Glory 72
1	GLORY 67
1	ONE Friday Fights 166 & The Inner Circle
1	ムエローク 2025 HACHIOJI
1	RWS JAPAN 2024
1	ムエローク2024
1	TOP BRIGHTS
1	ROAD TO RAJADAMNERN
1	BOM 45
1	ラジャダムナン・ワールド・シリーズ
1	BOM 41
1	RiSE_championship
1	ランバー・ソムデート主催興行
1	SUK WAN KINGTHONG confrontation
1	ムエローク 2022 八王子
1	BOM WAVE 06
1	BOM WAVE05
1	ムエローク2021
1	BOM WAVE03
1	BOM2-6
1	ムエローク2017 2nd
1	タイ・バンコク アジアンティーク
1	SUK WEERASAKRECK XII
1	SUK WEERASAKRECK X
1	タイ・パタヤ・テープラシットスタジアム
1	The Battle of Muaythai IX
1	The Battle of Muaythai VII×ムエローク
1	The Battle of Muaythai VI
1	TENKAICHI 73 -ALL STARS-
1	クイーンズカップ2014
1	TENKAICHI 71
1	ムエローク2014 -1st- 東京・新宿FACE
1	タイ王妃生誕記念 クイーンズカップ2013
1	タイ王妃生誕記念イベント
1	タイ・アユタヤ
1	タイ王妃誕生日記念試合クイーンズカップ
1	ACCEL 35 聖夜への架け橋
1	SKKB vol.6
1	新日本キック MAGNUM 42
1	ACCEL 34 真夏の格闘技大戦争！
1	グループエスカラデーPRESENTS HOOST CUP KINGS NAGOYA10～NAGOYAチャンピオンカーニバル～ DAY FIGHT
1	ニュージャパンキックボクシング連盟「FIGHTING EVOLUTION 〜進化する戦い 13th〜 The Last Supper 最後の晩餐」
1	ニュージャパンキックボクシング連盟真王杯 55kg・60kg オープントーナメント（ADVANCE X 〜前進〜）
1	ニュージャパンキックボクシング連盟「X-DUEL IX 〜終わりなき決戦〜」
1	ニュージャパンキックボクシング連盟「X-DUEL I 〜終わりなき決戦〜」
1	ニュージャパンキックボクシング連盟「VORTEX VII 〜旋風〜」
1	ニュージャパンキックボクシング連盟「CHALLENGE TO MUAI-THAI 1」
1	ニュージャパンキックボクシング連盟「Millennium Wars 3」
1	ニュージャパンキックボクシング連盟「achievement 10」
1	ニュージャパンキックボクシング連盟「achievement 5」
1	ニュージャパンキックボクシング連盟「Innovation 7」
1	ニュージャパンキックボクシング連盟「Innovation 4」
1	ニュージャパンキックボクシング連盟「真実の始まり8」
1	Ufa Fight Night
1	WBKF Eurasian Title (+93kg) @ Club Arbat
1	WMC World Title
1	BARS - Cup of Arbat Quarterfinals (+94 KG)
1	RF 2000-Lithuania vs Belarus
1	Swiss Lasvegas 2
1	King of The Muaythai
1	Fight Night
1	IKF USA vs Belarus
1	MuayThai Super Fight
1	R.I.S.E. DEAD OR ALIVE TOURNAMENT'06
1	R.I.S.E. G-BAZOOKA TOURNAMENT ’05
1	R.I.S.E. DEAD OR ALIVE TOURNAMENT '04
1	Join Forces-14
1	PANCRASE REBELS RING.1 DAY
1	CHAMPIONS CARNIVAL 2018-Ⅱ（INNOVATION）
1	KING OF KNOCK OUT 2017 両国
1	REBELS.49
1	Japan Kickboxing Innovation認定第3回岡山ジム主催興行
1	NO KICK NO LIFE 〜THE FINAL〜
1	JAPAN KICKBOXING INNOVATION Dream Force-11
1	JAPAN KICKBOXING INNOVATION CHAMPIONS CARNIVAL2015
1	マーシャルアーツ日本キックボクシング連盟「BREAK－32 ～SEIZE～」
1	マーシャルアーツ日本キックボクシング連盟「KICK GUTS 2012 第15回梶原一騎杯～真樹日佐夫追悼記念興行～」
1	マーシャルアーツ日本キックボクシング連盟「BREAK-24 ～SAGITTARIUS～　山本佑機引退記念興行」
1	マーシャルアーツ日本キックボクシング連盟「FIGHT FOR PEACE III 5大タイトルマッチ BREAK-22 ～士道館新春正月興行～」
1	マーシャルアーツ日本キックボクシング連盟「BREAK－20 ～RAISE～」
1	マーシャルアーツ日本キックボクシング連盟「BREAK-17～Khaos～ 交流戦6番勝負」
1	マーシャルアーツ日本キックボクシング連盟「BREAK-14 ～IRIS～」
1	マーシャルアーツ日本キックボクシング連盟「BREAK-11 ～NEXUS～」
1	マーシャルアーツ日本キックボクシング連盟「BREAK-8 〜士道館新春正月興行 FIGHT FOR PEACE 2〜」
1	マーシャルアーツ日本キックボクシング連盟「BREAK-6」
1	マーシャルアーツ日本キックボクシング連盟「BREAK-3 〜日泰国際戦＆MA日本ランキング戦〜」
1	マーシャルアーツ日本キックボクシング連盟「士道館新春正月興行 BREAK-1」
1	Club DEEP 八王子 II
1	WLF武林風553
1	マーシャルアーツ日本キックボクシング連盟RKS「大阪大会～THE ONE AND ONLY～ 門戸開放」
1	横浜登竜門V
1	ACCEL vol.32
1	ACCEL vol.28
1	GO-1
1	ACCEL vol.27
1	RKS ダブルクラッチ2
1	ACCEL vol.26
1	ACCEL vol.24
1	グループエスカラデーPRESENTS HOOST CUP KINGS NAGOYA10
1	I-1 20anniversary
1	GRAND STRIKEFORCE 1:FULL IMPACT
1	I-1 World Muaythai Grand Extreme
1	MAX FC 25 & DOUBLE G 16 IN IKSAN
1	I-1world MUAY THAI CHAMPIONSHIP at GUANG ZHOU
1	JEWELS 6th RING
1	TENKAICHI 90
1	TENKAICHI 88
1	DEEP☆ZERO11
1	KROSS OVER.24
1	JAPAN KICKBOXING INNOVATION CHAMPIONS CARNIVAL 2020
1	第二回GINA魂2023
1	ACCEL vol56
1	TWØFC Vol.8 ～Evolving Muay Thai Fighting～
1	HOOST CUP KINGS NAGOYA 10
1	BOM ～ The Battle Of MuayThai～
1	JOURNEYFIGHT
1	S-BATTLE 2013 夏の陣
1	全日本キックボクシング連盟「CUB☆KICK'S-7 〜第10代・全日本ミドル級王座決定戦〜」
1	GLADIATOR 8
1	全日本キック "S.W.S. 〜Super Weiter Struggle〜"
1	Kushima's Fight 12
1	KING OF STRIKERS ROUND 44
1	PRINCE REVOLUTION “SURVIVAL” 2
1	KING OF STRIKERS ROUND 43
1	PRINCE REVOLUTION “SURVIVAL”
1	RIZIN TRIGGER 2nd
1	RIZIN.24
1	MAX FC 15
1	静岡キック
1	Champions League
1	Vienna WM-Fight
1	第12回 KODO -魂動-
1	PRINCE REVOLUTION”HOPE” 5
1	PRINCE REVOLUTION 27
1	MAXFC 28
1	RIZIN.25
1	WMC I-1 World Muaythai Grand Xtreme
1	WMC I-1 World Muaythai Grand Prix 2017
1	BEAT DOWN2017-月光-
1	湘南美容クリニック presents RIZIN.37
1	激突祭り2013
1	Fujiwara Festival 〜藤原祭り2011〜
1	M-1 FAIRTEX ムエタイチャレンジ『がんばろうニッポン！RAORAK MUAY vol,2』
1	天下一武道会 〜日米対決〜
1	Kushima's Fight 9
1	TRIBELATE vol.6 -Hybrid Club Fight-
1	Combat at The Capitale III - The Combat vs. IKUSA -
1	TRIBELATE vol.5
1	TRIBELATE vol.1
1	NJKF2022 west 5th
1	『KNOCK OUT 2022 vol.4』
1	『KNOCK OUT 2022 vol.3』
1	REBELS『REBELS.66』
1	REBELS『REBELS.64』
1	REBELS『REBELS.62』
1	REBELS『PANCRASE REBELS RING.1』
1	REBELS『REBELS.59』
1	KICKBOXING ZONE『ZONE1』
