count	opponentName	classification
15	大樹	正当な未リンク(名簿に候補なし)
15	翔也	正当な未リンク(名簿に候補なし)
13	KENJI	正当な未リンク(名簿に候補なし)
12	金井健治	正当な未リンク(名簿に候補なし)
12	どん冷え貴哉	正当な未リンク(名簿に候補なし)
12	一樹	正当な未リンク(名簿に候補なし)
12	清志	正当な未リンク(名簿に候補なし)
11	悠矢	正当な未リンク(名簿に候補なし)
11	新人	判定不能(データ破損/プレースホルダ)
10	小松 貴哉	正当な未リンク(名簿に候補なし)
10	一航	正当な未リンク(名簿に候補なし)
10	迅也	正当な未リンク(名簿に候補なし)
10	グレート草津	正当な未リンク(名簿に候補なし)
9	洋輔YAMATO	正当な未リンク(名簿に候補なし)
9	大久保 峻	正当な未リンク(名簿に候補なし)
9	KING強介	正当な未リンク(名簿に候補なし)
9	アリスター・オーフレイム	正当な未リンク(名簿に候補なし)
9	前田慶次郎	正当な未リンク(名簿に候補なし)
9	sasori	正当な未リンク(名簿に候補なし)
9	笹羅歩	正当な未リンク(名簿に候補なし)
8	濱田祐生	正当な未リンク(名簿に候補なし)
8	末広智明	正当な未リンク(名簿に候補なし)
8	白神武央	正当な未リンク(名簿に候補なし)
8	FUJIMON♡	正当な未リンク(名簿に候補なし)
8	セーム・シュルト	正当な未リンク(名簿に候補なし)
8	佐藤レイナ	正当な未リンク(名簿に候補なし)
8	川端健司	正当な未リンク(名簿に候補なし)
8	中迫強	正当な未リンク(名簿に候補なし)
8	浅瀬石真司	正当な未リンク(名簿に候補なし)
8	AZU	正当な未リンク(名簿に候補なし)
8	スコット・ライティ	正当な未リンク(名簿に候補なし)
8	曙	正当な未リンク(名簿に候補なし)
8	藤本 昌大	正当な未リンク(名簿に候補なし)
8	郁弥	正当な未リンク(名簿に候補なし)
8	小嶋 瑠久	正当な未リンク(名簿に候補なし)
7	河北 光生	正当な未リンク(名簿に候補なし)
7	モトヤスック	正当な未リンク(名簿に候補なし)
7	マリモー	正当な未リンク(名簿に候補なし)
7	RISING大輝	正当な未リンク(名簿に候補なし)
7	上杉文博	正当な未リンク(名簿に候補なし)
7	大和大地	正当な未リンク(名簿に候補なし)
7	由知	正当な未リンク(名簿に候補なし)
7	ピーター・ヴァルガ	正当な未リンク(名簿に候補なし)
7	DAI	正当な未リンク(名簿に候補なし)
7	歌川暁文	正当な未リンク(名簿に候補なし)
7	MASATO	正当な未リンク(名簿に候補なし)
7	仙一	正当な未リンク(名簿に候補なし)
7	慎太郎	正当な未リンク(名簿に候補なし)
7	庄司理玖斗	正当な未リンク(名簿に候補なし)
7	真吾YAMATO	正当な未リンク(名簿に候補なし)
7	和真	正当な未リンク(名簿に候補なし)
7	凌太	正当な未リンク(名簿に候補なし)
7	岩崎 悠斗	正当な未リンク(名簿に候補なし)
7	瑠輝也	正当な未リンク(名簿に候補なし)
7	ANIMAL☆KOJI	正当な未リンク(名簿に候補なし)
7	雄一	正当な未リンク(名簿に候補なし)
7	一刀	正当な未リンク(名簿に候補なし)
7	小原俊之	正当な未リンク(名簿に候補なし)
6	龍生	正当な未リンク(名簿に候補なし)
6	若林澪生	正当な未リンク(名簿に候補なし)
6	湧也	正当な未リンク(名簿に候補なし)
6	藤原乃愛	正当な未リンク(名簿に候補なし)
6	トビー・イマダ	正当な未リンク(名簿に候補なし)
6	吏羅	正当な未リンク(名簿に候補なし)
6	KAEDE	正当な未リンク(名簿に候補なし)
6	アーサー雅仁	正当な未リンク(名簿に候補なし)
6	櫻井祐斗	正当な未リンク(名簿に候補なし)
6	AYA	正当な未リンク(名簿に候補なし)
6	川﨑 真一朗	正当な未リンク(名簿に候補なし)
6	悠	正当な未リンク(名簿に候補なし)
6	ラニ・ベルバーチ	正当な未リンク(名簿に候補なし)
6	ほのか	正当な未リンク(名簿に候補なし)
6	細越 智貴	正当な未リンク(名簿に候補なし)
6	細濱辰	正当な未リンク(名簿に候補なし)
6	菅原勇介	正当な未リンク(名簿に候補なし)
6	滝川リョウ	正当な未リンク(名簿に候補なし)
6	巨輝	正当な未リンク(名簿に候補なし)
6	K・ルークプラバーツ	正当な未リンク(名簿に候補なし)
6	佐藤 亮	正当な未リンク(名簿に候補なし)
6	能登龍也	正当な未リンク(名簿に候補なし)
6	生川龍星	正当な未リンク(名簿に候補なし)
6	ハンベルト・エボラ	正当な未リンク(名簿に候補なし)
6	YETI達朗	正当な未リンク(名簿に候補なし)
6	アンドリュー・ペック	正当な未リンク(名簿に候補なし)
6	RAI	正当な未リンク(名簿に候補なし)
6	TSUYOSHI	正当な未リンク(名簿に候補なし)
6	関川 和将	正当な未リンク(名簿に候補なし)
6	カークウッド・ウォーカー	正当な未リンク(名簿に候補なし)
6	雄人	正当な未リンク(名簿に候補なし)
6	佐野克海	正当な未リンク(名簿に候補なし)
6	ハト胸むな男	正当な未リンク(名簿に候補なし)
6	ニモ	正当な未リンク(名簿に候補なし)
6	マキ・ピンサヤーム	正当な未リンク(名簿に候補なし)
6	園田 顕悟	正当な未リンク(名簿に候補なし)
5	Hideki	正当な未リンク(名簿に候補なし)
5	ケイスケ	正当な未リンク(名簿に候補なし)
5	アン・ジョンホ	正当な未リンク(名簿に候補なし)
5	米田克盛	正当な未リンク(名簿に候補なし)
5	志門	正当な未リンク(名簿に候補なし)
5	クリス・ナギンビ	正当な未リンク(名簿に候補なし)
5	パヤーフォン	正当な未リンク(名簿に候補なし)
5	雄飛	正当な未リンク(名簿に候補なし)
5	悠羽輝	正当な未リンク(名簿に候補なし)
5	ムラデン・ブレストバッチ	正当な未リンク(名簿に候補なし)
5	ミンダウガス・サカラウスカス	正当な未リンク(名簿に候補なし)
5	大前洸貴	正当な未リンク(名簿に候補なし)
5	井上敬太	正当な未リンク(名簿に候補なし)
5	大澤匡弘	正当な未リンク(名簿に候補なし)
5	森 巧光	正当な未リンク(名簿に候補なし)
5	晴矢	正当な未リンク(名簿に候補なし)
5	宮島教晋	正当な未リンク(名簿に候補なし)
5	ボーウィー・ソーウドムソン	正当な未リンク(名簿に候補なし)
5	伊賀弘治	正当な未リンク(名簿に候補なし)
5	大崎孔稀	正当な未リンク(名簿に候補なし)
5	池上侑李	正当な未リンク(名簿に候補なし)
5	祖父江泰司	正当な未リンク(名簿に候補なし)
5	キム・セギ	正当な未リンク(名簿に候補なし)
5	佐々木涼助	正当な未リンク(名簿に候補なし)
5	ウェズリー・ペレイラ	正当な未リンク(名簿に候補なし)
5	龍之介	正当な未リンク(名簿に候補なし)
5	バンダー・マーブ	正当な未リンク(名簿に候補なし)
5	俊YAMATO	正当な未リンク(名簿に候補なし)
5	梅沢武彦	正当な未リンク(名簿に候補なし)
5	心センチャイジム	正当な未リンク(名簿に候補なし)
5	不明	判定不能(データ破損/プレースホルダ)
5	中澤友	正当な未リンク(名簿に候補なし)
5	佐藤亮	正当な未リンク(名簿に候補なし)
5	NA☆NA	正当な未リンク(名簿に候補なし)
5	ダイナマイト柿崎	正当な未リンク(名簿に候補なし)
5	MASAYA	正当な未リンク(名簿に候補なし)
5	KAWASAKI	正当な未リンク(名簿に候補なし)
5	勇哉	正当な未リンク(名簿に候補なし)
5	森口竜	正当な未リンク(名簿に候補なし)
5	須藤元気	正当な未リンク(名簿に候補なし)
5	後藤まき	正当な未リンク(名簿に候補なし)
5	多根嘉帆	正当な未リンク(名簿に候補なし)
5	榎木友星	正当な未リンク(名簿に候補なし)
5	剣	正当な未リンク(名簿に候補なし)
5	ゲーリー・ターナー	正当な未リンク(名簿に候補なし)
5	石川 章太郎	正当な未リンク(名簿に候補なし)
5	誓	正当な未リンク(名簿に候補なし)
5	宗田 智美	正当な未リンク(名簿に候補なし)
5	茶谷 薫	正当な未リンク(名簿に候補なし)
5	TASUKU	正当な未リンク(名簿に候補なし)
5	日下滉大	正当な未リンク(名簿に候補なし)
5	原田 翔貴	正当な未リンク(名簿に候補なし)
5	猪股晃平	正当な未リンク(名簿に候補なし)
5	ファントム進也	正当な未リンク(名簿に候補なし)
5	高橋拓也	正当な未リンク(名簿に候補なし)
5	奥田 啓介	正当な未リンク(名簿に候補なし)
5	蓮武	正当な未リンク(名簿に候補なし)
5	Honoka	正当な未リンク(名簿に候補なし)
5	市村大斗	正当な未リンク(名簿に候補なし)
5	クリス・クリソポリディス	正当な未リンク(名簿に候補なし)
5	前田浩喜	正当な未リンク(名簿に候補なし)
5	ウィサンレック・MEIBUKAI	正当な未リンク(名簿に候補なし)
5	アンドレイ・キルサノフ	正当な未リンク(名簿に候補なし)
5	西田京介	正当な未リンク(名簿に候補なし)
5	吉田理玖	正当な未リンク(名簿に候補なし)
5	不動明王岸田	正当な未リンク(名簿に候補なし)
5	柳澤龍志	正当な未リンク(名簿に候補なし)
5	細野岳範	正当な未リンク(名簿に候補なし)
5	三宅美優	正当な未リンク(名簿に候補なし)
5	上田 誠也	正当な未リンク(名簿に候補なし)
5	アンドレ・ジダ	正当な未リンク(名簿に候補なし)
5	佐藤”魔王”応紀	正当な未リンク(名簿に候補なし)
5	青柳雅英	正当な未リンク(名簿に候補なし)
5	正木宏幸	正当な未リンク(名簿に候補なし)
5	殿	正当な未リンク(名簿に候補なし)
5	波賀宙也	正当な未リンク(名簿に候補なし)
5	ヘンリー・オプスタル	正当な未リンク(名簿に候補なし)
5	嶋田裕介	正当な未リンク(名簿に候補なし)
5	崎村暁東	正当な未リンク(名簿に候補なし)
5	加賀 丞	正当な未リンク(名簿に候補なし)
5	オーランド・ウィット	正当な未リンク(名簿に候補なし)
5	MAMUTI	正当な未リンク(名簿に候補なし)
5	福原 優	正当な未リンク(名簿に候補なし)
5	デンサイアム・ルークプラバーツ	正当な未リンク(名簿に候補なし)
5		判定不能(データ破損/プレースホルダ)
5	白谷フィッシュ征也	正当な未リンク(名簿に候補なし)
5	荒川ルシファー大夢	正当な未リンク(名簿に候補なし)
5	細川雄司	正当な未リンク(名簿に候補なし)
5	マーク・デ・ウィット	正当な未リンク(名簿に候補なし)
5	大稚YAMATO	正当な未リンク(名簿に候補なし)
5	三原日出男	正当な未リンク(名簿に候補なし)
5	須釜和成	正当な未リンク(名簿に候補なし)
4	スアキム	正当な未リンク(名簿に候補なし)
4	高橋亮	正当な未リンク(名簿に候補なし)
4	木谷典史	正当な未リンク(名簿に候補なし)
4	北沢勝	正当な未リンク(名簿に候補なし)
4	ペットモラコット・ペッティンディーアカデミー	正当な未リンク(名簿に候補なし)
4	羽田 翔太	正当な未リンク(名簿に候補なし)
4	原田翔貴	正当な未リンク(名簿に候補なし)
4	嶋秀太	正当な未リンク(名簿に候補なし)
4	吏亜夢	正当な未リンク(名簿に候補なし)
4	池上孝二	正当な未リンク(名簿に候補なし)
4	半田喜蓮	正当な未リンク(名簿に候補なし)
4	MA-SHI	正当な未リンク(名簿に候補なし)
4	山口太雅	正当な未リンク(名簿に候補なし)
4	エロル・パリス	正当な未リンク(名簿に候補なし)
4	リッキー・ニッケルソン	正当な未リンク(名簿に候補なし)
4	ロクク・ダリ	正当な未リンク(名簿に候補なし)
4	小原 俊之	正当な未リンク(名簿に候補なし)
4	村井崇裕	正当な未リンク(名簿に候補なし)
4	小林 準	正当な未リンク(名簿に候補なし)
4	加藤健	正当な未リンク(名簿に候補なし)
4	滑飛レオン	正当な未リンク(名簿に候補なし)
4	田中 翔太	正当な未リンク(名簿に候補なし)
4	駿	正当な未リンク(名簿に候補なし)
4	藤原国崇	正当な未リンク(名簿に候補なし)
4	パリス・バシリコス	正当な未リンク(名簿に候補なし)
4	山浦俊一	正当な未リンク(名簿に候補なし)
4	栗原 陵	正当な未リンク(名簿に候補なし)
4	頼信	正当な未リンク(名簿に候補なし)
4	マサル	正当な未リンク(名簿に候補なし)
4	トーマス・クチャゼウスキー	正当な未リンク(名簿に候補なし)
4	是枝修平	正当な未リンク(名簿に候補なし)
4	サダウ・ゲッソンリット	正当な未リンク(名簿に候補なし)
4	安部康博	正当な未リンク(名簿に候補なし)
4	山中政信	正当な未リンク(名簿に候補なし)
4	"山本""KID""徳郁"	正当な未リンク(名簿に候補なし)
4	マリノ・デフローリン	正当な未リンク(名簿に候補なし)
4	ヘンリー・セハス	正当な未リンク(名簿に候補なし)
4	シンイチ・ウォーワンチャイ	正当な未リンク(名簿に候補なし)
4	崇斗	正当な未リンク(名簿に候補なし)
4	平松 侑	正当な未リンク(名簿に候補なし)
4	池井佑丞	正当な未リンク(名簿に候補なし)
4	上田龍之介	正当な未リンク(名簿に候補なし)
4	KAZUYA	正当な未リンク(名簿に候補なし)
4	吉瀧光	正当な未リンク(名簿に候補なし)
4	田邉雅弥	正当な未リンク(名簿に候補なし)
4	石川 蓮太	正当な未リンク(名簿に候補なし)
4	澤田曜祐	正当な未リンク(名簿に候補なし)
4	マン☆五郎	正当な未リンク(名簿に候補なし)
4	野嶋琉生	正当な未リンク(名簿に候補なし)
4	金子 大輝	正当な未リンク(名簿に候補なし)
4	ガボール・メイツァー	正当な未リンク(名簿に候補なし)
4	優吾	正当な未リンク(名簿に候補なし)
4	中務 幸信	正当な未リンク(名簿に候補なし)
4	西原 孝之	正当な未リンク(名簿に候補なし)
4	金剛駿	正当な未リンク(名簿に候補なし)
4	HIRO YAMATO	正当な未リンク(名簿に候補なし)
4	中澤 友	正当な未リンク(名簿に候補なし)
4	久保孝太	正当な未リンク(名簿に候補なし)
4	水野 一矢	正当な未リンク(名簿に候補なし)
4	アラン・ソアレス	正当な未リンク(名簿に候補なし)
4	実方拓海	正当な未リンク(名簿に候補なし)
4	ちさとkiss Me!!	正当な未リンク(名簿に候補なし)
4	楓	正当な未リンク(名簿に候補なし)
4	有里	正当な未リンク(名簿に候補なし)
4	阿部泰彦	正当な未リンク(名簿に候補なし)
4	フジ・チャルムサック	正当な未リンク(名簿に候補なし)
4	笹木一磨	正当な未リンク(名簿に候補なし)
4	島田 洸也	正当な未リンク(名簿に候補なし)
4	高嶋 龍弘	正当な未リンク(名簿に候補なし)
4	マモル	正当な未リンク(名簿に候補なし)
4	山田直樹	正当な未リンク(名簿に候補なし)
4	イ・スンヒョン	正当な未リンク(名簿に候補なし)
4	岩橋伸太郎	正当な未リンク(名簿に候補なし)
4	HIROKI	判定不能(類似候補ありだが未確証)
4	平澤 優聖	正当な未リンク(名簿に候補なし)
4	マウンテンRYUGO	正当な未リンク(名簿に候補なし)
4	セルゲイ・アルヒポフ	正当な未リンク(名簿に候補なし)
4	アンドレイ・ズラウコフ	正当な未リンク(名簿に候補なし)
4	笹田勝俊	正当な未リンク(名簿に候補なし)
4	TURBO	正当な未リンク(名簿に候補なし)
4	サッタリ・ウィラサクレック	正当な未リンク(名簿に候補なし)
4	田渕神太	正当な未リンク(名簿に候補なし)
4	RIANA	判定不能(類似候補ありだが未確証)
4	竜宜	正当な未リンク(名簿に候補なし)
4	階勇弥	正当な未リンク(名簿に候補なし)
4	亜維二	正当な未リンク(名簿に候補なし)
4	松島勲也	正当な未リンク(名簿に候補なし)
4	青木克眞	正当な未リンク(名簿に候補なし)
4	伊藤千飛	正当な未リンク(名簿に候補なし)
4	MO刃KI	正当な未リンク(名簿に候補なし)
4	棚橋 賢二郎	正当な未リンク(名簿に候補なし)
4	石川剛司	正当な未リンク(名簿に候補なし)
4	勇	正当な未リンク(名簿に候補なし)
4	リーロイ・ケスナー	正当な未リンク(名簿に候補なし)
4	川崎 真一朗	正当な未リンク(名簿に候補なし)
4	中務幸信	正当な未リンク(名簿に候補なし)
4	嵐	正当な未リンク(名簿に候補なし)
4	ジャオスアヤイ	正当な未リンク(名簿に候補なし)
4	ルカ・サバティーニ	正当な未リンク(名簿に候補なし)
4	拳士	正当な未リンク(名簿に候補なし)
4	変わり者	正当な未リンク(名簿に候補なし)
4	中島大翔	正当な未リンク(名簿に候補なし)
4	西田光汰	正当な未リンク(名簿に候補なし)
4	GUNTHER KALUNDA	正当な未リンク(名簿に候補なし)
4	津田 達也	正当な未リンク(名簿に候補なし)
4	永井 健太郎	正当な未リンク(名簿に候補なし)
4	林 瑞紀	正当な未リンク(名簿に候補なし)
4	赤平大治	正当な未リンク(名簿に候補なし)
4	ハム・ソヒ	正当な未リンク(名簿に候補なし)
4	尹戸 雅教	正当な未リンク(名簿に候補なし)
4	ジャイロ楠	正当な未リンク(名簿に候補なし)
4	羅王丸	正当な未リンク(名簿に候補なし)
4	チュージャルン・ダブランサラハム	正当な未リンク(名簿に候補なし)
3	江口真吾	正当な未リンク(名簿に候補なし)
3	ピエトロ・ドウリャ	正当な未リンク(名簿に候補なし)
3	岩崎悠斗	正当な未リンク(名簿に候補なし)
3	矢野浩司	正当な未リンク(名簿に候補なし)
3	一治	正当な未リンク(名簿に候補なし)
3	斎藤 龍鬼	正当な未リンク(名簿に候補なし)
3	星 幸樹	正当な未リンク(名簿に候補なし)
3	フェルナンド・カレロス	正当な未リンク(名簿に候補なし)
3	メッケンナー・ソーキングスター	正当な未リンク(名簿に候補なし)
3	サゲッダーオ・ギャットプートン	正当な未リンク(名簿に候補なし)
3	山口遥花	正当な未リンク(名簿に候補なし)
3	フランツ・ハラー	正当な未リンク(名簿に候補なし)
3	清水保宏	正当な未リンク(名簿に候補なし)
3	コウイチ・ペタス	正当な未リンク(名簿に候補なし)
3	アドナン・レゾビッチ	正当な未リンク(名簿に候補なし)
3	正木和也	正当な未リンク(名簿に候補なし)
3	HIRΦKI	正当な未リンク(名簿に候補なし)
3	中泉 翔	正当な未リンク(名簿に候補なし)
3	フィクリ・ティアルティ	正当な未リンク(名簿に候補なし)
3	ヴァヒド・ロシャニ	正当な未リンク(名簿に候補なし)
3	上村康太	正当な未リンク(名簿に候補なし)
3	キム・ジュン	正当な未リンク(名簿に候補なし)
3	青谷 秋未	正当な未リンク(名簿に候補なし)
3	松本龍斗	正当な未リンク(名簿に候補なし)
3	廣虎	正当な未リンク(名簿に候補なし)
3	ダニエル	正当な未リンク(名簿に候補なし)
3	大澤 匡弘	正当な未リンク(名簿に候補なし)
3	ジャン・リビエール	正当な未リンク(名簿に候補なし)
3	カール・ベルナルド	正当な未リンク(名簿に候補なし)
3	スチュアート・グリーン	正当な未リンク(名簿に候補なし)
3	久遠	正当な未リンク(名簿に候補なし)
3	生井宏樹	正当な未リンク(名簿に候補なし)
3	協	正当な未リンク(名簿に候補なし)
3	ASH-RA	正当な未リンク(名簿に候補なし)
3	オートー・ノーナクシン	正当な未リンク(名簿に候補なし)
3	凱斗	正当な未リンク(名簿に候補なし)
3	トム・エリクソン	正当な未リンク(名簿に候補なし)
3	長井満也	正当な未リンク(名簿に候補なし)
3	サミール・ベルバーチ	正当な未リンク(名簿に候補なし)
3	清水政和	正当な未リンク(名簿に候補なし)
3	YU IKEDA	正当な未リンク(名簿に候補なし)
3	小野 剛史	正当な未リンク(名簿に候補なし)
3	伊東 拓馬	正当な未リンク(名簿に候補なし)
3	小野田琉己	正当な未リンク(名簿に候補なし)
3	篤椰	正当な未リンク(名簿に候補なし)
3	大崎一貴	正当な未リンク(名簿に候補なし)
3	滝口幸成	正当な未リンク(名簿に候補なし)
3	聡一郎	正当な未リンク(名簿に候補なし)
3	UMA	正当な未リンク(名簿に候補なし)
3	直人	正当な未リンク(名簿に候補なし)
3	釼田 昌弘	正当な未リンク(名簿に候補なし)
3	ジェフ・ルーファス	正当な未リンク(名簿に候補なし)
3	王強（ワン・チャング）	正当な未リンク(名簿に候補なし)
3	中井一成	正当な未リンク(名簿に候補なし)
3	平澤優聖	正当な未リンク(名簿に候補なし)
3	SHOTA	正当な未リンク(名簿に候補なし)
3	三輪力斗	正当な未リンク(名簿に候補なし)
3	大石享	正当な未リンク(名簿に候補なし)
3	マーセル・グローエンハート	正当な未リンク(名簿に候補なし)
3	マイク・コープ	正当な未リンク(名簿に候補なし)
3	斗哉	正当な未リンク(名簿に候補なし)
3	多根嘉輝	正当な未リンク(名簿に候補なし)
3	昇侍	正当な未リンク(名簿に候補なし)
3	杉本卓也	正当な未リンク(名簿に候補なし)
3	fire仭士	正当な未リンク(名簿に候補なし)
3	中向 永昌	正当な未リンク(名簿に候補なし)
3	杉山遼平	正当な未リンク(名簿に候補なし)
3	村上 祐馬	正当な未リンク(名簿に候補なし)
3	小柳 俊和	正当な未リンク(名簿に候補なし)
3	末廣智明	正当な未リンク(名簿に候補なし)
3	加藤圭太	正当な未リンク(名簿に候補なし)
3	我謝 真人	正当な未リンク(名簿に候補なし)
3	海老原 竜二	正当な未リンク(名簿に候補なし)
3	吉成名高	正当な未リンク(名簿に候補なし)
3	坂本 優	正当な未リンク(名簿に候補なし)
3	TOA	正当な未リンク(名簿に候補なし)
3	ヤスユキ	正当な未リンク(名簿に候補なし)
3	国分省吾	正当な未リンク(名簿に候補なし)
3	森 興二	正当な未リンク(名簿に候補なし)
3	泉 丈成	正当な未リンク(名簿に候補なし)
3	ルイス・アゼレード	正当な未リンク(名簿に候補なし)
3	角田信朗	正当な未リンク(名簿に候補なし)
3	松本圭一太	正当な未リンク(名簿に候補なし)
3	大西 翼	正当な未リンク(名簿に候補なし)
3	フィル・ファーガン	正当な未リンク(名簿に候補なし)
3	翔平	正当な未リンク(名簿に候補なし)
3	SHU	正当な未リンク(名簿に候補なし)
3	嚴士鎔	正当な未リンク(名簿に候補なし)
3	Sero	正当な未リンク(名簿に候補なし)
3	野村リトル知生	正当な未リンク(名簿に候補なし)
3	土屋 大喜	正当な未リンク(名簿に候補なし)
3	高久雅裕	正当な未リンク(名簿に候補なし)
3	前田辰也	正当な未リンク(名簿に候補なし)
3	中野岳	正当な未リンク(名簿に候補なし)
3	チューチャイ	正当な未リンク(名簿に候補なし)
3	シニサ・アンドリヤセビッチ	正当な未リンク(名簿に候補なし)
3	三橋空良	正当な未リンク(名簿に候補なし)
3	清水将海	正当な未リンク(名簿に候補なし)
3	andrew	正当な未リンク(名簿に候補なし)
3	武巳	正当な未リンク(名簿に候補なし)
3	KAZU	正当な未リンク(名簿に候補なし)
3	セルジオ・サンチェス	正当な未リンク(名簿に候補なし)
3	長舩ライオン	正当な未リンク(名簿に候補なし)
3	吉瀧 光	正当な未リンク(名簿に候補なし)
3	こうた	正当な未リンク(名簿に候補なし)
3	半澤 信也	正当な未リンク(名簿に候補なし)
3	猪ノ川 海	正当な未リンク(名簿に候補なし)
3	一戸総太	正当な未リンク(名簿に候補なし)
3	山本ユノカ	正当な未リンク(名簿に候補なし)
3	白築杏奈	正当な未リンク(名簿に候補なし)
3	古川照明	正当な未リンク(名簿に候補なし)
3	六川星矢	正当な未リンク(名簿に候補なし)
3	玉城海優	正当な未リンク(名簿に候補なし)
3	Mai	正当な未リンク(名簿に候補なし)
3	ハルク大城	正当な未リンク(名簿に候補なし)
3	高木 亮	正当な未リンク(名簿に候補なし)
3	Marina	正当な未リンク(名簿に候補なし)
3	川島史也	正当な未リンク(名簿に候補なし)
3	志賀将大	正当な未リンク(名簿に候補なし)
3	蘇我英樹	正当な未リンク(名簿に候補なし)
3	松信 亮次	正当な未リンク(名簿に候補なし)
3	雄也	正当な未リンク(名簿に候補なし)
3	フィリップ・ゴミス	正当な未リンク(名簿に候補なし)
3	小澤和樹	正当な未リンク(名簿に候補なし)
3	阿佐美義文	正当な未リンク(名簿に候補なし)
3	エルハン・デニス	正当な未リンク(名簿に候補なし)
3	仲山大雅	正当な未リンク(名簿に候補なし)
3	高坂侑弥	正当な未リンク(名簿に候補なし)
3	"ツグト""忍""アマラ"	正当な未リンク(名簿に候補なし)
3	ジャバット・ポトラック	正当な未リンク(名簿に候補なし)
3	ショーン・オヘア	正当な未リンク(名簿に候補なし)
3	大輔	正当な未リンク(名簿に候補なし)
3	HΛL	正当な未リンク(名簿に候補なし)
3	花田元誓	正当な未リンク(名簿に候補なし)
3	馬渡亮太	正当な未リンク(名簿に候補なし)
3	竜宣	正当な未リンク(名簿に候補なし)
3	ナグランチューン・マーサM16	正当な未リンク(名簿に候補なし)
3	村田 大輔	正当な未リンク(名簿に候補なし)
3	ミハウ・グロガフスキー	正当な未リンク(名簿に候補なし)
3	高橋藍	正当な未リンク(名簿に候補なし)
3	虎太朗	正当な未リンク(名簿に候補なし)
3	IMARI	正当な未リンク(名簿に候補なし)
3	伊織	正当な未リンク(名簿に候補なし)
3	チューチャイ・	正当な未リンク(名簿に候補なし)
3	乾 秀人	正当な未リンク(名簿に候補なし)
3	倉光 改	正当な未リンク(名簿に候補なし)
3	チェ・ジョンユン	正当な未リンク(名簿に候補なし)
3	吉野 繁	正当な未リンク(名簿に候補なし)
3	オーシャン・ウジハラ	正当な未リンク(名簿に候補なし)
3	セルゲイ・ハリトーノフ	正当な未リンク(名簿に候補なし)
3	羅向	正当な未リンク(名簿に候補なし)
3	侑毅	正当な未リンク(名簿に候補なし)
3	テーパプット・シンコウムエタイ	正当な未リンク(名簿に候補なし)
3	YABU	正当な未リンク(名簿に候補なし)
3	ダニエル・ヴィチェコブスキー	正当な未リンク(名簿に候補なし)
3	がやお	正当な未リンク(名簿に候補なし)
3	パコーン	正当な未リンク(名簿に候補なし)
3	久世 秀樹	正当な未リンク(名簿に候補なし)
3	チャイディー・カー	正当な未リンク(名簿に候補なし)
3	リュウ	正当な未リンク(名簿に候補なし)
3	田渕 神太	正当な未リンク(名簿に候補なし)
3	齋藤 祐斗	正当な未リンク(名簿に候補なし)
3	コンバット・ジーヨ	正当な未リンク(名簿に候補なし)
3	イ・ミョンジュ	正当な未リンク(名簿に候補なし)
3	野津良太	正当な未リンク(名簿に候補なし)
3	自演乙＠PIGU	正当な未リンク(名簿に候補なし)
3	ゲン・カー	正当な未リンク(名簿に候補なし)
3	阿久澤英一	正当な未リンク(名簿に候補なし)
3	宮本武蔵	正当な未リンク(名簿に候補なし)
3	高木覚清	正当な未リンク(名簿に候補なし)
3	太陽照明	正当な未リンク(名簿に候補なし)
3	曽我 好健	正当な未リンク(名簿に候補なし)
3	MARIA	正当な未リンク(名簿に候補なし)
3	ローマン・クレイブル	正当な未リンク(名簿に候補なし)
3	晋センチャイジム	正当な未リンク(名簿に候補なし)
3	竹中 悠獅	正当な未リンク(名簿に候補なし)
3	国本真義	正当な未リンク(名簿に候補なし)
3	翔貴	正当な未リンク(名簿に候補なし)
3	王子	正当な未リンク(名簿に候補なし)
3	山中涼惺	正当な未リンク(名簿に候補なし)
3	ヨードレックペット・オー・ピティサック	正当な未リンク(名簿に候補なし)
3	タリソン・ゴメス・フェレイラ	正当な未リンク(名簿に候補なし)
3	シーン・プルヤック	正当な未リンク(名簿に候補なし)
3	竜輝	正当な未リンク(名簿に候補なし)
3	勇馬	正当な未リンク(名簿に候補なし)
3	ミッチ・オヘロ	正当な未リンク(名簿に候補なし)
3	ヨシップ・ボドロチック	正当な未リンク(名簿に候補なし)
3	三宅秀和	正当な未リンク(名簿に候補なし)
3	小山内 大輝	正当な未リンク(名簿に候補なし)
3	MEGUMI	正当な未リンク(名簿に候補なし)
3	室屋宏幸	正当な未リンク(名簿に候補なし)
3	Shin	正当な未リンク(名簿に候補なし)
3	川端 健司	正当な未リンク(名簿に候補なし)
3	Sitthichai Sitsongpeenong	正当な未リンク(名簿に候補なし)
3	FABIANO	正当な未リンク(名簿に候補なし)
3	エベンゼール・フォンテス・ブラガ	正当な未リンク(名簿に候補なし)
3	マナベ・アツヤ	正当な未リンク(名簿に候補なし)
3	ハリィ永田	正当な未リンク(名簿に候補なし)
3	階健志	正当な未リンク(名簿に候補なし)
3	SHINOBU・ツグト・アマラ	正当な未リンク(名簿に候補なし)
3	デビッド・ダンクレイド	正当な未リンク(名簿に候補なし)
3	MASAKI	正当な未リンク(名簿に候補なし)
3	ワンチャルーム	正当な未リンク(名簿に候補なし)
3	ユウ・ウォーワンチャイ	正当な未リンク(名簿に候補なし)
3	NOBU BRAVELY	正当な未リンク(名簿に候補なし)
3	山本ノボル	正当な未リンク(名簿に候補なし)
3	林祐哉	正当な未リンク(名簿に候補なし)
3	向柏榮	正当な未リンク(名簿に候補なし)
3	祐治	正当な未リンク(名簿に候補なし)
3	弘中史樹	正当な未リンク(名簿に候補なし)
3	DJ.taiki	正当な未リンク(名簿に候補なし)
3	岩井伸洋	正当な未リンク(名簿に候補なし)
3	厳基	正当な未リンク(名簿に候補なし)
3	C-CHAN	正当な未リンク(名簿に候補なし)
3	鷹山真吾	正当な未リンク(名簿に候補なし)
3	山内裕太郎	正当な未リンク(名簿に候補なし)
3	笛吹丈太郎	正当な未リンク(名簿に候補なし)
3	コンスタンチン・グルチョフ	正当な未リンク(名簿に候補なし)
3	"ウェズリー""キャベージ""コレイラ"	正当な未リンク(名簿に候補なし)
3	Ryusei.	正当な未リンク(名簿に候補なし)
3	岡加奈子	正当な未リンク(名簿に候補なし)
3	ロブ・ファン・エスドンク	正当な未リンク(名簿に候補なし)
3	コス・ウェッセッル	正当な未リンク(名簿に候補なし)
3	アンテ・ヴァルニッツァ	正当な未リンク(名簿に候補なし)
3	小宮山 夕介	正当な未リンク(名簿に候補なし)
3	山口 隆弥	正当な未リンク(名簿に候補なし)
3	アンドリューペック	正当な未リンク(名簿に候補なし)
3	山田 航暉	正当な未リンク(名簿に候補なし)
3	MASAKING	正当な未リンク(名簿に候補なし)
3	杉山 空	正当な未リンク(名簿に候補なし)
3	TSUMIKI	正当な未リンク(名簿に候補なし)
3	バレット	正当な未リンク(名簿に候補なし)
3	政所 椋	正当な未リンク(名簿に候補なし)
3	Paolo D'Antoni	正当な未リンク(名簿に候補なし)
3	勝村翔平	正当な未リンク(名簿に候補なし)
3	向籽羲	正当な未リンク(名簿に候補なし)
3	山本藍斗	正当な未リンク(名簿に候補なし)
3	ガンジー丈	正当な未リンク(名簿に候補なし)
3	木内祐太	正当な未リンク(名簿に候補なし)
3	炎出丸	正当な未リンク(名簿に候補なし)
3	大桑 宏彰	正当な未リンク(名簿に候補なし)
3	楠本紘平	正当な未リンク(名簿に候補なし)
3	八田塁	正当な未リンク(名簿に候補なし)
3	藤井昴	正当な未リンク(名簿に候補なし)
3	安河内 秀哉	正当な未リンク(名簿に候補なし)
3	中川タカシ	正当な未リンク(名簿に候補なし)
3	トンチャイ・ブンラット	正当な未リンク(名簿に候補なし)
3	寺西美緒	正当な未リンク(名簿に候補なし)
3	松田龍聖	正当な未リンク(名簿に候補なし)
3	鉢田歩揮	正当な未リンク(名簿に候補なし)
3	清水賢吾	正当な未リンク(名簿に候補なし)
3	長嶋 大樹	正当な未リンク(名簿に候補なし)
3	大西 晃樹	正当な未リンク(名簿に候補なし)
3	梅原 ユウジ	正当な未リンク(名簿に候補なし)
3	ムアンファーレッグ・ギャットウィチアン	正当な未リンク(名簿に候補なし)
3	キラッ☆Yuuki	正当な未リンク(名簿に候補なし)
2	ヤン・カシューバ	正当な未リンク(名簿に候補なし)
2	久保坂左近	正当な未リンク(名簿に候補なし)
2	田中克佳	正当な未リンク(名簿に候補なし)
2	オーガニック菊﨑	正当な未リンク(名簿に候補なし)
2	ペップンミー	正当な未リンク(名簿に候補なし)
2	鈴木一史	正当な未リンク(名簿に候補なし)
2	籔中謙佑	正当な未リンク(名簿に候補なし)
2	YUSUKE MTカッバンラオ	正当な未リンク(名簿に候補なし)
2	ラッヒィン・セイシカイ	正当な未リンク(名簿に候補なし)
2	ソンクラー	正当な未リンク(名簿に候補なし)
2	マグナムカンタ	正当な未リンク(名簿に候補なし)
2	神助	正当な未リンク(名簿に候補なし)
2	水原浩章	正当な未リンク(名簿に候補なし)
2	畠山 育朗	正当な未リンク(名簿に候補なし)
2	デェパノム	正当な未リンク(名簿に候補なし)
2	岡本 琉聖	正当な未リンク(名簿に候補なし)
2	山本 蓮	正当な未リンク(名簿に候補なし)
2	拳太	正当な未リンク(名簿に候補なし)
2	蓮SUNCOSMO	正当な未リンク(名簿に候補なし)
2	ジョームタップ・クランセーンマハーサラーカム	正当な未リンク(名簿に候補なし)
2	宮田和幸	正当な未リンク(名簿に候補なし)
2	テーチャカリン・チューワッタナ	正当な未リンク(名簿に候補なし)
2	ペットナークン・ソーサムルアイナムチョーク	正当な未リンク(名簿に候補なし)
2	チャワリット	正当な未リンク(名簿に候補なし)
2	ブーヌン・サックホームシン	正当な未リンク(名簿に候補なし)
2	チャラームダム・シットラットラガーン	正当な未リンク(名簿に候補なし)
2	高杉茂男	正当な未リンク(名簿に候補なし)
2	オンドラム	正当な未リンク(名簿に候補なし)
2	アリス	正当な未リンク(名簿に候補なし)
2	ジョー・ナタウット	正当な未リンク(名簿に候補なし)
2	笠見瑠伊	正当な未リンク(名簿に候補なし)
2	剛基	正当な未リンク(名簿に候補なし)
2	田中 大翔	正当な未リンク(名簿に候補なし)
2	ムサシ（武蔵）	正当な未リンク(名簿に候補なし)
2	アンドレ・マナート	正当な未リンク(名簿に候補なし)
2	ガイヤーンMFC	正当な未リンク(名簿に候補なし)
2	西脇恵一	正当な未リンク(名簿に候補なし)
2	モウニール・ゼクニニ	正当な未リンク(名簿に候補なし)
2	シャミル・アバソフ	正当な未リンク(名簿に候補なし)
2	上杉恭平	正当な未リンク(名簿に候補なし)
2	コンペット・シットサラワットスア	正当な未リンク(名簿に候補なし)
2	松井大侑	正当な未リンク(名簿に候補なし)
2	達晃	正当な未リンク(名簿に候補なし)
2	齋藤航太郎	正当な未リンク(名簿に候補なし)
2	佐藤大稀	正当な未リンク(名簿に候補なし)
2	興之介	正当な未リンク(名簿に候補なし)
2	大出 剛生	正当な未リンク(名簿に候補なし)
2	天野誠也	正当な未リンク(名簿に候補なし)
2	オノリュウ	正当な未リンク(名簿に候補なし)
2	健吾	正当な未リンク(名簿に候補なし)
2	竹本亮吾	正当な未リンク(名簿に候補なし)
2	響子JSK	正当な未リンク(名簿に候補なし)
2	岡田 仁	正当な未リンク(名簿に候補なし)
2	磯村真言	正当な未リンク(名簿に候補なし)
2	リック・チーク	正当な未リンク(名簿に候補なし)
2	オームシン・シットクヴォンイム	正当な未リンク(名簿に候補なし)
2	アレックス・トゥイ	正当な未リンク(名簿に候補なし)
2	今村 滉	正当な未リンク(名簿に候補なし)
2	竹山 和貴	正当な未リンク(名簿に候補なし)
2	ほそえとしひろ	正当な未リンク(名簿に候補なし)
2	クンスック	正当な未リンク(名簿に候補なし)
2	武田一也	正当な未リンク(名簿に候補なし)
2	中野功貴	正当な未リンク(名簿に候補なし)
2	櫻井 健	正当な未リンク(名簿に候補なし)
2	越智 信平	正当な未リンク(名簿に候補なし)
2	マット％自演乙％魁塾	判定不能(データ破損/プレースホルダ)
2	タカオサミツ	正当な未リンク(名簿に候補なし)
2	大谷 真弘	正当な未リンク(名簿に候補なし)
2	利×希	正当な未リンク(名簿に候補なし)
2	梅田 啓	正当な未リンク(名簿に候補なし)
2	戸塚 昌司	正当な未リンク(名簿に候補なし)
2	山口友花里	正当な未リンク(名簿に候補なし)
2	環	正当な未リンク(名簿に候補なし)
2	MANA	正当な未リンク(名簿に候補なし)
2	瞬	正当な未リンク(名簿に候補なし)
2	REN	正当な未リンク(名簿に候補なし)
2	棚橋賢二郎	正当な未リンク(名簿に候補なし)
2	若生 浩次	正当な未リンク(名簿に候補なし)
2	三橋 暖希	正当な未リンク(名簿に候補なし)
2	松﨑 光輝	正当な未リンク(名簿に候補なし)
2	"ジェファーソン""タンク""シウバ"	正当な未リンク(名簿に候補なし)
2	ミルコ・タイガー	正当な未リンク(名簿に候補なし)
2	ジョニー・クレイン	正当な未リンク(名簿に候補なし)
2	マーク・ラッセル	正当な未リンク(名簿に候補なし)
2	ユリカ	正当な未リンク(名簿に候補なし)
2	KAREN	正当な未リンク(名簿に候補なし)
2	朝倉豊樹	正当な未リンク(名簿に候補なし)
2	デンサヤーム	正当な未リンク(名簿に候補なし)
2	佐藤 正和	正当な未リンク(名簿に候補なし)
2	久保田雄太	正当な未リンク(名簿に候補なし)
2	シンパヤック	正当な未リンク(名簿に候補なし)
2	プーパンレック	正当な未リンク(名簿に候補なし)
2	リュウイチ	正当な未リンク(名簿に候補なし)
2	ヒンチャイ	正当な未リンク(名簿に候補なし)
2	池上 孝二	正当な未リンク(名簿に候補なし)
2	中神 吉彦	正当な未リンク(名簿に候補なし)
2	ムン・ジョンウン	正当な未リンク(名簿に候補なし)
2	佐野 貴信	正当な未リンク(名簿に候補なし)
2	森下 翔平	正当な未リンク(名簿に候補なし)
2	バンフース・ハンター	正当な未リンク(名簿に候補なし)
2	邦博	正当な未リンク(名簿に候補なし)
2	印南 陽介	正当な未リンク(名簿に候補なし)
2	鶴山凌汰	正当な未リンク(名簿に候補なし)
2	Fire仭士	正当な未リンク(名簿に候補なし)
2	ダミアン・ガルシア	正当な未リンク(名簿に候補なし)
2	大原裕也	正当な未リンク(名簿に候補なし)
2	チューチャイ・ハーデスワークアウト	正当な未リンク(名簿に候補なし)
2	ウシネ・ベノーイ	正当な未リンク(名簿に候補なし)
2	ファイヤー仭士	正当な未リンク(名簿に候補なし)
2	龍馬	正当な未リンク(名簿に候補なし)
2	YUSHIN	正当な未リンク(名簿に候補なし)
2	鈴木咲耶	正当な未リンク(名簿に候補なし)
2	大田原 友亮	正当な未リンク(名簿に候補なし)
2	内藤 未宇	正当な未リンク(名簿に候補なし)
2	村田 萌衣	正当な未リンク(名簿に候補なし)
2	高橋一眞	正当な未リンク(名簿に候補なし)
2	ボビー・オロゴン	正当な未リンク(名簿に候補なし)
2	スコット・ジャンク	正当な未リンク(名簿に候補なし)
2	マティアス・リッシオ	正当な未リンク(名簿に候補なし)
2	安部宏聖	正当な未リンク(名簿に候補なし)
2	夢叶	正当な未リンク(名簿に候補なし)
2	隼人	正当な未リンク(名簿に候補なし)
2	木村龍介	正当な未リンク(名簿に候補なし)
2	ジョニー・オリベイラ	正当な未リンク(名簿に候補なし)
2	大塚隼人	正当な未リンク(名簿に候補なし)
2	キム・チョンヨン	正当な未リンク(名簿に候補なし)
2	夜叉楼	正当な未リンク(名簿に候補なし)
2	ガオパヤック・ワイズディー	正当な未リンク(名簿に候補なし)
2	須賀 裕一朗	正当な未リンク(名簿に候補なし)
2	杉山 茅尋	正当な未リンク(名簿に候補なし)
2	拳徳	正当な未リンク(名簿に候補なし)
2	樹斗	正当な未リンク(名簿に候補なし)
2	須鎗 海羅	正当な未リンク(名簿に候補なし)
2	永井雷智	正当な未リンク(名簿に候補なし)
2	リース・マカリスター	正当な未リンク(名簿に候補なし)
2	シャヒッド	正当な未リンク(名簿に候補なし)
2	東 巧樹	正当な未リンク(名簿に候補なし)
2	拳月	正当な未リンク(名簿に候補なし)
2	ヘクター・サンチアゴ	正当な未リンク(名簿に候補なし)
2	ロッタン・ジットムアンノン	正当な未リンク(名簿に候補なし)
2	イリアス・ハジューイ	正当な未リンク(名簿に候補なし)
2	A.KAMINE	正当な未リンク(名簿に候補なし)
2	山崎遼太	正当な未リンク(名簿に候補なし)
2	ガンスワン・サシプラパ	正当な未リンク(名簿に候補なし)
2	為房厚志	正当な未リンク(名簿に候補なし)
2	中村 圭祐	正当な未リンク(名簿に候補なし)
2	郷州力	正当な未リンク(名簿に候補なし)
2	葵拳士郎	正当な未リンク(名簿に候補なし)
2	櫻木 崇浩	正当な未リンク(名簿に候補なし)
2	トースナー・ノンタチャイ	正当な未リンク(名簿に候補なし)
2	祐毅	正当な未リンク(名簿に候補なし)
2	柴田勇人	正当な未リンク(名簿に候補なし)
2	与儀竜也	正当な未リンク(名簿に候補なし)
2	ポーラ・マタエレ	正当な未リンク(名簿に候補なし)
2	デニス・グリゴリエフ	正当な未リンク(名簿に候補なし)
2	ドラゼン・オルドゥリ	正当な未リンク(名簿に候補なし)
2	田中 勇利	正当な未リンク(名簿に候補なし)
2	村松 寛昌	正当な未リンク(名簿に候補なし)
2	小林 啓吾	正当な未リンク(名簿に候補なし)
2	木村弘志	正当な未リンク(名簿に候補なし)
2	杉本 卓也	正当な未リンク(名簿に候補なし)
2	千野 陽祐	正当な未リンク(名簿に候補なし)
2	澤谷龍也	正当な未リンク(名簿に候補なし)
2	水越 夏気	正当な未リンク(名簿に候補なし)
2	ペリー・ウベダ	正当な未リンク(名簿に候補なし)
2	儀部快斗	正当な未リンク(名簿に候補なし)
2	カン・ドンヒョン	正当な未リンク(名簿に候補なし)
2	山元大我	正当な未リンク(名簿に候補なし)
2	片岡 祐嘉	正当な未リンク(名簿に候補なし)
2	橋本 悟	正当な未リンク(名簿に候補なし)
2	REITO BRAVERY	正当な未リンク(名簿に候補なし)
2	テーパブット・シッオブン	正当な未リンク(名簿に候補なし)
2	翔センチャジム	正当な未リンク(名簿に候補なし)
2	ひでお	正当な未リンク(名簿に候補なし)
2	永山敬之	正当な未リンク(名簿に候補なし)
2	Shoki	正当な未リンク(名簿に候補なし)
2	トヴァロヴィッチ・ダミール	正当な未リンク(名簿に候補なし)
2	ヨハン・ムパームパギアニス	正当な未リンク(名簿に候補なし)
2	ウェンデル・ロチェ	正当な未リンク(名簿に候補なし)
2	リカルド・フォン・デ・ボス	正当な未リンク(名簿に候補なし)
2	小猿	正当な未リンク(名簿に候補なし)
2	北川 柚	正当な未リンク(名簿に候補なし)
2	ロペス薩摩	正当な未リンク(名簿に候補なし)
2	西村昌平	正当な未リンク(名簿に候補なし)
2	ユーリィ・ボレイコ	正当な未リンク(名簿に候補なし)
2	CHERRYBOY和也	正当な未リンク(名簿に候補なし)
2	野上 祐太	正当な未リンク(名簿に候補なし)
2	木田 なっくる将大	正当な未リンク(名簿に候補なし)
2	兄	正当な未リンク(名簿に候補なし)
2	ラッタナデェ	正当な未リンク(名簿に候補なし)
2	川津真一	正当な未リンク(名簿に候補なし)
2	押川童子丸	正当な未リンク(名簿に候補なし)
2	小川 健晴	正当な未リンク(名簿に候補なし)
2	笠原 秋澄	正当な未リンク(名簿に候補なし)
2	竹村健二	正当な未リンク(名簿に候補なし)
2	堀池 空希	正当な未リンク(名簿に候補なし)
2	セーンチャイ	正当な未リンク(名簿に候補なし)
2	渡辺一久	正当な未リンク(名簿に候補なし)
2	キム・テファン	正当な未リンク(名簿に候補なし)
2	アレクサンダー・シウバ	正当な未リンク(名簿に候補なし)
2	ホン・ソンビン	正当な未リンク(名簿に候補なし)
2	パトリック・カータ	正当な未リンク(名簿に候補なし)
2	カイムックダム・エークバンサイ	正当な未リンク(名簿に候補なし)
2	佐藤政人	正当な未リンク(名簿に候補なし)
2	平本悠	正当な未リンク(名簿に候補なし)
2	淳士	正当な未リンク(名簿に候補なし)
2	甲斐康介	正当な未リンク(名簿に候補なし)
2	蓮YAMATO	正当な未リンク(名簿に候補なし)
2	池山こころ	正当な未リンク(名簿に候補なし)
2	大番高明	正当な未リンク(名簿に候補なし)
2	庄司 理玖斗	正当な未リンク(名簿に候補なし)
2	功成	正当な未リンク(名簿に候補なし)
2	伊藤学	正当な未リンク(名簿に候補なし)
2	高谷裕之	正当な未リンク(名簿に候補なし)
2	"西浦""ウィッキー""聡生"	正当な未リンク(名簿に候補なし)
2	園田顕悟	正当な未リンク(名簿に候補なし)
2	クリストフ・キャロン	正当な未リンク(名簿に候補なし)
2	佐々木 健吾	正当な未リンク(名簿に候補なし)
2	関根 累	正当な未リンク(名簿に候補なし)
2	磨裟留	正当な未リンク(名簿に候補なし)
2	金狼正巳	正当な未リンク(名簿に候補なし)
2	チョ・サンへ	正当な未リンク(名簿に候補なし)
2	ユースケ	正当な未リンク(名簿に候補なし)
2	古賀健人	正当な未リンク(名簿に候補なし)
2	山内 慎司	正当な未リンク(名簿に候補なし)
2	モハメド・シアサラニ	正当な未リンク(名簿に候補なし)
2	エンリコ・ケール	正当な未リンク(名簿に候補なし)
2	ティジャニ・ベスタティ	正当な未リンク(名簿に候補なし)
2	チャンスック	正当な未リンク(名簿に候補なし)
2	ジャオウェハー	正当な未リンク(名簿に候補なし)
2	菅原 悠次	正当な未リンク(名簿に候補なし)
2	Prayim sor.bonmerit	正当な未リンク(名簿に候補なし)
2	リョウヤ・ハリケーン	正当な未リンク(名簿に候補なし)
2	アティラ・フスコ	正当な未リンク(名簿に候補なし)
2	ディミトリー・アレクスイディス	正当な未リンク(名簿に候補なし)
2	谷岡祐樹	正当な未リンク(名簿に候補なし)
2	ジョン・ワイアット	正当な未リンク(名簿に候補なし)
2	亜美	正当な未リンク(名簿に候補なし)
2	恭介	正当な未リンク(名簿に候補なし)
2	関本鷹介	正当な未リンク(名簿に候補なし)
2	山下 右恭	正当な未リンク(名簿に候補なし)
2	宇佐美正パトリック	正当な未リンク(名簿に候補なし)
2	杉田優牙	正当な未リンク(名簿に候補なし)
2	ドリトン・ラマ	正当な未リンク(名簿に候補なし)
2	大久保貴宏	正当な未リンク(名簿に候補なし)
2	森田泰男	正当な未リンク(名簿に候補なし)
2	岸佑樹	正当な未リンク(名簿に候補なし)
2	佐々木誠	正当な未リンク(名簿に候補なし)
2	吉田凜太朗	正当な未リンク(名簿に候補なし)
2	晃希	正当な未リンク(名簿に候補なし)
2	ミシマ	正当な未リンク(名簿に候補なし)
2	中山 航輔	正当な未リンク(名簿に候補なし)
2	藤本昌大	正当な未リンク(名簿に候補なし)
2	Union朱里	正当な未リンク(名簿に候補なし)
2	パク・ヘヨン	正当な未リンク(名簿に候補なし)
2	ソン・ミンホ	正当な未リンク(名簿に候補なし)
2	鄭裕蒿（ジョン・イーゴ）	正当な未リンク(名簿に候補なし)
2	山上幹臣	正当な未リンク(名簿に候補なし)
2	岡田有晃	正当な未リンク(名簿に候補なし)
2	吉野幸喜	正当な未リンク(名簿に候補なし)
2	吉角綾真	正当な未リンク(名簿に候補なし)
2	脩真	正当な未リンク(名簿に候補なし)
2	RISING力	正当な未リンク(名簿に候補なし)
2	宇宙YAMATO	正当な未リンク(名簿に候補なし)
2	YASU	正当な未リンク(名簿に候補なし)
2	黒川 真里裳	正当な未リンク(名簿に候補なし)
2	キム・ミンジ	正当な未リンク(名簿に候補なし)
2	内田洋一	正当な未リンク(名簿に候補なし)
2	神谷友和	正当な未リンク(名簿に候補なし)
2	名高	正当な未リンク(名簿に候補なし)
2	宮坂 桂介	正当な未リンク(名簿に候補なし)
2	中尾龍慧	正当な未リンク(名簿に候補なし)
2	泰史	正当な未リンク(名簿に候補なし)
2	山下 明涼真	正当な未リンク(名簿に候補なし)
2	TAMURA	正当な未リンク(名簿に候補なし)
2	小鳥	正当な未リンク(名簿に候補なし)
2	パク・ヨハン	正当な未リンク(名簿に候補なし)
2	岡村裕馬	正当な未リンク(名簿に候補なし)
2	モハメド・アリ	正当な未リンク(名簿に候補なし)
2	國吉	正当な未リンク(名簿に候補なし)
2	ファブリジオ・ベルガミーニ	正当な未リンク(名簿に候補なし)
2	山崎銀次郎	正当な未リンク(名簿に候補なし)
2	本多孝一	正当な未リンク(名簿に候補なし)
2	モハメッド・アンバリン	正当な未リンク(名簿に候補なし)
2	穂波 楓	正当な未リンク(名簿に候補なし)
2	Asmir Burgic	正当な未リンク(名簿に候補なし)
2	田口尚文	正当な未リンク(名簿に候補なし)
2	ギセップ・デナテイル	正当な未リンク(名簿に候補なし)
2	貴之	正当な未リンク(名簿に候補なし)
2	勇 馬	正当な未リンク(名簿に候補なし)
2	チャンスック・バーテックス	正当な未リンク(名簿に候補なし)
2	坂元浩一	正当な未リンク(名簿に候補なし)
2	石塚 勇史	正当な未リンク(名簿に候補なし)
2	小島 大和	正当な未リンク(名簿に候補なし)
2	川上 大樹	正当な未リンク(名簿に候補なし)
2	シェムシ・ベキリ	正当な未リンク(名簿に候補なし)
2	上山龍紀	正当な未リンク(名簿に候補なし)
2	中村篤史	正当な未リンク(名簿に候補なし)
2	小笠原 綾子	正当な未リンク(名簿に候補なし)
2	KEIGO	正当な未リンク(名簿に候補なし)
2	野村 怜央	正当な未リンク(名簿に候補なし)
2	ボーちゃん	正当な未リンク(名簿に候補なし)
2	綱島晴都	正当な未リンク(名簿に候補なし)
2	羽生槙徒	正当な未リンク(名簿に候補なし)
2	小田巻洋子	正当な未リンク(名簿に候補なし)
2	西田浩樹	正当な未リンク(名簿に候補なし)
2	埜口 孝稀	正当な未リンク(名簿に候補なし)
2	斉藤 遼太	正当な未リンク(名簿に候補なし)
2	カズ宮澤	正当な未リンク(名簿に候補なし)
2	小田武司	正当な未リンク(名簿に候補なし)
2	須貝孔喜	正当な未リンク(名簿に候補なし)
2	パヤヤーム浜田	正当な未リンク(名簿に候補なし)
2	脇田誠	正当な未リンク(名簿に候補なし)
2	伊豆丸正人	正当な未リンク(名簿に候補なし)
2	大川洋	正当な未リンク(名簿に候補なし)
2	村山智耶	正当な未リンク(名簿に候補なし)
2	タヒール・メンチチ	正当な未リンク(名簿に候補なし)
2	オ・デュソク	正当な未リンク(名簿に候補なし)
2	キム・ヨンジョン	正当な未リンク(名簿に候補なし)
2	ノエル・カデット	正当な未リンク(名簿に候補なし)
2	本山 亮徳	正当な未リンク(名簿に候補なし)
2	ラックヒン・サックジャウィー	正当な未リンク(名簿に候補なし)
2	大河内 佑飛	正当な未リンク(名簿に候補なし)
2	竜哉	正当な未リンク(名簿に候補なし)
2	蓮	正当な未リンク(名簿に候補なし)
2	森巧光	正当な未リンク(名簿に候補なし)
2	トンサヤーム・ゲッソンリット	正当な未リンク(名簿に候補なし)
2	虎之助	正当な未リンク(名簿に候補なし)
2	クロダッシュ	正当な未リンク(名簿に候補なし)
2	花見浩太	正当な未リンク(名簿に候補なし)
2	堺 龍平	正当な未リンク(名簿に候補なし)
2	めぐみ	正当な未リンク(名簿に候補なし)
2	キム・スンヨル	正当な未リンク(名簿に候補なし)
2	ベク・マンソン	正当な未リンク(名簿に候補なし)
2	須藤 稔也	正当な未リンク(名簿に候補なし)
2	玉垣集	正当な未リンク(名簿に候補なし)
2	高平大需	正当な未リンク(名簿に候補なし)
2	秋草利光	正当な未リンク(名簿に候補なし)
2	ポーン	正当な未リンク(名簿に候補なし)
2	コンゲンチャイ	正当な未リンク(名簿に候補なし)
2	星雄晴	正当な未リンク(名簿に候補なし)
2	勇鷹	正当な未リンク(名簿に候補なし)
2	真島 達也	正当な未リンク(名簿に候補なし)
2	ジョムトーン・チューワッタナ	正当な未リンク(名簿に候補なし)
2	村田 裕俊	正当な未リンク(名簿に候補なし)
2	笹羅 歩	正当な未リンク(名簿に候補なし)
2	ウ・スンボム	正当な未リンク(名簿に候補なし)
2	蘇我 英樹	正当な未リンク(名簿に候補なし)
2	田中 秀和	正当な未リンク(名簿に候補なし)
2	清水隆誠	正当な未リンク(名簿に候補なし)
2	優吏	正当な未リンク(名簿に候補なし)
2	勇児	正当な未リンク(名簿に候補なし)
2	鰤鰤左衛門	正当な未リンク(名簿に候補なし)
2	小堀厳基	正当な未リンク(名簿に候補なし)
2	河北“KONG”光生	正当な未リンク(名簿に候補なし)
2	JIN CHOKE-DEE	正当な未リンク(名簿に候補なし)
2	嚴士鎔（ゲン・シヨウ）	正当な未リンク(名簿に候補なし)
2	力丈	正当な未リンク(名簿に候補なし)
2	大月 慎也	正当な未リンク(名簿に候補なし)
2	コンイサーン	正当な未リンク(名簿に候補なし)
2	チェ・ソクヒ	正当な未リンク(名簿に候補なし)
2	タネヨシホ	正当な未リンク(名簿に候補なし)
2	ロンペット	正当な未リンク(名簿に候補なし)
2	ワラポン・ソー.デッチャパン	正当な未リンク(名簿に候補なし)
2	Phoenixx 祥梧	正当な未リンク(名簿に候補なし)
2	イマニー・リー	正当な未リンク(名簿に候補なし)
2	アリエル・マストフ	正当な未リンク(名簿に候補なし)
2	ケリー・レオ	正当な未リンク(名簿に候補なし)
2	マービン・イーストマン	正当な未リンク(名簿に候補なし)
2	ジェフ・フォード	正当な未リンク(名簿に候補なし)
2	プリンス・ハミッド	正当な未リンク(名簿に候補なし)
2	瑠稀士	正当な未リンク(名簿に候補なし)
2	マーク・セルビー	正当な未リンク(名簿に候補なし)
2	ドゥシュ・プー	正当な未リンク(名簿に候補なし)
2	成川駿	正当な未リンク(名簿に候補なし)
2	佐藤 琉	正当な未リンク(名簿に候補なし)
2	左禅丸	正当な未リンク(名簿に候補なし)
2	NAOKI	正当な未リンク(名簿に候補なし)
2	牛若丸昌彦	正当な未リンク(名簿に候補なし)
2	広センチャイジム	正当な未リンク(名簿に候補なし)
2	KEI	正当な未リンク(名簿に候補なし)
2	浅野タクミノカミ	正当な未リンク(名簿に候補なし)
2	階 勇弥	正当な未リンク(名簿に候補なし)
2	洸児	正当な未リンク(名簿に候補なし)
2	英雄マクシマス	正当な未リンク(名簿に候補なし)
2	田中翔太	正当な未リンク(名簿に候補なし)
2	SHOHEI	正当な未リンク(名簿に候補なし)
2	寺西大輝	正当な未リンク(名簿に候補なし)
2	若原 快	正当な未リンク(名簿に候補なし)
2	山崎天輔	正当な未リンク(名簿に候補なし)
2	岩本 蘭	正当な未リンク(名簿に候補なし)
2	錦 知沙	正当な未リンク(名簿に候補なし)
2	岸本 篤史	正当な未リンク(名簿に候補なし)
2	藤巻 心	正当な未リンク(名簿に候補なし)
2	ユ・ジン	正当な未リンク(名簿に候補なし)
2	蓮見龍馬	正当な未リンク(名簿に候補なし)
2	善家智哉	正当な未リンク(名簿に候補なし)
2	TOMONORI	正当な未リンク(名簿に候補なし)
2	阿部裕幸	正当な未リンク(名簿に候補なし)
2	ダニー・スティール	正当な未リンク(名簿に候補なし)
2	チャモアペット・チョーチャモアン	正当な未リンク(名簿に候補なし)
2	イーヤン・シェン	正当な未リンク(名簿に候補なし)
2	甲斐翔大郎	正当な未リンク(名簿に候補なし)
2	河埜留奈	正当な未リンク(名簿に候補なし)
2	津田鉄平	正当な未リンク(名簿に候補なし)
2	新川 祥太	正当な未リンク(名簿に候補なし)
2	李俊亨	正当な未リンク(名簿に候補なし)
2	幸四郎	正当な未リンク(名簿に候補なし)
2	超弁慶	正当な未リンク(名簿に候補なし)
2	HARUMI	正当な未リンク(名簿に候補なし)
2	こりく	正当な未リンク(名簿に候補なし)
2	大庭 龍華	正当な未リンク(名簿に候補なし)
2	TATSUMI	正当な未リンク(名簿に候補なし)
2	パク・ウィング・ヒョング	正当な未リンク(名簿に候補なし)
2	ムサシ	正当な未リンク(名簿に候補なし)
2	将泰	正当な未リンク(名簿に候補なし)
2	ジョニーオリベイラ（ブラジル）	正当な未リンク(名簿に候補なし)
2	阿羅斗	正当な未リンク(名簿に候補なし)
2	ベニー・ユキヒデ	正当な未リンク(名簿に候補なし)
2	阿部 泰彦	正当な未リンク(名簿に候補なし)
2	前田 悠	正当な未リンク(名簿に候補なし)
2	ロブ・ハネマン	正当な未リンク(名簿に候補なし)
2	ヴィサム・フェイリー	正当な未リンク(名簿に候補なし)
2	ハリッド・エル・ボウスタティ	正当な未リンク(名簿に候補なし)
2	アダム・ヒグソン	正当な未リンク(名簿に候補なし)
2	ダマッシオ・ペイジ	正当な未リンク(名簿に候補なし)
2	カテウ・キビス	正当な未リンク(名簿に候補なし)
2	ナーコウ・スパイン	正当な未リンク(名簿に候補なし)
2	トニー・バレント	正当な未リンク(名簿に候補なし)
2	羽田翔太	正当な未リンク(名簿に候補なし)
2	佐藤 勇士	正当な未リンク(名簿に候補なし)
2	レイ	正当な未リンク(名簿に候補なし)
2	ペットタイランド・モーラチャパットスリン	正当な未リンク(名簿に候補なし)
2	ジョムラウィー・REFINAS	正当な未リンク(名簿に候補なし)
2	西田操一	正当な未リンク(名簿に候補なし)
2	アブデル・ラミディ	正当な未リンク(名簿に候補なし)
2	木屋隆元	正当な未リンク(名簿に候補なし)
2	津田達也	正当な未リンク(名簿に候補なし)
2	辻野彰平	正当な未リンク(名簿に候補なし)
2	則武知宏	正当な未リンク(名簿に候補なし)
2	鈴木力登	正当な未リンク(名簿に候補なし)
2	翔太YAMATO	正当な未リンク(名簿に候補なし)
2	井上聖矢	正当な未リンク(名簿に候補なし)
2	Atanas Bozhilov	正当な未リンク(名簿に候補なし)
2	ヨアキム・カールソン	正当な未リンク(名簿に候補なし)
2	ヒリワ・テ・ランギ	正当な未リンク(名簿に候補なし)
2	グルカン・オズカン	正当な未リンク(名簿に候補なし)
2	DAISUKE-A.K.G	正当な未リンク(名簿に候補なし)
2	ガブリエル・ペレイラ	正当な未リンク(名簿に候補なし)
2	豪	正当な未リンク(名簿に候補なし)
2	テミルラン・ベクムルザエフ	正当な未リンク(名簿に候補なし)
2	町屋 杏	正当な未リンク(名簿に候補なし)
2	菊地 陽太	正当な未リンク(名簿に候補なし)
2	宗次郎	正当な未リンク(名簿に候補なし)
2	加藤 智亮	正当な未リンク(名簿に候補なし)
2	小嶋 良太	正当な未リンク(名簿に候補なし)
2	須田翔貴	正当な未リンク(名簿に候補なし)
2	直哉	正当な未リンク(名簿に候補なし)
2	小林 京介	正当な未リンク(名簿に候補なし)
2	桂 英慈	正当な未リンク(名簿に候補なし)
2	馬木樹里	正当な未リンク(名簿に候補なし)
2	Tawanchai PK Saenchai	正当な未リンク(名簿に候補なし)
2	Enriko Kehl	正当な未リンク(名簿に候補なし)
2	白木 幹	正当な未リンク(名簿に候補なし)
2	将来	正当な未リンク(名簿に候補なし)
2	ザ・プレデター	正当な未リンク(名簿に候補なし)
2	"レイ""マーシレス""マーサー"	正当な未リンク(名簿に候補なし)
2	黒澤浩樹	正当な未リンク(名簿に候補なし)
2	山口 瑠	正当な未リンク(名簿に候補なし)
2	雄希	正当な未リンク(名簿に候補なし)
2	莉都	正当な未リンク(名簿に候補なし)
2	ロッキー・マルティネス	正当な未リンク(名簿に候補なし)
2	把瑠都	正当な未リンク(名簿に候補なし)
2	キム・パンス	正当な未リンク(名簿に候補なし)
2	幸人	正当な未リンク(名簿に候補なし)
2	岡本MAYORGA	正当な未リンク(名簿に候補なし)
2	木野 翔	正当な未リンク(名簿に候補なし)
2	山浦 俊一	正当な未リンク(名簿に候補なし)
2	スワノーイ	正当な未リンク(名簿に候補なし)
2	カズ仲村渠	正当な未リンク(名簿に候補なし)
2	奥村幸美	正当な未リンク(名簿に候補なし)
2	朴英樹	正当な未リンク(名簿に候補なし)
2	山田有佑	正当な未リンク(名簿に候補なし)
2	遊笑	正当な未リンク(名簿に候補なし)
2	金井 健治	正当な未リンク(名簿に候補なし)
2	百武 政敏	正当な未リンク(名簿に候補なし)
2	阿曽 陣	正当な未リンク(名簿に候補なし)
2	マット・サモア	正当な未リンク(名簿に候補なし)
2	牧裕三	正当な未リンク(名簿に候補なし)
2	美保裕介	正当な未リンク(名簿に候補なし)
2	真二	正当な未リンク(名簿に候補なし)
2	JUN DA LION	正当な未リンク(名簿に候補なし)
2	斎藤裕	正当な未リンク(名簿に候補なし)
2	ニルソン・デ・カストロ	正当な未リンク(名簿に候補なし)
2	拳心	正当な未リンク(名簿に候補なし)
2	池田亮	正当な未リンク(名簿に候補なし)
2	森野 允鶴	正当な未リンク(名簿に候補なし)
2	蘭賀 大介	正当な未リンク(名簿に候補なし)
2	赤十字竜	正当な未リンク(名簿に候補なし)
2	キム・サンジェ	正当な未リンク(名簿に候補なし)
2	夏目 優樹	正当な未リンク(名簿に候補なし)
2	瀬野尾 亜月	正当な未リンク(名簿に候補なし)
2	コンスタンチン・グルコフ	正当な未リンク(名簿に候補なし)
2	ゾルト・ベルタラン	正当な未リンク(名簿に候補なし)
2	古賀 健人	正当な未リンク(名簿に候補なし)
2	フジモン♡	正当な未リンク(名簿に候補なし)
2	キム・ヒョソン	正当な未リンク(名簿に候補なし)
2	佐藤伶南	正当な未リンク(名簿に候補なし)
2	未知	正当な未リンク(名簿に候補なし)
2	ミゲール･トリンダーテ	正当な未リンク(名簿に候補なし)
2	三浦孝太	正当な未リンク(名簿に候補なし)
2	ボーウィー・ソー．ウドムソン	正当な未リンク(名簿に候補なし)
2	ワン・カイフェン	正当な未リンク(名簿に候補なし)
2	アーメン・ペトロシアン	正当な未リンク(名簿に候補なし)
2	K.ルイス	正当な未リンク(名簿に候補なし)
2	赤嶺 松男	正当な未リンク(名簿に候補なし)
2	SASORI	正当な未リンク(名簿に候補なし)
2	セイサック	正当な未リンク(名簿に候補なし)
2	イソラサック・シッセックサン	正当な未リンク(名簿に候補なし)
2	ガンスワン・BeWell	正当な未リンク(名簿に候補なし)
2	宮森 聡	正当な未リンク(名簿に候補なし)
2	ジム・ミューレン	正当な未リンク(名簿に候補なし)
2	荻野兼嗣	正当な未リンク(名簿に候補なし)
2	ロンペット・Y'ZD	正当な未リンク(名簿に候補なし)
2	ル・ジュン	正当な未リンク(名簿に候補なし)
2	ちび太	正当な未リンク(名簿に候補なし)
2	アイオロス純	正当な未リンク(名簿に候補なし)
2	渡邊知久	正当な未リンク(名簿に候補なし)
2	冨士山勝敏	正当な未リンク(名簿に候補なし)
2	ドテチン	正当な未リンク(名簿に候補なし)
2	加藤 剛士	正当な未リンク(名簿に候補なし)
2	AK2	正当な未リンク(名簿に候補なし)
2	ムテキング	正当な未リンク(名簿に候補なし)
2	湯本剣二郎	正当な未リンク(名簿に候補なし)
2	颯大	正当な未リンク(名簿に候補なし)
2	鈴木 ゲン	正当な未リンク(名簿に候補なし)
2	マテウス・サガエ	判定不能(類似候補ありだが未確証)
2	菅原 勇介	正当な未リンク(名簿に候補なし)
2	アタチャイ・フェアテックス	正当な未リンク(名簿に候補なし)
2	田村聡太	正当な未リンク(名簿に候補なし)
2	藤井徹	正当な未リンク(名簿に候補なし)
2	熊谷 麻理奈	正当な未リンク(名簿に候補なし)
2	中神吉彦	正当な未リンク(名簿に候補なし)
2	平田 学	正当な未リンク(名簿に候補なし)
2	ジョージ・バレラ	正当な未リンク(名簿に候補なし)
2	田村亮太朗	正当な未リンク(名簿に候補なし)
2	田淵 神太	正当な未リンク(名簿に候補なし)
2	樹	正当な未リンク(名簿に候補なし)
2	櫓木淳平	正当な未リンク(名簿に候補なし)
2	太聖	正当な未リンク(名簿に候補なし)
2	西村 昌平	正当な未リンク(名簿に候補なし)
2	畑中健太	正当な未リンク(名簿に候補なし)
2	サイモン・シェ	正当な未リンク(名簿に候補なし)
2	楠ジャイロ	正当な未リンク(名簿に候補なし)
2	ドルゴルスレン・スミヤバザル	正当な未リンク(名簿に候補なし)
2	キモ	正当な未リンク(名簿に候補なし)
2	リク・シッソー	正当な未リンク(名簿に候補なし)
2	Kabil Abdelmalik Ľazizi	正当な未リンク(名簿に候補なし)
2	村上真基	正当な未リンク(名簿に候補なし)
2	悠太	正当な未リンク(名簿に候補なし)
2	ポン	正当な未リンク(名簿に候補なし)
2	ジョッキーレック・ケーウセン	正当な未リンク(名簿に候補なし)
2	モハメド・カマル	正当な未リンク(名簿に候補なし)
2	細越竜之助	正当な未リンク(名簿に候補なし)
2	ソンラック・シット・ポー・ジョ・ーウォー	正当な未リンク(名簿に候補なし)
2	コムキョウ・シットポーチョーウォー	正当な未リンク(名簿に候補なし)
2	ジェニフェル・フェハス	正当な未リンク(名簿に候補なし)
2	オートー･ノーナクシン	正当な未リンク(名簿に候補なし)
2	リュウノスケ・ウォーワンチャイ	正当な未リンク(名簿に候補なし)
2	泉 元紀	正当な未リンク(名簿に候補なし)
2	GORI	正当な未リンク(名簿に候補なし)
2	豪鬼	正当な未リンク(名簿に候補なし)
2	セクサン・オー・クワンムアン	正当な未リンク(名簿に候補なし)
2	颯也	正当な未リンク(名簿に候補なし)
2	古河拓実	正当な未リンク(名簿に候補なし)
2	Superbon	正当な未リンク(名簿に候補なし)
2	石黒友樹	正当な未リンク(名簿に候補なし)
2	ローマン・カップカク	正当な未リンク(名簿に候補なし)
2	尾藤 伸	正当な未リンク(名簿に候補なし)
2	タリック・トッツ	正当な未リンク(名簿に候補なし)
2	浜本“キャット”雄大	正当な未リンク(名簿に候補なし)
2	広	正当な未リンク(名簿に候補なし)
2	チャーンヴィット・ギャットトーボーウボン	正当な未リンク(名簿に候補なし)
2	ウォーレン・スティーブルマンス	正当な未リンク(名簿に候補なし)
2	リオン 武	正当な未リンク(名簿に候補なし)
2	ブルース・マクフィー	正当な未リンク(名簿に候補なし)
2	劉献偉	正当な未リンク(名簿に候補なし)
2	タイ人	正当な未リンク(名簿に候補なし)
2	タリック・ベンフキー	正当な未リンク(名簿に候補なし)
2	シャノン・フォレスター	正当な未リンク(名簿に候補なし)
2	海月	正当な未リンク(名簿に候補なし)
2	ノゲイラ☆SHINYA	正当な未リンク(名簿に候補なし)
2	ヤン・ミン	正当な未リンク(名簿に候補なし)
2	アンディ・リスティ	正当な未リンク(名簿に候補なし)
2	シンダム	正当な未リンク(名簿に候補なし)
2	戦闘竜	正当な未リンク(名簿に候補なし)
2	田山 侑希	正当な未リンク(名簿に候補なし)
2	溝口孝湖	正当な未リンク(名簿に候補なし)
2	キム・ジュヒョン	正当な未リンク(名簿に候補なし)
2	イェジン・ハン	正当な未リンク(名簿に候補なし)
2	魅津希	正当な未リンク(名簿に候補なし)
2	ウェズレイ	正当な未リンク(名簿に候補なし)
2	スコット・シャファー	正当な未リンク(名簿に候補なし)
2	"千春""桃白白"""	正当な未リンク(名簿に候補なし)
2	小澤 和樹	正当な未リンク(名簿に候補なし)
2	岡田 有晃	正当な未リンク(名簿に候補なし)
2	斉藤遼太	正当な未リンク(名簿に候補なし)
2	平山 滉大	正当な未リンク(名簿に候補なし)
2	青松宗祐	正当な未リンク(名簿に候補なし)
2	敦仁	正当な未リンク(名簿に候補なし)
2	長谷川 尚登	正当な未リンク(名簿に候補なし)
2	キム・ジンヒョク	正当な未リンク(名簿に候補なし)
2	森 昌典	正当な未リンク(名簿に候補なし)
2	心	正当な未リンク(名簿に候補なし)
2	大沢 豊慶	正当な未リンク(名簿に候補なし)
2	V一	正当な未リンク(名簿に候補なし)
2	スレン・カラヤン	正当な未リンク(名簿に候補なし)
2	ジャロスラフ・ザボロトニー	正当な未リンク(名簿に候補なし)
2	土谷 哲星	正当な未リンク(名簿に候補なし)
2	Aleksei Ulianov	正当な未リンク(名簿に候補なし)
2	義由亜JSK	正当な未リンク(名簿に候補なし)
2	フランシス・イタイ	正当な未リンク(名簿に候補なし)
2	宗方888	正当な未リンク(名簿に候補なし)
2	弘中 邦佳	正当な未リンク(名簿に候補なし)
2	チャンプアック・チョーセパサート	正当な未リンク(名簿に候補なし)
2	増倉敦	正当な未リンク(名簿に候補なし)
2	晴山翔栄	正当な未リンク(名簿に候補なし)
2	石田圭吾	正当な未リンク(名簿に候補なし)
2	島元 将行	正当な未リンク(名簿に候補なし)
2	Amy	正当な未リンク(名簿に候補なし)
2	ちゃん	正当な未リンク(名簿に候補なし)
2	藤田大和	正当な未リンク(名簿に候補なし)
2	ロドニー・ファベイラス	正当な未リンク(名簿に候補なし)
2	狩野友里	正当な未リンク(名簿に候補なし)
2	片岡真秀	正当な未リンク(名簿に候補なし)
2	オートー・ムアンパープーン	正当な未リンク(名簿に候補なし)
2	勝村隆介	正当な未リンク(名簿に候補なし)
2	田中亮平	正当な未リンク(名簿に候補なし)
2	三橋桃子	正当な未リンク(名簿に候補なし)
2	ポンサネー・シットモンチャイ	正当な未リンク(名簿に候補なし)
2	歌川 暁文	正当な未リンク(名簿に候補なし)
2	酒井 楽	正当な未リンク(名簿に候補なし)
2	滕軍（テンジュン）	正当な未リンク(名簿に候補なし)
2	DYNAMITE祐太	正当な未リンク(名簿に候補なし)
2	春野剛士	正当な未リンク(名簿に候補なし)
2	デッドゥアンレック・ティーデ99	正当な未リンク(名簿に候補なし)
2	Mr.ハガ	正当な未リンク(名簿に候補なし)
2	イシス・バービック	正当な未リンク(名簿に候補なし)
2	エークピカート・モー.クルンテープトンブリー	正当な未リンク(名簿に候補なし)
2	ヤン・マイケル	正当な未リンク(名簿に候補なし)
2	佐藤 政人	正当な未リンク(名簿に候補なし)
2	鷲尾 亮次	正当な未リンク(名簿に候補なし)
2	石原裕基	正当な未リンク(名簿に候補なし)
2	ジャカワーンレック・サックテーワン	正当な未リンク(名簿に候補なし)
2	井場洋貴	正当な未リンク(名簿に候補なし)
2	朴炳圭	正当な未リンク(名簿に候補なし)
2	花村繁幸	正当な未リンク(名簿に候補なし)
2	ユ・ヤンレ	正当な未リンク(名簿に候補なし)
2	センチャイ・ソー・キングスター	正当な未リンク(名簿に候補なし)
2	実証DATE	正当な未リンク(名簿に候補なし)
2	プライチュンポン・ソーシーソムポン	正当な未リンク(名簿に候補なし)
2	梅永海世	正当な未リンク(名簿に候補なし)
2	キヨソンセン	正当な未リンク(名簿に候補なし)
2	ワンマリオ・ゲーオサムリット	正当な未リンク(名簿に候補なし)
2	田淵神太	正当な未リンク(名簿に候補なし)
2	山本 成上	正当な未リンク(名簿に候補なし)
2	ฤทธิ์เดช เกียรติทรงฤทธิ์	正当な未リンク(名簿に候補なし)
2	一 樹	正当な未リンク(名簿に候補なし)
2	サガーオトーン・ペットノンヌット	正当な未リンク(名簿に候補なし)
2	木浪シャーク利幸	正当な未リンク(名簿に候補なし)
2	Liu Mengyang	正当な未リンク(名簿に候補なし)
2	クリスティーナ・ジャルジェビック	正当な未リンク(名簿に候補なし)
2	V.V Mei	正当な未リンク(名簿に候補なし)
2	高橋 藍	正当な未リンク(名簿に候補なし)
2	藤野 恵実	正当な未リンク(名簿に候補なし)
2	岡 加奈子	正当な未リンク(名簿に候補なし)
2	シュレッタ・メトカーフ	正当な未リンク(名簿に候補なし)
2	佐藤界聖	正当な未リンク(名簿に候補なし)
2	魚井フルスイング	正当な未リンク(名簿に候補なし)
2	RYUYA	正当な未リンク(名簿に候補なし)
2	川口惣次郎	正当な未リンク(名簿に候補なし)
2	青山 遼	正当な未リンク(名簿に候補なし)
2	ユ・ヨウペイ	正当な未リンク(名簿に候補なし)
2	ハチマキ	正当な未リンク(名簿に候補なし)
2	中村 玲人	正当な未リンク(名簿に候補なし)
2	カリム・エル・オスロウティ	正当な未リンク(名簿に候補なし)
2	山本雅美	正当な未リンク(名簿に候補なし)
2	飯田誠一	正当な未リンク(名簿に候補なし)
2	杉山豪毅	正当な未リンク(名簿に候補なし)
2	平井慎介	正当な未リンク(名簿に候補なし)
2	パク・ソンヒ	正当な未リンク(名簿に候補なし)
2	小森真琴	正当な未リンク(名簿に候補なし)
2	ゲイリー・タン	正当な未リンク(名簿に候補なし)
2	清水大志	正当な未リンク(名簿に候補なし)
1	アルトゥール・ヤシュクル	正当な未リンク(名簿に候補なし)
1	鮑輝（バオ・フィ）	正当な未リンク(名簿に候補なし)
1	プラカーイケーオ・シンマナサック	正当な未リンク(名簿に候補なし)
1	ヤン・デンデレ	正当な未リンク(名簿に候補なし)
1	ビンセント・スワーンズ	正当な未リンク(名簿に候補なし)
1	王三偵（ワン・サンジェン）	正当な未リンク(名簿に候補なし)
1	チャンプア・ウィラサクレック	正当な未リンク(名簿に候補なし)
1	オンドレイ・フットニック	正当な未リンク(名簿に候補なし)
1	大豪寺虎男	正当な未リンク(名簿に候補なし)
1	加藤 宥希	正当な未リンク(名簿に候補なし)
1	恩田 力斗	正当な未リンク(名簿に候補なし)
1	牧山 陽一	正当な未リンク(名簿に候補なし)
1	吉川 涼	正当な未リンク(名簿に候補なし)
1	Hasbulla D Garagas	正当な未リンク(名簿に候補なし)
1	Wu Jiajin	正当な未リンク(名簿に候補なし)
1	ម៉ុន ម៉ើយ	正当な未リンク(名簿に候補なし)
1	五十嵐 真弥	正当な未リンク(名簿に候補なし)
1	Mirko Flumeri	正当な未リンク(名簿に候補なし)
1	中島大河	正当な未リンク(名簿に候補なし)
1	テーパプット新興ムエタイ	正当な未リンク(名簿に候補なし)
1	野津 良太	正当な未リンク(名簿に候補なし)
1	光成	正当な未リンク(名簿に候補なし)
1	石田武士	正当な未リンク(名簿に候補なし)
1	モハメド・ハディディ	正当な未リンク(名簿に候補なし)
1	ズオ・ヨウミン	正当な未リンク(名簿に候補なし)
1	ベク マクソン	正当な未リンク(名簿に候補なし)
1	"清水""TOKAREV""靖弘"	正当な未リンク(名簿に候補なし)
1	ユン・テヒョン	正当な未リンク(名簿に候補なし)
1	増下智也	正当な未リンク(名簿に候補なし)
1	古谷研人	正当な未リンク(名簿に候補なし)
1	石井 織規	正当な未リンク(名簿に候補なし)
1	Ayrton瀬那	正当な未リンク(名簿に候補なし)
1	藤平泰地	正当な未リンク(名簿に候補なし)
1	山浦翔	正当な未リンク(名簿に候補なし)
1	林昌孝	正当な未リンク(名簿に候補なし)
1	充彦	正当な未リンク(名簿に候補なし)
1	ダミアン・トライナー	正当な未リンク(名簿に候補なし)
1	ヴィッタリー・リスニアク	正当な未リンク(名簿に候補なし)
1	シティサク・ペパヤタイ	正当な未リンク(名簿に候補なし)
1	カミロ・カストロ	正当な未リンク(名簿に候補なし)
1	片桐 滉晴	正当な未リンク(名簿に候補なし)
1	梅田光一郎	正当な未リンク(名簿に候補なし)
1	臼井 壮輔	正当な未リンク(名簿に候補なし)
1	Alexis leaugeois	正当な未リンク(名簿に候補なし)
1	Pierre meaume	正当な未リンク(名簿に候補なし)
1	Toufik DELLECI	正当な未リンク(名簿に候補なし)
1	Carlos GARCIA	正当な未リンク(名簿に候補なし)
1	Nico CARILLO	正当な未リンク(名簿に候補なし)
1	Namchieu Kunkhmer	正当な未リンク(名簿に候補なし)
1	Brandon Regalado	正当な未リンク(名簿に候補なし)
1	ライタイ・ムエタイプラザ	正当な未リンク(名簿に候補なし)
1	リッティデート・ウォースラポン	正当な未リンク(名簿に候補なし)
1	ショアン・ライト	正当な未リンク(名簿に候補なし)
1	サンムック・シッパポン	正当な未リンク(名簿に候補なし)
1	崔龍（チェ・ヨン）	正当な未リンク(名簿に候補なし)
1	金成植（キム・スンシク）	正当な未リンク(名簿に候補なし)
1	コンデット・シンパークコー	正当な未リンク(名簿に候補なし)
1	フェートパヤック・サックタウィン	正当な未リンク(名簿に候補なし)
1	チューチャイ・ポーチョーローソーン	正当な未リンク(名簿に候補なし)
1	ホセ・ダイナマイト・ガルシア	正当な未リンク(名簿に候補なし)
1	ポール・リー	正当な未リンク(名簿に候補なし)
1	ペートパヤック・ソースントン	正当な未リンク(名簿に候補なし)
1	ビッグベン・ノッパラットファーム	正当な未リンク(名簿に候補なし)
1	サーイベットノーイ・ギャットシーダー	正当な未リンク(名簿に候補なし)
1	チャーンビット・ギャットトーボーウボン	正当な未リンク(名簿に候補なし)
1	シッティーチョーク・ソーウポン	正当な未リンク(名簿に候補なし)
1	ユージン・エクレープルーン	正当な未リンク(名簿に候補なし)
1	ジャクシン・チューワッタナ	正当な未リンク(名簿に候補なし)
1	コンファーク・ルークメークロン	正当な未リンク(名簿に候補なし)
1	ジェームス・フラー	正当な未リンク(名簿に候補なし)
1	チュンチャイ・ゲオサムリット	正当な未リンク(名簿に候補なし)
1	ワンチャイ・テッドウドム	正当な未リンク(名簿に候補なし)
1	ダーンサイ・スイットオー	正当な未リンク(名簿に候補なし)
1	アーツナロン・ボーコソー	正当な未リンク(名簿に候補なし)
1	パヤックレック・ユッタキット	正当な未リンク(名簿に候補なし)
1	寺岡義洋	正当な未リンク(名簿に候補なし)
1	チェンタイノーイ・ソーゲッダリンチャイ	正当な未リンク(名簿に候補なし)
1	ジョイ・ダンカン	正当な未リンク(名簿に候補なし)
1	柳成業	正当な未リンク(名簿に候補なし)
1	プラウェー・チューワッタナ	正当な未リンク(名簿に候補なし)
1	朴俊伊	正当な未リンク(名簿に候補なし)
1	ジャルワット・オーエンジャイ	正当な未リンク(名簿に候補なし)
1	ジョー・セクストン	正当な未リンク(名簿に候補なし)
1	ケイゾウ松葉	正当な未リンク(名簿に候補なし)
1	寺田ヒロミ	正当な未リンク(名簿に候補なし)
1	大平祐人	正当な未リンク(名簿に候補なし)
1	岩間進	正当な未リンク(名簿に候補なし)
1	杉山忠夫	正当な未リンク(名簿に候補なし)
1	山上都乃	正当な未リンク(名簿に候補なし)
1	山岸愛子	正当な未リンク(名簿に候補なし)
1	Max McVicker	正当な未リンク(名簿に候補なし)
1	Sajad Sattari	正当な未リンク(名簿に候補なし)
1	Chris Cocores	正当な未リンク(名簿に候補なし)
1	幸太	正当な未リンク(名簿に候補なし)
1	奥山 幸太	正当な未リンク(名簿に候補なし)
1	スーパーボン	正当な未リンク(名簿に候補なし)
1	サミー・サナ	正当な未リンク(名簿に候補なし)
1	ソーグラー・ペッティンディーアカデミー	正当な未リンク(名簿に候補なし)
1	マイケル・コーラ	正当な未リンク(名簿に候補なし)
1	山口祐平	正当な未リンク(名簿に候補なし)
1	キングジョー	正当な未リンク(名簿に候補なし)
1	三浦 海人	正当な未リンク(名簿に候補なし)
1	美濃部 恵吾	正当な未リンク(名簿に候補なし)
1	信田智史	正当な未リンク(名簿に候補なし)
1	森脇公三	正当な未リンク(名簿に候補なし)
1	小暮一輝	正当な未リンク(名簿に候補なし)
1	ハンマー鈴木	正当な未リンク(名簿に候補なし)
1	石川 滉大	正当な未リンク(名簿に候補なし)
1	トーマス・サララ	正当な未リンク(名簿に候補なし)
1	マジェスキー・ザ・ハリケーン	正当な未リンク(名簿に候補なし)
1	西岡和久	正当な未リンク(名簿に候補なし)
1	ヴェレス・アダム	正当な未リンク(名簿に候補なし)
1	ゴーラン・ヴィダコビッチ	正当な未リンク(名簿に候補なし)
1	ソウレイマン・コナテ	正当な未リンク(名簿に候補なし)
1	リカルド・レッカ	正当な未リンク(名簿に候補なし)
1	ウイリアム・スリヤパイ	正当な未リンク(名簿に候補なし)
1	ルドルフ・ドゥリカ	正当な未リンク(名簿に候補なし)
1	カナ・ウォーワンチャイ	正当な未リンク(名簿に候補なし)
1	ダニエル・マルコ	判定不能(類似候補ありだが未確証)
1	宇野澤京佑	正当な未リンク(名簿に候補なし)
1	磯谷幸貴	正当な未リンク(名簿に候補なし)
1	ペットクラビー・ペットプームムエタイ	正当な未リンク(名簿に候補なし)
1	山田 忠洋	正当な未リンク(名簿に候補なし)
1	川口侑氣	正当な未リンク(名簿に候補なし)
1	祥太	正当な未リンク(名簿に候補なし)
1	タイガー キャットプートン	正当な未リンク(名簿に候補なし)
1	森 健太	正当な未リンク(名簿に候補なし)
1	七海 貴哉	正当な未リンク(名簿に候補なし)
1	七海貴哉	正当な未リンク(名簿に候補なし)
1	FU-MIN	正当な未リンク(名簿に候補なし)
1	木下竜輔	正当な未リンク(名簿に候補なし)
1	岡田将充	正当な未リンク(名簿に候補なし)
1	早川 淳也	正当な未リンク(名簿に候補なし)
1	marina	正当な未リンク(名簿に候補なし)
1	ジョン・ナムジュ	正当な未リンク(名簿に候補なし)
1	ルアン・サントス	正当な未リンク(名簿に候補なし)
1	KING皇平	正当な未リンク(名簿に候補なし)
1	松崎妖輔	正当な未リンク(名簿に候補なし)
1	小田遼太	正当な未リンク(名簿に候補なし)
1	不可視	正当な未リンク(名簿に候補なし)
1	三浦勝人	正当な未リンク(名簿に候補なし)
1	YANG DANIEL	正当な未リンク(名簿に候補なし)
1	土屋信志	正当な未リンク(名簿に候補なし)
1	英坊	正当な未リンク(名簿に候補なし)
1	高橋 宏幸	正当な未リンク(名簿に候補なし)
1	下東 悠馬	正当な未リンク(名簿に候補なし)
1	中村敏射	正当な未リンク(名簿に候補なし)
1	大嶋茂樹	正当な未リンク(名簿に候補なし)
1	菊地剛介	正当な未リンク(名簿に候補なし)
1	獅子丸修平	正当な未リンク(名簿に候補なし)
1	滑飛 シオン	正当な未リンク(名簿に候補なし)
1	滑飛シオン	正当な未リンク(名簿に候補なし)
1	長島明澄	正当な未リンク(名簿に候補なし)
1	木戸星翔	正当な未リンク(名簿に候補なし)
1	喜納健斗	正当な未リンク(名簿に候補なし)
1	北野貫太	正当な未リンク(名簿に候補なし)
1	ボム・ピンサヤーム	正当な未リンク(名簿に候補なし)
1	ケンナコーン・ダブランサラカム	正当な未リンク(名簿に候補なし)
1	パランラック・FELLOW	正当な未リンク(名簿に候補なし)
1	健太（E.S.G／挑戦者、元WBCムエタイ日本ウェルター級王者、元NJKFウェルター級＆スーパーウェルター級王者、元Krushスーパー・ウェルター級（70kg）王者）	正当な未リンク(名簿に候補なし)
1	トーンミーチャイ・FELLOW	正当な未リンク(名簿に候補なし)
1	シラー・Y’ZD	正当な未リンク(名簿に候補なし)
1	アルバン・バキヤ	正当な未リンク(名簿に候補なし)
1	リー・コ―ベル	正当な未リンク(名簿に候補なし)
1	UNAI CARO (ウナイ・カロ)	正当な未リンク(名簿に候補なし)
1	”ザ・ジョーカー”ステファン・キャンデル	正当な未リンク(名簿に候補なし)
1	ガントグトフ	正当な未リンク(名簿に候補なし)
1	高橋明	正当な未リンク(名簿に候補なし)
1	石田龍也	正当な未リンク(名簿に候補なし)
1	DJナックルハンマーyokko	正当な未リンク(名簿に候補なし)
1	中澤 諒香	正当な未リンク(名簿に候補なし)
1	ディーン・エグゼレブ	正当な未リンク(名簿に候補なし)
1	チョークディ・ポー.プラムック	正当な未リンク(名簿に候補なし)
1	フローレン・スクープ	正当な未リンク(名簿に候補なし)
1	鳥居剛	正当な未リンク(名簿に候補なし)
1	石島大悟	正当な未リンク(名簿に候補なし)
1	長堂嘉夢	正当な未リンク(名簿に候補なし)
1	三浦伸也	正当な未リンク(名簿に候補なし)
1	後藤 啓太	正当な未リンク(名簿に候補なし)
1	トニー・スカンザーノ	正当な未リンク(名簿に候補なし)
1	鮫島力	正当な未リンク(名簿に候補なし)
1	鶴田絋平	正当な未リンク(名簿に候補なし)
1	MEGUMI☆KICK SPARK	正当な未リンク(名簿に候補なし)
1	クボジム太郎	正当な未リンク(名簿に候補なし)
1	ゴングマン	正当な未リンク(名簿に候補なし)
1	Matthan Choinard	正当な未リンク(名簿に候補なし)
1	詠隆章	正当な未リンク(名簿に候補なし)
1	カノックワン・ルークノーンセーン	正当な未リンク(名簿に候補なし)
1	魔由美	正当な未リンク(名簿に候補なし)
1	輝浪	正当な未リンク(名簿に候補なし)
1	サッグモンコン・シッチューチョーク	正当な未リンク(名簿に候補なし)
1	スコッティ・バナン	正当な未リンク(名簿に候補なし)
1	イーゴー・グレイシー	正当な未リンク(名簿に候補なし)
1	太田拓真	正当な未リンク(名簿に候補なし)
1	イビカ・イビッチ	正当な未リンク(名簿に候補なし)
1	サンジン・カドゥンク	正当な未リンク(名簿に候補なし)
1	ネットパヤック サウン・アルハンペクマイ	正当な未リンク(名簿に候補なし)
1	JETペットマニーイーグル	正当な未リンク(名簿に候補なし)
1	馬木 樹里	正当な未リンク(名簿に候補なし)
1	ジェイクtheハンセン	正当な未リンク(名簿に候補なし)
1	ヤン・ヤンフン	正当な未リンク(名簿に候補なし)
1	ハオロン・ヤバチョーベース	正当な未リンク(名簿に候補なし)
1	アディール・コージャ	正当な未リンク(名簿に候補なし)
1	坂本章	正当な未リンク(名簿に候補なし)
1	一吉	正当な未リンク(名簿に候補なし)
1	ケオ・ラムチョン	正当な未リンク(名簿に候補なし)
1	山崎 遼太	正当な未リンク(名簿に候補なし)
1	鳳 力也	正当な未リンク(名簿に候補なし)
1	嶋田 裕介	正当な未リンク(名簿に候補なし)
1	福田 祐介	正当な未リンク(名簿に候補なし)
1	浅瀬石 真司	正当な未リンク(名簿に候補なし)
1	允明	正当な未リンク(名簿に候補なし)
1	雪丸	正当な未リンク(名簿に候補なし)
1	富士丸 亮太	正当な未リンク(名簿に候補なし)
1	後藤 綾亮	正当な未リンク(名簿に候補なし)
1	ススム	正当な未リンク(名簿に候補なし)
1	川口 龍哉	正当な未リンク(名簿に候補なし)
1	RIKU	正当な未リンク(名簿に候補なし)
1	源太郎	正当な未リンク(名簿に候補なし)
1	Tatsuya	正当な未リンク(名簿に候補なし)
1	嘉志摩匠	正当な未リンク(名簿に候補なし)
1	マサカネ カズキ	正当な未リンク(名簿に候補なし)
1	野瀬翔平	正当な未リンク(名簿に候補なし)
1	BB×TAKESHIX	正当な未リンク(名簿に候補なし)
1	浜岡勇気	正当な未リンク(名簿に候補なし)
1	KINGコロ介	正当な未リンク(名簿に候補なし)
1	華	正当な未リンク(名簿に候補なし)
1	Mickey	正当な未リンク(名簿に候補なし)
1	市川 一輝	正当な未リンク(名簿に候補なし)
1	ディエゴ 坪井	正当な未リンク(名簿に候補なし)
1	和泉“マチェッター”遼	正当な未リンク(名簿に候補なし)
1	伊藤 晃希	正当な未リンク(名簿に候補なし)
1	神本 真季	正当な未リンク(名簿に候補なし)
1	佐藤“魔王”応妃	正当な未リンク(名簿に候補なし)
1	糀佑大	正当な未リンク(名簿に候補なし)
1	次田 壮汰	正当な未リンク(名簿に候補なし)
1	小佐野 翔	正当な未リンク(名簿に候補なし)
1	北珠偉	正当な未リンク(名簿に候補なし)
1	トーマス・スタンレー	正当な未リンク(名簿に候補なし)
1	イゴール・ボブチャンチン	正当な未リンク(名簿に候補なし)
1	トスカ・ザ・キング・オブ・スティング	正当な未リンク(名簿に候補なし)
1	ショーン・ジョンソン	正当な未リンク(名簿に候補なし)
1	モーリス・トラビス	正当な未リンク(名簿に候補なし)
1	フーベルト・ヌムリッヒ	正当な未リンク(名簿に候補なし)
1	タシス・ペトリディス	正当な未リンク(名簿に候補なし)
1	Sebastian Keck	正当な未リンク(名簿に候補なし)
1	DJナックルハンマーYOKKO	正当な未リンク(名簿に候補なし)
1	二ノ峰 かなこ	正当な未リンク(名簿に候補なし)
1	野川 寛人	正当な未リンク(名簿に候補なし)
1	崎野大志	正当な未リンク(名簿に候補なし)
1	大原和也	正当な未リンク(名簿に候補なし)
1	前田敦	正当な未リンク(名簿に候補なし)
1	アデム・ボズカード	正当な未リンク(名簿に候補なし)
1	桜井宇宙	正当な未リンク(名簿に候補なし)
1	JOHSEI	正当な未リンク(名簿に候補なし)
1	キング強介	正当な未リンク(名簿に候補なし)
1	大我	正当な未リンク(名簿に候補なし)
1	ウォームONE LINK	正当な未リンク(名簿に候補なし)
1	恵真	正当な未リンク(名簿に候補なし)
1	長谷川 佑也	正当な未リンク(名簿に候補なし)
1	梁傲軒	正当な未リンク(名簿に候補なし)
1	照 寛人	正当な未リンク(名簿に候補なし)
1	賢一	正当な未リンク(名簿に候補なし)
1	末廣 智明	正当な未リンク(名簿に候補なし)
1	聖王 DATE	正当な未リンク(名簿に候補なし)
1	戸津 慎二	正当な未リンク(名簿に候補なし)
1	齋藤 拓	正当な未リンク(名簿に候補なし)
1	細見 直生	正当な未リンク(名簿に候補なし)
1	ウルフタツロウ	正当な未リンク(名簿に候補なし)
1	レチ・クルバノフ	正当な未リンク(名簿に候補なし)
1	"ジュリアス""タワーリング・インフェルノ""ロング"	正当な未リンク(名簿に候補なし)
1	アマニー・リー	正当な未リンク(名簿に候補なし)
1	ポンシャン	正当な未リンク(名簿に候補なし)
1	嶋田ケンジ	正当な未リンク(名簿に候補なし)
1	カターテープ・ポー．アリパーイ	正当な未リンク(名簿に候補なし)
1	剛（	正当な未リンク(名簿に候補なし)
1	亮次	正当な未リンク(名簿に候補なし)
1	宮本寛之	正当な未リンク(名簿に候補なし)
1	ナーティ・ソーカムシン	正当な未リンク(名簿に候補なし)
1	朴成煥	正当な未リンク(名簿に候補なし)
1	ピニット・ソーチタラダー	正当な未リンク(名簿に候補なし)
1	ムァンファーレッグ・ギャットウィチアン	正当な未リンク(名簿に候補なし)
1	ナーンナーム・ギアットプラッサーンチャイ	正当な未リンク(名簿に候補なし)
1	ピーター・チャールズ	正当な未リンク(名簿に候補なし)
1	高橋渉	正当な未リンク(名簿に候補なし)
1	イ・ジェジン	正当な未リンク(名簿に候補なし)
1	大岩 翔太	正当な未リンク(名簿に候補なし)
1	伊仙町 典久	正当な未リンク(名簿に候補なし)
1	高橋 亮	正当な未リンク(名簿に候補なし)
1	ティンリー・リバイバル	正当な未リンク(名簿に候補なし)
1	喧太	正当な未リンク(名簿に候補なし)
1	鈴木 正平	正当な未リンク(名簿に候補なし)
1	牧野 亮佑	正当な未リンク(名簿に候補なし)
1	しゅんキング	正当な未リンク(名簿に候補なし)
1	林ジャッカル裕人	正当な未リンク(名簿に候補なし)
1	稲田晃大	正当な未リンク(名簿に候補なし)
1	Jang Dong-min	正当な未リンク(名簿に候補なし)
1	Jang Beom-seok	正当な未リンク(名簿に候補なし)
1	戸村陽明	正当な未リンク(名簿に候補なし)
1	ナンシー	正当な未リンク(名簿に候補なし)
1	判定0-3	正当な未リンク(名簿に候補なし)
1	erika1	正当な未リンク(名簿に候補なし)
1	祥子	正当な未リンク(名簿に候補なし)
1	キム・スヨン	正当な未リンク(名簿に候補なし)
1	川畑RYU直輝	正当な未リンク(名簿に候補なし)
1	ラックチャイ	正当な未リンク(名簿に候補なし)
1	●藤野 伸哉	正当な未リンク(名簿に候補なし)
1	ジェリー・ハリス	正当な未リンク(名簿に候補なし)
1	ペリー・テリグット	正当な未リンク(名簿に候補なし)
1	バンダー・マープ	正当な未リンク(名簿に候補なし)
1	バチェスラブ・スハノブ	正当な未リンク(名簿に候補なし)
1	クンナム・ショウブカイ	正当な未リンク(名簿に候補なし)
1	小嶋・Nor Nakusin	正当な未リンク(名簿に候補なし)
1	和希	正当な未リンク(名簿に候補なし)
1	ディエゴ・ツボイ	正当な未リンク(名簿に候補なし)
1	ブロック・ラーソン	正当な未リンク(名簿に候補なし)
1	川村亮	正当な未リンク(名簿に候補なし)
1	中西良行	正当な未リンク(名簿に候補なし)
1	金子賢	正当な未リンク(名簿に候補なし)
1	No-Ri	正当な未リンク(名簿に候補なし)
1	YUKINO BRAVELY	正当な未リンク(名簿に候補なし)
1	稲垣 優	正当な未リンク(名簿に候補なし)
1	高橋颯汰	正当な未リンク(名簿に候補なし)
1	Asa ten Pow	正当な未リンク(名簿に候補なし)
1	Abdellah Ezbiri	正当な未リンク(名簿に候補なし)
1	ボーウィー・ソー.ウドムソン	正当な未リンク(名簿に候補なし)
1	NAO・YK	正当な未リンク(名簿に候補なし)
1	海戸淳	正当な未リンク(名簿に候補なし)
1	秋山優	正当な未リンク(名簿に候補なし)
1	長岡理郁	正当な未リンク(名簿に候補なし)
1	高橋正也	正当な未リンク(名簿に候補なし)
1	杉田風夏	正当な未リンク(名簿に候補なし)
1	QueenBee夏美	正当な未リンク(名簿に候補なし)
1	田口 杏	正当な未リンク(名簿に候補なし)
1	鍋倉凛音	正当な未リンク(名簿に候補なし)
1	黒木翔太	正当な未リンク(名簿に候補なし)
1	王子晴	正当な未リンク(名簿に候補なし)
1	鷹人	正当な未リンク(名簿に候補なし)
1	福舘 正	正当な未リンク(名簿に候補なし)
1	夏空	正当な未リンク(名簿に候補なし)
1	鹿津 真二	正当な未リンク(名簿に候補なし)
1	ロンペット・Y’ZD	正当な未リンク(名簿に候補なし)
1	チャンプアレック・ソートー・タノンシーバンプー	正当な未リンク(名簿に候補なし)
1	タップロン・	正当な未リンク(名簿に候補なし)
1	PARANGRAK O.YUTTACHAI	正当な未リンク(名簿に候補なし)
1	富田健祐	正当な未リンク(名簿に候補なし)
1	パク・チャンウ	正当な未リンク(名簿に候補なし)
1	ゴンガンワン・ソォーサムムアンチャイ	正当な未リンク(名簿に候補なし)
1	KAMIKUBO-俊	正当な未リンク(名簿に候補なし)
1	上山恭平	正当な未リンク(名簿に候補なし)
1	"セルジオ""ブラック・パンサー""エスペ"	正当な未リンク(名簿に候補なし)
1	ジャスティン・フォーチュン	正当な未リンク(名簿に候補なし)
1	"ミルコ""クロコップ""フィリポビッチ"	正当な未リンク(名簿に候補なし)
1	ゴードン・マイナーズ	正当な未リンク(名簿に候補なし)
1	石洪堅（シュ・ホンジャン）	正当な未リンク(名簿に候補なし)
1	"マーカス""XL""ロイスター"	正当な未リンク(名簿に候補なし)
1	ケリー・カレナ	正当な未リンク(名簿に候補なし)
1	セドリック・コンガイカ	正当な未リンク(名簿に候補なし)
1	依田信次	正当な未リンク(名簿に候補なし)
1	YUKAЯI	正当な未リンク(名簿に候補なし)
1	長島かよこ	正当な未リンク(名簿に候補なし)
1	HIRO・YAMATO	正当な未リンク(名簿に候補なし)
1	吕俊雨	正当な未リンク(名簿に候補なし)
1	武智代	正当な未リンク(名簿に候補なし)
1	川尻達也	正当な未リンク(名簿に候補なし)
1	J.Z.カルバン	正当な未リンク(名簿に候補なし)
1	ヴィンス・フィリップス	正当な未リンク(名簿に候補なし)
1	ノエル・ソアレス	正当な未リンク(名簿に候補なし)
1	パトリック・エリクソン	正当な未リンク(名簿に候補なし)
1	アレキサンダー・フォカロルス	正当な未リンク(名簿に候補なし)
1	嶋村哲昌	正当な未リンク(名簿に候補なし)
1	ベン・バートン	正当な未リンク(名簿に候補なし)
1	シャノン・F16・フォレスター	正当な未リンク(名簿に候補なし)
1	ラムナムコン・ソーランチャイ	正当な未リンク(名簿に候補なし)
1	オーローノー・ポームアンウボン	正当な未リンク(名簿に候補なし)
1	スイット・ウォースティラ	正当な未リンク(名簿に候補なし)
1	本山大	正当な未リンク(名簿に候補なし)
1	飯田 陸斗	正当な未リンク(名簿に候補なし)
1	颯馬	正当な未リンク(名簿に候補なし)
1	平野一誠	正当な未リンク(名簿に候補なし)
1	直矢	正当な未リンク(名簿に候補なし)
1	坂梨隼人	正当な未リンク(名簿に候補なし)
1	松村清次	正当な未リンク(名簿に候補なし)
1	藤康蔵	正当な未リンク(名簿に候補なし)
1	福岡冴介	正当な未リンク(名簿に候補なし)
1	桐生大地	正当な未リンク(名簿に候補なし)
1	ダニエル・サプロション	正当な未リンク(名簿に候補なし)
1	マティアス・バリック	正当な未リンク(名簿に候補なし)
1	ダニエル・トゥルク	正当な未リンク(名簿に候補なし)
1	クリスチャン・グイド	正当な未リンク(名簿に候補なし)
1	アリズワン・ノルシャーニー	正当な未リンク(名簿に候補なし)
1	ウォーム・ONE LINK	正当な未リンク(名簿に候補なし)
1	ミハエル・レイズ	正当な未リンク(名簿に候補なし)
1	賈夢強	正当な未リンク(名簿に候補なし)
1	デッディオ・ソーキンミー	正当な未リンク(名簿に候補なし)
1	岡村 郁生	正当な未リンク(名簿に候補なし)
1	榎本優駿	正当な未リンク(名簿に候補なし)
1	PRINCE博	正当な未リンク(名簿に候補なし)
1	郁依斗	正当な未リンク(名簿に候補なし)
1	ニックラス・ウィンバーグ	正当な未リンク(名簿に候補なし)
1	ジェンク・ベヒック	正当な未リンク(名簿に候補なし)
1	ビリー・マムー	正当な未リンク(名簿に候補なし)
1	バリス・ネジフ	正当な未リンク(名簿に候補なし)
1	西田 光汰	正当な未リンク(名簿に候補なし)
1	藤田勝弘	正当な未リンク(名簿に候補なし)
1	ブルドッグしげる	正当な未リンク(名簿に候補なし)
1	Jean Christophe Gomis	正当な未リンク(名簿に候補なし)
1	Quentin Alamdou	正当な未リンク(名簿に候補なし)
1	Saloume soumare	正当な未リンク(名簿に候補なし)
1	Juan ortiz nieto	正当な未リンク(名簿に候補なし)
1	clement adrover	正当な未リンク(名簿に候補なし)
1	龍矢	正当な未リンク(名簿に候補なし)
1	松永拓朗	正当な未リンク(名簿に候補なし)
1	Ilias el Hajoui （イリアス・ハジューイ）	正当な未リンク(名簿に候補なし)
1	ユーリー・スマンス	正当な未リンク(名簿に候補なし)
1	ハヴィエル・エルナンデス	正当な未リンク(名簿に候補なし)
1	孫煌進	正当な未リンク(名簿に候補なし)
1	阿部勝	正当な未リンク(名簿に候補なし)
1	タップロン	正当な未リンク(名簿に候補なし)
1	真樹親太郎	正当な未リンク(名簿に候補なし)
1	オトゴンバートル	正当な未リンク(名簿に候補なし)
1	ヴィクトー・トファニール	正当な未リンク(名簿に候補なし)
1	マキ・ヒンレックファイ	正当な未リンク(名簿に候補なし)
1	千明祐介	正当な未リンク(名簿に候補なし)
1	清水祐一	正当な未リンク(名簿に候補なし)
1	ユウト	正当な未リンク(名簿に候補なし)
1	潘 隆成	正当な未リンク(名簿に候補なし)
1	野崎 元気	正当な未リンク(名簿に候補なし)
1	Ryota	正当な未リンク(名簿に候補なし)
1	鷹義	正当な未リンク(名簿に候補なし)
1	花田 元誓	正当な未リンク(名簿に候補なし)
1	カン・ウーヤン	正当な未リンク(名簿に候補なし)
1	鳥巣 賢	正当な未リンク(名簿に候補なし)
1	小林 大将	正当な未リンク(名簿に候補なし)
1	板垣 龍司	正当な未リンク(名簿に候補なし)
1	山本 仁	正当な未リンク(名簿に候補なし)
1	ラーテル湧人	正当な未リンク(名簿に候補なし)
1	Marios Loula	正当な未リンク(名簿に候補なし)
1	Mahamed Achmed	正当な未リンク(名簿に候補なし)
1	TAKAYOSHI	正当な未リンク(名簿に候補なし)
1	聡之晟	正当な未リンク(名簿に候補なし)
1	中村大空	正当な未リンク(名簿に候補なし)
1	パルコ	正当な未リンク(名簿に候補なし)
1	山口正泰	正当な未リンク(名簿に候補なし)
1	宮崎蹴斗	正当な未リンク(名簿に候補なし)
1	桜華	正当な未リンク(名簿に候補なし)
1	エドワルド・シャポリン	正当な未リンク(名簿に候補なし)
1	谷元 凉	正当な未リンク(名簿に候補なし)
1	ムングントスズ・ナンディンエルデン	正当な未リンク(名簿に候補なし)
1	シリモンコン・シンワッサ	正当な未リンク(名簿に候補なし)
1	イ・ジンファン	正当な未リンク(名簿に候補なし)
1	キム・ソンフン	正当な未リンク(名簿に候補なし)
1	Juante Steyn	正当な未リンク(名簿に候補なし)
1	チェ・ゼシク	正当な未リンク(名簿に候補なし)
1	シリチャイ・ポーシリポン	正当な未リンク(名簿に候補なし)
1	ドナバン・ラブ	正当な未リンク(名簿に候補なし)
1	ラインハード・ウルツ	正当な未リンク(名簿に候補なし)
1	有馬竜之介	正当な未リンク(名簿に候補なし)
1	チャムアトーン（チャムアックトーン）・ファイタームエタイ	正当な未リンク(名簿に候補なし)
1	THONG・SEISHIKAI	正当な未リンク(名簿に候補なし)
1	加藤 真也	正当な未リンク(名簿に候補なし)
1	Wang Yanlong	正当な未リンク(名簿に候補なし)
1	Thodkhui MR Manas	正当な未リンク(名簿に候補なし)
1	藤田 雄也	正当な未リンク(名簿に候補なし)
1	足達慶輔	正当な未リンク(名簿に候補なし)
1	足達 慶介	正当な未リンク(名簿に候補なし)
1	佐曽利謙太	正当な未リンク(名簿に候補なし)
1	洸武	正当な未リンク(名簿に候補なし)
1	風間 健祐	正当な未リンク(名簿に候補なし)
1	盛岡 直生	正当な未リンク(名簿に候補なし)
1	坂本 和樹	正当な未リンク(名簿に候補なし)
1	濱道 亮太	正当な未リンク(名簿に候補なし)
1	徳永潤也	正当な未リンク(名簿に候補なし)
1	ヴィンセント・ラトゥール	正当な未リンク(名簿に候補なし)
1	枝一路	正当な未リンク(名簿に候補なし)
1	RED健太	正当な未リンク(名簿に候補なし)
1	齋藤 駿	正当な未リンク(名簿に候補なし)
1	PHAN TRONG QUY	正当な未リンク(名簿に候補なし)
1	相馬一仁	正当な未リンク(名簿に候補なし)
1	パク・ソヨン	正当な未リンク(名簿に候補なし)
1	パク・スヨン	判定不能(類似候補ありだが未確証)
1	杉本 恵	正当な未リンク(名簿に候補なし)
1	キム・ソヨル	正当な未リンク(名簿に候補なし)
1	紅豆	正当な未リンク(名簿に候補なし)
1	山下 実優	正当な未リンク(名簿に候補なし)
1	Rémi Parra	正当な未リンク(名簿に候補なし)
1	NAIT SLIMANI	正当な未リンク(名簿に候補なし)
1	CARLOS GARCIA	正当な未リンク(名簿に候補なし)
1	貴政	正当な未リンク(名簿に候補なし)
1	田村修一	正当な未リンク(名簿に候補なし)
1	上田祐也	正当な未リンク(名簿に候補なし)
1	RYOMA	正当な未リンク(名簿に候補なし)
1	パウ・イリアナ・ガスケス	正当な未リンク(名簿に候補なし)
1	ガンスワン・サシプラパー	正当な未リンク(名簿に候補なし)
1	モンコンデート・シットウウボン	正当な未リンク(名簿に候補なし)
1	拳粋会	正当な未リンク(名簿に候補なし)
1	南RISING一治	正当な未リンク(名簿に候補なし)
1	SUHON	正当な未リンク(名簿に候補なし)
1	ジョナサン・グロマーク	正当な未リンク(名簿に候補なし)
1	ヘンリクス・ジョウェー	正当な未リンク(名簿に候補なし)
1	エリック・カウマン	正当な未リンク(名簿に候補なし)
1	マリオ・オストス	正当な未リンク(名簿に候補なし)
1	バスラック・デュスコ	正当な未リンク(名簿に候補なし)
1	ダニエル・イェーリング	正当な未リンク(名簿に候補なし)
1	アブドラマリック・ガスニエフ	正当な未リンク(名簿に候補なし)
1	RUKA。	正当な未リンク(名簿に候補なし)
1	ティーJSK	正当な未リンク(名簿に候補なし)
1	松長晴基	正当な未リンク(名簿に候補なし)
1	Sungprab lookpichit	正当な未リンク(名簿に候補なし)
1	Petpasak sorsalacheep	正当な未リンク(名簿に候補なし)
1	藤牧孝仁	正当な未リンク(名簿に候補なし)
1	奥山光次	正当な未リンク(名簿に候補なし)
1	中西大介	正当な未リンク(名簿に候補なし)
1	ジャイアン	正当な未リンク(名簿に候補なし)
1	椋橋秀太	正当な未リンク(名簿に候補なし)
1	世利JSK	正当な未リンク(名簿に候補なし)
1	ヌアング・サックチョロボー	正当な未リンク(名簿に候補なし)
1	上真[じょうま]	正当な未リンク(名簿に候補なし)
1	プロイダム・バンタック・ラジオ	正当な未リンク(名簿に候補なし)
1	本間海	正当な未リンク(名簿に候補なし)
1	翁長将健	正当な未リンク(名簿に候補なし)
1	サンドール・キス	正当な未リンク(名簿に候補なし)
1	RYUTO	正当な未リンク(名簿に候補なし)
1	冨田 賢輔	正当な未リンク(名簿に候補なし)
1	リ・ソンジェ	正当な未リンク(名簿に候補なし)
1	ランボー宏輔	正当な未リンク(名簿に候補なし)
1	岡村 郁夫	正当な未リンク(名簿に候補なし)
1	ベム	正当な未リンク(名簿に候補なし)
1	熊田 優樹	正当な未リンク(名簿に候補なし)
1	カン・ビュンユ	正当な未リンク(名簿に候補なし)
1	マリク・マンゴウシ	正当な未リンク(名簿に候補なし)
1	アンドレイ・ヴァカラッシュ	正当な未リンク(名簿に候補なし)
1	タダス・ヨンクス	正当な未リンク(名簿に候補なし)
1	RYU	正当な未リンク(名簿に候補なし)
1	佳功	正当な未リンク(名簿に候補なし)
1	篠原 賢	正当な未リンク(名簿に候補なし)
1	福井 佑哉	正当な未リンク(名簿に候補なし)
1	足達 慶輔	正当な未リンク(名簿に候補なし)
1	大石 智斗	正当な未リンク(名簿に候補なし)
1	松本 忠	正当な未リンク(名簿に候補なし)
1	ナグランチュ－ン･マーサ“M16”	正当な未リンク(名簿に候補なし)
1	杤岡 裕輔	正当な未リンク(名簿に候補なし)
1	山内 和人	正当な未リンク(名簿に候補なし)
1	ハンス・バン・ダー・バーグ	正当な未リンク(名簿に候補なし)
1	ムサシ（現・武蔵）	正当な未リンク(名簿に候補なし)
1	成瀬 晴規	正当な未リンク(名簿に候補なし)
1	永渕裕将	正当な未リンク(名簿に候補なし)
1	ポンパン	正当な未リンク(名簿に候補なし)
1	ロミー・アダンザ	正当な未リンク(名簿に候補なし)
1	島んちゅ泰	正当な未リンク(名簿に候補なし)
1	クリス・ホワイト	正当な未リンク(名簿に候補なし)
1	モハメド	正当な未リンク(名簿に候補なし)
1	ポーラード・ノイ・トォー・センティアンノイ	正当な未リンク(名簿に候補なし)
1	高嶺幸良	正当な未リンク(名簿に候補なし)
1	クリスチャン・ジョセフ	正当な未リンク(名簿に候補なし)
1	松島 勲也	正当な未リンク(名簿に候補なし)
1	徳王	正当な未リンク(名簿に候補なし)
1	楢崎 リッキー	正当な未リンク(名簿に候補なし)
1	都築 頼秋	正当な未リンク(名簿に候補なし)
1	木村 康人	正当な未リンク(名簿に候補なし)
1	透	正当な未リンク(名簿に候補なし)
1	蘇芸可	正当な未リンク(名簿に候補なし)
1	小暮 一輝	正当な未リンク(名簿に候補なし)
1	作田智大	正当な未リンク(名簿に候補なし)
1	アレックス太田	正当な未リンク(名簿に候補なし)
1	高橋聖人	正当な未リンク(名簿に候補なし)
1	拓磨	正当な未リンク(名簿に候補なし)
1	SAMI	正当な未リンク(名簿に候補なし)
1	上村蘭唯華	正当な未リンク(名簿に候補なし)
1	森本大喜	正当な未リンク(名簿に候補なし)
1	菅野 真央	正当な未リンク(名簿に候補なし)
1	松下 龍義	正当な未リンク(名簿に候補なし)
1	神谷 瑠以	正当な未リンク(名簿に候補なし)
1	モハメッド・アマディ・アッバス	正当な未リンク(名簿に候補なし)
1	イム・サンス	正当な未リンク(名簿に候補なし)
1	ブライアン・ウォーレン	正当な未リンク(名簿に候補なし)
1	フィル・フェティート	正当な未リンク(名簿に候補なし)
1	スコット・シェーリー	正当な未リンク(名簿に候補なし)
1	モハメド・ラミン・ケイタ	正当な未リンク(名簿に候補なし)
1	"モハメッド""モー""ファウジー"	正当な未リンク(名簿に候補なし)
1	オリバー・ツイサフィア	正当な未リンク(名簿に候補なし)
1	オークランド・アウミタギ	正当な未リンク(名簿に候補なし)
1	ディオン・クロウチ	正当な未リンク(名簿に候補なし)
1	菅野 一教	正当な未リンク(名簿に候補なし)
1	ソムプラユン・ヒロキDANGER	正当な未リンク(名簿に候補なし)
1	樺島 崚太	正当な未リンク(名簿に候補なし)
1	佐藤 駿	正当な未リンク(名簿に候補なし)
1	青谷秋未	正当な未リンク(名簿に候補なし)
1	立石凛太朗	正当な未リンク(名簿に候補なし)
1	藤本ZIGOKU	正当な未リンク(名簿に候補なし)
1	クレイ・アウミタギ	正当な未リンク(名簿に候補なし)
1	わた丸＠シグナム	正当な未リンク(名簿に候補なし)
1	Cheuk Pun Ho	正当な未リンク(名簿に候補なし)
1	Romeo Sinakay	正当な未リンク(名簿に候補なし)
1	Najmeddin Al Hadad	正当な未リンク(名簿に候補なし)
1	ゼリー・フェレイラ	正当な未リンク(名簿に候補なし)
1	フォンテネール・シルバ	正当な未リンク(名簿に候補なし)
1	光太朗ZLS	正当な未リンク(名簿に候補なし)
1	ジョナサン・セライ	正当な未リンク(名簿に候補なし)
1	“アルティギィアーロ”ロベルト・パレスティーニ	正当な未リンク(名簿に候補なし)
1	櫻木崇裕	正当な未リンク(名簿に候補なし)
1	“Sebolai”ジュリアン・ベングセン	正当な未リンク(名簿に候補なし)
1	チャーオサム	正当な未リンク(名簿に候補なし)
1	アレキサンダー・ルーポ	正当な未リンク(名簿に候補なし)
1	スペンサー・テー	正当な未リンク(名簿に候補なし)
1	“The Mout” ヤッシーン・モゥタチ	正当な未リンク(名簿に候補なし)
1	ゴンバンノー	正当な未リンク(名簿に候補なし)
1	アラン・オー・キャラハン	正当な未リンク(名簿に候補なし)
1	ペテン・ギャットポンティップ	正当な未リンク(名簿に候補なし)
1	デェーサックダー・シットソンピーノン	正当な未リンク(名簿に候補なし)
1	ぺッテェー・ペットジンデーアカデミー	正当な未リンク(名簿に候補なし)
1	エーカデット・モークルンテープトンブリー	正当な未リンク(名簿に候補なし)
1	フォンベート・チューワッタナ	正当な未リンク(名簿に候補なし)
1	チョン・ジェドン	正当な未リンク(名簿に候補なし)
1	リー・ニング	正当な未リンク(名簿に候補なし)
1	チャイポーンノーイ・ルークプラバーツ	正当な未リンク(名簿に候補なし)
1	Matthew Knauss	正当な未リンク(名簿に候補なし)
1	Erik Silva	正当な未リンク(名簿に候補なし)
1	John Pham	正当な未リンク(名簿に候補なし)
1	Rob Fuller	正当な未リンク(名簿に候補なし)
1	Henry Crapp	正当な未リンク(名簿に候補なし)
1	希祈	正当な未リンク(名簿に候補なし)
1	Ryu	正当な未リンク(名簿に候補なし)
1	蹴橙	正当な未リンク(名簿に候補なし)
1	ブラックハイエナ	正当な未リンク(名簿に候補なし)
1	布施有弥	正当な未リンク(名簿に候補なし)
1	清水拳人	正当な未リンク(名簿に候補なし)
1	高橋 裕三	正当な未リンク(名簿に候補なし)
1	イ・ボムギュ	正当な未リンク(名簿に候補なし)
1	貴賢神	正当な未リンク(名簿に候補なし)
1	ジュン・スンジュン	正当な未リンク(名簿に候補なし)
1	佐野 佑馬	正当な未リンク(名簿に候補なし)
1	竜真	正当な未リンク(名簿に候補なし)
1	赤土 公亮	正当な未リンク(名簿に候補なし)
1	佐野 和英	正当な未リンク(名簿に候補なし)
1	ユン・ドンシク	正当な未リンク(名簿に候補なし)
1	出畑力也	正当な未リンク(名簿に候補なし)
1	サンチアゴ・ダニエウ・マカルチ	正当な未リンク(名簿に候補なし)
1	阿部修治	正当な未リンク(名簿に候補なし)
1	西浦“ウィッキー”聡生	正当な未リンク(名簿に候補なし)
1	チョンデーン・チューワッタナ	正当な未リンク(名簿に候補なし)
1	トーマス中村	正当な未リンク(名簿に候補なし)
1	キコ・ロペス	正当な未リンク(名簿に候補なし)
1	ロビー・ハヘマン	正当な未リンク(名簿に候補なし)
1	クォン・オルチャン	正当な未リンク(名簿に候補なし)
1	西村憲孝	正当な未リンク(名簿に候補なし)
1	高橋明宏	正当な未リンク(名簿に候補なし)
1	平田 大地	正当な未リンク(名簿に候補なし)
1	仲地 宏治	正当な未リンク(名簿に候補なし)
1	嶋岡 大地	正当な未リンク(名簿に候補なし)
1	David Sanchez	正当な未リンク(名簿に候補なし)
1	Paolo Cannito	正当な未リンク(名簿に候補なし)
1	滝口 幸成	正当な未リンク(名簿に候補なし)
1	トレント・ギルダム	正当な未リンク(名簿に候補なし)
1	Jonathan Tuhu	正当な未リンク(名簿に候補なし)
1	山内慎司	正当な未リンク(名簿に候補なし)
1	チングン新小岩	正当な未リンク(名簿に候補なし)
1	淳平	正当な未リンク(名簿に候補なし)
1	下田 大助	正当な未リンク(名簿に候補なし)
1	山中 洸武	正当な未リンク(名簿に候補なし)
1	梅村寛	正当な未リンク(名簿に候補なし)
1	ペットマイ・スィアダム.ムーパーラー	正当な未リンク(名簿に候補なし)
1	ゲリック・ビレット	正当な未リンク(名簿に候補なし)
1	ドラゴミール・ペトロフ	正当な未リンク(名簿に候補なし)
1	アルマン・ハンバリアン	正当な未リンク(名簿に候補なし)
1	ケンダル・カラクァート	正当な未リンク(名簿に候補なし)
1	ジョー	正当な未リンク(名簿に候補なし)
1	小金 翔	正当な未リンク(名簿に候補なし)
1	ルクク・ダリ	正当な未リンク(名簿に候補なし)
1	ピンペット・バンチャメーク	正当な未リンク(名簿に候補なし)
1	ポンシリー・ポーシリポン	正当な未リンク(名簿に候補なし)
1	チャムアトーン・ファイタームエタイ	正当な未リンク(名簿に候補なし)
1	リュウ・ヤ	正当な未リンク(名簿に候補なし)
1	潔人	正当な未リンク(名簿に候補なし)
1	大川 洋明	正当な未リンク(名簿に候補なし)
1	石原 夜叉坊	正当な未リンク(名簿に候補なし)
1	玉川 和輝	正当な未リンク(名簿に候補なし)
1	RS・YUTAKA	正当な未リンク(名簿に候補なし)
1	下村 哲幸	正当な未リンク(名簿に候補なし)
1	鈴木 崇人	正当な未リンク(名簿に候補なし)
1	北川 準	正当な未リンク(名簿に候補なし)
1	Chatpayak lanlamotorsa	正当な未リンク(名簿に候補なし)
1	吉田開威	正当な未リンク(名簿に候補なし)
1	ダニエル・ヤーリング	正当な未リンク(名簿に候補なし)
1	シリル・ディアバテ	正当な未リンク(名簿に候補なし)
1	ジョルディ・ラミス	正当な未リンク(名簿に候補なし)
1	エルギン・ソルマズ	正当な未リンク(名簿に候補なし)
1	フロリアン・オグネイド	正当な未リンク(名簿に候補なし)
1	ボーン・アンダーソン	正当な未リンク(名簿に候補なし)
1	深見龍雅	正当な未リンク(名簿に候補なし)
1	佐野和英	正当な未リンク(名簿に候補なし)
1	神田T800周一	正当な未リンク(名簿に候補なし)
1	奇天烈	正当な未リンク(名簿に候補なし)
1	堀池空希	正当な未リンク(名簿に候補なし)
1	大西厚輝	正当な未リンク(名簿に候補なし)
1	ファイザル・ザカリア	正当な未リンク(名簿に候補なし)
1	ベン・ロスウェル	正当な未リンク(名簿に候補なし)
1	滕軍	正当な未リンク(名簿に候補なし)
1	田島美咲	判定不能(類似候補ありだが未確証)
1	未来	正当な未リンク(名簿に候補なし)
1	上仮屋真莉	正当な未リンク(名簿に候補なし)
1	ナム・ミョンチョン	正当な未リンク(名簿に候補なし)
1	稲石 龍弥	正当な未リンク(名簿に候補なし)
1	浅井 悠太	正当な未リンク(名簿に候補なし)
1	清水 佑太郎	正当な未リンク(名簿に候補なし)
1	錦 和道	正当な未リンク(名簿に候補なし)
1	村井雄誠	正当な未リンク(名簿に候補なし)
1	錢神駿一	正当な未リンク(名簿に候補なし)
1	長谷川海	正当な未リンク(名簿に候補なし)
1	啓之輔	正当な未リンク(名簿に候補なし)
1	北村克哉	正当な未リンク(名簿に候補なし)
1	フオ・シャオロン	正当な未リンク(名簿に候補なし)
1	カイト・ウォーワンチャイ	正当な未リンク(名簿に候補なし)
1	窪山 昴	正当な未リンク(名簿に候補なし)
1	遠藤 由春	正当な未リンク(名簿に候補なし)
1	長船ライオン司	正当な未リンク(名簿に候補なし)
1	西田洸汰	正当な未リンク(名簿に候補なし)
1	黒川佑哉	正当な未リンク(名簿に候補なし)
1	チャイトーン	正当な未リンク(名簿に候補なし)
1	ファープラタン	正当な未リンク(名簿に候補なし)
1	サイシーレック・ノーシープン	正当な未リンク(名簿に候補なし)
1	ZAWA-3	正当な未リンク(名簿に候補なし)
1	赤木春斗	正当な未リンク(名簿に候補なし)
1	渡部剛和	正当な未リンク(名簿に候補なし)
1	西垣梓哉	正当な未リンク(名簿に候補なし)
1	研人	正当な未リンク(名簿に候補なし)
1	山崎凌大	正当な未リンク(名簿に候補なし)
1	健司	正当な未リンク(名簿に候補なし)
1	髙梨凌太	正当な未リンク(名簿に候補なし)
1	ARUTO	正当な未リンク(名簿に候補なし)
1	木村 郁翔	正当な未リンク(名簿に候補なし)
1	水原浩暁	正当な未リンク(名簿に候補なし)
1	尹戸雅教	正当な未リンク(名簿に候補なし)
1	美濃輪光将	正当な未リンク(名簿に候補なし)
1	城大眞	正当な未リンク(名簿に候補なし)
1	ヘレー・チャン［陳凱妮］	正当な未リンク(名簿に候補なし)
1	ゲーオタ・ポー.ムアンペット	正当な未リンク(名簿に候補なし)
1	ルオ・ミン［Luo Min］	正当な未リンク(名簿に候補なし)
1	ユリカ．グラップリングシュートボクサーズジム	正当な未リンク(名簿に候補なし)
1	ノンビー・ルークメーランプーイ	正当な未リンク(名簿に候補なし)
1	ジェンロップ・ プンパンムアン	正当な未リンク(名簿に候補なし)
1	徐琰（シュー・イェン）	正当な未リンク(名簿に候補なし)
1	深野文仁	正当な未リンク(名簿に候補なし)
1	ガンター・バーレン	正当な未リンク(名簿に候補なし)
1	侍虎志	正当な未リンク(名簿に候補なし)
1	上野歩	正当な未リンク(名簿に候補なし)
1	狼鐘闘	正当な未リンク(名簿に候補なし)
1	ハンス・バンデンブルグ	正当な未リンク(名簿に候補なし)
1	ビリー・フォース・コンゴロ	正当な未リンク(名簿に候補なし)
1	鴇田 波琉	正当な未リンク(名簿に候補なし)
1	菊地拓人	正当な未リンク(名簿に候補なし)
1	コウキ	正当な未リンク(名簿に候補なし)
1	ペッジュンチャイ	正当な未リンク(名簿に候補なし)
1	安部 纏	正当な未リンク(名簿に候補なし)
1	ブランドン・リー・ヒンクル	正当な未リンク(名簿に候補なし)
1	大沼慶子	正当な未リンク(名簿に候補なし)
1	俊 輝	正当な未リンク(名簿に候補なし)
1	ムラデン・ブレストヴァック	正当な未リンク(名簿に候補なし)
1	康恩	正当な未リンク(名簿に候補なし)
1	智也	正当な未リンク(名簿に候補なし)
1	イスライ・エリカ・ポモガオ	正当な未リンク(名簿に候補なし)
1	盧芷晴	正当な未リンク(名簿に候補なし)
1	YUMIN	正当な未リンク(名簿に候補なし)
1	ルンキット・ウォーサンプラパイ	正当な未リンク(名簿に候補なし)
1	ウラジスラフ・ミキータス	正当な未リンク(名簿に候補なし)
1	ペットサムレット・オーボートーノンヤントイ	正当な未リンク(名簿に候補なし)
1	ゴンサロ・テバル	正当な未リンク(名簿に候補なし)
1	アドリアン・ロペス	正当な未リンク(名簿に候補なし)
1	バカイペト・ニッティサムイ	正当な未リンク(名簿に候補なし)
1	ライアン・シェーハン	正当な未リンク(名簿に候補なし)
1	ダニエル・マッグウォーン	正当な未リンク(名簿に候補なし)
1	ネストル・ロドリゲス	正当な未リンク(名簿に候補なし)
1	サイロムノーイ・ティーデット99	正当な未リンク(名簿に候補なし)
1	フォムペット・チュワタナ	正当な未リンク(名簿に候補なし)
1	ジョムラーチャノン・トー・ラブー	正当な未リンク(名簿に候補なし)
1	ラジャサクレック・ソーラワピン	正当な未リンク(名簿に候補なし)
1	雷神浜田	正当な未リンク(名簿に候補なし)
1	薄井将徳	正当な未リンク(名簿に候補なし)
1	橋本貴行	正当な未リンク(名簿に候補なし)
1	新村優貴	正当な未リンク(名簿に候補なし)
1	ピーター・クレイマー	正当な未リンク(名簿に候補なし)
1	ジーン・フレジャー	正当な未リンク(名簿に候補なし)
1	●sasori	正当な未リンク(名簿に候補なし)
1	多田 愛里	正当な未リンク(名簿に候補なし)
1	麻衣	正当な未リンク(名簿に候補なし)
1	ジョウィ・カプタイ	正当な未リンク(名簿に候補なし)
1	世良田孝徳	正当な未リンク(名簿に候補なし)
1	田島洋	正当な未リンク(名簿に候補なし)
1	スチュワート・フルトン	正当な未リンク(名簿に候補なし)
1	石倉健	正当な未リンク(名簿に候補なし)
1	ユン・スホ	正当な未リンク(名簿に候補なし)
1	吉井 龍城	正当な未リンク(名簿に候補なし)
1	谷口 仁歩	正当な未リンク(名簿に候補なし)
1	Chan Kai Tik	正当な未リンク(名簿に候補なし)
1	薄田 久典	正当な未リンク(名簿に候補なし)
1	チェ・ジェウク	正当な未リンク(名簿に候補なし)
1	キム・ヒュンジュン	正当な未リンク(名簿に候補なし)
1	ジ・スンミン	正当な未リンク(名簿に候補なし)
1	タムランナックFELLOWGYM	正当な未リンク(名簿に候補なし)
1	パン・ジャユン	正当な未リンク(名簿に候補なし)
1	スン・ジシアン	正当な未リンク(名簿に候補なし)
1	チェ・ギョンヒョン	正当な未リンク(名簿に候補なし)
1	カン・ミンソク	正当な未リンク(名簿に候補なし)
1	貴雅	正当な未リンク(名簿に候補なし)
1	長谷川 健	正当な未リンク(名簿に候補なし)
1	ARATA MIYAUCHI	正当な未リンク(名簿に候補なし)
1	Ethan Geffen	正当な未リンク(名簿に候補なし)
1	トマス・アギーレ	正当な未リンク(名簿に候補なし)
1	⚪️志賀将大	正当な未リンク(名簿に候補なし)
1	樺嶋 崚太	正当な未リンク(名簿に候補なし)
1	竹原明良	正当な未リンク(名簿に候補なし)
1	鍬田龍岐	正当な未リンク(名簿に候補なし)
1	堅神	正当な未リンク(名簿に候補なし)
1	村松 宏昌	正当な未リンク(名簿に候補なし)
1	レヴィン・アーテム	正当な未リンク(名簿に候補なし)
1	ルオ・チャオ	正当な未リンク(名簿に候補なし)
1	サイヤン・ウォーリヤー	正当な未リンク(名簿に候補なし)
1	ピラポン・ノーナクシン	正当な未リンク(名簿に候補なし)
1	ヨークディーゼル・ルーチヤァオメーサイトン	正当な未リンク(名簿に候補なし)
1	石黒 良	正当な未リンク(名簿に候補なし)
1	小倉 敬浩	正当な未リンク(名簿に候補なし)
1	秋介X-ONE	正当な未リンク(名簿に候補なし)
1	田島 美咲	判定不能(類似候補ありだが未確証)
1	木暮智	正当な未リンク(名簿に候補なし)
1	大川俊彦	正当な未リンク(名簿に候補なし)
1	ファイデル・ヨセフ	正当な未リンク(名簿に候補なし)
1	S.D.A.P	正当な未リンク(名簿に候補なし)
1	中島寛貴	正当な未リンク(名簿に候補なし)
1	泉 達也	正当な未リンク(名簿に候補なし)
1	辻村ジュサブロー	正当な未リンク(名簿に候補なし)
1	久井淳平	正当な未リンク(名簿に候補なし)
1	安田京太	正当な未リンク(名簿に候補なし)
1	ヴィアチェスラヴ・ネステロフ	正当な未リンク(名簿に候補なし)
1	菊池美乃里	正当な未リンク(名簿に候補なし)
1	池田 想夏	正当な未リンク(名簿に候補なし)
1	吉野ふうか	正当な未リンク(名簿に候補なし)
1	今野 顕彰●	正当な未リンク(名簿に候補なし)
1	テリー・ツテル	正当な未リンク(名簿に候補なし)
1	ファディ・ハッダーラ	正当な未リンク(名簿に候補なし)
1	Prajanchai Pongsuphan PK	正当な未リンク(名簿に候補なし)
1	細川裕人	正当な未リンク(名簿に候補なし)
1	中村直文	正当な未リンク(名簿に候補なし)
1	ティアゲネス）	正当な未リンク(名簿に候補なし)
1	鶴巻伸洋	正当な未リンク(名簿に候補なし)
1	篤志	正当な未リンク(名簿に候補なし)
1	キセレフ・キレル	正当な未リンク(名簿に候補なし)
1	ピーターソン・シャカル	正当な未リンク(名簿に候補なし)
1	松崎勇気	正当な未リンク(名簿に候補なし)
1	國中厚二	正当な未リンク(名簿に候補なし)
1	ラムソンクラーム・スワンアハーンジャーヴィー	正当な未リンク(名簿に候補なし)
1	ラムソンクラーム・スワンアハーンジャヴィー	正当な未リンク(名簿に候補なし)
1	コンファーク・ルークメロン	正当な未リンク(名簿に候補なし)
1	赤堀哲也	正当な未リンク(名簿に候補なし)
1	首藤 賢吾	正当な未リンク(名簿に候補なし)
1	進撃の祐墓	正当な未リンク(名簿に候補なし)
1	TOMOHIO	正当な未リンク(名簿に候補なし)
1	Ho Sung	正当な未リンク(名簿に候補なし)
1	林 寛太郎	正当な未リンク(名簿に候補なし)
1	湯本和真	正当な未リンク(名簿に候補なし)
1	Lucio Aurelio de Freitas Silva	正当な未リンク(名簿に候補なし)
1	Nelson Vargas	正当な未リンク(名簿に候補なし)
1	エドアルド・マイオリノ	正当な未リンク(名簿に候補なし)
1	デミトリー・ヴァンダレイ	正当な未リンク(名簿に候補なし)
1	フラビオ・コスタ	正当な未リンク(名簿に候補なし)
1	ヒヴァニウド・ヒーヴァ	正当な未リンク(名簿に候補なし)
1	"ジェファーソン・""タンク""・シウバ"	正当な未リンク(名簿に候補なし)
1	カルロス・リマ	正当な未リンク(名簿に候補なし)
1	ノンキア・ゲッソンリット	正当な未リンク(名簿に候補なし)
1	幸二郎	正当な未リンク(名簿に候補なし)
1	Lee Sung-Hyun	正当な未リンク(名簿に候補なし)
1	Zhou Zhipeng	正当な未リンク(名簿に候補なし)
1	David Calvo	正当な未リンク(名簿に候補なし)
1	ヘンリー・ヴァン・オプスタル	正当な未リンク(名簿に候補なし)
1	Manuel Quesada	正当な未リンク(名簿に候補なし)
1	ダン・ルーカス	正当な未リンク(名簿に候補なし)
1	久保田 悠俉	正当な未リンク(名簿に候補なし)
1	吉田凛汰朗	正当な未リンク(名簿に候補なし)
1	大倉渉	正当な未リンク(名簿に候補なし)
1	コンバンノー･エスジム	正当な未リンク(名簿に候補なし)
1	守屋将	正当な未リンク(名簿に候補なし)
1	チェ・チョンビン	正当な未リンク(名簿に候補なし)
1	行成薫	正当な未リンク(名簿に候補なし)
1	田中 真尋	正当な未リンク(名簿に候補なし)
1	傳法 里帆	正当な未リンク(名簿に候補なし)
1	下地 涼	正当な未リンク(名簿に候補なし)
1	森井洸介	正当な未リンク(名簿に候補なし)
1	ピラポン	正当な未リンク(名簿に候補なし)
1	大岩 翔哉	正当な未リンク(名簿に候補なし)
1	櫻井 心	正当な未リンク(名簿に候補なし)
1	三上 聖也	正当な未リンク(名簿に候補なし)
1	三上聖也	正当な未リンク(名簿に候補なし)
1	デンパノム・プラン26	正当な未リンク(名簿に候補なし)
1	キム・テヒョン	正当な未リンク(名簿に候補なし)
1	ゴンナパー・シーモンコン	正当な未リンク(名簿に候補なし)
1	ソン・ツアーラ	正当な未リンク(名簿に候補なし)
1	Musa Sultaev	正当な未リンク(名簿に候補なし)
1	Mehmet Ozer	正当な未リンク(名簿に候補なし)
1	キム・ファテ	正当な未リンク(名簿に候補なし)
1	松浦廣平	正当な未リンク(名簿に候補なし)
1	オウ・テリット	正当な未リンク(名簿に候補なし)
1	ルークワン・スーチーバァーミキョ	正当な未リンク(名簿に候補なし)
1	大翔	正当な未リンク(名簿に候補なし)
1	バンラングーン・オーユッタチャイ	正当な未リンク(名簿に候補なし)
1	岩浪悠弥	正当な未リンク(名簿に候補なし)
1	PRINEC博	正当な未リンク(名簿に候補なし)
1	宮野勇也	正当な未リンク(名簿に候補なし)
1	祐典	正当な未リンク(名簿に候補なし)
1	唐澤 志陽	正当な未リンク(名簿に候補なし)
1	白狼	正当な未リンク(名簿に候補なし)
1	菊池 亮	正当な未リンク(名簿に候補なし)
1	原 博文	正当な未リンク(名簿に候補なし)
1	サニー・ダールベック	正当な未リンク(名簿に候補なし)
1	ペットマンコン・ ガイヤーンハーダオ	正当な未リンク(名簿に候補なし)
1	セルゲイ・ゴリアエフ	正当な未リンク(名簿に候補なし)
1	コンテージ・シッセン	正当な未リンク(名簿に候補なし)
1	チョーンアンタイ・ギャッチャーシン	正当な未リンク(名簿に候補なし)
1	タノムサック・デーラッド	正当な未リンク(名簿に候補なし)
1	広川康之	正当な未リンク(名簿に候補なし)
1	發田隆治	正当な未リンク(名簿に候補なし)
1	森本達也	正当な未リンク(名簿に候補なし)
1	加藤丈典	正当な未リンク(名簿に候補なし)
1	大川真人	正当な未リンク(名簿に候補なし)
1	宮本勲	正当な未リンク(名簿に候補なし)
1	菊川松熊	正当な未リンク(名簿に候補なし)
1	聖☆羅	正当な未リンク(名簿に候補なし)
1	宮坂桂介	正当な未リンク(名簿に候補なし)
1	蓮沼拓矢	正当な未リンク(名簿に候補なし)
1	渡部ヒロシ	正当な未リンク(名簿に候補なし)
1	寺門義晃	正当な未リンク(名簿に候補なし)
1	いわち	正当な未リンク(名簿に候補なし)
1	YURIKO SHOBUKAI	正当な未リンク(名簿に候補なし)
1	華 DATE	正当な未リンク(名簿に候補なし)
1	戸塚昌司	正当な未リンク(名簿に候補なし)
1	平野詩苑	正当な未リンク(名簿に候補なし)
1	大村絆人	正当な未リンク(名簿に候補なし)
1	TSUBASA	正当な未リンク(名簿に候補なし)
1	恵	正当な未リンク(名簿に候補なし)
1	網本規久	正当な未リンク(名簿に候補なし)
1	川崎真一郎	正当な未リンク(名簿に候補なし)
1	木戸佑	正当な未リンク(名簿に候補なし)
1	中里眞康	正当な未リンク(名簿に候補なし)
1	大野海人	正当な未リンク(名簿に候補なし)
1	山田伊寿実	正当な未リンク(名簿に候補なし)
1	前田稔揮	正当な未リンク(名簿に候補なし)
1	小倉光人	正当な未リンク(名簿に候補なし)
1	前田稔輝	正当な未リンク(名簿に候補なし)
1	平原聖也	正当な未リンク(名簿に候補なし)
1	木下尋斗	正当な未リンク(名簿に候補なし)
1	マリナ・ゾエワ	正当な未リンク(名簿に候補なし)
1	マエリー・ウォー・ ワンチャイ	正当な未リンク(名簿に候補なし)
1	秋山 勝也	正当な未リンク(名簿に候補なし)
1	木村吉光	正当な未リンク(名簿に候補なし)
1	ヤン・ダニエル	正当な未リンク(名簿に候補なし)
1	堀内代輝	正当な未リンク(名簿に候補なし)
1	埜口孝稀	正当な未リンク(名簿に候補なし)
1	宮内 勇也	正当な未リンク(名簿に候補なし)
1	千 翔宇	正当な未リンク(名簿に候補なし)
1	花塚 智雄	正当な未リンク(名簿に候補なし)
1	大西健	正当な未リンク(名簿に候補なし)
1	水澤敏男	正当な未リンク(名簿に候補なし)
1	PACO	正当な未リンク(名簿に候補なし)
1	ア ビデット・ゲッソンリット	正当な未リンク(名簿に候補なし)
1	TKO 1R2分03秒   ⚪️渋谷昴治	正当な未リンク(名簿に候補なし)
1	法比奥・洛伊西	正当な未リンク(名簿に候補なし)
1	ยอดขุนศึก สิงห์คลองสี้	正当な未リンク(名簿に候補なし)
1	長嶋 卓也	正当な未リンク(名簿に候補なし)
1	マルコス・ササキ	正当な未リンク(名簿に候補なし)
1	梅村アキラジュニア	正当な未リンク(名簿に候補なし)
1	白井 嶺虎	正当な未リンク(名簿に候補なし)
1	高嶋龍弘	正当な未リンク(名簿に候補なし)
1	井口攝	正当な未リンク(名簿に候補なし)
1	大原清和	正当な未リンク(名簿に候補なし)
1	江口光治	正当な未リンク(名簿に候補なし)
1	龍鬼神	正当な未リンク(名簿に候補なし)
1	ナグランチューン・マーサ・M16	正当な未リンク(名簿に候補なし)
1	タイガー石井	正当な未リンク(名簿に候補なし)
1	菊田光正	正当な未リンク(名簿に候補なし)
1	市政貴文	正当な未リンク(名簿に候補なし)
1	伊藤洋平	正当な未リンク(名簿に候補なし)
1	山形公紀	正当な未リンク(名簿に候補なし)
1	大黒敏正	正当な未リンク(名簿に候補なし)
1	ヤン マイケル	正当な未リンク(名簿に候補なし)
1	梅木りょうま	正当な未リンク(名簿に候補なし)
1	雄 一	正当な未リンク(名簿に候補なし)
1	クォン・ミンソク	正当な未リンク(名簿に候補なし)
1	パク・ソンファン	正当な未リンク(名簿に候補なし)
1	ドミトリー・ベズース	正当な未リンク(名簿に候補なし)
1	ミンダウガス・サカラウカス	正当な未リンク(名簿に候補なし)
1	ポール“チューケーゼハンマー”オープティウ	正当な未リンク(名簿に候補なし)
1	光井泰地	正当な未リンク(名簿に候補なし)
1	Yu牙	正当な未リンク(名簿に候補なし)
1	ファーマイ・シットダブラン	正当な未リンク(名簿に候補なし)
1	スウィレック・ラジャサクレック	正当な未リンク(名簿に候補なし)
1	ウィル・リバ	正当な未リンク(名簿に候補なし)
1	イゴール・ククリージャク	正当な未リンク(名簿に候補なし)
1	ダニエル・ワチャコウスキー	正当な未リンク(名簿に候補なし)
1	堀 凌生	正当な未リンク(名簿に候補なし)
1	ゆうき	正当な未リンク(名簿に候補なし)
1	村上祐馬	正当な未リンク(名簿に候補なし)
1	ウォーム ONE LINK	正当な未リンク(名簿に候補なし)
1	グウェンドリン・ルジェフスキー	正当な未リンク(名簿に候補なし)
1	佐藤“魔王”応紀	正当な未リンク(名簿に候補なし)
1	大田玲翔	正当な未リンク(名簿に候補なし)
1	睦 雅	正当な未リンク(名簿に候補なし)
1	ロックナム・コーコムクラム	正当な未リンク(名簿に候補なし)
1	美優美	正当な未リンク(名簿に候補なし)
1	中川梨香	正当な未リンク(名簿に候補なし)
1	テオドラス・オークストリス	正当な未リンク(名簿に候補なし)
1	エメリヤーエンコ・ヒョードル	正当な未リンク(名簿に候補なし)
1	ジョン・アヨン	正当な未リンク(名簿に候補なし)
1	サォンムンペット・ポームンペット	正当な未リンク(名簿に候補なし)
1	セーンガン・ポームンペット	正当な未リンク(名簿に候補なし)
1	H∧L	正当な未リンク(名簿に候補なし)
1	YUKIUNAGI	正当な未リンク(名簿に候補なし)
1	祐輝〔よしき〕	正当な未リンク(名簿に候補なし)
1	帝士	正当な未リンク(名簿に候補なし)
1	大羽理斗	正当な未リンク(名簿に候補なし)
1	山下Spankey博史	正当な未リンク(名簿に候補なし)
1	桃翔	正当な未リンク(名簿に候補なし)
1	森 拓馬	正当な未リンク(名簿に候補なし)
1	島津悦子	正当な未リンク(名簿に候補なし)
1	拓真	正当な未リンク(名簿に候補なし)
1	林 優作	正当な未リンク(名簿に候補なし)
1	チュー・ジンギュ	正当な未リンク(名簿に候補なし)
1	パク・フィジュン	正当な未リンク(名簿に候補なし)
1	マキシム・チェルネンコ	正当な未リンク(名簿に候補なし)
1	イオヌツ“ピットブル”アットディレッセイ	正当な未リンク(名簿に候補なし)
1	フローレン“アンフォーギブン・ウルフ”ループ	正当な未リンク(名簿に候補なし)
1	レ・ペンホン	正当な未リンク(名簿に候補なし)
1	ナタン・ボルシオ	正当な未リンク(名簿に候補なし)
1	ファン・ジンスー	正当な未リンク(名簿に候補なし)
1	チョ・ソンヒョン	正当な未リンク(名簿に候補なし)
1	ソル・ドンポン	正当な未リンク(名簿に候補なし)
1	竹林 秀謙	正当な未リンク(名簿に候補なし)
1	リン・ジャーシン	正当な未リンク(名簿に候補なし)
1	オ・ソンチョル	正当な未リンク(名簿に候補なし)
1	リ・スンジュン	正当な未リンク(名簿に候補なし)
1	シリチャイ・サックパンヤー	正当な未リンク(名簿に候補なし)
1	マット・カシュモアー	正当な未リンク(名簿に候補なし)
1	チャイナリット・ソーモンコンデット	正当な未リンク(名簿に候補なし)
1	飛猿	正当な未リンク(名簿に候補なし)
1	隈原 和明	正当な未リンク(名簿に候補なし)
1	佑哉	正当な未リンク(名簿に候補なし)
1	原田 博允	正当な未リンク(名簿に候補なし)
1	清川 祐弥	正当な未リンク(名簿に候補なし)
1	新美豪毅	正当な未リンク(名簿に候補なし)
1	Rising蓮太	正当な未リンク(名簿に候補なし)
1	チャン・ハイヤン	正当な未リンク(名簿に候補なし)
1	小山丈一郎	正当な未リンク(名簿に候補なし)
1	マンサワー・ヤクビ	正当な未リンク(名簿に候補なし)
1	キム・ソンジェ	正当な未リンク(名簿に候補なし)
1	ムー・ユエロン	正当な未リンク(名簿に候補なし)
1	セルジオ・ヴィールセン	正当な未リンク(名簿に候補なし)
1	ハムザ・エッサリ	正当な未リンク(名簿に候補なし)
1	"長堂""RIOT""雄司"	正当な未リンク(名簿に候補なし)
1	ポンシン・ギャッチャンシン	正当な未リンク(名簿に候補なし)
1	Parazinho	正当な未リンク(名簿に候補なし)
1	布施将人	正当な未リンク(名簿に候補なし)
1	中村誠	正当な未リンク(名簿に候補なし)
1	本間大介	正当な未リンク(名簿に候補なし)
1	ペク・ソンボム	正当な未リンク(名簿に候補なし)
1	メイマン・マメドフ	正当な未リンク(名簿に候補なし)
1	シッティチャイ・ソー・デチャパン	正当な未リンク(名簿に候補なし)
1	パク·ヒョンウ	正当な未リンク(名簿に候補なし)
1	タンワレック・ルックサウン	正当な未リンク(名簿に候補なし)
1	翔汰	正当な未リンク(名簿に候補なし)
1	仲田 光大	正当な未リンク(名簿に候補なし)
1	笹羅皇聖	正当な未リンク(名簿に候補なし)
1	ウュグン	正当な未リンク(名簿に候補なし)
1	"クイントン・""ランペイジ""・ジャクソン"	正当な未リンク(名簿に候補なし)
1	ニック・マレー	正当な未リンク(名簿に候補なし)
1	佐藤 祐平	正当な未リンク(名簿に候補なし)
1	ナロンチャイ・ハーパロン	正当な未リンク(名簿に候補なし)
1	番長翔	正当な未リンク(名簿に候補なし)
1	ペットセリタイ・ルーククロンタン	正当な未リンク(名簿に候補なし)
1	タネ♥ヨシキ	正当な未リンク(名簿に候補なし)
1	栗原勇樹	正当な未リンク(名簿に候補なし)
1	吏亜夢［りあむ］	正当な未リンク(名簿に候補なし)
1	丹内 寛之	正当な未リンク(名簿に候補なし)
1	安部 路人	正当な未リンク(名簿に候補なし)
1	野村 一男	正当な未リンク(名簿に候補なし)
1	ヌンポントーン・バンコクストア	正当な未リンク(名簿に候補なし)
1	モハメド・オワリ	正当な未リンク(名簿に候補なし)
1	岡崎章太	正当な未リンク(名簿に候補なし)
1	押方匡介	正当な未リンク(名簿に候補なし)
1	竜誠	正当な未リンク(名簿に候補なし)
1	早草日記	正当な未リンク(名簿に候補なし)
1	ミゲール・トリンダーテ	正当な未リンク(名簿に候補なし)
1	Yassine Mahssoun	正当な未リンク(名簿に候補なし)
1	Deniz Demirkapu	正当な未リンク(名簿に候補なし)
1	Imran Ben Slama	正当な未リンク(名簿に候補なし)
1	Evan Gambuto	正当な未リンク(名簿に候補なし)
1	Ayoub Bourass	正当な未リンク(名簿に候補なし)
1	Ahmad Chikh Mousa	正当な未リンク(名簿に候補なし)
1	Denis Hdinek	正当な未リンク(名簿に候補なし)
1	林 修斗	正当な未リンク(名簿に候補なし)
1	デニス・グレゴリエフ	正当な未リンク(名簿に候補なし)
1	ローマン・クラチック	正当な未リンク(名簿に候補なし)
1	ビロル・タプツ	正当な未リンク(名簿に候補なし)
1	ジャン・レネ・ヴァン	正当な未リンク(名簿に候補なし)
1	ダニエル・ゴメス	正当な未リンク(名簿に候補なし)
1	アルKONG	正当な未リンク(名簿に候補なし)
1	大佑-D-Y's glow	正当な未リンク(名簿に候補なし)
1	田馬場 貴裕	正当な未リンク(名簿に候補なし)
1	達磨石川	正当な未リンク(名簿に候補なし)
1	酒井リョウ	正当な未リンク(名簿に候補なし)
1	アーミン・プンパンムアン	正当な未リンク(名簿に候補なし)
1	柿沢 裕次郎	正当な未リンク(名簿に候補なし)
1	小山 翔太	正当な未リンク(名簿に候補なし)
1	植村 慎也	正当な未リンク(名簿に候補なし)
1	忍	正当な未リンク(名簿に候補なし)
1	西田 操一	正当な未リンク(名簿に候補なし)
1	クォン・ヒョヌ	正当な未リンク(名簿に候補なし)
1	ファリヤ・アミニプール	正当な未リンク(名簿に候補なし)
1	モンダム.ウィラサクレック	正当な未リンク(名簿に候補なし)
1	ジュニア・ゴンザルベス	正当な未リンク(名簿に候補なし)
1	ポール	正当な未リンク(名簿に候補なし)
1	アランチャイ・ギャットパッタラパン	正当な未リンク(名簿に候補なし)
1	ゴーンサック	正当な未リンク(名簿に候補なし)
1	サゲッダーオ・ペットパヤタイ	正当な未リンク(名簿に候補なし)
1	ファイパー・シップンミー	正当な未リンク(名簿に候補なし)
1	ガンスワン	正当な未リンク(名簿に候補なし)
1	ポール・カーポウィッツ	正当な未リンク(名簿に候補なし)
1	セルジオ・ヴィールセン Sergio Wielzen	正当な未リンク(名簿に候補なし)
1	大江和也	正当な未リンク(名簿に候補なし)
1	石川 龍之介	正当な未リンク(名簿に候補なし)
1	倉本 皐聖	正当な未リンク(名簿に候補なし)
1	ジョムラウィー・Kcrony	正当な未リンク(名簿に候補なし)
1	渡邊涼介	正当な未リンク(名簿に候補なし)
1	ヨードワンチャイ・ウォーワンチャイ	正当な未リンク(名簿に候補なし)
1	テープジュン・サイチャーン	正当な未リンク(名簿に候補なし)
1	カイムックカーオ・ワチャラチャイ	正当な未リンク(名簿に候補なし)
1	ファーサンハン・ポーラースア	正当な未リンク(名簿に候補なし)
1	キム・ジェスク	正当な未リンク(名簿に候補なし)
1	シリモンコン・PKステレオ	正当な未リンク(名簿に候補なし)
1	キム・ジンヒョック	正当な未リンク(名簿に候補なし)
1	金 景完	正当な未リンク(名簿に候補なし)
1	センモラコット・チュワタナ	正当な未リンク(名簿に候補なし)
1	サムラーンデット・モー ラーチャパットジョームブン	正当な未リンク(名簿に候補なし)
1	デットパノム・チューワッタナ	正当な未リンク(名簿に候補なし)
1	デンダナイ・PKステレオ	正当な未リンク(名簿に候補なし)
1	トーン・ルークマカームワーン	正当な未リンク(名簿に候補なし)
1	チュン・ジェ・ヒュイ	正当な未リンク(名簿に候補なし)
1	セーンチャイ・ジラグリアングライ	正当な未リンク(名簿に候補なし)
1	奥山 光治	正当な未リンク(名簿に候補なし)
1	大川 眞人	正当な未リンク(名簿に候補なし)
1	ヨーユット	正当な未リンク(名簿に候補なし)
1	奥山 光次	正当な未リンク(名簿に候補なし)
1	奥山 広治	正当な未リンク(名簿に候補なし)
1	前沢カピラ義徳	正当な未リンク(名簿に候補なし)
1	吉岡 篤史	正当な未リンク(名簿に候補なし)
1	奥山 晃次	正当な未リンク(名簿に候補なし)
1	植松 辰弥	正当な未リンク(名簿に候補なし)
1	萬田 隼人	正当な未リンク(名簿に候補なし)
1	佑機	正当な未リンク(名簿に候補なし)
1	五十嵐 悟	正当な未リンク(名簿に候補なし)
1	ダイスケ・ルークハマッコ	正当な未リンク(名簿に候補なし)
1	兼田祐任	正当な未リンク(名簿に候補なし)
1	bo kyeong	正当な未リンク(名簿に候補なし)
1	ji eun	正当な未リンク(名簿に候補なし)
1	コンクライ・シップブンミー	正当な未リンク(名簿に候補なし)
1	シティサク・シッブンミィ（タイ）	正当な未リンク(名簿に候補なし)
1	加藤竜二	正当な未リンク(名簿に候補なし)
1	剛	正当な未リンク(名簿に候補なし)
1	小林瑞季	正当な未リンク(名簿に候補なし)
1	大虎	正当な未リンク(名簿に候補なし)
1	井上敬之	正当な未リンク(名簿に候補なし)
1	Chalarm Parunchai	正当な未リンク(名簿に候補なし)
1	Wukong Sitjaroenwit	正当な未リンク(名簿に候補なし)
1	Comeback TK Yuttana	正当な未リンク(名簿に候補なし)
1	紀之定ののか	正当な未リンク(名簿に候補なし)
1	Muupar	正当な未リンク(名簿に候補なし)
1	B×B TaiJi	正当な未リンク(名簿に候補なし)
1	小玉義基	正当な未リンク(名簿に候補なし)
1	明賢滿	正当な未リンク(名簿に候補なし)
1	金成訓	正当な未リンク(名簿に候補なし)
1	尹池永	正当な未リンク(名簿に候補なし)
1	金信謙	正当な未リンク(名簿に候補なし)
1	リカルド・バン・デ・ボス	正当な未リンク(名簿に候補なし)
1	富士大輔	正当な未リンク(名簿に候補なし)
1	柳良夾（ユ・ヤンレ）	正当な未リンク(名簿に候補なし)
1	酒井公高	正当な未リンク(名簿に候補なし)
1	樫山賢一	正当な未リンク(名簿に候補なし)
1	アーニー・ソルドウェデル	正当な未リンク(名簿に候補なし)
1	岩切 菜々美	正当な未リンク(名簿に候補なし)
1	石岡 真理絵	正当な未リンク(名簿に候補なし)
1	キアオ	正当な未リンク(名簿に候補なし)
1	Samsayam Siriliakmuaythai	正当な未リンク(名簿に候補なし)
1	Attachai Sitkunthap	正当な未リンク(名簿に候補なし)
1	Suarek Lianplaza	正当な未リンク(名簿に候補なし)
1	Changpueknoi Warriormuaythaipattaya	正当な未リンク(名簿に候補なし)
1	グックコーン・13リアンリゾート	正当な未リンク(名簿に候補なし)
1	Jamtalay	正当な未リンク(名簿に候補なし)
1	コンチャイデーン・トープラン49	正当な未リンク(名簿に候補なし)
1	田内文太	正当な未リンク(名簿に候補なし)
1	Towakiew Kiatkampon	正当な未リンク(名簿に候補なし)
1	Chadpayak Toyturakijbanteng	正当な未リンク(名簿に候補なし)
1	大揮	正当な未リンク(名簿に候補なし)
1	Phetsmuslim Kitchikes	正当な未リンク(名簿に候補なし)
1	黒原準兵	正当な未リンク(名簿に候補なし)
1	BUKI BRAVELY	正当な未リンク(名簿に候補なし)
1	大原 和也	正当な未リンク(名簿に候補なし)
1	安藤 綾人	正当な未リンク(名簿に候補なし)
1	西村 武志	正当な未リンク(名簿に候補なし)
1	林 拓未	正当な未リンク(名簿に候補なし)
1	ジョエル・クノーク	正当な未リンク(名簿に候補なし)
1	永田克彦	正当な未リンク(名簿に候補なし)
1	ヒョン・イジュン	正当な未リンク(名簿に候補なし)
1	ジャック・ラーチャーノン	正当な未リンク(名簿に候補なし)
1	コムキョウ・シット ポージョーウォー	正当な未リンク(名簿に候補なし)
1	ジャック・ジャックムエタイ	正当な未リンク(名簿に候補なし)
1	スーパーボール・ティーデ99	正当な未リンク(名簿に候補なし)
1	ネイサン・ドライデン	正当な未リンク(名簿に候補なし)
1	ランボー・モー・ラッタナバンディット	正当な未リンク(名簿に候補なし)
1	ラムナムムーンレック・ティーデット99	正当な未リンク(名簿に候補なし)
1	パランラック	正当な未リンク(名簿に候補なし)
1	ハルク 大城	正当な未リンク(名簿に候補なし)
1	浜本 “キャット” 雄大	正当な未リンク(名簿に候補なし)
1	賢一 Tenclober	正当な未リンク(名簿に候補なし)
1	小崎 貴誠	正当な未リンク(名簿に候補なし)
1	坂村 充志	正当な未リンク(名簿に候補なし)
1	川原 波輝	正当な未リンク(名簿に候補なし)
1	甘中 雄大	正当な未リンク(名簿に候補なし)
1	桃原 英暉	正当な未リンク(名簿に候補なし)
1	YUGO	正当な未リンク(名簿に候補なし)
1	TBA	正当な未リンク(名簿に候補なし)
1	リカルド・ドゥエナス	正当な未リンク(名簿に候補なし)
1	アイヴァン・サラベリー	正当な未リンク(名簿に候補なし)
1	安田忠夫	正当な未リンク(名簿に候補なし)
1	本間聡	正当な未リンク(名簿に候補なし)
1	デニス・カーン	正当な未リンク(名簿に候補なし)
1	マーベリック	正当な未リンク(名簿に候補なし)
1	安虎	正当な未リンク(名簿に候補なし)
1	マーティン・シモンズ	正当な未リンク(名簿に候補なし)
1	トファン・ピラーニ	正当な未リンク(名簿に候補なし)
1	ピア・ゲネット	正当な未リンク(名簿に候補なし)
1	ウィスロー・クワフネスキー	正当な未リンク(名簿に候補なし)
1	トマス・コハウト	正当な未リンク(名簿に候補なし)
1	ムサブ・グルサリ	正当な未リンク(名簿に候補なし)
1	里見賢寛	正当な未リンク(名簿に候補なし)
1	直紀	正当な未リンク(名簿に候補なし)
1	熊井亮介	正当な未リンク(名簿に候補なし)
1	小松 幸粋	正当な未リンク(名簿に候補なし)
1	ごりちゅう	正当な未リンク(名簿に候補なし)
1	淺居 悠太	正当な未リンク(名簿に候補なし)
1	ソ・ジミョン	正当な未リンク(名簿に候補なし)
1	PRIAO WAN	正当な未リンク(名簿に候補なし)
1	山里真桜	正当な未リンク(名簿に候補なし)
1	川崎海月	正当な未リンク(名簿に候補なし)
1	鬼久保海斗流	正当な未リンク(名簿に候補なし)
1	天海ツナミ	正当な未リンク(名簿に候補なし)
1	Boonsita Charoensuk	正当な未リンク(名簿に候補なし)
1	Chawala Wangarsa	正当な未リンク(名簿に候補なし)
1	Nomphon Kangkeeree	正当な未リンク(名簿に候補なし)
1	Joana Pastrana	正当な未リンク(名簿に候補なし)
1	ツトム	正当な未リンク(名簿に候補なし)
1	田中克昌	正当な未リンク(名簿に候補なし)
1	ロッキー壮大	正当な未リンク(名簿に候補なし)
1	前田将貴	正当な未リンク(名簿に候補なし)
1	継之助	正当な未リンク(名簿に候補なし)
1	岸本秀輝	正当な未リンク(名簿に候補なし)
1	JUNDA雷音ESG	正当な未リンク(名簿に候補なし)
1	CAZ JANJIIRA	正当な未リンク(名簿に候補なし)
1	竹本雄一	正当な未リンク(名簿に候補なし)
1	白木伸美	正当な未リンク(名簿に候補なし)
1	高橋昭仁	正当な未リンク(名簿に候補なし)
1	石垣耕平	正当な未リンク(名簿に候補なし)
1	東和希	正当な未リンク(名簿に候補なし)
1	岸菜貴史	正当な未リンク(名簿に候補なし)
1	鷲尾亮次	正当な未リンク(名簿に候補なし)
1	逢見亮太	正当な未リンク(名簿に候補なし)
1	竹原直哉	正当な未リンク(名簿に候補なし)
1	ライヤマン	正当な未リンク(名簿に候補なし)
1	Rai	正当な未リンク(名簿に候補なし)
1	松下智也	正当な未リンク(名簿に候補なし)
1	足立慶輔	正当な未リンク(名簿に候補なし)
1	イ・ウジン	正当な未リンク(名簿に候補なし)
1	ナム・ジェヨン	正当な未リンク(名簿に候補なし)
1	山中楽斗	正当な未リンク(名簿に候補なし)
1	陽太郎	正当な未リンク(名簿に候補なし)
1	喜入　衆（ルンピニージャパンウェルター級王者  初代MuayThaiOpenウェルター級王者  元J-NETWORKスーパーライト級王者）	正当な未リンク(名簿に候補なし)
1	ペッダム・ペットプームムエタイ（タイ/元アーウナンスタジアム・スーパーフェザー級王者）	正当な未リンク(名簿に候補なし)
1	中川達彦	正当な未リンク(名簿に候補なし)
1	RYU謙	正当な未リンク(名簿に候補なし)
1	ペッダム・トー.パラーン32（タイ）	正当な未リンク(名簿に候補なし)
1	イッキュウサン・ペットプームムエタイ（タイ）	正当な未リンク(名簿に候補なし)
1	ペッパノム・ペップームムエタイ（タイ/プーケット県パトンスタジアム・ウェルター級王者）	正当な未リンク(名簿に候補なし)
1	ジャントーン	正当な未リンク(名簿に候補なし)
1	ナ・スンイル（韓国/KBCウェルター級王者）	正当な未リンク(名簿に候補なし)
1	ファン・セチョル（韓国）	正当な未リンク(名簿に候補なし)
1	ペットーン・キャリーボーイ（タイ）	正当な未リンク(名簿に候補なし)
1	サンムック	正当な未リンク(名簿に候補なし)
1	イ・ジフン（韓国）	正当な未リンク(名簿に候補なし)
1	ゲンナロン	正当な未リンク(名簿に候補なし)
1	ショーケン	正当な未リンク(名簿に候補なし)
1	カジョンサック・シットサイトーン（タイ）	正当な未リンク(名簿に候補なし)
1	河雲標（ハ・ウンピョ/韓国）	正当な未リンク(名簿に候補なし)
1	ラーチャシー・ソー.ウボンラット	正当な未リンク(名簿に候補なし)
1	ベッカーセーム・ユタギ	正当な未リンク(名簿に候補なし)
1	ナーセル・アハマディアン	正当な未リンク(名簿に候補なし)
1	山﨑銀次郎	正当な未リンク(名簿に候補なし)
1	佐藤勇太	正当な未リンク(名簿に候補なし)
1	荒川尚士	正当な未リンク(名簿に候補なし)
1	長曽我部雅昭	正当な未リンク(名簿に候補なし)
1	ナ・スンイル	正当な未リンク(名簿に候補なし)
1	綱島晴人	正当な未リンク(名簿に候補なし)
1	濱中和希	正当な未リンク(名簿に候補なし)
1	ティーラポン・ブーンラナムエタイ	正当な未リンク(名簿に候補なし)
1	ジャルンスック・ブーンラナムエタイ	正当な未リンク(名簿に候補なし)
1	ジョムホート・シットルアンピーナムフォン	正当な未リンク(名簿に候補なし)
1	ウェウワー・ウォークリンパトゥム	正当な未リンク(名簿に候補なし)
1	ワンチャイノーイ・シットサラワットスア	正当な未リンク(名簿に候補なし)
1	クンスックレック・ブームデックシアン	正当な未リンク(名簿に候補なし)
1	Oleylek Sor Khanchai	正当な未リンク(名簿に候補なし)
1	Peayim Sor Boonmeerit	正当な未リンク(名簿に候補なし)
1	ソンチャイノーイ・ゲッソンリット	正当な未リンク(名簿に候補なし)
1	ソンチャイ・ノーイ	正当な未リンク(名簿に候補なし)
1	Taisei	正当な未リンク(名簿に候補なし)
1	柿崎 瑠	正当な未リンク(名簿に候補なし)
1	中野泰誠	正当な未リンク(名簿に候補なし)
1	義光	正当な未リンク(名簿に候補なし)
1	傳法里帆	正当な未リンク(名簿に候補なし)
1	加藤真也	正当な未リンク(名簿に候補なし)
1	田中洸幸	正当な未リンク(名簿に候補なし)
1	松永尚恭	正当な未リンク(名簿に候補なし)
1	熊谷剛	正当な未リンク(名簿に候補なし)
1	鷹緋杜	正当な未リンク(名簿に候補なし)
1	ミハイタ・グレスク	正当な未リンク(名簿に候補なし)
1	レアモン・ウェルボレン	正当な未リンク(名簿に候補なし)
1	ソウレイマン	正当な未リンク(名簿に候補なし)
1	ロドリゴナカヤ	正当な未リンク(名簿に候補なし)
1	山野 瑠久	正当な未リンク(名簿に候補なし)
1	金田 翔	正当な未リンク(名簿に候補なし)
1	浅居 悠太	正当な未リンク(名簿に候補なし)
1	成川 駿	正当な未リンク(名簿に候補なし)
1	グト・イノセンテ	正当な未リンク(名簿に候補なし)
1	匠 朗	正当な未リンク(名簿に候補なし)
1	ジェイソン・信長	正当な未リンク(名簿に候補なし)
1	ランボー	正当な未リンク(名簿に候補なし)
1	真樹 親太郎	正当な未リンク(名簿に候補なし)
1	TADAS JONKS	正当な未リンク(名簿に候補なし)
1	李 庄庄	正当な未リンク(名簿に候補なし)
1	クリスチャン・ドレル	正当な未リンク(名簿に候補なし)
1	張 德政	正当な未リンク(名簿に候補なし)
1	Ryouta	正当な未リンク(名簿に候補なし)
1	イブラヒム・チアホウ	正当な未リンク(名簿に候補なし)
1	影センチャイジム	正当な未リンク(名簿に候補なし)
1	Arthur雅仁	正当な未リンク(名簿に候補なし)
1	名川弓立	正当な未リンク(名簿に候補なし)
1	長田竜介	正当な未リンク(名簿に候補なし)
1	世良田大吾	正当な未リンク(名簿に候補なし)
1	七夜 志貴	正当な未リンク(名簿に候補なし)
1	齊藤 蓮	正当な未リンク(名簿に候補なし)
1	杉山 海瑠	正当な未リンク(名簿に候補なし)
1	オート・ノーナクシン	正当な未リンク(名簿に候補なし)
1	鎌田 政興	正当な未リンク(名簿に候補なし)
1	矢吹 翔太	正当な未リンク(名簿に候補なし)
1	都築海杜	正当な未リンク(名簿に候補なし)
1	鎌田政興	正当な未リンク(名簿に候補なし)
1	ソエブ・ベンテビシュ	正当な未リンク(名簿に候補なし)
1	アンゲロス・ヤクミス	正当な未リンク(名簿に候補なし)
1	ブルズアイ竜太	正当な未リンク(名簿に候補なし)
1	伊藤盛一郎	正当な未リンク(名簿に候補なし)
1	山本アーセン	正当な未リンク(名簿に候補なし)
1	所英男	正当な未リンク(名簿に候補なし)
1	山内慎人	正当な未リンク(名簿に候補なし)
1	ヴァルドリン・ヴァトニカイ	正当な未リンク(名簿に候補なし)
1	小林幸太	正当な未リンク(名簿に候補なし)
1	タイロン・ヴァン・ウィック	正当な未リンク(名簿に候補なし)
1	フォンロワン・シップンミー	正当な未リンク(名簿に候補なし)
1	バンセン・サシプラパー	正当な未リンク(名簿に候補なし)
1	マシュー・トゥー	正当な未リンク(名簿に候補なし)
1	レッグ	正当な未リンク(名簿に候補なし)
1	ヨックタイ・シスオー	正当な未リンク(名簿に候補なし)
1	北野元気	正当な未リンク(名簿に候補なし)
1	小林優	正当な未リンク(名簿に候補なし)
1	近藤康仁	正当な未リンク(名簿に候補なし)
1	丹孔志狼	正当な未リンク(名簿に候補なし)
1	イオリ・ウォーワンチャイ	正当な未リンク(名簿に候補なし)
1	ジュライ・ウォーワンチャイ	正当な未リンク(名簿に候補なし)
1	カズキシッソー	正当な未リンク(名簿に候補なし)
1	黒田琉樹	正当な未リンク(名簿に候補なし)
1	メルチョー・メノー	正当な未リンク(名簿に候補なし)
1	チャモペット・チョーチャモアン	正当な未リンク(名簿に候補なし)
1	グライガンワーン	正当な未リンク(名簿に候補なし)
1	若宮一樹	正当な未リンク(名簿に候補なし)
1	ギルバート・バレンティーニ	正当な未リンク(名簿に候補なし)
1	北岡孝人	正当な未リンク(名簿に候補なし)
1	チャナサック・ニューイッサラー	正当な未リンク(名簿に候補なし)
1	ベン・ガルーシア	正当な未リンク(名簿に候補なし)
1	チャーリー・ジェレミー	正当な未リンク(名簿に候補なし)
1	ガウナー・ソーケッタリンチャン	正当な未リンク(名簿に候補なし)
1	カング・トレン	正当な未リンク(名簿に候補なし)
1	マルセル・ドマーニク	正当な未リンク(名簿に候補なし)
1	デビット・カミングス	正当な未リンク(名簿に候補なし)
1	ボラン・ベラーニ	正当な未リンク(名簿に候補なし)
1	鈴木良周	正当な未リンク(名簿に候補なし)
1	シェーン・スタフォード	正当な未リンク(名簿に候補なし)
1	岡本雅弘	正当な未リンク(名簿に候補なし)
1	志波伸悟	正当な未リンク(名簿に候補なし)
1	西林誠一郎	正当な未リンク(名簿に候補なし)
1	田中秀機	正当な未リンク(名簿に候補なし)
1	雨宮栄治	正当な未リンク(名簿に候補なし)
1	松浦和希	正当な未リンク(名簿に候補なし)
1	エク・プラパ・オ・ルク・ウー	正当な未リンク(名簿に候補なし)
1	海	正当な未リンク(名簿に候補なし)
1	戸上 祐一	正当な未リンク(名簿に候補なし)
1	勇羽勢	正当な未リンク(名簿に候補なし)
1	RINRIN	正当な未リンク(名簿に候補なし)
1	ルヴィータ・グティエレス	正当な未リンク(名簿に候補なし)
1	Débora Évora	正当な未リンク(名簿に候補なし)
1	Elena Goggin	正当な未リンク(名簿に候補なし)
1	Μίνα Κυρλάκη	正当な未リンク(名簿に候補なし)
1	清水龍翔	正当な未リンク(名簿に候補なし)
1	森 洸稀	正当な未リンク(名簿に候補なし)
1	騎士	正当な未リンク(名簿に候補なし)
1	竹見 浩志郎	正当な未リンク(名簿に候補なし)
1	ナンスミャッティン	正当な未リンク(名簿に候補なし)
1	ウォルデマー・ドンケ	正当な未リンク(名簿に候補なし)
1	陸虎	正当な未リンク(名簿に候補なし)
1	シェハス・ヘンリー	正当な未リンク(名簿に候補なし)
1	ジョン・ラブ	正当な未リンク(名簿に候補なし)
1	イゴール・ミハリエビッチ	正当な未リンク(名簿に候補なし)
1	⚪️佐々木勝海	正当な未リンク(名簿に候補なし)
1	楠本竜太郎	正当な未リンク(名簿に候補なし)
1	カイト・ウォーワンチャイ（福田海斗）	正当な未リンク(名簿に候補なし)
1	半田勝也	正当な未リンク(名簿に候補なし)
1	横山 琉希	正当な未リンク(名簿に候補なし)
1	落合 靖将	正当な未リンク(名簿に候補なし)
1	桜臥	正当な未リンク(名簿に候補なし)
1	孫田 歩我	正当な未リンク(名簿に候補なし)
1	藤巻 凱	正当な未リンク(名簿に候補なし)
1	Mathias PHOUNTOUCOS	正当な未リンク(名簿に候補なし)
1	Joshua Trowbridge	正当な未リンク(名簿に候補なし)
1	Rafael de Araujo Lima	正当な未リンク(名簿に候補なし)
1	Lorenzo Sterza	正当な未リンク(名簿に候補なし)
1	嵩史	正当な未リンク(名簿に候補なし)
1	横山みさと	正当な未リンク(名簿に候補なし)
1	吉田怜央	正当な未リンク(名簿に候補なし)
1	グリム・リーパー ヒロポン	正当な未リンク(名簿に候補なし)
1	クワン	正当な未リンク(名簿に候補なし)
1	松下 列	正当な未リンク(名簿に候補なし)
1	MOTOKI	判定不能(類似候補ありだが未確証)
1	TOSHIYA	正当な未リンク(名簿に候補なし)
1	伊藤☆四郎	正当な未リンク(名簿に候補なし)
1	鎌田 悠介	正当な未リンク(名簿に候補なし)
1	サオトー・シットシェフブンタム	正当な未リンク(名簿に候補なし)
1	トーン	正当な未リンク(名簿に候補なし)
1	グン・ハーブタイジョン	正当な未リンク(名簿に候補なし)
1	田邊雅弥	正当な未リンク(名簿に候補なし)
1	メリッサ・ノートン	正当な未リンク(名簿に候補なし)
1	藪下めぐみ	正当な未リンク(名簿に候補なし)
1	チャ・スビン	正当な未リンク(名簿に候補なし)
1	上原 寿人	正当な未リンク(名簿に候補なし)
1	菊川 抗武	正当な未リンク(名簿に候補なし)
1	Kurata Petrosyan	正当な未リンク(名簿に候補なし)
1	笹野 翔大	正当な未リンク(名簿に候補なし)
1	木下 翔太	正当な未リンク(名簿に候補なし)
1	バトア・バットバーター	正当な未リンク(名簿に候補なし)
1	橋本 凌一	正当な未リンク(名簿に候補なし)
1	阿部 淳	正当な未リンク(名簿に候補なし)
1	松木 集	正当な未リンク(名簿に候補なし)
1	森 康平	正当な未リンク(名簿に候補なし)
1	高橋 駿友	正当な未リンク(名簿に候補なし)
1	8 BRAVELY	正当な未リンク(名簿に候補なし)
1	手島和樹	正当な未リンク(名簿に候補なし)
1	ストロングアゴー・ケンサク	正当な未リンク(名簿に候補なし)
1	小材 貴	正当な未リンク(名簿に候補なし)
1	ユウキ・テイル・旬	正当な未リンク(名簿に候補なし)
1	ムン･スンヒョン	正当な未リンク(名簿に候補なし)
1	有馬伶弍	正当な未リンク(名簿に候補なし)
1	合田 努	正当な未リンク(名簿に候補なし)
1	高野優樹	正当な未リンク(名簿に候補なし)
1	星野 豊	正当な未リンク(名簿に候補なし)
1	佐野 克海	正当な未リンク(名簿に候補なし)
1	小野寺 天汰	正当な未リンク(名簿に候補なし)
1	RARDA	正当な未リンク(名簿に候補なし)
1	山口 力	正当な未リンク(名簿に候補なし)
1	Anantachai Singhodgyn	正当な未リンク(名簿に候補なし)
1	Petsupan Por.prajansee	正当な未リンク(名簿に候補なし)
1	パク・ドンファ	正当な未リンク(名簿に候補なし)
1	関本宏	正当な未リンク(名簿に候補なし)
1	北野ユウジ	正当な未リンク(名簿に候補なし)
1	北山高与始	正当な未リンク(名簿に候補なし)
1	"シャノン""f-16""フォレスター"	正当な未リンク(名簿に候補なし)
1	嶋村匡如	正当な未リンク(名簿に候補なし)
1	ジョン・デニス	正当な未リンク(名簿に候補なし)
1	高間秀明	正当な未リンク(名簿に候補なし)
1	田村潔司	正当な未リンク(名簿に候補なし)
1	澤田 曜祐	正当な未リンク(名簿に候補なし)
1	サックシット・ラジャサクレック（タイ）	正当な未リンク(名簿に候補なし)
1	タイガ	正当な未リンク(名簿に候補なし)
1	チュ・キフン（韓国）	正当な未リンク(名簿に候補なし)
1	ピンガン・ボージョンジャルン（タイ）	正当な未リンク(名簿に候補なし)
1	石原 將伍	正当な未リンク(名簿に候補なし)
1	キヨソンセン・FLYSKY	正当な未リンク(名簿に候補なし)
1	ダゥサゴン・ラジャサクレック（タイ）	正当な未リンク(名簿に候補なし)
1	ゲーンペット・ソージャッキー（タイ）	正当な未リンク(名簿に候補なし)
1	葵 拳士郎	正当な未リンク(名簿に候補なし)
1	アピデット・ゲッソンリット（タイ）	正当な未リンク(名簿に候補なし)
1	サック・モンコン・９６ピーナン（タイ）	正当な未リンク(名簿に候補なし)
1	ムンファン・ポーポンサワン（タイ）	正当な未リンク(名簿に候補なし)
1	モンコンデート・シットウウボン（タイ）	正当な未リンク(名簿に候補なし)
1	ブントゥン・ギャノラシン（タイ）	正当な未リンク(名簿に候補なし)
1	古河 たすく	正当な未リンク(名簿に候補なし)
1	ラジャサクレック・ソーワラピン（タイ）	正当な未リンク(名簿に候補なし)
1	逸可	正当な未リンク(名簿に候補なし)
1	吉川 靖	正当な未リンク(名簿に候補なし)
1	三澤竜士	正当な未リンク(名簿に候補なし)
1	下田舞汝武	正当な未リンク(名簿に候補なし)
1	古澤 徹	正当な未リンク(名簿に候補なし)
1	鈴木健太	正当な未リンク(名簿に候補なし)
1	藤田光次郎	正当な未リンク(名簿に候補なし)
1	平野 功樹	正当な未リンク(名簿に候補なし)
1	真之助	正当な未リンク(名簿に候補なし)
1	馬場 仁	正当な未リンク(名簿に候補なし)
1	涌井 忍	正当な未リンク(名簿に候補なし)
1	加藤智亮	正当な未リンク(名簿に候補なし)
1	石川章太郎	正当な未リンク(名簿に候補なし)
1	カーレッジユウキ	正当な未リンク(名簿に候補なし)
1	小崎貴誠	正当な未リンク(名簿に候補なし)
1	大刃暁士	正当な未リンク(名簿に候補なし)
1	新井海希	正当な未リンク(名簿に候補なし)
1	トーマス・ロスボル	正当な未リンク(名簿に候補なし)
1	レネ・バレンタイン	正当な未リンク(名簿に候補なし)
1	ミッケル・ガルドベーク	正当な未リンク(名簿に候補なし)
1	Erik blas	正当な未リンク(名簿に候補なし)
1	Efe	正当な未リンク(名簿に候補なし)
1	キャメル・チャブラニ	正当な未リンク(名簿に候補なし)
1	美凪	正当な未リンク(名簿に候補なし)
1	来斉	正当な未リンク(名簿に候補なし)
1	カスペル・ムジンスキ	正当な未リンク(名簿に候補なし)
1	ソリン・カリニュック	正当な未リンク(名簿に候補なし)
1	Tyjani Beztati	正当な未リンク(名簿に候補なし)
1	Guerric Billet	正当な未リンク(名簿に候補なし)
1	Bruno Gazani	正当な未リンク(名簿に候補なし)
1	Josh Jauncey	正当な未リンク(名簿に候補なし)
1	Mohammed Jaraya	正当な未リンク(名簿に候補なし)
1	テイラー・トーナー	正当な未リンク(名簿に候補なし)
1	ジェイソン・スキャリー	正当な未リンク(名簿に候補なし)
1	"""アイアン""オー・ジュソク"	正当な未リンク(名簿に候補なし)
1	ブライアン・ロアニュー	正当な未リンク(名簿に候補なし)
1	徐王炎（ジュ・ヤン）	正当な未リンク(名簿に候補なし)
1	ビッグベン	正当な未リンク(名簿に候補なし)
1	ライアン・ディアス	正当な未リンク(名簿に候補なし)
1	ポール・スミス	正当な未リンク(名簿に候補なし)
1	湘南キャリミ	正当な未リンク(名簿に候補なし)
1	シェイン・ウィガンド	正当な未リンク(名簿に候補なし)
1	ピーター・カルジェビック	正当な未リンク(名簿に候補なし)
1	ジェイク・ハッタン	正当な未リンク(名簿に候補なし)
1	ヴラディウラブ・クリクフェルド	正当な未リンク(名簿に候補なし)
1	レイランド・マホーニー	正当な未リンク(名簿に候補なし)
1	ジェレミー・アレン	正当な未リンク(名簿に候補なし)
1	ジャーメイン・ピエロウ	正当な未リンク(名簿に候補なし)
1	ダニエル・シウバ	正当な未リンク(名簿に候補なし)
1	郭宏	正当な未リンク(名簿に候補なし)
1	キム・ジョン・ゴン	正当な未リンク(名簿に候補なし)
1	細田昇吾	正当な未リンク(名簿に候補なし)
1	タカ・オサミツ	正当な未リンク(名簿に候補なし)
1	野口優心	正当な未リンク(名簿に候補なし)
1	ペットナムヌン・トースラット	正当な未リンク(名簿に候補なし)
1	チャイトーン・ウォー・ウラチャー	正当な未リンク(名簿に候補なし)
1	ファーモンコン・タエンバーンサエ［Famongkon］	正当な未リンク(名簿に候補なし)
1	コッチャサーン・FELLOW	正当な未リンク(名簿に候補なし)
1	ニシャオ・ソー・ジンジャルンカンチャン	正当な未リンク(名簿に候補なし)
1	ポール・カーポウィッツ［カポウィック］	正当な未リンク(名簿に候補なし)
1	ラウル・ロメロ	正当な未リンク(名簿に候補なし)
1	ペポ	正当な未リンク(名簿に候補なし)
1	龍一	正当な未リンク(名簿に候補なし)
1	シンダム・ゲッソンリット	正当な未リンク(名簿に候補なし)
1	"細井""ジャックダニエル""光世"	正当な未リンク(名簿に候補なし)
1	武負	正当な未リンク(名簿に候補なし)
1	宮崎高廣	正当な未リンク(名簿に候補なし)
1	大輔・H.G.	正当な未リンク(名簿に候補なし)
1	高村聡	正当な未リンク(名簿に候補なし)
1	上野正美	正当な未リンク(名簿に候補なし)
1	三浦広光	正当な未リンク(名簿に候補なし)
1	尾形祐希	正当な未リンク(名簿に候補なし)
1	マッティア・ファラオーニ	正当な未リンク(名簿に候補なし)
1	江畑秀範	正当な未リンク(名簿に候補なし)
1	kaoru	正当な未リンク(名簿に候補なし)
1	フランク・グロス	正当な未リンク(名簿に候補なし)
1	パジョンスック・ポー・プラムック	正当な未リンク(名簿に候補なし)
1	イー・ヒード	正当な未リンク(名簿に候補なし)
1	中西祐介	正当な未リンク(名簿に候補なし)
1	サッミングノム	正当な未リンク(名簿に候補なし)
1	大槻直輝	正当な未リンク(名簿に候補なし)
1	ジャスティス・スミス	正当な未リンク(名簿に候補なし)
1	RYU GYOKULI	正当な未リンク(名簿に候補なし)
1	紀之定健真	正当な未リンク(名簿に候補なし)
1	トヴァン・ノピアン	正当な未リンク(名簿に候補なし)
1	玲緒	正当な未リンク(名簿に候補なし)
1	NOEM NOU	正当な未リンク(名簿に候補なし)
1	大曽根 愛斗	正当な未リンク(名簿に候補なし)
1	大輝・FLYSKY	正当な未リンク(名簿に候補なし)
1	Anna Jaroonsak	正当な未リンク(名簿に候補なし)
1	Anissa Meksen	正当な未リンク(名簿に候補なし)
1	大槻 裕貴	正当な未リンク(名簿に候補なし)
1	Hanji	正当な未リンク(名簿に候補なし)
1	ジー・レイ	正当な未リンク(名簿に候補なし)
1	Vincenzo Aldomnes	正当な未リンク(名簿に候補なし)
1	みずほ有刺鉄線	正当な未リンク(名簿に候補なし)
1	マチアス・カールソン	正当な未リンク(名簿に候補なし)
1	ベン・ハミルトン	正当な未リンク(名簿に候補なし)
1	ミロスラフ・サフラ	正当な未リンク(名簿に候補なし)
1	マッシモ・リゾリ	正当な未リンク(名簿に候補なし)
1	ブラッド・ヘミング	正当な未リンク(名簿に候補なし)
1	カリム・ナシャー	正当な未リンク(名簿に候補なし)
1	越野伸司	正当な未リンク(名簿に候補なし)
1	李石	正当な未リンク(名簿に候補なし)
1	唯斗	正当な未リンク(名簿に候補なし)
1	管東 裕太郎	正当な未リンク(名簿に候補なし)
1	西尾 仁徳	正当な未リンク(名簿に候補なし)
1	髙橋 颯汰	正当な未リンク(名簿に候補なし)
1	ロン・スパークス	正当な未リンク(名簿に候補なし)
1	"""キング""・アーサー・ウィリアムス"	正当な未リンク(名簿に候補なし)
1	スティーブ・ウィリアムス	正当な未リンク(名簿に候補なし)
1	中邑真輔	正当な未リンク(名簿に候補なし)
1	ダリウス・グリラウスカス	正当な未リンク(名簿に候補なし)
1	鮫島 力	正当な未リンク(名簿に候補なし)
1	張加撥（ジャン・ジャポー）	正当な未リンク(名簿に候補なし)
1	山下 榮斗	正当な未リンク(名簿に候補なし)
1	SORAランバー・ルークカムイ	正当な未リンク(名簿に候補なし)
1	寛樹	正当な未リンク(名簿に候補なし)
1	サンガルティット	正当な未リンク(名簿に候補なし)
1	KOYA	正当な未リンク(名簿に候補なし)
1	大河内佑飛	正当な未リンク(名簿に候補なし)
1	ペットフアヒン・ジットムアンノン	正当な未リンク(名簿に候補なし)
1	アキフ・グルザダ	正当な未リンク(名簿に候補なし)
1	ヨーパースー・ソンニンタイ	正当な未リンク(名簿に候補なし)
1	田河琉加	正当な未リンク(名簿に候補なし)
1	小山竜矢	正当な未リンク(名簿に候補なし)
1	福田 茉耶	正当な未リンク(名簿に候補なし)
1	山口 遥花	正当な未リンク(名簿に候補なし)
1	ペットルン・ワイエスケームエタイ	正当な未リンク(名簿に候補なし)
1	レック・エイワスポーツ	正当な未リンク(名簿に候補なし)
1	武田 一也	正当な未リンク(名簿に候補なし)
1	高 修満	正当な未リンク(名簿に候補なし)
1	バカボン芦田	正当な未リンク(名簿に候補なし)
1	上野 隆太	正当な未リンク(名簿に候補なし)
1	篠原 友志	正当な未リンク(名簿に候補なし)
1	伸彦N720	正当な未リンク(名簿に候補なし)
1	三沢 晃治	正当な未リンク(名簿に候補なし)
1	斉藤 智洋	正当な未リンク(名簿に候補なし)
1	鬼久保 海斗流	正当な未リンク(名簿に候補なし)
1	須藤 智也	正当な未リンク(名簿に候補なし)
1	笠原 淳矢	正当な未リンク(名簿に候補なし)
1	中島 浩之	正当な未リンク(名簿に候補なし)
1	ケイスリィ・バンス	正当な未リンク(名簿に候補なし)
1	今野顕彰	正当な未リンク(名簿に候補なし)
1	操虎	正当な未リンク(名簿に候補なし)
1	原島モルモット祐二	正当な未リンク(名簿に候補なし)
1	優輝	正当な未リンク(名簿に候補なし)
1	Mohammed Boutasaa	正当な未リンク(名簿に候補なし)
1	Giorgio Petrosyan	正当な未リンク(名簿に候補なし)
1	キム・ハンウル	正当な未リンク(名簿に候補なし)
1	廣瀬 誠	正当な未リンク(名簿に候補なし)
1	日下部 蓮	正当な未リンク(名簿に候補なし)
1	ヴォルク・アターエフ	正当な未リンク(名簿に候補なし)
1	"ヴァーノン""タイガー""ホワイト"	正当な未リンク(名簿に候補なし)
1	高木雅巳	正当な未リンク(名簿に候補なし)
1	井川恵	正当な未リンク(名簿に候補なし)
1	"ヴィトー""ヴィッチーノ"""	正当な未リンク(名簿に候補なし)
1	モハメド・アリ（モハメド・アズーイ）	正当な未リンク(名簿に候補なし)
1	松永光弘	正当な未リンク(名簿に候補なし)
1	宮本健太郎	正当な未リンク(名簿に候補なし)
1	Zakaria Boutasaa	正当な未リンク(名簿に候補なし)
1	Sfyrlas	正当な未リンク(名簿に候補なし)
1	Alexander Kostenko	正当な未リンク(名簿に候補なし)
1	チャン・ウヒョン	正当な未リンク(名簿に候補なし)
1	穂波楓	正当な未リンク(名簿に候補なし)
1	山口瑠	正当な未リンク(名簿に候補なし)
1	柴田聖輝	正当な未リンク(名簿に候補なし)
1	山中一柊	正当な未リンク(名簿に候補なし)
1	中原由貴	正当な未リンク(名簿に候補なし)
1	山本琢也	正当な未リンク(名簿に候補なし)
1	青井 人	正当な未リンク(名簿に候補なし)
1	朴 光哲	正当な未リンク(名簿に候補なし)
1	オーロラ☆ユーキ	正当な未リンク(名簿に候補なし)
1	アミル・アリアックバリ	正当な未リンク(名簿に候補なし)
1	ミョン・ヒョンマン	正当な未リンク(名簿に候補なし)
1	ランディ・ブレイク	正当な未リンク(名簿に候補なし)
1	ローレン・ハヴィエ・ホルヘ	正当な未リンク(名簿に候補なし)
1	藤田和之	正当な未リンク(名簿に候補なし)
1	リッキー・ニケルソン	正当な未リンク(名簿に候補なし)
1	ステファン・ガムリン	正当な未リンク(名簿に候補なし)
1	ジョシー・デンプシー	正当な未リンク(名簿に候補なし)
1	安虎（アンフー）	正当な未リンク(名簿に候補なし)
1	吉岡基治	正当な未リンク(名簿に候補なし)
1	グレッグ・ボイティチェック	正当な未リンク(名簿に候補なし)
1	ダンカン・ジェームス	正当な未リンク(名簿に候補なし)
1	"キット・ライキンズ""ザ・ホワイトドラゴン"""	正当な未リンク(名簿に候補なし)
1	SHIBANAMI	正当な未リンク(名簿に候補なし)
1	大岸明子	正当な未リンク(名簿に候補なし)
1	三井泰地	正当な未リンク(名簿に候補なし)
1	TAKEISHI大地	正当な未リンク(名簿に候補なし)
1	yusei	正当な未リンク(名簿に候補なし)
1	木村Cerberus颯太	正当な未リンク(名簿に候補なし)
1	Halil Kutukcu	正当な未リンク(名簿に候補なし)
1	シブムン・シッチェブンタン	正当な未リンク(名簿に候補なし)
1	Phal Sophorn	正当な未リンク(名簿に候補なし)
1	ルオ・チェンハオ	正当な未リンク(名簿に候補なし)
1	杉生虎雅	正当な未リンク(名簿に候補なし)
1	山田潤貴	正当な未リンク(名簿に候補なし)
1	松尾希海	正当な未リンク(名簿に候補なし)
1	海地勇希	正当な未リンク(名簿に候補なし)
1	滝 永絆	正当な未リンク(名簿に候補なし)
1	横山剛	正当な未リンク(名簿に候補なし)
1	相浦聖那	正当な未リンク(名簿に候補なし)
1	ダンナー	正当な未リンク(名簿に候補なし)
1	HIRO･YAMATO	正当な未リンク(名簿に候補なし)
1	中村和裕	正当な未リンク(名簿に候補なし)
1	鈴木ミツル	正当な未リンク(名簿に候補なし)
1	竜馬	正当な未リンク(名簿に候補なし)
1	須藤雅人	正当な未リンク(名簿に候補なし)
1	兼山宏武	正当な未リンク(名簿に候補なし)
1	としや	正当な未リンク(名簿に候補なし)
1	ヘンリーセハス	正当な未リンク(名簿に候補なし)
1	浜本“キャット“雄大	正当な未リンク(名簿に候補なし)
1	関根”gaia”朝之	正当な未リンク(名簿に候補なし)
1	梅沢 武彦	正当な未リンク(名簿に候補なし)
1	池田 進人	正当な未リンク(名簿に候補なし)
1	高橋 直輝	正当な未リンク(名簿に候補なし)
1	布施木 将人	正当な未リンク(名簿に候補なし)
1	伸彌	正当な未リンク(名簿に候補なし)
1	加藤 大輔	正当な未リンク(名簿に候補なし)
1	都築 功次	正当な未リンク(名簿に候補なし)
1	兼田竜暉	正当な未リンク(名簿に候補なし)
1	渡邉大輔	正当な未リンク(名簿に候補なし)
1	西尾仁徳	正当な未リンク(名簿に候補なし)
1	岩本 宙	正当な未リンク(名簿に候補なし)
1	昂樹	正当な未リンク(名簿に候補なし)
1	鬼山桃太郎	正当な未リンク(名簿に候補なし)
1	松本一輝	正当な未リンク(名簿に候補なし)
1	片岡祐嘉	正当な未リンク(名簿に候補なし)
1	加藤 真	正当な未リンク(名簿に候補なし)
1	イザヤ・バダト	正当な未リンク(名簿に候補なし)
1	ダニラ・バシリヒン	正当な未リンク(名簿に候補なし)
1	KEN-KEN	正当な未リンク(名簿に候補なし)
1	昭彦	正当な未リンク(名簿に候補なし)
1	久保田 雄太	正当な未リンク(名簿に候補なし)
1	浜川 慎司	正当な未リンク(名簿に候補なし)
1	ポンパンレック	正当な未リンク(名簿に候補なし)
1	ジョムペット・チューワッタナ	正当な未リンク(名簿に候補なし)
1	六川 星矢	正当な未リンク(名簿に候補なし)
1	凱センチャイジム	正当な未リンク(名簿に候補なし)
1	松本 圭一太	正当な未リンク(名簿に候補なし)
1	佐藤 英二	正当な未リンク(名簿に候補なし)
1	波賀 創太	正当な未リンク(名簿に候補なし)
1	大沢 享之	正当な未リンク(名簿に候補なし)
1	石塚 喜彦	正当な未リンク(名簿に候補なし)
1	村上 晋大	正当な未リンク(名簿に候補なし)
1	Pechnumneung T.surat	正当な未リンク(名簿に候補なし)
1	Jareansuk boonlannamuaythai	正当な未リンク(名簿に候補なし)
1	佐々木仁紀	正当な未リンク(名簿に候補なし)
1	パウロ・バリッシャ	正当な未リンク(名簿に候補なし)
1	ピーター・クルック	正当な未リンク(名簿に候補なし)
1	ベン・スミューレン	正当な未リンク(名簿に候補なし)
1	ウィルフレッド・モンターニュ	正当な未リンク(名簿に候補なし)
1	ニール・ウッズ	正当な未リンク(名簿に候補なし)
1	コウ・ティハン	正当な未リンク(名簿に候補なし)
1	ペガサス木本	正当な未リンク(名簿に候補なし)
1	ルーカス・サントス	正当な未リンク(名簿に候補なし)
1	ファン・チェンカイ	正当な未リンク(名簿に候補なし)
1	RISING蓮太	正当な未リンク(名簿に候補なし)
1	黄智謙	正当な未リンク(名簿に候補なし)
1	ステファン“スマッシュ”	正当な未リンク(名簿に候補なし)
1	荒東”怪獣キラー”英貴	正当な未リンク(名簿に候補なし)
1	関根“シュレック”秀樹	正当な未リンク(名簿に候補なし)
1	チョン·ソンジク	正当な未リンク(名簿に候補なし)
1	チャン・スンユ	正当な未リンク(名簿に候補なし)
1	笹田 勝俊	正当な未リンク(名簿に候補なし)
1	オリバ	正当な未リンク(名簿に候補なし)
1	ジャミオン・モス	正当な未リンク(名簿に候補なし)
1	鈴木 槙吾	正当な未リンク(名簿に候補なし)
1	高木 覚清	正当な未リンク(名簿に候補なし)
1	西川 大和	正当な未リンク(名簿に候補なし)
1	白神 武央	正当な未リンク(名簿に候補なし)
1	タバヤー・ウリジバト	正当な未リンク(名簿に候補なし)
1	バグダッド・ジャダン	正当な未リンク(名簿に候補なし)
1	山本 勇気	正当な未リンク(名簿に候補なし)
1	藪中 謙佑	正当な未リンク(名簿に候補なし)
1	黒木 慎一郎	正当な未リンク(名簿に候補なし)
1	ほそえ としひろ	正当な未リンク(名簿に候補なし)
1	森 幸太郎	正当な未リンク(名簿に候補なし)
1	堀本 祐介	正当な未リンク(名簿に候補なし)
1	黒木 信一郎	正当な未リンク(名簿に候補なし)
1	千田 昇	正当な未リンク(名簿に候補なし)
1	藤石 義和	正当な未リンク(名簿に候補なし)
1	塩崎 達也	正当な未リンク(名簿に候補なし)
1	坂東 太郎	正当な未リンク(名簿に候補なし)
1	JANBO YO-SUKE	正当な未リンク(名簿に候補なし)
1	SHIN	正当な未リンク(名簿に候補なし)
1	川地 正倫	正当な未リンク(名簿に候補なし)
1	エマヌエル・テッティ・メニチェッリ	正当な未リンク(名簿に候補なし)
1	林敬明	正当な未リンク(名簿に候補なし)
1	大和航	正当な未リンク(名簿に候補なし)
1	森下翔平	正当な未リンク(名簿に候補なし)
1	松元聖也	正当な未リンク(名簿に候補なし)
1	コスモ・アレキサンドラ	正当な未リンク(名簿に候補なし)
1	エリアス・ダニエル	正当な未リンク(名簿に候補なし)
1	ブジョーン・クジョラーストラーム	正当な未リンク(名簿に候補なし)
1	平尾一真	正当な未リンク(名簿に候補なし)
1	原 健太	正当な未リンク(名簿に候補なし)
1	木寺航大	正当な未リンク(名簿に候補なし)
1	曲里和樹	正当な未リンク(名簿に候補なし)
1	Nong Min	正当な未リンク(名簿に候補なし)
1	Chris Chrispoulides	正当な未リンク(名簿に候補なし)
1	マイク・アンゴーブ	正当な未リンク(名簿に候補なし)
1	サンティパーブ・シットオーウボン	正当な未リンク(名簿に候補なし)
1	RIOT	正当な未リンク(名簿に候補なし)
1	タップナー・シットロムサイ	正当な未リンク(名簿に候補なし)
1	サナパー	正当な未リンク(名簿に候補なし)
1	ヨックノイ・シラッピッ	正当な未リンク(名簿に候補なし)
1	アーロン・リー	正当な未リンク(名簿に候補なし)
1	若林直人	正当な未リンク(名簿に候補なし)
1	ソントーン・シットゴーソン	正当な未リンク(名簿に候補なし)
1	戸部隆一	正当な未リンク(名簿に候補なし)
1	和知英世	正当な未リンク(名簿に候補なし)
1	金子光一	正当な未リンク(名簿に候補なし)
1	河野義和	正当な未リンク(名簿に候補なし)
1	キエラン・マカスキル	正当な未リンク(名簿に候補なし)
1	ジュ・ミホ	正当な未リンク(名簿に候補なし)
1	ノラシン・ルークバンヤイ	正当な未リンク(名簿に候補なし)
1	ルーンロム・シックローム	正当な未リンク(名簿に候補なし)
1	割澤誠	正当な未リンク(名簿に候補なし)
1	ゴーンタナン・シットペッティンディー	正当な未リンク(名簿に候補なし)
1	辻 直樹	正当な未リンク(名簿に候補なし)
1	”オルチャン”クォン・ミンソク	正当な未リンク(名簿に候補なし)
1	浦林 幹	正当な未リンク(名簿に候補なし)
1	チバケイジ。	正当な未リンク(名簿に候補なし)
1	藤井 優	正当な未リンク(名簿に候補なし)
1	上山浩一	正当な未リンク(名簿に候補なし)
1	View Petkosol	正当な未リンク(名簿に候補なし)
1	Zhang Peimian	正当な未リンク(名簿に候補なし)
1	Wang Junguang	正当な未リンク(名簿に候補なし)
1	マサキ	正当な未リンク(名簿に候補なし)
1	友菜	正当な未リンク(名簿に候補なし)
1	カルシャガ・ダウトベック	正当な未リンク(名簿に候補なし)
1	高橋遼伍	正当な未リンク(名簿に候補なし)
1	太田忍	正当な未リンク(名簿に候補なし)
1	トリスタン・ベナード	正当な未リンク(名簿に候補なし)
1	アンドレ・ブルール	正当な未リンク(名簿に候補なし)
1	イー・スンウク	正当な未リンク(名簿に候補なし)
1	ファーカムワーン	正当な未リンク(名簿に候補なし)
1	大川眞人	正当な未リンク(名簿に候補なし)
1	高野義章	正当な未リンク(名簿に候補なし)
1	勝光	正当な未リンク(名簿に候補なし)
1	飛雄馬	正当な未リンク(名簿に候補なし)
1	スリラー英男	正当な未リンク(名簿に候補なし)
1	マイク・マローン	正当な未リンク(名簿に候補なし)
1	トム・ハワード	正当な未リンク(名簿に候補なし)
1	若翔洋	正当な未リンク(名簿に候補なし)
1	春樹	正当な未リンク(名簿に候補なし)
1	ラッヒィン・ジョウクリニック	正当な未リンク(名簿に候補なし)
1	泉耕太	正当な未リンク(名簿に候補なし)
1	Taras Hnatchuk	正当な未リンク(名簿に候補なし)
1	Bilel el alaoui	正当な未リンク(名簿に候補なし)
1	アレキサンダー・ロバーツ	正当な未リンク(名簿に候補なし)
1	"ジョセフ・""アイアン・ブル""・コーマン"	正当な未リンク(名簿に候補なし)
1	岡本REY	正当な未リンク(名簿に候補なし)
1	MAYA	正当な未リンク(名簿に候補なし)
1	ウー・ユティン	正当な未リンク(名簿に候補なし)
1	カン・イェジン	正当な未リンク(名簿に候補なし)
1	Queenマオ	正当な未リンク(名簿に候補なし)
1	空手こまち	正当な未リンク(名簿に候補なし)
1	菅原麻子	正当な未リンク(名簿に候補なし)
1	森川 侑凛	正当な未リンク(名簿に候補なし)
1	蘭賀大介	正当な未リンク(名簿に候補なし)
1	SOE LINN DO	正当な未リンク(名簿に候補なし)
1	高木亮	正当な未リンク(名簿に候補なし)
1	海士	正当な未リンク(名簿に候補なし)
1	HIROKAZU	判定不能(類似候補ありだが未確証)
1	井ノ本航希	正当な未リンク(名簿に候補なし)
1	ヘンネリッキ・ソー・シリラック	正当な未リンク(名簿に候補なし)
1	リー・フシン	正当な未リンク(名簿に候補なし)
1	小柳俊和	正当な未リンク(名簿に候補なし)
1	シュクルロエフ・スンナ	正当な未リンク(名簿に候補なし)
1	ミロス・コプタク	正当な未リンク(名簿に候補なし)
1	ロブ・ロイド	正当な未リンク(名簿に候補なし)
1	フェレンク・ガツタニー	正当な未リンク(名簿に候補なし)
1	フェイサル・レディング	正当な未リンク(名簿に候補なし)
1	ウィンストン・ウォーカー	正当な未リンク(名簿に候補なし)
1	カン・ドンヒョ	正当な未リンク(名簿に候補なし)
1	ウー・ジウォン	正当な未リンク(名簿に候補なし)
1	市村 大斗	正当な未リンク(名簿に候補なし)
1	森田 章仁	正当な未リンク(名簿に候補なし)
1	小田宏樹	正当な未リンク(名簿に候補なし)
1	栗原陵	正当な未リンク(名簿に候補なし)
1	堤 徹	正当な未リンク(名簿に候補なし)
1	チャラームダム・ナヨックエータサラ	正当な未リンク(名簿に候補なし)
1	長井弘和	正当な未リンク(名簿に候補なし)
1	ロドニー・グルンダー	正当な未リンク(名簿に候補なし)
1	ファビアーノ・ダ・シルバ	正当な未リンク(名簿に候補なし)
1	エスチャダー	正当な未リンク(名簿に候補なし)
1	ダニエル・レンティ	正当な未リンク(名簿に候補なし)
1	マリウス・コルナッキー	正当な未リンク(名簿に候補なし)
1	コンスタンチン・ユリアドフ	正当な未リンク(名簿に候補なし)
1	マルコ・トマソビッチ	正当な未リンク(名簿に候補なし)
1	西野天翔	正当な未リンク(名簿に候補なし)
1	AKINORI	正当な未リンク(名簿に候補なし)
1	吉田 敢	正当な未リンク(名簿に候補なし)
1	文山 祐輔	正当な未リンク(名簿に候補なし)
1	鈴木 豊三	正当な未リンク(名簿に候補なし)
1	中井 奏	正当な未リンク(名簿に候補なし)
1	市橋 賢	正当な未リンク(名簿に候補なし)
1	石脇麻生	正当な未リンク(名簿に候補なし)
1	獠太朗	正当な未リンク(名簿に候補なし)
1	吉田優佑	正当な未リンク(名簿に候補なし)
1	梅津直輝	正当な未リンク(名簿に候補なし)
1	大槻涼太	正当な未リンク(名簿に候補なし)
1	マーク・ホーミニック	正当な未リンク(名簿に候補なし)
1	姜春鵬	正当な未リンク(名簿に候補なし)
1	ファープラターン・シンマナサック	正当な未リンク(名簿に候補なし)
1	クリスチャン・アレン	正当な未リンク(名簿に候補なし)
1	狩野治武	正当な未リンク(名簿に候補なし)
1	鈴木康之	正当な未リンク(名簿に候補なし)
1	尾松賢	正当な未リンク(名簿に候補なし)
1	大橋尚宏	正当な未リンク(名簿に候補なし)
1	松本賢治	正当な未リンク(名簿に候補なし)
1	未來	正当な未リンク(名簿に候補なし)
1	キム・ヒョンジュ	正当な未リンク(名簿に候補なし)
1	ホ・ジンギョン	正当な未リンク(名簿に候補なし)
1	井川 恵	正当な未リンク(名簿に候補なし)
1	高野マリア	正当な未リンク(名簿に候補なし)
1	日下部奈々	正当な未リンク(名簿に候補なし)
1	半田 喜蓮	正当な未リンク(名簿に候補なし)
1	野上 勇介	正当な未リンク(名簿に候補なし)
1	ニルトン・バチスタ	正当な未リンク(名簿に候補なし)
1	斉藤 裕二	正当な未リンク(名簿に候補なし)
1	海登	正当な未リンク(名簿に候補なし)
1	Dam Paranchai	正当な未リンク(名簿に候補なし)
1	Jack Rachanon	正当な未リンク(名簿に候補なし)
1	ルンキットウォーサンプラパイ	正当な未リンク(名簿に候補なし)
1	モハメド・ハムーティ	正当な未リンク(名簿に候補なし)
1	ジョーダン・ゴッドフレッドソン	正当な未リンク(名簿に候補なし)
1	ラーチャシン・ペッティンディーアカデミー	正当な未リンク(名簿に候補なし)
1	Fah Likit Lukmahathat	正当な未リンク(名簿に候補なし)
1	YODIQ	正当な未リンク(名簿に候補なし)
1	Luktum Winnermuaythai	正当な未リンク(名簿に候補なし)
1	Jack tor Morsi	正当な未リンク(名簿に候補なし)
1	クイントン・スミス	正当な未リンク(名簿に候補なし)
1	Rhys Karakyriacos	正当な未リンク(名簿に候補なし)
1	shoki	正当な未リンク(名簿に候補なし)
1	南一治	正当な未リンク(名簿に候補なし)
1	大木翔平	正当な未リンク(名簿に候補なし)
1	島田昌洋	正当な未リンク(名簿に候補なし)
1	弘中邦佳	正当な未リンク(名簿に候補なし)
1	イー・ロン	正当な未リンク(名簿に候補なし)
1	SHIRASU	正当な未リンク(名簿に候補なし)
1	ロバート・ストイカ	正当な未リンク(名簿に候補なし)
1	趙師	正当な未リンク(名簿に候補なし)
1	サモ・ぺティ	正当な未リンク(名簿に候補なし)
1	リー・イェンクン	正当な未リンク(名簿に候補なし)
1	クンタップ	正当な未リンク(名簿に候補なし)
1	マスード・ミナイ	正当な未リンク(名簿に候補なし)
1	井上 慎一郎	正当な未リンク(名簿に候補なし)
1	ムルテル・グロンハート	正当な未リンク(名簿に候補なし)
1	キム・ウジュン	正当な未リンク(名簿に候補なし)
1	ノッパデッソーン・チュワッタナ	正当な未リンク(名簿に候補なし)
1	北見 朋久	正当な未リンク(名簿に候補なし)
1	菊地 浩一	正当な未リンク(名簿に候補なし)
1	山内 哲也	正当な未リンク(名簿に候補なし)
1	井上慎一郎	正当な未リンク(名簿に候補なし)
1	デビル荒川	正当な未リンク(名簿に候補なし)
1	山辺 英人	正当な未リンク(名簿に候補なし)
1	入江 達郎	正当な未リンク(名簿に候補なし)
1	紗依茄［らいか］	正当な未リンク(名簿に候補なし)
1	ユリカ・GSB	正当な未リンク(名簿に候補なし)
1	鍵山奈穂	正当な未リンク(名簿に候補なし)
1	佐々木勝海	正当な未リンク(名簿に候補なし)
1	睦雅［むが］	正当な未リンク(名簿に候補なし)
1	JOE SEISHIKAI	正当な未リンク(名簿に候補なし)
1	優也	正当な未リンク(名簿に候補なし)
1	サモン・デッカー	正当な未リンク(名簿に候補なし)
1	アローン・ゴンザレス	正当な未リンク(名簿に候補なし)
1	大竹将人	正当な未リンク(名簿に候補なし)
1	紅闘志也	正当な未リンク(名簿に候補なし)
1	K・ウォーワンチャイ	正当な未リンク(名簿に候補なし)
1	イ・テウォン	正当な未リンク(名簿に候補なし)
1	加藤大輔	正当な未リンク(名簿に候補なし)
1	マイケル・バラノフ	正当な未リンク(名簿に候補なし)
1	ワン・カイフォン	正当な未リンク(名簿に候補なし)
1	菅原和政	正当な未リンク(名簿に候補なし)
1	ギルバート・アイブル	正当な未リンク(名簿に候補なし)
1	ジュリオ・セザール・サンタナ	正当な未リンク(名簿に候補なし)
1	フランク・オットー	正当な未リンク(名簿に候補なし)
1	マキ・パンコーン	正当な未リンク(名簿に候補なし)
1	ペットウボン・ソーポーロ―.クラビー	正当な未リンク(名簿に候補なし)
1	博通	正当な未リンク(名簿に候補なし)
1	Beybulat Isaev	正当な未リンク(名簿に候補なし)
1	小川健晴	正当な未リンク(名簿に候補なし)
1	シュー・バオトン [Zhu Baotong/祝 宝通]	正当な未リンク(名簿に候補なし)
1	倉本皐聖	正当な未リンク(名簿に候補なし)
1	上野hippo宜子	正当な未リンク(名簿に候補なし)
1	武内紗耶香	正当な未リンク(名簿に候補なし)
1	ルボス・スーダ	正当な未リンク(名簿に候補なし)
1	タダス・リンケビュチス	正当な未リンク(名簿に候補なし)
1	謙吾	正当な未リンク(名簿に候補なし)
1	サミー・アティア	正当な未リンク(名簿に候補なし)
1	樋口 雄生	正当な未リンク(名簿に候補なし)
1	大谷 恭平	正当な未リンク(名簿に候補なし)
1	パク・ユシン	正当な未リンク(名簿に候補なし)
1	田中 千草	正当な未リンク(名簿に候補なし)
1	恭 介	正当な未リンク(名簿に候補なし)
1	洸杜	正当な未リンク(名簿に候補なし)
1	小堀 厳基	正当な未リンク(名簿に候補なし)
1	テーパプット	正当な未リンク(名簿に候補なし)
1	MASATO BRAVERY	正当な未リンク(名簿に候補なし)
1	ミゲール・マルティネス	正当な未リンク(名簿に候補なし)
1	須藤智也	正当な未リンク(名簿に候補なし)
1	水野一矢	正当な未リンク(名簿に候補なし)
1	速水檸檬	正当な未リンク(名簿に候補なし)
1	金塚聖也	正当な未リンク(名簿に候補なし)
1	大	正当な未リンク(名簿に候補なし)
1	コウキ・オーチャロンチャイ	正当な未リンク(名簿に候補なし)
1	小椋 柊磨	正当な未リンク(名簿に候補なし)
1	師岡直人	正当な未リンク(名簿に候補なし)
1	富士山勝敏	正当な未リンク(名簿に候補なし)
1	KING	正当な未リンク(名簿に候補なし)
1	TETSURO	正当な未リンク(名簿に候補なし)
1	石田武司	正当な未リンク(名簿に候補なし)
1	スカイツリー岸菜	正当な未リンク(名簿に候補なし)
1	将司	正当な未リンク(名簿に候補なし)
1	ジョン·ソンジク	正当な未リンク(名簿に候補なし)
1	ジェット・ペットマニーイーグル	正当な未リンク(名簿に候補なし)
1	カルリ・ギブレイン	正当な未リンク(名簿に候補なし)
1	クワン・サックランシット	正当な未リンク(名簿に候補なし)
1	佐曽利スコーピオン謙太	正当な未リンク(名簿に候補なし)
1	Sho-ji	正当な未リンク(名簿に候補なし)
1	清水“TOKAREV”靖弘	正当な未リンク(名簿に候補なし)
1	Szeto Chun yu	正当な未リンク(名簿に候補なし)
1	涼平	正当な未リンク(名簿に候補なし)
1	カズ☆ソーンパヤック	正当な未リンク(名簿に候補なし)
1	佐伯 政哉	正当な未リンク(名簿に候補なし)
1	虎舞 拳隆	正当な未リンク(名簿に候補なし)
1	MIDORI	正当な未リンク(名簿に候補なし)
1	天野 賢二	正当な未リンク(名簿に候補なし)
1	楠本 竜太郎	正当な未リンク(名簿に候補なし)
1	加藤 丈博	正当な未リンク(名簿に候補なし)
1	レンジャー桜井	正当な未リンク(名簿に候補なし)
1	ポウン・カトリーヌ	正当な未リンク(名簿に候補なし)
1	藤澤 大樹	正当な未リンク(名簿に候補なし)
1	増田 卓仁	正当な未リンク(名簿に候補なし)
1	佐藤 信之	正当な未リンク(名簿に候補なし)
1	キム・ヨンジン	正当な未リンク(名簿に候補なし)
1	阿部大治	正当な未リンク(名簿に候補なし)
1	KONZISI BADBOY	正当な未リンク(名簿に候補なし)
1	亮介	正当な未リンク(名簿に候補なし)
1	鬼澤佑輔	正当な未リンク(名簿に候補なし)
1	Lani Alexandros	正当な未リンク(名簿に候補なし)
1	Mitchel Wielson	正当な未リンク(名簿に候補なし)
1	拳大	正当な未リンク(名簿に候補なし)
1	井口 雄斗	正当な未リンク(名簿に候補なし)
1	● 浅井義弘	正当な未リンク(名簿に候補なし)
1	村田 和生	正当な未リンク(名簿に候補なし)
1	遠山 哲也	正当な未リンク(名簿に候補なし)
1	ウルフ慶	正当な未リンク(名簿に候補なし)
1	シオン・マツダ	正当な未リンク(名簿に候補なし)
1	杉浦亘哉	正当な未リンク(名簿に候補なし)
1	セドリック・NTG	正当な未リンク(名簿に候補なし)
1	シオ・ヴィタレ	正当な未リンク(名簿に候補なし)
1	ダニエル・タイ	正当な未リンク(名簿に候補なし)
1	クァク・ユンソブ	正当な未リンク(名簿に候補なし)
1	シドニー・アジエータ	正当な未リンク(名簿に候補なし)
1	シオ・ヴァイタル	正当な未リンク(名簿に候補なし)
1	マイク・シェパード	正当な未リンク(名簿に候補なし)
1	ピーター・ハモシ	正当な未リンク(名簿に候補なし)
1	マッテオ・ミノンジオ	正当な未リンク(名簿に候補なし)
1	Daniel Torok	正当な未リンク(名簿に候補なし)
1	赤土 剛琉	正当な未リンク(名簿に候補なし)
1	新井 昴弥	正当な未リンク(名簿に候補なし)
1	大久保 俊	正当な未リンク(名簿に候補なし)
1	龍城	正当な未リンク(名簿に候補なし)
1	コムキョウ・シットポージョーウォー	正当な未リンク(名簿に候補なし)
1	錦和道	正当な未リンク(名簿に候補なし)
1	上野優翔	正当な未リンク(名簿に候補なし)
1	キム・ヨンサン	正当な未リンク(名簿に候補なし)
1	ホン・ヒョーシク	正当な未リンク(名簿に候補なし)
1	湟川 満正	正当な未リンク(名簿に候補なし)
1	凱斗 亮羽	正当な未リンク(名簿に候補なし)
1	マリオス・カラリス	正当な未リンク(名簿に候補なし)
1	南雲 裕一	正当な未リンク(名簿に候補なし)
1	ゴーンピポップ・ペッティンディー	正当な未リンク(名簿に候補なし)
1	蔵満 誠	正当な未リンク(名簿に候補なし)
1	砂田 将祈	正当な未リンク(名簿に候補なし)
1	ファイティング 前沢	正当な未リンク(名簿に候補なし)
1	カズ 工藤	正当な未リンク(名簿に候補なし)
1	天野 哲成	正当な未リンク(名簿に候補なし)
1	きんぞ〜	正当な未リンク(名簿に候補なし)
1	室崎 剛将	正当な未リンク(名簿に候補なし)
1	北野 裕治	正当な未リンク(名簿に候補なし)
1	高久 雅裕	正当な未リンク(名簿に候補なし)
1	池谷 二郎	正当な未リンク(名簿に候補なし)
1	愛加	正当な未リンク(名簿に候補なし)
1	大原頼子	正当な未リンク(名簿に候補なし)
1	日立	正当な未リンク(名簿に候補なし)
1	谷岡菜穂子	正当な未リンク(名簿に候補なし)
1	Balazs Varga	正当な未リンク(名簿に候補なし)
1	トム・ネギュー	正当な未リンク(名簿に候補なし)
1	アイハン・エチェリック	正当な未リンク(名簿に候補なし)
1	アンドレ・ムニエ	正当な未リンク(名簿に候補なし)
1	善家 智哉	正当な未リンク(名簿に候補なし)
1	貫井 義規	正当な未リンク(名簿に候補なし)
1	岡山茂生	正当な未リンク(名簿に候補なし)
1	山崎大地	正当な未リンク(名簿に候補なし)
1	左 禅丸	正当な未リンク(名簿に候補なし)
1	中井 光義	正当な未リンク(名簿に候補なし)
1	Gravedigger	正当な未リンク(名簿に候補なし)
1	宮城 政之	正当な未リンク(名簿に候補なし)
1	中野 謙	正当な未リンク(名簿に候補なし)
1	マーク・バード・ジェイムス	正当な未リンク(名簿に候補なし)
1	村田裕俊	正当な未リンク(名簿に候補なし)
1	コッチャサーン・ ワイズディー	正当な未リンク(名簿に候補なし)
1	デルファン・ドゥイ・サトリオ	正当な未リンク(名簿に候補なし)
1	小林拓斗	正当な未リンク(名簿に候補なし)
1	Jan Kaffa	正当な未リンク(名簿に候補なし)
1	Valeriy Abramenko	正当な未リンク(名簿に候補なし)
1	龍 城	正当な未リンク(名簿に候補なし)
1	村山 智耶	正当な未リンク(名簿に候補なし)
1	黄立民	正当な未リンク(名簿に候補なし)
1	大羽 理斗	正当な未リンク(名簿に候補なし)
1	横山 和宏	正当な未リンク(名簿に候補なし)
1	野上祐太	正当な未リンク(名簿に候補なし)
1	岡崎恵佑	正当な未リンク(名簿に候補なし)
1	北川”ハチマキ”和裕	正当な未リンク(名簿に候補なし)
1	稲葉裕哉	正当な未リンク(名簿に候補なし)
1	渦巻 DATE	正当な未リンク(名簿に候補なし)
1	吉國湧也	正当な未リンク(名簿に候補なし)
1	足利 和正	判定不能(類似候補ありだが未確証)
1	しょーい	正当な未リンク(名簿に候補なし)
1	チャット	正当な未リンク(名簿に候補なし)
1	渡辺航己	正当な未リンク(名簿に候補なし)
1	ペッワンチャイ・ラジャサクレック	正当な未リンク(名簿に候補なし)
1	井藤 勇斗	正当な未リンク(名簿に候補なし)
1	鳥居 剛	正当な未リンク(名簿に候補なし)
1	石本 裕一	正当な未リンク(名簿に候補なし)
1	Rarda	正当な未リンク(名簿に候補なし)
1	浜本 “キャット”雄大	正当な未リンク(名簿に候補なし)
1	アルタンドルグーン・ボルドバター	正当な未リンク(名簿に候補なし)
1	キム・ウヨプ	正当な未リンク(名簿に候補なし)
1	初光福	正当な未リンク(名簿に候補なし)
1	BENNY	正当な未リンク(名簿に候補なし)
1	加マーク納	正当な未リンク(名簿に候補なし)
1	本屋敷 尚紀	正当な未リンク(名簿に候補なし)
1	吉田 健吾	正当な未リンク(名簿に候補なし)
1	西島洋介	正当な未リンク(名簿に候補なし)
1	大山峻護	正当な未リンク(名簿に候補なし)
1	ジェームズ・ウェーリング	正当な未リンク(名簿に候補なし)
1	グラン・バーカー	正当な未リンク(名簿に候補なし)
1	ディーノ・ホームズ	正当な未リンク(名簿に候補なし)
1	Yauhen Makarau	正当な未リンク(名簿に候補なし)
1	ダニエル・ペトローニ	正当な未リンク(名簿に候補なし)
1	リカルド・ヴァンデ・ボス	正当な未リンク(名簿に候補なし)
1	ヤーヤ・ギュレイ	正当な未リンク(名簿に候補なし)
1	ステファン・ゴメス	正当な未リンク(名簿に候補なし)
1	ピーター・カレンダ	正当な未リンク(名簿に候補なし)
1	ラファール・ピーターティル	正当な未リンク(名簿に候補なし)
1	アルトゥール・コヴァルチェック	正当な未リンク(名簿に候補なし)
1	マリウス・コルナッキ	正当な未リンク(名簿に候補なし)
1	ティハマー・ブランナー	正当な未リンク(名簿に候補なし)
1	堀大助	正当な未リンク(名簿に候補なし)
1	ウドンノーイ·ゲッソンリット	正当な未リンク(名簿に候補なし)
1	マッファン ゲッソンリット	正当な未リンク(名簿に候補なし)
1	マッファン・ゲッソンリット	正当な未リンク(名簿に候補なし)
1	石井寿来	正当な未リンク(名簿に候補なし)
1	銭神駿一	正当な未リンク(名簿に候補なし)
1	大嶺竜馬	正当な未リンク(名簿に候補なし)
1	リュウノスケ・ウォー・ワンチャイ	正当な未リンク(名簿に候補なし)
1	寺西大揮	正当な未リンク(名簿に候補なし)
1	金子貴幸	正当な未リンク(名簿に候補なし)
1	FUJIMON	正当な未リンク(名簿に候補なし)
1	新井崇士	正当な未リンク(名簿に候補なし)
1	メコーレック・ソーキングスター	正当な未リンク(名簿に候補なし)
1	古河たすく	正当な未リンク(名簿に候補なし)
1	ディンプン・チューワッタナ	正当な未リンク(名簿に候補なし)
1	熊沛傑	正当な未リンク(名簿に候補なし)
1	ペッパカム・アントーン	正当な未リンク(名簿に候補なし)
1	周基勳	正当な未リンク(名簿に候補なし)
1	杜恆霖	正当な未リンク(名簿に候補なし)
1	金泰奐	正当な未リンク(名簿に候補なし)
1	周興華	正当な未リンク(名簿に候補なし)
1	ポーラ・マテエレ	正当な未リンク(名簿に候補なし)
1	ペトリ・レイマ	正当な未リンク(名簿に候補なし)
1	原 拓海	正当な未リンク(名簿に候補なし)
1	坂本 誠弥	正当な未リンク(名簿に候補なし)
1	能登達也	正当な未リンク(名簿に候補なし)
1	カミリオ・ガレゴス	正当な未リンク(名簿に候補なし)
1	大砂嵐	正当な未リンク(名簿に候補なし)
1	中尾芳広	正当な未リンク(名簿に候補なし)
1	トミー・グランビル	正当な未リンク(名簿に候補なし)
1	セス・ペトルゼリ	正当な未リンク(名簿に候補なし)
1	北薗翔大	正当な未リンク(名簿に候補なし)
1	裕センチャイジム	正当な未リンク(名簿に候補なし)
1	GREEN直哉	正当な未リンク(名簿に候補なし)
1	和田祥嗣	正当な未リンク(名簿に候補なし)
1	Pablo Patiño	正当な未リンク(名簿に候補なし)
1	森井ミキ	正当な未リンク(名簿に候補なし)
1	Curtis Kitong	正当な未リンク(名簿に候補なし)
1	ジン・フー	正当な未リンク(名簿に候補なし)
1	トンFELLOW	正当な未リンク(名簿に候補なし)
1	エディラヨ・イスマエル	正当な未リンク(名簿に候補なし)
1	泉丈成	正当な未リンク(名簿に候補なし)
1	アミン・エル・アッサリ	正当な未リンク(名簿に候補なし)
1	渡邊靖史	正当な未リンク(名簿に候補なし)
1	泉達也	正当な未リンク(名簿に候補なし)
1	ファン・スンハ	正当な未リンク(名簿に候補なし)
1	ペッダム・シテラワン	正当な未リンク(名簿に候補なし)
1	後藤 和範	正当な未リンク(名簿に候補なし)
1	アカラデット・クェイバンコーレーム	正当な未リンク(名簿に候補なし)
1	パデッスク	正当な未リンク(名簿に候補なし)
1	プラカイペット・エミネントエアー	正当な未リンク(名簿に候補なし)
1	シンサンパー・ルークブンミー	正当な未リンク(名簿に候補なし)
1	稔之晟［じんのじょう］	正当な未リンク(名簿に候補なし)
1	稔之晟	正当な未リンク(名簿に候補なし)
1	鳩［あつむ］	正当な未リンク(名簿に候補なし)
1	小嶋Nor.Naksin	正当な未リンク(名簿に候補なし)
1	イッセイ・ウォー・ワンチャイ	正当な未リンク(名簿に候補なし)
1	ジョムラーウィ・ペットノンセン	正当な未リンク(名簿に候補なし)
1	ピンポンパン	正当な未リンク(名簿に候補なし)
1	若月 勇磨	正当な未リンク(名簿に候補なし)
1	“アベンジャー” ライアン・シェーハン	正当な未リンク(名簿に候補なし)
1	金山 幸太	正当な未リンク(名簿に候補なし)
1	米村 泰史	正当な未リンク(名簿に候補なし)
1	吉田 健一郎	正当な未リンク(名簿に候補なし)
1	Denis Makouski	正当な未リンク(名簿に候補なし)
1	ウラジミール・モラフチク	正当な未リンク(名簿に候補なし)
1	アッベ・ヨーフ	正当な未リンク(名簿に候補なし)
1	"トゥファン・""ストーム""・サラフズン"	正当な未リンク(名簿に候補なし)
1	ヴァディム・クローミー	正当な未リンク(名簿に候補なし)
1	サンドリス・トムソン	正当な未リンク(名簿に候補なし)
1	マウリス・ブジンスカ	正当な未リンク(名簿に候補なし)
1	ユーリ・ブラッド	正当な未リンク(名簿に候補なし)
1	エジディウス・ブランディサウス	正当な未リンク(名簿に候補なし)
1	棚原晟那	正当な未リンク(名簿に候補なし)
1	大成	正当な未リンク(名簿に候補なし)
1	平野 伶苑	正当な未リンク(名簿に候補なし)
1	松島壱征	正当な未リンク(名簿に候補なし)
1	メノー・ダイクストラ	正当な未リンク(名簿に候補なし)
1	カリメ・ヴェラスコ・ガルシア	正当な未リンク(名簿に候補なし)
1	矢代 澪	正当な未リンク(名簿に候補なし)
1	朱乃	正当な未リンク(名簿に候補なし)
1	府川 いづみ	正当な未リンク(名簿に候補なし)
1	三宅 美優	正当な未リンク(名簿に候補なし)
1	小嵐智花	正当な未リンク(名簿に候補なし)
1	谷村佳菜子	正当な未リンク(名簿に候補なし)
1	谷村郁江	正当な未リンク(名簿に候補なし)
1	イヴィカ・ペルコビッチ	正当な未リンク(名簿に候補なし)
1	トニー・カトニー	正当な未リンク(名簿に候補なし)
1	睦樹	正当な未リンク(名簿に候補なし)
1	星那	正当な未リンク(名簿に候補なし)
1	はると	正当な未リンク(名簿に候補なし)
1	中田 ユウジ	正当な未リンク(名簿に候補なし)
1	チョ・ジェファン	正当な未リンク(名簿に候補なし)
1	大橋 悠一	正当な未リンク(名簿に候補なし)
1	KENICHI	正当な未リンク(名簿に候補なし)
1	秋田 匠	正当な未リンク(名簿に候補なし)
1	杉山 清	正当な未リンク(名簿に候補なし)
1	中山 広太郎	正当な未リンク(名簿に候補なし)
1	高田 直矢	正当な未リンク(名簿に候補なし)
1	頼木瞬	正当な未リンク(名簿に候補なし)
1	レネ・マネー	正当な未リンク(名簿に候補なし)
1	ステファン・ウェセリック	正当な未リンク(名簿に候補なし)
1	細越智己	正当な未リンク(名簿に候補なし)
1	門田 哲博	正当な未リンク(名簿に候補なし)
1	為房 厚志	正当な未リンク(名簿に候補なし)
1	二朗	正当な未リンク(名簿に候補なし)
1	シラー・トーバンセン	正当な未リンク(名簿に候補なし)
1	深沢 大輔	正当な未リンク(名簿に候補なし)
1	加藤 渉	正当な未リンク(名簿に候補なし)
1	ケンジ	正当な未リンク(名簿に候補なし)
1	YOUSUKE	正当な未リンク(名簿に候補なし)
1	KARINO	正当な未リンク(名簿に候補なし)
1	田中 康典	正当な未リンク(名簿に候補なし)
1	カルロス	正当な未リンク(名簿に候補なし)
1	YOHSUKE	正当な未リンク(名簿に候補なし)
1	佐藤 真之	正当な未リンク(名簿に候補なし)
1	アンソニー・ヴェレイ	正当な未リンク(名簿に候補なし)
1	アレクシス・ソートロン	正当な未リンク(名簿に候補なし)
1	"バピー""ベビーフェイス""テテロー"	正当な未リンク(名簿に候補なし)
1	アンドレイ・メゼンツェフ	正当な未リンク(名簿に候補なし)
1	崎村 匡如	正当な未リンク(名簿に候補なし)
1	山室 良太	正当な未リンク(名簿に候補なし)
1	佐藤 友紀	正当な未リンク(名簿に候補なし)
1	高間 竜也	正当な未リンク(名簿に候補なし)
1	拓 磨	正当な未リンク(名簿に候補なし)
1	ヌアシラーS.R.K	正当な未リンク(名簿に候補なし)
1	皆川裕哉（KICK BOX／王者）※初防衛戦	正当な未リンク(名簿に候補なし)
1	石川智崇	正当な未リンク(名簿に候補なし)
1	GANG-G	正当な未リンク(名簿に候補なし)
1	DENNADAO MOOPINGAROIJUNGBOIE	正当な未リンク(名簿に候補なし)
1	松崎 公則	正当な未リンク(名簿に候補なし)
1	内野々竜一	正当な未リンク(名簿に候補なし)
1	飯尾 馨一	正当な未リンク(名簿に候補なし)
1	松﨑 公則	正当な未リンク(名簿に候補なし)
1	大崎 孔稀	正当な未リンク(名簿に候補なし)
1	リヨン・ウバイ	正当な未リンク(名簿に候補なし)
1	佐々木 雄汰	正当な未リンク(名簿に候補なし)
1	若山 龍嗣	正当な未リンク(名簿に候補なし)
1	高瀬 大樹	正当な未リンク(名簿に候補なし)
1	デビン・ピポーズ	正当な未リンク(名簿に候補なし)
1	小笠原 篤	正当な未リンク(名簿に候補なし)
1	ペック・アンドリュー	正当な未リンク(名簿に候補なし)
1	林 武重	正当な未リンク(名簿に候補なし)
1	ローマン・ クプカック	正当な未リンク(名簿に候補なし)
1	ヴァーツラフ・キーラー	正当な未リンク(名簿に候補なし)
1	仲田克也	正当な未リンク(名簿に候補なし)
1	佐藤 洸杜	正当な未リンク(名簿に候補なし)
1	長谷川欣毅	正当な未リンク(名簿に候補なし)
1	イ・ギュドン	正当な未リンク(名簿に候補なし)
1	提島 智久	正当な未リンク(名簿に候補なし)
1	藤虎	正当な未リンク(名簿に候補なし)
1	SARAMI	正当な未リンク(名簿に候補なし)
1	Marat Grigorian	正当な未リンク(名簿に候補なし)
1	Jo Nattawut	正当な未リンク(名簿に候補なし)
1	Samy Sana	正当な未リンク(名簿に候補なし)
1	堀本晴天	正当な未リンク(名簿に候補なし)
1	溝口達也	正当な未リンク(名簿に候補なし)
1	吉岡微吟	正当な未リンク(名簿に候補なし)
1	ジリ・ザク	正当な未リンク(名簿に候補なし)
1	クリフトン・ブラウン	正当な未リンク(名簿に候補なし)
1	アレックス・デリー	正当な未リンク(名簿に候補なし)
1	ゴラン・ヴィダゴヴィッチ	正当な未リンク(名簿に候補なし)
1	ユルゲン・ハイマースタル	正当な未リンク(名簿に候補なし)
1	翔龍	判定不能(類似候補ありだが未確証)
1	ジャン・スカボロスキー	正当な未リンク(名簿に候補なし)
1	ヨムホッド・キアタディサック	正当な未リンク(名簿に候補なし)
1	ジェイソン・ジリアン	正当な未リンク(名簿に候補なし)
1	量哉	正当な未リンク(名簿に候補なし)
1	パンパヤック・ジットムアンノン	正当な未リンク(名簿に候補なし)
1	シントンノーイ・ポー・テラクン	正当な未リンク(名簿に候補なし)
1	KEN	判定不能(類似候補ありだが未確証)
1	佐野貴信	正当な未リンク(名簿に候補なし)
1	大出剛生	正当な未リンク(名簿に候補なし)
1	出口優佑	正当な未リンク(名簿に候補なし)
1	KO-HEI	正当な未リンク(名簿に候補なし)
1	新垣竣太	正当な未リンク(名簿に候補なし)
1	浅野賢吾	正当な未リンク(名簿に候補なし)
1	藤井拓也	正当な未リンク(名簿に候補なし)
1	山田健博	正当な未リンク(名簿に候補なし)
1	遠藤慎介	正当な未リンク(名簿に候補なし)
1	高田英樹	正当な未リンク(名簿に候補なし)
1	興津伊久磨	正当な未リンク(名簿に候補なし)
1	中西一覚	正当な未リンク(名簿に候補なし)
1	天野誠哉	正当な未リンク(名簿に候補なし)
1	イモト	正当な未リンク(名簿に候補なし)
1	キム・ジミン	正当な未リンク(名簿に候補なし)
1	井本 遼我	正当な未リンク(名簿に候補なし)
1	須貝 秋彦	正当な未リンク(名簿に候補なし)
1	柳瀬 聡一郎	正当な未リンク(名簿に候補なし)
1	伊藤 圭太	正当な未リンク(名簿に候補なし)
1	アヌアール・シスネロス	正当な未リンク(名簿に候補なし)
1	ザミン・グジノフ	正当な未リンク(名簿に候補なし)
1	エンリコ・ゴゴーヒア	正当な未リンク(名簿に候補なし)
1	ルーカス・シュールス	正当な未リンク(名簿に候補なし)
1	Taygan Bayram	正当な未リンク(名簿に候補なし)
1	ヌンパンニャー・イーグルムエタイ	正当な未リンク(名簿に候補なし)
1	ペットガーフィールド・ジットムアンノン	正当な未リンク(名簿に候補なし)
1	シリモンコン	正当な未リンク(名簿に候補なし)
1	Edipo Lima	正当な未リンク(名簿に候補なし)
1	野上佑太	正当な未リンク(名簿に候補なし)
1	Picapeixe	正当な未リンク(名簿に候補なし)
1	庵谷”出美流漫”鷹志	正当な未リンク(名簿に候補なし)
1	末永涼馬	正当な未リンク(名簿に候補なし)
1	ソ・チョル	正当な未リンク(名簿に候補なし)
1	グルカン・オスカン	正当な未リンク(名簿に候補なし)
1	宇田川太	正当な未リンク(名簿に候補なし)
1	ホカ・トモヒロ	正当な未リンク(名簿に候補なし)
1	馮本汝	正当な未リンク(名簿に候補なし)
1	上迫博仁	正当な未リンク(名簿に候補なし)
1	ジャオウェハー・グランタイボクシング	正当な未リンク(名簿に候補なし)
1	ムーディ・ラワイ	正当な未リンク(名簿に候補なし)
1	林 源平	正当な未リンク(名簿に候補なし)
1	ジェシアス・カバウカンチ	正当な未リンク(名簿に候補なし)
1	ミロウド・ゲイブリ	正当な未リンク(名簿に候補なし)
1	グレッグ・フォーリー	正当な未リンク(名簿に候補なし)
1	ルーク・メイトランド	正当な未リンク(名簿に候補なし)
1	ウェイ・シュウレイ	正当な未リンク(名簿に候補なし)
1	クリス・ホロデッキー	正当な未リンク(名簿に候補なし)
1	アントニオ・カルバーリョ	正当な未リンク(名簿に候補なし)
1	ツァン・ホイ・クワン	正当な未リンク(名簿に候補なし)
1	ハリド・レイエス	正当な未リンク(名簿に候補なし)
1	ビックベン	正当な未リンク(名簿に候補なし)
1	バダムガラフ・バルジンニカム	正当な未リンク(名簿に候補なし)
1	菊地浩一	正当な未リンク(名簿に候補なし)
1	チャンプアック･チョーセパサート	正当な未リンク(名簿に候補なし)
1	笹羅崇裕	正当な未リンク(名簿に候補なし)
1	カート・フィンレーソン	正当な未リンク(名簿に候補なし)
1	タリック・イドリッシ	正当な未リンク(名簿に候補なし)
1	テーワリットノーイ	正当な未リンク(名簿に候補なし)
1	ブラッド”ドッジ”	正当な未リンク(名簿に候補なし)
1	ロナルド・ウルフス	正当な未リンク(名簿に候補なし)
1	東金シャノン	正当な未リンク(名簿に候補なし)
1	小谷直之	正当な未リンク(名簿に候補なし)
1	ブレス・ジェイソン	正当な未リンク(名簿に候補なし)
1	坂口立起	正当な未リンク(名簿に候補なし)
1	巌流小次郎	正当な未リンク(名簿に候補なし)
1	韓国人選手	正当な未リンク(名簿に候補なし)
1	KIYOHIRO	正当な未リンク(名簿に候補なし)
1	藤岡 一也	正当な未リンク(名簿に候補なし)
1	北岡考人	正当な未リンク(名簿に候補なし)
1	東金 タイソン	正当な未リンク(名簿に候補なし)
1	ZAI	正当な未リンク(名簿に候補なし)
1	兵頭英樹	正当な未リンク(名簿に候補なし)
1	武田峻登	正当な未リンク(名簿に候補なし)
1	カン ビョンジュ	正当な未リンク(名簿に候補なし)
1	Taiki Naito	正当な未リンク(名簿に候補なし)
1	Petchdam Petchyindee	正当な未リンク(名簿に候補なし)
1	田中勇利	正当な未リンク(名簿に候補なし)
1	染谷凛太郎	正当な未リンク(名簿に候補なし)
1	藤原英司	正当な未リンク(名簿に候補なし)
1	樹［いつき］	正当な未リンク(名簿に候補なし)
1	ファビオ・ボルジェス	正当な未リンク(名簿に候補なし)
1	梅田勇一	正当な未リンク(名簿に候補なし)
1	TONG SEISHIKAI	正当な未リンク(名簿に候補なし)
1	ペットワット・ヤバチョウベース	正当な未リンク(名簿に候補なし)
1	ナビン・セイシカイ	正当な未リンク(名簿に候補なし)
1	吉永大貴	正当な未リンク(名簿に候補なし)
1	カミロ・カステロ	正当な未リンク(名簿に候補なし)
1	吉田 凛汰朗	正当な未リンク(名簿に候補なし)
1	伊藤空也	正当な未リンク(名簿に候補なし)
1	ヒュン・ツェイ・ヘイデン	正当な未リンク(名簿に候補なし)
1	マイケル・ウォーカー	正当な未リンク(名簿に候補なし)
1	皆川 祐哉	正当な未リンク(名簿に候補なし)
1	チェプ・ホリック	正当な未リンク(名簿に候補なし)
1	平井 楓也	正当な未リンク(名簿に候補なし)
1	志郎	正当な未リンク(名簿に候補なし)
1	野口 優心	正当な未リンク(名簿に候補なし)
1	北野峻平	正当な未リンク(名簿に候補なし)
1	Ersultan Saifutdinov	正当な未リンク(名簿に候補なし)
1	Rasoul Basian	正当な未リンク(名簿に候補なし)
1	Saenheng Looknungubon	正当な未リンク(名簿に候補なし)
1	RUI・JANJIRA	判定不能(類似候補ありだが未確証)
1	HIMEKA	正当な未リンク(名簿に候補なし)
1	森田 実幸	正当な未リンク(名簿に候補なし)
1	東 義和	正当な未リンク(名簿に候補なし)
1	Konstantin Gluhov	正当な未リンク(名簿に候補なし)
1	Ricardo van den Bos	正当な未リンク(名簿に候補なし)
1	ジェームス・マックスウィーニー	正当な未リンク(名簿に候補なし)
1	ロイ・ダイクショールン	正当な未リンク(名簿に候補なし)
1	サンダー・ダイビス	正当な未リンク(名簿に候補なし)
1	佐藤浩輝	正当な未リンク(名簿に候補なし)
1	兵庫志門	正当な未リンク(名簿に候補なし)
1	辰哉	正当な未リンク(名簿に候補なし)
1	イマイ・ハルユキ	正当な未リンク(名簿に候補なし)
1	森川勇哉	正当な未リンク(名簿に候補なし)
1	野村龍聖	正当な未リンク(名簿に候補なし)
1	電王おじさん	正当な未リンク(名簿に候補なし)
1	林 裕人	正当な未リンク(名簿に候補なし)
1	トーマス・フロン	正当な未リンク(名簿に候補なし)
1	Aimane Farjaoui	正当な未リンク(名簿に候補なし)
1	Christian Baya	正当な未リンク(名簿に候補なし)
1	Gregoire Damien	正当な未リンク(名簿に候補なし)
1	Francesco Maggio	正当な未リンク(名簿に候補なし)
1	MARIAN LAPUSNEANU	正当な未リンク(名簿に候補なし)
1	EL Aamraoui	正当な未リンク(名簿に候補なし)
1	ブルーノ・ガザーニ	正当な未リンク(名簿に候補なし)
1	Cedo Pantic	正当な未リンク(名簿に候補なし)
1	Slobodan MIJAJLOVIC	正当な未リンク(名簿に候補なし)
1	ウィナー・PK・センチャイ	正当な未リンク(名簿に候補なし)
1	RYOYA	正当な未リンク(名簿に候補なし)
1	☆HIRO☆	正当な未リンク(名簿に候補なし)
1	細川幸宏	正当な未リンク(名簿に候補なし)
1	ジョシュ・ジョンシー	正当な未リンク(名簿に候補なし)
1	百武政敏	正当な未リンク(名簿に候補なし)
1	田中秀弥	正当な未リンク(名簿に候補なし)
1	田島直樹	正当な未リンク(名簿に候補なし)
1	メハディ・ミルダブディ	正当な未リンク(名簿に候補なし)
1	MEGU	正当な未リンク(名簿に候補なし)
1	KARIN	正当な未リンク(名簿に候補なし)
1	木戸翔太	正当な未リンク(名簿に候補なし)
1	永谷 龍希	正当な未リンク(名簿に候補なし)
1	中野悠成	正当な未リンク(名簿に候補なし)
1	村上 真基	正当な未リンク(名簿に候補なし)
1	下地涼	正当な未リンク(名簿に候補なし)
1	北野ヒナタ	正当な未リンク(名簿に候補なし)
1	孫武	正当な未リンク(名簿に候補なし)
1	石澤常光	正当な未リンク(名簿に候補なし)
1	ワンロップ・ソー・サーッタパン	正当な未リンク(名簿に候補なし)
1	ピーター・タイザー	正当な未リンク(名簿に候補なし)
1	アンドレ・メウス	正当な未リンク(名簿に候補なし)
1	ユジュネ・バレリオ	正当な未リンク(名簿に候補なし)
1	ポータイ・チョーワイクン	正当な未リンク(名簿に候補なし)
1	高木 礼司	正当な未リンク(名簿に候補なし)
1	日原愛弥	正当な未リンク(名簿に候補なし)
1	吉松裕希	正当な未リンク(名簿に候補なし)
1	東山 廉	正当な未リンク(名簿に候補なし)
1	松崎 光輝	正当な未リンク(名簿に候補なし)
1	士龍	正当な未リンク(名簿に候補なし)
1	裕次郎	正当な未リンク(名簿に候補なし)
1	曽我 昂史【コウシ・ウォーワンチャイ】	正当な未リンク(名簿に候補なし)
1	暖東	正当な未リンク(名簿に候補なし)
1	Saoto O.aschariya	正当な未リンク(名簿に候補なし)
1	Kankaew Sor.bunmerit	正当な未リンク(名簿に候補なし)
1	杉ちゃん	正当な未リンク(名簿に候補なし)
1	勝田憲司	正当な未リンク(名簿に候補なし)
1	芳賀ビラル海	正当な未リンク(名簿に候補なし)
1	雑賀“ヤン坊”達也	正当な未リンク(名簿に候補なし)
1	ジョニー・ケース	正当な未リンク(名簿に候補なし)
1	井上雄策	正当な未リンク(名簿に候補なし)
1	武田光司	正当な未リンク(名簿に候補なし)
1	弥益ドミネーター聡志	正当な未リンク(名簿に候補なし)
1	鹿嶋昭男	正当な未リンク(名簿に候補なし)
1	ヤン・ジンファン	正当な未リンク(名簿に候補なし)
1	トモ	正当な未リンク(名簿に候補なし)
1	亜輝	正当な未リンク(名簿に候補なし)
1	K-impact \A$U	正当な未リンク(名簿に候補なし)
1	大庭ヒロユキ	正当な未リンク(名簿に候補なし)
1	大高悠偉	正当な未リンク(名簿に候補なし)
1	吉田 空	正当な未リンク(名簿に候補なし)
1	樋口千春	正当な未リンク(名簿に候補なし)
1	有馬怜弐	正当な未リンク(名簿に候補なし)
1	クリス・ノーウェルス	正当な未リンク(名簿に候補なし)
1	デミトリ・フェフラリオフ	正当な未リンク(名簿に候補なし)
1	K$K	正当な未リンク(名簿に候補なし)
1	チェ・チャンヒョン	正当な未リンク(名簿に候補なし)
1	ペ・ジョンフン	正当な未リンク(名簿に候補なし)
1	ハンセン玲雄	正当な未リンク(名簿に候補なし)
1	イ・スンウク	正当な未リンク(名簿に候補なし)
1	キム・フェグン	正当な未リンク(名簿に候補なし)
1	高野 天心	正当な未リンク(名簿に候補なし)
1	村木 太樹	正当な未リンク(名簿に候補なし)
1	磯村 真言	正当な未リンク(名簿に候補なし)
1	ペットローイエット	正当な未リンク(名簿に候補なし)
1	法DATE	正当な未リンク(名簿に候補なし)
1	藤野恵実	正当な未リンク(名簿に候補なし)
1	ムアド コソリ	正当な未リンク(名簿に候補なし)
1	金子隆樹	正当な未リンク(名簿に候補なし)
1	ギャネシュワール･ダマラ	正当な未リンク(名簿に候補なし)
1	脇田仁	正当な未リンク(名簿に候補なし)
1	イ・インス	正当な未リンク(名簿に候補なし)
1	ワン・アミン	正当な未リンク(名簿に候補なし)
1	ローマ・ペットプロムロブ	正当な未リンク(名簿に候補なし)
1	有川翔太	正当な未リンク(名簿に候補なし)
1	新井 惇之	正当な未リンク(名簿に候補なし)
1	レイランド・マホニー	正当な未リンク(名簿に候補なし)
1	ドミニク・デバンナ	正当な未リンク(名簿に候補なし)
1	マーク・ヴォーゲル	正当な未リンク(名簿に候補なし)
1	村田大輔	正当な未リンク(名簿に候補なし)
1	チャルムチャイトーガーハン	正当な未リンク(名簿に候補なし)
1	翔之	正当な未リンク(名簿に候補なし)
1	永野美早姫	正当な未リンク(名簿に候補なし)
1	矢田喜也	正当な未リンク(名簿に候補なし)
1	ケンサック・ナヤバシキック	正当な未リンク(名簿に候補なし)
1	木戸 翔太	正当な未リンク(名簿に候補なし)
1	後藤 夏空	正当な未リンク(名簿に候補なし)
1	ハンマー小林	正当な未リンク(名簿に候補なし)
1	田中将吾	正当な未リンク(名簿に候補なし)
1	屋比久	正当な未リンク(名簿に候補なし)
1	K・ルイス	正当な未リンク(名簿に候補なし)
1	佐藤龍男	正当な未リンク(名簿に候補なし)
1	高橋忠一郎	正当な未リンク(名簿に候補なし)
1	マンモス・ソー・サラッチープ	正当な未リンク(名簿に候補なし)
1	ペットモラコット	正当な未リンク(名簿に候補なし)
1	ペットシーモック	正当な未リンク(名簿に候補なし)
1	ソン・ジェミン	正当な未リンク(名簿に候補なし)
1	スナイ・ミフター	正当な未リンク(名簿に候補なし)
1	ポームロップ・ルークスアン	正当な未リンク(名簿に候補なし)
1	ルートチャイ•オーセンスック	正当な未リンク(名簿に候補なし)
1	ポンチャン	正当な未リンク(名簿に候補なし)
1	キム・ソーフー	正当な未リンク(名簿に候補なし)
1	パーコ・ライ	正当な未リンク(名簿に候補なし)
1	内村 洋二郎	正当な未リンク(名簿に候補なし)
1	ブラッド・トゥイノフ	正当な未リンク(名簿に候補なし)
1	江口 真吾	正当な未リンク(名簿に候補なし)
1	藤本 治男	正当な未リンク(名簿に候補なし)
1	アーロン・モルト	正当な未リンク(名簿に候補なし)
1	アテラ・フスコ	正当な未リンク(名簿に候補なし)
1	ペドロ・ヒーゾ	正当な未リンク(名簿に候補なし)
1	レネ・パペス	正当な未リンク(名簿に候補なし)
1	ギャリー・サンドランド	正当な未リンク(名簿に候補なし)
1	虎太郎	正当な未リンク(名簿に候補なし)
1	末広駿斗	正当な未リンク(名簿に候補なし)
1	上川玲皇	正当な未リンク(名簿に候補なし)
1	真奈長	正当な未リンク(名簿に候補なし)
1	クリスチャーノ・デルガド	正当な未リンク(名簿に候補なし)
1	リドウアン・アブデルラウイ	正当な未リンク(名簿に候補なし)
1	若月アル	正当な未リンク(名簿に候補なし)
1	ピエトロ・ドゥリャ	正当な未リンク(名簿に候補なし)
1	ファブリシオ・ザカリアス	正当な未リンク(名簿に候補なし)
1	川崎亮	正当な未リンク(名簿に候補なし)
1	仲江川裕人	正当な未リンク(名簿に候補なし)
1	ジェット・ペッマニー	正当な未リンク(名簿に候補なし)
1	サジャド・ヴェナムムエタイ	正当な未リンク(名簿に候補なし)
1	ネートパヤック・ピークマイレストラン	正当な未リンク(名簿に候補なし)
1	シュートン	正当な未リンク(名簿に候補なし)
1	ダーンチョン・アーヨンムエタイ	正当な未リンク(名簿に候補なし)
1	カズ☆仲村渠	正当な未リンク(名簿に候補なし)
1	ヨーラダップ・ダーオペッリュウ	正当な未リンク(名簿に候補なし)
1	キョウヘイ	正当な未リンク(名簿に候補なし)
1	丸山 武士	正当な未リンク(名簿に候補なし)
1	永椎 太陽	正当な未リンク(名簿に候補なし)
1	清水 雄介	正当な未リンク(名簿に候補なし)
1	友麻	正当な未リンク(名簿に候補なし)
1	辰尾 龍一	正当な未リンク(名簿に候補なし)
1	JET清光	正当な未リンク(名簿に候補なし)
1	桐生 良昭	正当な未リンク(名簿に候補なし)
1	一戸 総太	正当な未リンク(名簿に候補なし)
1	リョウ・ペタス	正当な未リンク(名簿に候補なし)
1	リポビタンD	正当な未リンク(名簿に候補なし)
1	カルシャガ･ダウトベック	正当な未リンク(名簿に候補なし)
1	YUU	正当な未リンク(名簿に候補なし)
1	甲斐康介（HAYATO	正当な未リンク(名簿に候補なし)
1	AJGKF全日本グローブ空手 2020.2021.2022王者	正当な未リンク(名簿に候補なし)
1	本田 聖典	正当な未リンク(名簿に候補なし)
1	Sap	正当な未リンク(名簿に候補なし)
1	ヨアンナ	正当な未リンク(名簿に候補なし)
1	ジャマイマ・べトリアン	正当な未リンク(名簿に候補なし)
1	網島晴都	正当な未リンク(名簿に候補なし)
1	濱中和輝	正当な未リンク(名簿に候補なし)
1	梅原祥太	正当な未リンク(名簿に候補なし)
1	工藤公邦	正当な未リンク(名簿に候補なし)
1	開道	正当な未リンク(名簿に候補なし)
1	バズーカ福田	正当な未リンク(名簿に候補なし)
1	ローマ・ルックブンミー	正当な未リンク(名簿に候補なし)
1	ロレーナ・クライン	正当な未リンク(名簿に候補なし)
1	ファン・ヤーウェン	正当な未リンク(名簿に候補なし)
1	デニス・メラー	正当な未リンク(名簿に候補なし)
1	ティティアナ・ヴァン・ポラーナ	正当な未リンク(名簿に候補なし)
1	タワン・ポー・プラムック	正当な未リンク(名簿に候補なし)
1	ホ・ソンボク	正当な未リンク(名簿に候補なし)
1	アラン・カラエフ	正当な未リンク(名簿に候補なし)
1	テレンス・リーズビィ	正当な未リンク(名簿に候補なし)
1	シャカ・ズール	正当な未リンク(名簿に候補なし)
1	ノックウィー・デイビー	正当な未リンク(名簿に候補なし)
1	大崎 一貴	正当な未リンク(名簿に候補なし)
1	上平 仁	正当な未リンク(名簿に候補なし)
1	松元 翼	正当な未リンク(名簿に候補なし)
1	島田洸也	正当な未リンク(名簿に候補なし)
1	プー	正当な未リンク(名簿に候補なし)
1	宮本 fulcon 大樹	正当な未リンク(名簿に候補なし)
1	竹山 和基	正当な未リンク(名簿に候補なし)
1	五十嵐 大樹	正当な未リンク(名簿に候補なし)
1	勇慎	正当な未リンク(名簿に候補なし)
1	髙木雅己	正当な未リンク(名簿に候補なし)
1	高橋大輝	正当な未リンク(名簿に候補なし)
1	甲斐喜羅	正当な未リンク(名簿に候補なし)
1	徹平	正当な未リンク(名簿に候補なし)
1	希山 泰樹	正当な未リンク(名簿に候補なし)
1	野村優	正当な未リンク(名簿に候補なし)
1	リャン・ホンジエ	正当な未リンク(名簿に候補なし)
1	渡口 燿	正当な未リンク(名簿に候補なし)
1	Liu Junchao	正当な未リンク(名簿に候補なし)
1	リュー・ジュンチャオ	正当な未リンク(名簿に候補なし)
1	西村孝幸	正当な未リンク(名簿に候補なし)
1	香川刻	正当な未リンク(名簿に候補なし)
1	飯田陸斗	正当な未リンク(名簿に候補なし)
1	小林凛太朗	正当な未リンク(名簿に候補なし)
1	服部侑樹	正当な未リンク(名簿に候補なし)
1	近藤m海	正当な未リンク(名簿に候補なし)
1	下茅晴美	正当な未リンク(名簿に候補なし)
1	岩本元太郎	正当な未リンク(名簿に候補なし)
1	Rida Bellahcen	正当な未リンク(名簿に候補なし)
1	Rocco La Rosa	正当な未リンク(名簿に候補なし)
1	Tarik Lyachat	正当な未リンク(名簿に候補なし)
1	Joey Danner	正当な未リンク(名簿に候補なし)
1	クワート・スラチャット	正当な未リンク(名簿に候補なし)
1	ゲーオジャイ•ポームアンペット	正当な未リンク(名簿に候補なし)
1	イム・へヒャン	正当な未リンク(名簿に候補なし)
1	二條司	正当な未リンク(名簿に候補なし)
1	盛岡直生	正当な未リンク(名簿に候補なし)
1	西畑省吾	正当な未リンク(名簿に候補なし)
1	滑飛 レオン	正当な未リンク(名簿に候補なし)
1	佐藤勇士	正当な未リンク(名簿に候補なし)
1	則武 知宏	正当な未リンク(名簿に候補なし)
1	勝村 隆介	正当な未リンク(名簿に候補なし)
1	銭神 駿一	正当な未リンク(名簿に候補なし)
1	峯山敏也	正当な未リンク(名簿に候補なし)
1	スワノーイ・エイワスポーツ	正当な未リンク(名簿に候補なし)
1	ゴー・ピントーン	正当な未リンク(名簿に候補なし)
1	助川 秀之	正当な未リンク(名簿に候補なし)
1	大島 大尚	正当な未リンク(名簿に候補なし)
1	タップナー・ハーデスワークアウト	正当な未リンク(名簿に候補なし)
1	♂刈る。	正当な未リンク(名簿に候補なし)
1	稲垣 宜正	正当な未リンク(名簿に候補なし)
1	長田 真一	正当な未リンク(名簿に候補なし)
1	Jeong Hyeon-woo	正当な未リンク(名簿に候補なし)
1	Jyosei（	正当な未リンク(名簿に候補なし)
1	充志	正当な未リンク(名簿に候補なし)
1	大高 瑞基	正当な未リンク(名簿に候補なし)
1	BARET	正当な未リンク(名簿に候補なし)
1	田沼 良介	正当な未リンク(名簿に候補なし)
1	二之宮 徳昭	正当な未リンク(名簿に候補なし)
1	藤原 敬典	正当な未リンク(名簿に候補なし)
1	矢島 雄一郎	正当な未リンク(名簿に候補なし)
1	ドノバン・ラブ	正当な未リンク(名簿に候補なし)
1	ジョージ・イゴビ	正当な未リンク(名簿に候補なし)
1	ムワ・ジョージ	正当な未リンク(名簿に候補なし)
1	ステファン・レヴェヨン	正当な未リンク(名簿に候補なし)
1	カン・ミンキ	正当な未リンク(名簿に候補なし)
1	チャド・バノン	正当な未リンク(名簿に候補なし)
1	アンテ・ヴァルニカ	正当な未リンク(名簿に候補なし)
1	横尾 空	正当な未リンク(名簿に候補なし)
1	ペニコ	正当な未リンク(名簿に候補なし)
1	中易俊之	正当な未リンク(名簿に候補なし)
1	山下豊	正当な未リンク(名簿に候補なし)
1	中野星耶	正当な未リンク(名簿に候補なし)
1	長谷川心	正当な未リンク(名簿に候補なし)
1	山下城主	正当な未リンク(名簿に候補なし)
1	渡邉蓮大	正当な未リンク(名簿に候補なし)
1	平松 弥	正当な未リンク(名簿に候補なし)
1	牛山華子	正当な未リンク(名簿に候補なし)
1	虔次郎	正当な未リンク(名簿に候補なし)
1	パク・イェンソン	正当な未リンク(名簿に候補なし)
1	金本魁羅	正当な未リンク(名簿に候補なし)
1	チェン・チン	正当な未リンク(名簿に候補なし)
1	熊田優樹	正当な未リンク(名簿に候補なし)
1	太田 翔一郎	正当な未リンク(名簿に候補なし)
1	野原 心	正当な未リンク(名簿に候補なし)
1	Abraham Vidales	正当な未リンク(名簿に候補なし)
1	Kevin VanNostrand	正当な未リンク(名簿に候補なし)
1	(クロスポイント吉祥寺)	正当な未リンク(名簿に候補なし)
1	来	正当な未リンク(名簿に候補なし)
1	源樹	正当な未リンク(名簿に候補なし)
1	セハス・エリック	正当な未リンク(名簿に候補なし)
1	"キース""ペレ""ネイサン"	正当な未リンク(名簿に候補なし)
1	ユン・マークス	正当な未リンク(名簿に候補なし)
1	金玉鐘	正当な未リンク(名簿に候補なし)
1	"タシス""トスカ""ペトリディス"	正当な未リンク(名簿に候補なし)
1	キム・パン・スー	正当な未リンク(名簿に候補なし)
1	ダスティン・ジョンソン	正当な未リンク(名簿に候補なし)
1	カノクチャイ・クロスフェニックス	正当な未リンク(名簿に候補なし)
1	トビー・グレアー	正当な未リンク(名簿に候補なし)
1	パジョンスック	正当な未リンク(名簿に候補なし)
1	ビクトー・ヘルナンデス	正当な未リンク(名簿に候補なし)
1	アーテム・スケグロフ	正当な未リンク(名簿に候補なし)
1	パリーロ・ジェイソン	正当な未リンク(名簿に候補なし)
1	宋保山	正当な未リンク(名簿に候補なし)
1	金塚聖矢	正当な未リンク(名簿に候補なし)
1	柿 颯太朗	正当な未リンク(名簿に候補なし)
1	ピジェスミスラフ・ミンキニア	正当な未リンク(名簿に候補なし)
1	山田航暉	正当な未リンク(名簿に候補なし)
1	ペットソンチャイ・ソンニンタイ	正当な未リンク(名簿に候補なし)
1	梅原 規祥	正当な未リンク(名簿に候補なし)
1	ヴィリトーヌ・フォナカラフィ	正当な未リンク(名簿に候補なし)
1	謝傑丞	正当な未リンク(名簿に候補なし)
1	歯と胸むな男	正当な未リンク(名簿に候補なし)
1	刃一輝	正当な未リンク(名簿に候補なし)
1	栄光	正当な未リンク(名簿に候補なし)
1	雅也	正当な未リンク(名簿に候補なし)
1	真沙希	正当な未リンク(名簿に候補なし)
1	関根 “gaia” 朝之	正当な未リンク(名簿に候補なし)
1	笹羅享春	正当な未リンク(名簿に候補なし)
1	キム・ソンウク	正当な未リンク(名簿に候補なし)
1	清水貴彦	正当な未リンク(名簿に候補なし)
1	CHIHIRO	正当な未リンク(名簿に候補なし)
1	シャーク·チャラムスックジム	正当な未リンク(名簿に候補なし)
1	壱•センチャイジム	正当な未リンク(名簿に候補なし)
1	キム・チャンヨン	正当な未リンク(名簿に候補なし)
1	ナウインター・SUNムエタイ	正当な未リンク(名簿に候補なし)
1	西村昌真	正当な未リンク(名簿に候補なし)
1	隼也	正当な未リンク(名簿に候補なし)
1	金龍	正当な未リンク(名簿に候補なし)
1	全志亨	正当な未リンク(名簿に候補なし)
1	金成基	正当な未リンク(名簿に候補なし)
1	崔鐘允	正当な未リンク(名簿に候補なし)
1	昇平	正当な未リンク(名簿に候補なし)
1	植木功	正当な未リンク(名簿に候補なし)
1	立山智紀	正当な未リンク(名簿に候補なし)
1	後藤貴志	正当な未リンク(名簿に候補なし)
1	金子翔英	正当な未リンク(名簿に候補なし)
1	ロレンゾ・ボルゴメオ	正当な未リンク(名簿に候補なし)
1	北山 義	正当な未リンク(名簿に候補なし)
1	高野天心	正当な未リンク(名簿に候補なし)
1	田中 秀弥	正当な未リンク(名簿に候補なし)
1	スティーブ・モクソン	正当な未リンク(名簿に候補なし)
1	岡澤 弘太	正当な未リンク(名簿に候補なし)
1	ケム・シッソーンピーノーン	正当な未リンク(名簿に候補なし)
1	アブラハム・ロクエニ	正当な未リンク(名簿に候補なし)
1	エドウィン・キバス	正当な未リンク(名簿に候補なし)
1	魏守雷	正当な未リンク(名簿に候補なし)
1	魏守雷（ウェイ・シュウレイ）	正当な未リンク(名簿に候補なし)
1	クンタップ・ウィラクレック	正当な未リンク(名簿に候補なし)
1	チャンプアック・チョーシープラサート	正当な未リンク(名簿に候補なし)
1	カーロス・コンディット	正当な未リンク(名簿に候補なし)
1	鄭裕蒿	正当な未リンク(名簿に候補なし)
1	マヌエル・フォンセカ	正当な未リンク(名簿に候補なし)
1	濱辺 稜矢	正当な未リンク(名簿に候補なし)
1	武 巳	正当な未リンク(名簿に候補なし)
1	達 晃	正当な未リンク(名簿に候補なし)
1	廣野孝文	正当な未リンク(名簿に候補なし)
1	元 長	正当な未リンク(名簿に候補なし)
1	斉藤知彦	正当な未リンク(名簿に候補なし)
1	ウティデート・ルークプラバート	正当な未リンク(名簿に候補なし)
1	小野寺力	正当な未リンク(名簿に候補なし)
1	Dejrit Sitsongpeenong	正当な未リンク(名簿に候補なし)
1	Denis Wosik	正当な未リンク(名簿に候補なし)
1	David Mejia	正当な未リンク(名簿に候補なし)
1	Badr Ghazi	正当な未リンク(名簿に候補なし)
1	Garrett Smylie	正当な未リンク(名簿に候補なし)
1	ロベルト・フラミンゴ	正当な未リンク(名簿に候補なし)
1	ケニー・ズィー	正当な未リンク(名簿に候補なし)
1	祥汰	正当な未リンク(名簿に候補なし)
1	ソムプラユン ヒロキ	正当な未リンク(名簿に候補なし)
1	清水 聡之晟	正当な未リンク(名簿に候補なし)
1	酒部宏哉	正当な未リンク(名簿に候補なし)
1	北川祐紀	正当な未リンク(名簿に候補なし)
1	ドン大西	正当な未リンク(名簿に候補なし)
1	吉田健吾	正当な未リンク(名簿に候補なし)
1	剛力DATE	正当な未リンク(名簿に候補なし)
1	ペッシリ・ポーシリポン	正当な未リンク(名簿に候補なし)
1	平野将志	正当な未リンク(名簿に候補なし)
1	堀凌生	正当な未リンク(名簿に候補なし)
1	尾崎海心	正当な未リンク(名簿に候補なし)
1	キング・ゲッソンリット	正当な未リンク(名簿に候補なし)
1	ラフィ・ゾファー	正当な未リンク(名簿に候補なし)
1	ラファー・デル・トロ	正当な未リンク(名簿に候補なし)
1	ジョニー・レスコ	正当な未リンク(名簿に候補なし)
1	"サロ・""ザ・シシリアンドン""・プレスティ"	正当な未リンク(名簿に候補なし)
1	マーク・ディ・ヴィト	正当な未リンク(名簿に候補なし)
1	ハリー・ホーフド	正当な未リンク(名簿に候補なし)
1	アレクサンドル・セメノビッチ	正当な未リンク(名簿に候補なし)
1	古瀬美月	正当な未リンク(名簿に候補なし)
1	パトリック・カバシ	正当な未リンク(名簿に候補なし)
1	セネガル駿一	正当な未リンク(名簿に候補なし)
1	渡邊 奎介	正当な未リンク(名簿に候補なし)
1	武田 寛生	正当な未リンク(名簿に候補なし)
1	飯田 渓太	正当な未リンク(名簿に候補なし)
1	ライカ	正当な未リンク(名簿に候補なし)
1	☆SOHO☆	正当な未リンク(名簿に候補なし)
1	悦センチャイジム	正当な未リンク(名簿に候補なし)
1	祐弥	正当な未リンク(名簿に候補なし)
1	DENIS WOSIK	正当な未リンク(名簿に候補なし)
1	EL HAMMOUTI	正当な未リンク(名簿に候補なし)
1	Berjan Peposhi	正当な未リンク(名簿に候補なし)
1	Chris Wunn	正当な未リンク(名簿に候補なし)
1	Redouan Boukereche	正当な未リンク(名簿に候補なし)
1	Petru Morari	正当な未リンク(名簿に候補なし)
1	マット・キャンベル	正当な未リンク(名簿に候補なし)
1	J.C. Gomis	正当な未リンク(名簿に候補なし)
1	Carmine Rutigliano	正当な未リンク(名簿に候補なし)
1	Oussama Bouhiba	正当な未リンク(名簿に候補なし)
1	RICARDO HILÁRIO	正当な未リンク(名簿に候補なし)
1	Bruno Ariel	正当な未リンク(名簿に候補なし)
1	Ancinelli ALESSO	正当な未リンク(名簿に候補なし)
1	Rahim TCHERKHEIKO	正当な未リンク(名簿に候補なし)
1	Andy Gonzalez	正当な未リンク(名簿に候補なし)
1	翔［かける］	正当な未リンク(名簿に候補なし)
1	WATTANA	正当な未リンク(名簿に候補なし)
1	Yodtanong	正当な未リンク(名簿に候補なし)
1	楠本鉱平	正当な未リンク(名簿に候補なし)
1	HANAWA	正当な未リンク(名簿に候補なし)
1	REIYA	正当な未リンク(名簿に候補なし)
1	北田竜汰	正当な未リンク(名簿に候補なし)
1	KEISUKE	正当な未リンク(名簿に候補なし)
1	山中 政信	正当な未リンク(名簿に候補なし)
1	クマンドーイ・ペットジャルーンウィット	正当な未リンク(名簿に候補なし)
1	マーティン・ブランコ	正当な未リンク(名簿に候補なし)
1	フリッツ・ビアグタン	正当な未リンク(名簿に候補なし)
1	フェデリコ・ローマ	正当な未リンク(名簿に候補なし)
1	堀口恭司	正当な未リンク(名簿に候補なし)
1	スアキム・シットソートーテーウ	正当な未リンク(名簿に候補なし)
1	"浜本""キャット""雄大"	正当な未リンク(名簿に候補なし)
1	イグナシオ“EL MISIL”カプロンチ	正当な未リンク(名簿に候補なし)
1	"アベンジャー"" ライアン・シェーハン"	正当な未リンク(名簿に候補なし)
1	フランチェスコ・ギリオッティ	正当な未リンク(名簿に候補なし)
1	アムナット・ルエンロン	正当な未リンク(名簿に候補なし)
1	ワンチャロン	正当な未リンク(名簿に候補なし)
1	リン・ビン	正当な未リンク(名簿に候補なし)
1	フレッド“The Joker”コデーロ	正当な未リンク(名簿に候補なし)
1	マノリス・カリシス	正当な未リンク(名簿に候補なし)
1	キム・ジンミン	正当な未リンク(名簿に候補なし)
1	アレクサンドロ・ヒデオ	正当な未リンク(名簿に候補なし)
1	MASANARI	正当な未リンク(名簿に候補なし)
1	岡部 祥太	正当な未リンク(名簿に候補なし)
1	トミーケン	正当な未リンク(名簿に候補なし)
1	半井 龍	正当な未リンク(名簿に候補なし)
1	イゴール・ミハエルヴィッチ	正当な未リンク(名簿に候補なし)
1	Venevicius Vaidotas	正当な未リンク(名簿に候補なし)
1	ツォルト・レクナー	正当な未リンク(名簿に候補なし)
1	ファブリース・ベルナルディン	正当な未リンク(名簿に候補なし)
1	カリム・アウーアデン	正当な未リンク(名簿に候補なし)
1	ティファニー・ヴァン・スースト	正当な未リンク(名簿に候補なし)
1	タナンチャノック・ゲーオサムリット	正当な未リンク(名簿に候補なし)
1	バイファインガン・キーラーヤソトーン	正当な未リンク(名簿に候補なし)
1	加藤みどり	正当な未リンク(名簿に候補なし)
1	ポーゲオ・ソーポーロー・ウドン	正当な未リンク(名簿に候補なし)
1	メイジ・バーンピートゥンルアンピートン	正当な未リンク(名簿に候補なし)
1	ホンカーオ・モーラチャパットチョンブン	正当な未リンク(名簿に候補なし)
1	ペットジージャ・オー・ミークン	正当な未リンク(名簿に候補なし)
1	高橋アリス	正当な未リンク(名簿に候補なし)
1	ヤン・マズル	正当な未リンク(名簿に候補なし)
1	キム・ハンヌル	正当な未リンク(名簿に候補なし)
1	ピーター・クルーク	正当な未リンク(名簿に候補なし)
1	オズワルド・パルマ	正当な未リンク(名簿に候補なし)
1	大石ゆきの	正当な未リンク(名簿に候補なし)
1	難波久美子	正当な未リンク(名簿に候補なし)
1	鈴木れい子	正当な未リンク(名簿に候補なし)
1	柴田奈美	正当な未リンク(名簿に候補なし)
1	コーネリウ・ルス	正当な未リンク(名簿に候補なし)
1	パトリック・ベルガー	正当な未リンク(名簿に候補なし)
1	デビット・ダンクレイド	正当な未リンク(名簿に候補なし)
1	トーマス・ラスミュッセン	正当な未リンク(名簿に候補なし)
1	Waldemar Dohmke	正当な未リンク(名簿に候補なし)
1	坂間豊	正当な未リンク(名簿に候補なし)
1	河野真弓	正当な未リンク(名簿に候補なし)
1	キム・キミン	正当な未リンク(名簿に候補なし)
1	閻文凱（ヤン・ウェンガイ）	正当な未リンク(名簿に候補なし)
1	サタントン・チョーハーパヤック	正当な未リンク(名簿に候補なし)
1	ジョシュー・アブサロン	正当な未リンク(名簿に候補なし)
1	デウン・ジットムアンノン	正当な未リンク(名簿に候補なし)
1	ルエル・カタラン	正当な未リンク(名簿に候補なし)
1	カオムーカイ・ペットシームー	正当な未リンク(名簿に候補なし)
1	ペットシートーン・ソー・サクナリン	正当な未リンク(名簿に候補なし)
1	ヨードタノン・オー.サンスック	正当な未リンク(名簿に候補なし)
1	杉山 芽尋	正当な未リンク(名簿に候補なし)
1	兵庫 志門	正当な未リンク(名簿に候補なし)
1	愛輝	正当な未リンク(名簿に候補なし)
1	クイック・チョップリー	正当な未リンク(名簿に候補なし)
1	瀧川 翎	正当な未リンク(名簿に候補なし)
1	中尾 暢夫	正当な未リンク(名簿に候補なし)
1	星野梨衣智	正当な未リンク(名簿に候補なし)
1	KEITO	正当な未リンク(名簿に候補なし)
1	帝征	正当な未リンク(名簿に候補なし)
1	Romaysa Rhouni	正当な未リンク(名簿に候補なし)
1	Mongkutpetch KhaolakMuaythai	正当な未リンク(名簿に候補なし)
1	Kaosuay Por.Kobkua	正当な未リンク(名簿に候補なし)
1	Nongparnfah FamilyMuayThai	正当な未リンク(名簿に候補なし)
1	アレクセイ・ノビッキー	正当な未リンク(名簿に候補なし)
1	Anass Ahmidouch-Fatah	正当な未リンク(名簿に候補なし)
1	Salah Hitou	正当な未リンク(名簿に候補なし)
1	Saber Tabi	正当な未リンク(名簿に候補なし)
1	山田 莉玖	正当な未リンク(名簿に候補なし)
1	ジェンギズ・ラーレ	正当な未リンク(名簿に候補なし)
1	ユーリィ・ハルバチェフ	正当な未リンク(名簿に候補なし)
1	アンドレ・ブダ	正当な未リンク(名簿に候補なし)
1	SOPHEAP ROMLY	正当な未リンク(名簿に候補なし)
1	森山侑音	正当な未リンク(名簿に候補なし)
1	ダイヤ・ウォーワンチャイ	正当な未リンク(名簿に候補なし)
1	小林広幸	正当な未リンク(名簿に候補なし)
1	奥村樹里	正当な未リンク(名簿に候補なし)
1	比企那菜実	正当な未リンク(名簿に候補なし)
1	Maggie Tucker	正当な未リンク(名簿に候補なし)
1	吉成ノア	正当な未リンク(名簿に候補なし)
1	中泉翔	正当な未リンク(名簿に候補なし)
1	須藤誇太朗	正当な未リンク(名簿に候補なし)
1	渡邉雄太	正当な未リンク(名簿に候補なし)
1	トラン・グエン-・ロク	正当な未リンク(名簿に候補なし)
1	悠里	正当な未リンク(名簿に候補なし)
1	山本亘哉	正当な未リンク(名簿に候補なし)
1	"マーカス・""XL""・ロイスター"	正当な未リンク(名簿に候補なし)
1	トゥカートン・ペットパタヤイ	正当な未リンク(名簿に候補なし)
1	ノンオー・ガイヤーンハーダオ	正当な未リンク(名簿に候補なし)
1	モハマド・ビン・マフムード	正当な未リンク(名簿に候補なし)
1	デイヴィダス・ダニラ	正当な未リンク(名簿に候補なし)
1	ジョーイ・ラケット	正当な未リンク(名簿に候補なし)
1	クリス・バヤ	正当な未リンク(名簿に候補なし)
1	ラファエル・ドゥーデック	正当な未リンク(名簿に候補なし)
1	ダニエル・ロメロ	正当な未リンク(名簿に候補なし)
1	モサブ・アムラーニ	正当な未リンク(名簿に候補なし)
1	平井 慎介	正当な未リンク(名簿に候補なし)
1	エルドリッチ・トーレル	正当な未リンク(名簿に候補なし)
1	小見川 道大	正当な未リンク(名簿に候補なし)
1	清水 俊一	正当な未リンク(名簿に候補なし)
1	ヨアキム・ハンセン	正当な未リンク(名簿に候補なし)
1	西浦 “ウィッキー”聡生	正当な未リンク(名簿に候補なし)
1	キム・ウーフ	正当な未リンク(名簿に候補なし)
1	大澤 茂樹	正当な未リンク(名簿に候補なし)
1	石田 光洋	正当な未リンク(名簿に候補なし)
1	タップロン・ボーチョーローソン	正当な未リンク(名簿に候補なし)
1	不死身夜 天慶	正当な未リンク(名簿に候補なし)
1	石川 剛司	正当な未リンク(名簿に候補なし)
1	湯田 達巳	正当な未リンク(名簿に候補なし)
1	酒井 武志	正当な未リンク(名簿に候補なし)
1	マーフィー・ペットモンコンディー	正当な未リンク(名簿に候補なし)
1	パヤーフォン・SWタワン	正当な未リンク(名簿に候補なし)
1	七瀬千鶴	正当な未リンク(名簿に候補なし)
1	木幡紀帆	正当な未リンク(名簿に候補なし)
1	高口 賢史郎	正当な未リンク(名簿に候補なし)
1	アリ・デュンヤル	正当な未リンク(名簿に候補なし)
1	ソーレン・キング	正当な未リンク(名簿に候補なし)
1	朴光哲	正当な未リンク(名簿に候補なし)
1	青葉繁	正当な未リンク(名簿に候補なし)
1	ヌンポントーン・バンコクストアー	正当な未リンク(名簿に候補なし)
1	REM PHEARAK	正当な未リンク(名簿に候補なし)
1	カズキ シッソー	正当な未リンク(名簿に候補なし)
1	ジョムラウィー・K CRONY	正当な未リンク(名簿に候補なし)
1	志賀 将大	正当な未リンク(名簿に候補なし)
1	岡野勇馬	正当な未リンク(名簿に候補なし)
1	土屋 信志	正当な未リンク(名簿に候補なし)
1	石田秀章	正当な未リンク(名簿に候補なし)
1	袁武	正当な未リンク(名簿に候補なし)
1	Darafkan behzad	正当な未リンク(名簿に候補なし)
1	シンビテウン	正当な未リンク(名簿に候補なし)
1	輝也	正当な未リンク(名簿に候補なし)
1	河村嘉展	正当な未リンク(名簿に候補なし)
1	雨宮洸太	正当な未リンク(名簿に候補なし)
1	ミラン	正当な未リンク(名簿に候補なし)
1	ルカ・ベローラ	正当な未リンク(名簿に候補なし)
1	ピーター・ホダク	正当な未リンク(名簿に候補なし)
1	マウロ・エレーラ	正当な未リンク(名簿に候補なし)
1	南国超人	正当な未リンク(名簿に候補なし)
1	野尻和樹	正当な未リンク(名簿に候補なし)
1	橋本友彦	正当な未リンク(名簿に候補なし)
1	ウイル・リーバ	正当な未リンク(名簿に候補なし)
1	鈴木政司	正当な未リンク(名簿に候補なし)
1	サイモン・ドール	正当な未リンク(名簿に候補なし)
1	ペットパークマイ チョーチャナ	正当な未リンク(名簿に候補なし)
1	Yacine KHRIJI	正当な未リンク(名簿に候補なし)
1	Roberto Oliva	正当な未リンク(名簿に候補なし)
1	上野惇平	正当な未リンク(名簿に候補なし)
1	池田一歩	正当な未リンク(名簿に候補なし)
1	トム・サントス	正当な未リンク(名簿に候補なし)
1	ジョニー“スィフト”スミス	正当な未リンク(名簿に候補なし)
1	バトジャルガル	正当な未リンク(名簿に候補なし)
1	ペットワンチャイ・ラジャサクレック	正当な未リンク(名簿に候補なし)
1	児玉夢澪	正当な未リンク(名簿に候補なし)
1	聖輝	正当な未リンク(名簿に候補なし)
1	エディ・ユアザパビュチス	正当な未リンク(名簿に候補なし)
1	加護秀明	正当な未リンク(名簿に候補なし)
1	センカン大和	正当な未リンク(名簿に候補なし)
1	野良猫友太	正当な未リンク(名簿に候補なし)
1	牛若丸	正当な未リンク(名簿に候補なし)
1	小野隆介	正当な未リンク(名簿に候補なし)
1	ロー・チーチェン	正当な未リンク(名簿に候補なし)
1	松田 沙和奈	正当な未リンク(名簿に候補なし)
1	夏井広夢	正当な未リンク(名簿に候補なし)
1	KOKORO BRAVERY	正当な未リンク(名簿に候補なし)
1	蔡欣蘋	正当な未リンク(名簿に候補なし)
1	고경진	正当な未リンク(名簿に候補なし)
1	山口創大	正当な未リンク(名簿に候補なし)
1	阿蘇和真	正当な未リンク(名簿に候補なし)
1	김대성	正当な未リンク(名簿に候補なし)
1	정정훈	正当な未リンク(名簿に候補なし)
1	Ivan Naccari	正当な未リンク(名簿に候補なし)
1	ジョハン・エストゥピニャン	正当な未リンク(名簿に候補なし)
1	シャーゾット・カブトフ	正当な未リンク(名簿に候補なし)
1	ゴントラニー・ソーソンマイ	正当な未リンク(名簿に候補なし)
1	アミール・ナセリ	正当な未リンク(名簿に候補なし)
1	スーパーレック・キアトモー9	正当な未リンク(名簿に候補なし)
1	ワン・ウェンフェン	正当な未リンク(名簿に候補なし)
1	ジョナサン・ハガティー	正当な未リンク(名簿に候補なし)
1	サバス・マイケル	正当な未リンク(名簿に候補なし)
1	アレクシ・セレピソフ	正当な未リンク(名簿に候補なし)
1	渡辺 優太	正当な未リンク(名簿に候補なし)
1	イムロン・ルックロンタン	正当な未リンク(名簿に候補なし)
1	川野 光	正当な未リンク(名簿に候補なし)
1	廣野 孝文	正当な未リンク(名簿に候補なし)
1	須藤 誇太郎	正当な未リンク(名簿に候補なし)
1	熊谷 大輔	正当な未リンク(名簿に候補なし)
1	齊藤 友	正当な未リンク(名簿に候補なし)
1	Simon TSE	正当な未リンク(名簿に候補なし)
1	ロウ・イツブン	正当な未リンク(名簿に候補なし)
1	YUNA	正当な未リンク(名簿に候補なし)
1	ジョセフ・コンチャ	正当な未リンク(名簿に候補なし)
1	佐藤光留	正当な未リンク(名簿に候補なし)
1	小川 香奈子	正当な未リンク(名簿に候補なし)
1	小林翔人	正当な未リンク(名簿に候補なし)
1	古賀亮成	正当な未リンク(名簿に候補なし)
1	齋藤伸明	正当な未リンク(名簿に候補なし)
1	ジュ―・シュアイ	正当な未リンク(名簿に候補なし)
1	木村充	正当な未リンク(名簿に候補なし)
1	石井振一郎	正当な未リンク(名簿に候補なし)
1	高井祐輔	正当な未リンク(名簿に候補なし)
1	近藤拓弥	正当な未リンク(名簿に候補なし)
1	柴田凛太郎	正当な未リンク(名簿に候補なし)
1	ダニエル・ソルティシアク	正当な未リンク(名簿に候補なし)
1	ジュニア・スア	正当な未リンク(名簿に候補なし)
1	ハリー・ホーフト	正当な未リンク(名簿に候補なし)
1	レイ・ホフマン	正当な未リンク(名簿に候補なし)
1	サンティーノ・ヴェルビーク	正当な未リンク(名簿に候補なし)
1	ノーマーシー・カズ	正当な未リンク(名簿に候補なし)
1	陽平	正当な未リンク(名簿に候補なし)
1	Gamze Korkmaz	正当な未リンク(名簿に候補なし)
1	Yen Ta Thi Kim	正当な未リンク(名簿に候補なし)
1	Nur Insyirah Binti Mandol	正当な未リンク(名簿に候補なし)
1	Sanaegham	正当な未リンク(名簿に候補なし)
1	将軍岡本	正当な未リンク(名簿に候補なし)
1	藤井将貴	正当な未リンク(名簿に候補なし)
1	大道翔貴	正当な未リンク(名簿に候補なし)
1	Brenno cordeiro	正当な未リンク(名簿に候補なし)
1	Lee DoKyeong	正当な未リンク(名簿に候補なし)
1	Park SeoRin	正当な未リンク(名簿に候補なし)
1	Juri de Sousa	正当な未リンク(名簿に候補なし)
1	Nikola Stošić	正当な未リンク(名簿に候補なし)
1	Aleksandar Petrov	正当な未リンク(名簿に候補なし)
1	関幸一郎	正当な未リンク(名簿に候補なし)
1	プリヤワン	正当な未リンク(名簿に候補なし)
1	クレメンティ・エグ	正当な未リンク(名簿に候補なし)
1	ラン・ロンシュー	正当な未リンク(名簿に候補なし)
1	モンクットペット・ペットプラオファー	正当な未リンク(名簿に候補なし)
1	ホンカンラヤー・ゴー	正当な未リンク(名簿に候補なし)
1	ホンヨック	正当な未リンク(名簿に候補なし)
1	ペッチャーダー・オー・ユッタチャイ	正当な未リンク(名簿に候補なし)
1	中村未来	正当な未リンク(名簿に候補なし)
1	パク・ユジン	正当な未リンク(名簿に候補なし)
1	ラットチャプロン・ポーニラモンス	正当な未リンク(名簿に候補なし)
1	劉晶晶	正当な未リンク(名簿に候補なし)
1	タン・カ・リー	正当な未リンク(名簿に候補なし)
1	後藤 まき	正当な未リンク(名簿に候補なし)
1	Lomfon Sor. Silaluk	正当な未リンク(名簿に候補なし)
1	Mookmanee Nor. Narksuwan	正当な未リンク(名簿に候補なし)
1	Winnia Leow	正当な未リンク(名簿に候補なし)
1	Zakaria Zouggary	正当な未リンク(名簿に候補なし)
1	Anvar Boynazarov	正当な未リンク(名簿に候補なし)
1	Victor Pinto	正当な未リンク(名簿に候補なし)
1	Petch	正当な未リンク(名簿に候補なし)
1	Azize Hlali	正当な未リンク(名簿に候補なし)
1	フジモン魂	正当な未リンク(名簿に候補なし)
1	政斗	正当な未リンク(名簿に候補なし)
1	細越 智己	正当な未リンク(名簿に候補なし)
1	降籏 健嗣	正当な未リンク(名簿に候補なし)
1	松山 翔太	正当な未リンク(名簿に候補なし)
1	ジョナサン・マエゾ	正当な未リンク(名簿に候補なし)
1	島人租根	正当な未リンク(名簿に候補なし)
1	久保 健太	正当な未リンク(名簿に候補なし)
1	浅井 義弘	正当な未リンク(名簿に候補なし)
1	ゴラン・ボロヴィッチ	正当な未リンク(名簿に候補なし)
1	ハリッド・ラザール	正当な未リンク(名簿に候補なし)
1	KING京介	正当な未リンク(名簿に候補なし)
1	旗暴	正当な未リンク(名簿に候補なし)
1	ヌアシラー・ウォーウラチャー	正当な未リンク(名簿に候補なし)
1	ウザイル・イスモイルジャノフ	正当な未リンク(名簿に候補なし)
1	足利 也真澄	正当な未リンク(名簿に候補なし)
1	tatsu魅	正当な未リンク(名簿に候補なし)
1	オルチャン-K	正当な未リンク(名簿に候補なし)
1	丸山準一	正当な未リンク(名簿に候補なし)
1	貴之ウィラサクレック	正当な未リンク(名簿に候補なし)
1	石塚勇史	正当な未リンク(名簿に候補なし)
1	チェ・サンギョン	正当な未リンク(名簿に候補なし)
1	小島　荘太	正当な未リンク(名簿に候補なし)
1	ジョシュ・トーナー	正当な未リンク(名簿に候補なし)
1	キ・ヒョクチョイ	正当な未リンク(名簿に候補なし)
1	川上大樹	正当な未リンク(名簿に候補なし)
1	テープジューン・サイチャーン	正当な未リンク(名簿に候補なし)
1	パジョンスック・ポー. プラムック	正当な未リンク(名簿に候補なし)
1	ATSUSHI	正当な未リンク(名簿に候補なし)
1	大藪大志	正当な未リンク(名簿に候補なし)
1	中西卓也	正当な未リンク(名簿に候補なし)
1	平松 翔	正当な未リンク(名簿に候補なし)
1	山本歩夢	正当な未リンク(名簿に候補なし)
1	CORO	正当な未リンク(名簿に候補なし)
1	今吉勇樹	正当な未リンク(名簿に候補なし)
1	成瀬晴規	正当な未リンク(名簿に候補なし)
1	司	正当な未リンク(名簿に候補なし)
1	ハフィド・エル・ブスタティ	正当な未リンク(名簿に候補なし)
1	山田真也	正当な未リンク(名簿に候補なし)
1	秋吉 雅喜	正当な未リンク(名簿に候補なし)
1	ジョームタップ・ハーデスワークアウト	正当な未リンク(名簿に候補なし)
1	裕太	正当な未リンク(名簿に候補なし)
1	高橋 孝徳	正当な未リンク(名簿に候補なし)
1	家元 智明	正当な未リンク(名簿に候補なし)
1	シティーチャイ	正当な未リンク(名簿に候補なし)
1	長島佳代子	正当な未リンク(名簿に候補なし)
1	石山絵理	正当な未リンク(名簿に候補なし)
1	林裕子	正当な未リンク(名簿に候補なし)
1	只野南	正当な未リンク(名簿に候補なし)
1	下村玲子	正当な未リンク(名簿に候補なし)
1	戸笈和歌子	正当な未リンク(名簿に候補なし)
1	マリア・パンタージ	正当な未リンク(名簿に候補なし)
1	三宅優心	正当な未リンク(名簿に候補なし)
1	ギャティサック・シットサイトーン	正当な未リンク(名簿に候補なし)
1	ティーラポン・ギャットチャイヨン	正当な未リンク(名簿に候補なし)
1	ジャオウェーハー・シットチアンビン	正当な未リンク(名簿に候補なし)
1	スアデット・ソー.ラティデット	正当な未リンク(名簿に候補なし)
1	ゲーンファーン・ポー.プアンチョン	正当な未リンク(名簿に候補なし)
1	プラルハット・サックパンヤー	正当な未リンク(名簿に候補なし)
1	アピサックK.T.ジム	正当な未リンク(名簿に候補なし)
1	チャイナローン・オーシン	正当な未リンク(名簿に候補なし)
1	ジャックサヤーム	正当な未リンク(名簿に候補なし)
1	ウティーチャイ・ソー・プィロムトーン	正当な未リンク(名簿に候補なし)
1	パーカーオ・クランセーンマーハーサーラカーム	正当な未リンク(名簿に候補なし)
1	シークン・ロムシートーン	正当な未リンク(名簿に候補なし)
1	デンワットボット・ソー・ウィアンデット	正当な未リンク(名簿に候補なし)
1	ウィナイレック・ポー・ランサン	正当な未リンク(名簿に候補なし)
1	シンマニー・ソー・シーソムポン	正当な未リンク(名簿に候補なし)
1	ウイタヤーノーイ・シットクゥオンイム	正当な未リンク(名簿に候補なし)
1	デンラングー・トー．サーラデット	正当な未リンク(名簿に候補なし)
1	ガンスワン・レッドムーン	正当な未リンク(名簿に候補なし)
1	トゥンソンノーイ・シンポンローハー	正当な未リンク(名簿に候補なし)
1	ソンマイ・ケオセン	正当な未リンク(名簿に候補なし)
1	ジャルンチャイ・ジョー.ラチャダーゴン	正当な未リンク(名簿に候補なし)
1	デンターサイ・ギャットウィワット	正当な未リンク(名簿に候補なし)
1	星野豹	正当な未リンク(名簿に候補なし)
1	高修満	正当な未リンク(名簿に候補なし)
1	ソムラック・カムシン	正当な未リンク(名簿に候補なし)
1	アタポン・ポー・サムラーンチャイ	正当な未リンク(名簿に候補なし)
1	パリンヤー	正当な未リンク(名簿に候補なし)
1	ノッパガオ・ソーワンチャート	正当な未リンク(名簿に候補なし)
1	ゲーンダラー・スワンアハンジャーヴィー	正当な未リンク(名簿に候補なし)
1	ジャッカル黒石	正当な未リンク(名簿に候補なし)
1	チュンロン・シットクングライ	正当な未リンク(名簿に候補なし)
1	ギャットイサーン・スワンアハーンジャビー	正当な未リンク(名簿に候補なし)
1	アダム・“アグレッサー”・ホーラハン	正当な未リンク(名簿に候補なし)
1	サーイヤン・チューワッタナ	正当な未リンク(名簿に候補なし)
1	ティティマー・ギャットプラサンチャイ	正当な未リンク(名簿に候補なし)
1	ソンコム・ギアッヌクン	正当な未リンク(名簿に候補なし)
1	シーサワット・サックムァンファングレーン	正当な未リンク(名簿に候補なし)
1	木村倫恭	正当な未リンク(名簿に候補なし)
1	小柳伸吾	正当な未リンク(名簿に候補なし)
1	嘉数直	正当な未リンク(名簿に候補なし)
1	兎英鉄	正当な未リンク(名簿に候補なし)
1	藤田純	正当な未リンク(名簿に候補なし)
1	プリンス・アリ	正当な未リンク(名簿に候補なし)
1	アベレッツ山本玲	正当な未リンク(名簿に候補なし)
1	セルグ・弁慶・ガレシック	正当な未リンク(名簿に候補なし)
1	ヤン・ヘジョン	正当な未リンク(名簿に候補なし)
1	キム・ネイチェル	正当な未リンク(名簿に候補なし)
1	クラフトン・ブレイズ・ワランス	正当な未リンク(名簿に候補なし)
1	ワン・ジンガン	正当な未リンク(名簿に候補なし)
1	イ・ギファン	正当な未リンク(名簿に候補なし)
1	沢田秀男	正当な未リンク(名簿に候補なし)
1	河北光生	正当な未リンク(名簿に候補なし)
1	虎二郎	正当な未リンク(名簿に候補なし)
1	本田優一	正当な未リンク(名簿に候補なし)
1	TAEKEUN [てくん]	正当な未リンク(名簿に候補なし)
1	久保薗ルイス	正当な未リンク(名簿に候補なし)
1	松本勇三	正当な未リンク(名簿に候補なし)
1	小笠原綾子	正当な未リンク(名簿に候補なし)
1	ヴィトー・トファニール	正当な未リンク(名簿に候補なし)
1	ブルーノ・マレーガ	正当な未リンク(名簿に候補なし)
1	大石智斗	正当な未リンク(名簿に候補なし)
1	SAMUEL	正当な未リンク(名簿に候補なし)
1	八野慶	正当な未リンク(名簿に候補なし)
1	シラー・Y'ZD	正当な未リンク(名簿に候補なし)
1	湊 来夢	正当な未リンク(名簿に候補なし)
1	服部柊斗	正当な未リンク(名簿に候補なし)
1	アドハム・ルジエフ	正当な未リンク(名簿に候補なし)
1	田中 春翔	正当な未リンク(名簿に候補なし)
1	須賀 博喜	正当な未リンク(名簿に候補なし)
1	北野ひなた	正当な未リンク(名簿に候補なし)
1	巖士鎔	正当な未リンク(名簿に候補なし)
1	アレハンドロ・ナヴァロ	正当な未リンク(名簿に候補なし)
1	佐藤大地	正当な未リンク(名簿に候補なし)
1	ミロスラフ・ヴヨビッチ	正当な未リンク(名簿に候補なし)
1	三輪憂斗	正当な未リンク(名簿に候補なし)
1	若井秀幸	正当な未リンク(名簿に候補なし)
1	下東悠馬	正当な未リンク(名簿に候補なし)
1	松葉竜慈	正当な未リンク(名簿に候補なし)
1	Pet Samui	正当な未リンク(名簿に候補なし)
1	Genta	正当な未リンク(名簿に候補なし)
1	Jonathan Di Bella	正当な未リンク(名簿に候補なし)
1	Superlek	正当な未リンク(名簿に候補なし)
1	大野心寿	正当な未リンク(名簿に候補なし)
1	新井惇之	正当な未リンク(名簿に候補なし)
1	Turbayar Uzliibat	正当な未リンク(名簿に候補なし)
1	佐藤淳	正当な未リンク(名簿に候補なし)
1	ウィル・リーバ	正当な未リンク(名簿に候補なし)
1	谷村光教	正当な未リンク(名簿に候補なし)
1	岡本レイ	正当な未リンク(名簿に候補なし)
1	谷岡佑樹	正当な未リンク(名簿に候補なし)
1	上杉 文博	正当な未リンク(名簿に候補なし)
1	SHINSUKE	正当な未リンク(名簿に候補なし)
1	佐々木大輔	正当な未リンク(名簿に候補なし)
1	HAL	正当な未リンク(名簿に候補なし)
1	Kyara van der Klooster	正当な未リンク(名簿に候補なし)
1	Giuliana Parisi	正当な未リンク(名簿に候補なし)
1	Eirini Chatziiosifidou	正当な未リンク(名簿に候補なし)
1	ANGI MATHEA	正当な未リンク(名簿に候補なし)
1	ジュリアナ・コスナルド	正当な未リンク(名簿に候補なし)
1	Suhailey Albertus	正当な未リンク(名簿に候補なし)
1	Rebecca Garside	正当な未リンク(名簿に候補なし)
1	石上祐一郎	正当な未リンク(名簿に候補なし)
1	ウルフかおり	正当な未リンク(名簿に候補なし)
1	Zhao changyang	正当な未リンク(名簿に候補なし)
1	Superlek Kiatmoo9	正当な未リンク(名簿に候補なし)
1	安斎 宙	正当な未リンク(名簿に候補なし)
1	大澤辰徳	正当な未リンク(名簿に候補なし)
1	ヨーセンチャイ・ソー・ソーピット	正当な未リンク(名簿に候補なし)
1	稼頭徳	正当な未リンク(名簿に候補なし)
1	ペップノーイ・パリシャー	正当な未リンク(名簿に候補なし)
1	岩波祐次	正当な未リンク(名簿に候補なし)
1	MITSUKO	正当な未リンク(名簿に候補なし)
1	戸田 史	正当な未リンク(名簿に候補なし)
1	エミリー・チョン	正当な未リンク(名簿に候補なし)
1	サワラート・シットクルジャ	正当な未リンク(名簿に候補なし)
1	李彦誼	正当な未リンク(名簿に候補なし)
1	YURIKO	正当な未リンク(名簿に候補なし)
1	ナンポン	正当な未リンク(名簿に候補なし)
1	キム・ギフン	正当な未リンク(名簿に候補なし)
1	ジャン・ホヨン	正当な未リンク(名簿に候補なし)
1	渡部 ヒロシ	正当な未リンク(名簿に候補なし)
1	裕喜	正当な未リンク(名簿に候補なし)
1	前田 浩喜	正当な未リンク(名簿に候補なし)
1	猿丸 ジュンジ	正当な未リンク(名簿に候補なし)
1	イ・ヒュンユ	正当な未リンク(名簿に候補なし)
1	メリー酒井	正当な未リンク(名簿に候補なし)
1	崎村 暁東	正当な未リンク(名簿に候補なし)
1	藍 寛之	正当な未リンク(名簿に候補なし)
1	船橋 寛史	正当な未リンク(名簿に候補なし)
1	岩崎 秀雄	正当な未リンク(名簿に候補なし)
1	タファ・ミシパティ	正当な未リンク(名簿に候補なし)
1	ファイサル・ザカリア	正当な未リンク(名簿に候補なし)
1	ピーター・サンプソン	正当な未リンク(名簿に候補なし)
1	ジェイ・ヒッピー	正当な未リンク(名簿に候補なし)
1	ペンペット・ソーティヤンチャイ	正当な未リンク(名簿に候補なし)
1	佐藤 怜南	正当な未リンク(名簿に候補なし)
1	吉野 楓香	正当な未リンク(名簿に候補なし)
1	佐藤 伶南	正当な未リンク(名簿に候補なし)
1	Pimchanoc	正当な未リンク(名簿に候補なし)
1	新井 美穂	正当な未リンク(名簿に候補なし)
1	吉野 楓花	正当な未リンク(名簿に候補なし)
1	eneos朱里	正当な未リンク(名簿に候補なし)
1	湯山 綾香	正当な未リンク(名簿に候補なし)
1	NITRO大輔	正当な未リンク(名簿に候補なし)
1	國安浩史	正当な未リンク(名簿に候補なし)
1	克	正当な未リンク(名簿に候補なし)
1	小宮山大介	正当な未リンク(名簿に候補なし)
1	飛本栽	正当な未リンク(名簿に候補なし)
1	遠藤和美	正当な未リンク(名簿に候補なし)
1	マルコ・ヘスス	正当な未リンク(名簿に候補なし)
1	イリアス・ボカユア	正当な未リンク(名簿に候補なし)
1	Hui Jun Cheon	正当な未リンク(名簿に候補なし)
1	丸山龍介	正当な未リンク(名簿に候補なし)
1	野島琉生	正当な未リンク(名簿に候補なし)
1	氏原文男	正当な未リンク(名簿に候補なし)
1	仲田光大	正当な未リンク(名簿に候補なし)
1	イ・チャンヒョン	正当な未リンク(名簿に候補なし)
1	ジョ・ギフン	正当な未リンク(名簿に候補なし)
1	ヨードワンディ・ソーチャナティップ	正当な未リンク(名簿に候補なし)
1	高橋 一眞	正当な未リンク(名簿に候補なし)
1	チャオ・ロゲート	正当な未リンク(名簿に候補なし)
1	ダイナモ☆レンジャ	正当な未リンク(名簿に候補なし)
1	カズ仲村	正当な未リンク(名簿に候補なし)
1	アーミー	正当な未リンク(名簿に候補なし)
1	CAIN BRUNTON	正当な未リンク(名簿に候補なし)
1	スーパークレイジーK	正当な未リンク(名簿に候補なし)
1	シントンノーイ・ポーティラックン	正当な未リンク(名簿に候補なし)
1	イリアス・エナッシ	正当な未リンク(名簿に候補なし)
1	ルンペット・ガイヤーンハーダオ	正当な未リンク(名簿に候補なし)
1	ムンファン・ポー.ポンサワン	正当な未リンク(名簿に候補なし)
1	ファーミーチャイ・シップーター	正当な未リンク(名簿に候補なし)
1	クワンエーク・ギャットカムポーン	正当な未リンク(名簿に候補なし)
1	ラタナチャイ・ソーウォラピン	正当な未リンク(名簿に候補なし)
1	玲央	正当な未リンク(名簿に候補なし)
1	コンパヤック・ウィラサクレック	正当な未リンク(名簿に候補なし)
1	千葉 剣士郎	正当な未リンク(名簿に候補なし)
1	堀口 貴博	正当な未リンク(名簿に候補なし)
1	不動明王	正当な未リンク(名簿に候補なし)
1	勝又 祐一郎	正当な未リンク(名簿に候補なし)
1	YOON DEOKJAE	正当な未リンク(名簿に候補なし)
1	ビースト・サイアム	正当な未リンク(名簿に候補なし)
1	真辺 龍太	正当な未リンク(名簿に候補なし)
1	狂犬がいと	正当な未リンク(名簿に候補なし)
1	マイルズ・シムソン	正当な未リンク(名簿に候補なし)
1	杉竹孝夫	正当な未リンク(名簿に候補なし)
1	山元ケンシ	正当な未リンク(名簿に候補なし)
1	吉村凌二郎	正当な未リンク(名簿に候補なし)
1	藤本羽	正当な未リンク(名簿に候補なし)
1	ルスラン・コロドコ	正当な未リンク(名簿に候補なし)
1	ดอกไม้ป่า ท็อปแพรี่	正当な未リンク(名簿に候補なし)
1	栄井大進	正当な未リンク(名簿に候補なし)
1	パルハットレック	正当な未リンク(名簿に候補なし)
1	コムンレック・トー・シーラチャイ	正当な未リンク(名簿に候補なし)
1	デットチュポン・ソー・ギェンシリパット	正当な未リンク(名簿に候補なし)
1	ヨーデチャー・シットヨートン	正当な未リンク(名簿に候補なし)
1	ヨーガッタンユー・オーウィジッパン	正当な未リンク(名簿に候補なし)
1	狩野卓	正当な未リンク(名簿に候補なし)
1	阿倍攻気	正当な未リンク(名簿に候補なし)
1	イタリヤ超輔	正当な未リンク(名簿に候補なし)
1	小野雅章	正当な未リンク(名簿に候補なし)
1	武藤正浩	正当な未リンク(名簿に候補なし)
1	キ・ヒュク・チョイ	正当な未リンク(名簿に候補なし)
1	パジョンスック・ポー.プラムック	正当な未リンク(名簿に候補なし)
1	ジュン・ビュング	正当な未リンク(名簿に候補なし)
1	ツァン・ジャヒ	正当な未リンク(名簿に候補なし)
1	ラジャサクレック・ソーワラピン	正当な未リンク(名簿に候補なし)
1	ジェフリーマヌーパサ	正当な未リンク(名簿に候補なし)
1	ダン・ローリングス	正当な未リンク(名簿に候補なし)
1	カチャスック・ピサヌラチャイ	正当な未リンク(名簿に候補なし)
1	高屋敷哲明	正当な未リンク(名簿に候補なし)
1	白井真	正当な未リンク(名簿に候補なし)
1	マツダ・ホネル	正当な未リンク(名簿に候補なし)
1	ヴァキド・アブバカロフ	正当な未リンク(名簿に候補なし)
1	ヨアキム・カリソン	正当な未リンク(名簿に候補なし)
1	CruSher松川敬子	正当な未リンク(名簿に候補なし)
1	ブランドン・スペイン	正当な未リンク(名簿に候補なし)
1	マイク・レダン	正当な未リンク(名簿に候補なし)
1	ジャン・ポー	正当な未リンク(名簿に候補なし)
1	上杉隼士	正当な未リンク(名簿に候補なし)
1	デニス・テリシャ	正当な未リンク(名簿に候補なし)
1	久保薗 彩	正当な未リンク(名簿に候補なし)
1	藤元洋二	正当な未リンク(名簿に候補なし)
1	谷口 聡	正当な未リンク(名簿に候補なし)
1	林 龍太	正当な未リンク(名簿に候補なし)
1	安田鉄平	正当な未リンク(名簿に候補なし)
1	藤井基文	正当な未リンク(名簿に候補なし)
1	Shakir Al-Tekreeti	正当な未リンク(名簿に候補なし)
1	ラズ・セルキシアン Raz Sarkisyan	正当な未リンク(名簿に候補なし)
1	武田直樹	正当な未リンク(名簿に候補なし)
1	yama刃	正当な未リンク(名簿に候補なし)
1	福田祐介	正当な未リンク(名簿に候補なし)
1	池田洋将	正当な未リンク(名簿に候補なし)
1	キンバリー・ノヴァス	正当な未リンク(名簿に候補なし)
1	クラウディア・パウィカ	正当な未リンク(名簿に候補なし)
1	シンディ・アルベス	正当な未リンク(名簿に候補なし)
1	カネ・チョー.カンピロム	正当な未リンク(名簿に候補なし)
1	エリー・エクストゥム	正当な未リンク(名簿に候補なし)
1	ティーチャー・ローンリェン.ギーラーコーラート	正当な未リンク(名簿に候補なし)
1	シモーネ・ドーメレン	正当な未リンク(名簿に候補なし)
1	イム・ソヒ	正当な未リンク(名簿に候補なし)
1	イ・ジウェン	正当な未リンク(名簿に候補なし)
1	メイリー・ウォン.ポーマス	正当な未リンク(名簿に候補なし)
1	ロレーナ･クライン	正当な未リンク(名簿に候補なし)
1	トウ・ペイリン	正当な未リンク(名簿に候補なし)
1	ジェシカ・ペネ	正当な未リンク(名簿に候補なし)
1	サーサ･ソーアリー	正当な未リンク(名簿に候補なし)
1	ケイト・マルチネス	正当な未リンク(名簿に候補なし)
1	石岡 沙織	正当な未リンク(名簿に候補なし)
1	吉田 正子	正当な未リンク(名簿に候補なし)
1	富田 美里	正当な未リンク(名簿に候補なし)
1	関 友紀子	正当な未リンク(名簿に候補なし)
1	Beata Dudek	正当な未リンク(名簿に候補なし)
1	エバニー・ブリッジス	正当な未リンク(名簿に候補なし)
1	インデヤ・スミス	正当な未リンク(名簿に候補なし)
1	亀井 美子	正当な未リンク(名簿に候補なし)
1	妃芽奈	正当な未リンク(名簿に候補なし)
1	チョキチョキ清水	正当な未リンク(名簿に候補なし)
1	マイク・ジョー	正当な未リンク(名簿に候補なし)
1	チャンスック・	正当な未リンク(名簿に候補なし)
1	トニー・アマヤ	正当な未リンク(名簿に候補なし)
1	薮中謙佑	正当な未リンク(名簿に候補なし)
1	YO$HI	正当な未リンク(名簿に候補なし)
1	金剛 駿	正当な未リンク(名簿に候補なし)
1	メルビン・ムレー	正当な未リンク(名簿に候補なし)
1	"クリフ""ツインタイソン""コーザー"	正当な未リンク(名簿に候補なし)
1	ラス・ホワイト	正当な未リンク(名簿に候補なし)
1	アイアン・ロニー	正当な未リンク(名簿に候補なし)
1	瀬川 琉	正当な未リンク(名簿に候補なし)
1	水本伸	正当な未リンク(名簿に候補なし)
1	レミー・ボンネル	正当な未リンク(名簿に候補なし)
1	メルビン・マーリー	正当な未リンク(名簿に候補なし)
1	大畠正志	正当な未リンク(名簿に候補なし)
1	伊奈バウアー良太	正当な未リンク(名簿に候補なし)
1	松元 仁志	正当な未リンク(名簿に候補なし)
1	ベンツ飯田	正当な未リンク(名簿に候補なし)
1	小野智史	正当な未リンク(名簿に候補なし)
1	大川直人	正当な未リンク(名簿に候補なし)
1	清水力一	正当な未リンク(名簿に候補なし)
1	外山繁幸	正当な未リンク(名簿に候補なし)
1	土谷哲星	正当な未リンク(名簿に候補なし)
1	天雷 しゅんすけ	正当な未リンク(名簿に候補なし)
1	哲太	正当な未リンク(名簿に候補なし)
1	平田 純一	正当な未リンク(名簿に候補なし)
1	Johnny ณัฐพงษ์ คิดหวัง	正当な未リンク(名簿に候補なし)
1	Guillermo Del Rio Perez	正当な未リンク(名簿に候補なし)
1	郷州 力	正当な未リンク(名簿に候補なし)
1	潔 人	正当な未リンク(名簿に候補なし)
1	上妻慎治	正当な未リンク(名簿に候補なし)
1	フレデリック・シナトラ	正当な未リンク(名簿に候補なし)
1	フレデリック・ベロニー	正当な未リンク(名簿に候補なし)
1	西田勝行	正当な未リンク(名簿に候補なし)
1	波賀創太	正当な未リンク(名簿に候補なし)
1	トレント・ガーダム	正当な未リンク(名簿に候補なし)
1	イ・ギュドン	正当な未リンク(名簿に候補なし)
1	ロートレック・ジャオタライトーン	正当な未リンク(名簿に候補なし)
1	シリモンコン・PK	正当な未リンク(名簿に候補なし)
1	キース・マクラクマン	正当な未リンク(名簿に候補なし)
1	キース・マクラクラン	正当な未リンク(名簿に候補なし)
1	ペットプーンチュー・ソー・ソンマイ	正当な未リンク(名簿に候補なし)
1	ペットブーンチュー・ソー・ソンマイ	正当な未リンク(名簿に候補なし)
1	ジョムピチット・チュワタナ	正当な未リンク(名簿に候補なし)
1	ステファン・メレディ	正当な未リンク(名簿に候補なし)
1	エッガラート	正当な未リンク(名簿に候補なし)
1	KINGレイナ	正当な未リンク(名簿に候補なし)
1	溝口 孝湖	正当な未リンク(名簿に候補なし)
1	シン・ミンヒ	正当な未リンク(名簿に候補なし)
1	ペッターピー・クルンテープトンブリー	正当な未リンク(名簿に候補なし)
1	杉山 しずか	正当な未リンク(名簿に候補なし)
1	空手 こまち	正当な未リンク(名簿に候補なし)
1	法 DATE	正当な未リンク(名簿に候補なし)
1	プーラッホン・シットヂャーデーン	正当な未リンク(名簿に候補なし)
1	ローラ・ジャンジラ	正当な未リンク(名簿に候補なし)
1	大久保 拓	正当な未リンク(名簿に候補なし)
1	カン・ジェヒョク	正当な未リンク(名簿に候補なし)
1	高橋 茂章	正当な未リンク(名簿に候補なし)
1	SHOOT-A.K.G	正当な未リンク(名簿に候補なし)
1	岩浪 悠弥	正当な未リンク(名簿に候補なし)
1	原 大輔	正当な未リンク(名簿に候補なし)
1	清水 隆誠	正当な未リンク(名簿に候補なし)
1	大田原 虎仁	正当な未リンク(名簿に候補なし)
1	高坂 侑弥	正当な未リンク(名簿に候補なし)
1	重田 友希	正当な未リンク(名簿に候補なし)
1	金原 正徳	正当な未リンク(名簿に候補なし)
1	茂木 俊介	正当な未リンク(名簿に候補なし)
1	バリーズ・カラバス	正当な未リンク(名簿に候補なし)
1	蓮見 龍馬	正当な未リンク(名簿に候補なし)
1	シン・ソンホ	正当な未リンク(名簿に候補なし)
1	堅総	正当な未リンク(名簿に候補なし)
1	永井 健太朗	正当な未リンク(名簿に候補なし)
1	大和 大地	正当な未リンク(名簿に候補なし)
1	村上 隆史	正当な未リンク(名簿に候補なし)
1	小浪 裕太	正当な未リンク(名簿に候補なし)
1	水戸 一雄	正当な未リンク(名簿に候補なし)
1	田口 真也	正当な未リンク(名簿に候補なし)
1	田原 大嗣	正当な未リンク(名簿に候補なし)
1	がんばれ！ふるかわくん	正当な未リンク(名簿に候補なし)
1	帝 征	正当な未リンク(名簿に候補なし)
1	和紀	正当な未リンク(名簿に候補なし)
1	谷川龍太	正当な未リンク(名簿に候補なし)
1	鹿津シンジ	正当な未リンク(名簿に候補なし)
1	YOUSHI	正当な未リンク(名簿に候補なし)
1	森興二	正当な未リンク(名簿に候補なし)
1	高谷 賢章	正当な未リンク(名簿に候補なし)
1	鍬田 龍岐	正当な未リンク(名簿に候補なし)
1	柴田直哉	正当な未リンク(名簿に候補なし)
1	野村太陽	正当な未リンク(名簿に候補なし)
1	Sheng Yizhuo	正当な未リンク(名簿に候補なし)
1	MEI	正当な未リンク(名簿に候補なし)
1	YUKINO	正当な未リンク(名簿に候補なし)
1	坂本優	正当な未リンク(名簿に候補なし)
1	堀内 代輝	正当な未リンク(名簿に候補なし)
1	相島珀斗	正当な未リンク(名簿に候補なし)
1	ハル	正当な未リンク(名簿に候補なし)
1	新田純一	正当な未リンク(名簿に候補なし)
1	池本誠知	正当な未リンク(名簿に候補なし)
1	“オルチャン”クォン・ミンソク	正当な未リンク(名簿に候補なし)
1	"""オルチャン""クォン・ミンソク"	正当な未リンク(名簿に候補なし)
1	ファリッド・キダー	正当な未リンク(名簿に候補なし)
1	ナオぴょん	正当な未リンク(名簿に候補なし)
1	池田泰喜	正当な未リンク(名簿に候補なし)
1	ちさとkiss Me！	正当な未リンク(名簿に候補なし)
1	KYOTARO	正当な未リンク(名簿に候補なし)
1	プライチュンポン ソーシーソムポム	正当な未リンク(名簿に候補なし)
1	柿沼慶	正当な未リンク(名簿に候補なし)
1	谷口聡	正当な未リンク(名簿に候補なし)
1	本田幸一郎	正当な未リンク(名簿に候補なし)
1	辻 健太郎	正当な未リンク(名簿に候補なし)
1	パトリック・ルヘイン	正当な未リンク(名簿に候補なし)
1	芦田 崇宏	正当な未リンク(名簿に候補なし)
1	川合 サンディ	正当な未リンク(名簿に候補なし)
1	鈴木 琢仁	正当な未リンク(名簿に候補なし)
1	佐逹 淳	正当な未リンク(名簿に候補なし)
1	キム・ギュニャン	正当な未リンク(名簿に候補なし)
1	ガン	正当な未リンク(名簿に候補なし)
1	⚪️岩橋伸太郎	正当な未リンク(名簿に候補なし)
1	勅使河原綾太	正当な未リンク(名簿に候補なし)
1	フェナンド・サンチェス	正当な未リンク(名簿に候補なし)
1	Mark Antony	正当な未リンク(名簿に候補なし)
1	上村康太(WINNER)	正当な未リンク(名簿に候補なし)
1	セダータクヤ	正当な未リンク(名簿に候補なし)
1	クリスチャン・クリンゲンバーグ	正当な未リンク(名簿に候補なし)
1	イムロ・メイン	正当な未リンク(名簿に候補なし)
1	Topgun kiatsongrit	正当な未リンク(名簿に候補なし)
1	七夜志貴	正当な未リンク(名簿に候補なし)
1	九龍暴	正当な未リンク(名簿に候補なし)
1	雷電HIROAKI	正当な未リンク(名簿に候補なし)
1	セーンアティット	正当な未リンク(名簿に候補なし)
1	Petnumwan Pettonping	正当な未リンク(名簿に候補なし)
1	Muaythaisuppry	正当な未リンク(名簿に候補なし)
1	Petsiam Sit.poryut	正当な未リンク(名簿に候補なし)
1	奥脇竜哉	正当な未リンク(名簿に候補なし)
1	エリック・ケリー	正当な未リンク(名簿に候補なし)
1	大石幸史	正当な未リンク(名簿に候補なし)
1	ホノリオ・バナリオ	正当な未リンク(名簿に候補なし)
1	勇太	正当な未リンク(名簿に候補なし)
1	ロムルノ・ドメニコ	正当な未リンク(名簿に候補なし)
1	原島“モルモット”佑治	正当な未リンク(名簿に候補なし)
1	清水健人	正当な未リンク(名簿に候補なし)
1	田嶋真虎	正当な未リンク(名簿に候補なし)
1	⚪️高橋大輝	正当な未リンク(名簿に候補なし)
1	蒔田 亮	正当な未リンク(名簿に候補なし)
1	クリストファー・キャロン	正当な未リンク(名簿に候補なし)
1	アレクサンダー・ノボビッチ	正当な未リンク(名簿に候補なし)
1	ミンダウガス・カリカウスカス	正当な未リンク(名簿に候補なし)
1	イベカ・ペルコビッチ	正当な未リンク(名簿に候補なし)
1	ルスラン・ビザエフ	正当な未リンク(名簿に候補なし)
1	アレクサンダー・マザロフ	正当な未リンク(名簿に候補なし)
1	笠原秋澄	正当な未リンク(名簿に候補なし)
1	松田龍聖［たつき］	正当な未リンク(名簿に候補なし)
1	オートー・ムアンパープン	正当な未リンク(名簿に候補なし)
1	志 朗	正当な未リンク(名簿に候補なし)
1	ジュムラウィー	正当な未リンク(名簿に候補なし)
1	エイブラハム・ビダレス	正当な未リンク(名簿に候補なし)
1	ケビンヴァン・ノストランド	正当な未リンク(名簿に候補なし)
1	ヨッキ・オビ	正当な未リンク(名簿に候補なし)
1	岡田響也	正当な未リンク(名簿に候補なし)
1	森川晃成	正当な未リンク(名簿に候補なし)
1	あゆむ	正当な未リンク(名簿に候補なし)
1	ヨッティング・シット・ナムカブアン	正当な未リンク(名簿に候補なし)
1	吉良優輝	正当な未リンク(名簿に候補なし)
1	小森あかね	正当な未リンク(名簿に候補なし)
1	中路 悠斗	正当な未リンク(名簿に候補なし)
1	中村 優	正当な未リンク(名簿に候補なし)
1	Rungsaengtawan Sor. Parat	正当な未リンク(名簿に候補なし)
1	Pornpitak Tor. Chaksri	正当な未リンク(名簿に候補なし)
1	Petchgafield Jitmuangnon	正当な未リンク(名簿に候補なし)
1	シュンスケ	正当な未リンク(名簿に候補なし)
1	横田速人	正当な未リンク(名簿に候補なし)
1	山田勇斗	正当な未リンク(名簿に候補なし)
1	アゴデマン	正当な未リンク(名簿に候補なし)
1	AKIYOSHI	正当な未リンク(名簿に候補なし)
1	SIG	正当な未リンク(名簿に候補なし)
1	占部 大河	正当な未リンク(名簿に候補なし)
1	梶田 義人	正当な未リンク(名簿に候補なし)
1	荒川 凛之介	正当な未リンク(名簿に候補なし)
1	デビッド・フェルナンデス	正当な未リンク(名簿に候補なし)
1	デンチャイ・トー・シィラチャイ	正当な未リンク(名簿に候補なし)
1	ソムチャーイ高津	正当な未リンク(名簿に候補なし)
1	マンコン・ローイェルマーブタープット	正当な未リンク(名簿に候補なし)
1	アナンタデート・モンソンクラーム	正当な未リンク(名簿に候補なし)
1	ワンロップ・バブウェッサー	正当な未リンク(名簿に候補なし)
1	ペットマイ・シッアナンタレー	正当な未リンク(名簿に候補なし)
1	チョンボップ・ギアットポルティップ	正当な未リンク(名簿に候補なし)
1	カチャスック	正当な未リンク(名簿に候補なし)
1	デッカロン・ソー・スマリー	正当な未リンク(名簿に候補なし)
1	コンキアト・シィチュントーイ	正当な未リンク(名簿に候補なし)
1	中島昇	正当な未リンク(名簿に候補なし)
1	石田サトシ	正当な未リンク(名簿に候補なし)
1	新開実	正当な未リンク(名簿に候補なし)
1	新美友恒	正当な未リンク(名簿に候補なし)
1	平吹貴博	正当な未リンク(名簿に候補なし)
1	大島健裕	正当な未リンク(名簿に候補なし)
1	宮本顕司	正当な未リンク(名簿に候補なし)
1	高橋伸浩	正当な未リンク(名簿に候補なし)
1	ギエドリウス・プランクヴィシャス	正当な未リンク(名簿に候補なし)
1	デビッド・トロウカ	正当な未リンク(名簿に候補なし)
1	クリスチャン・ヌカヌカ	正当な未リンク(名簿に候補なし)
1	バプティスト・フェンテス	正当な未リンク(名簿に候補なし)
1	ダニーロ・カプチ	正当な未リンク(名簿に候補なし)
1	ワヒド・ウェネキ	正当な未リンク(名簿に候補なし)
1	ビリー・ホール	正当な未リンク(名簿に候補なし)
1	町屋杏	正当な未リンク(名簿に候補なし)
1	江口紗季	正当な未リンク(名簿に候補なし)
1	ピーポー梨乃	正当な未リンク(名簿に候補なし)
1	メン・グォドン	正当な未リンク(名簿に候補なし)
1	三浦大和	正当な未リンク(名簿に候補なし)
1	牛久絢太郎	正当な未リンク(名簿に候補なし)
1	萩原京平	正当な未リンク(名簿に候補なし)
1	ニック・ゴンザレス	正当な未リンク(名簿に候補なし)
1	チャーリー・ホースト	正当な未リンク(名簿に候補なし)
1	井手泰晴	正当な未リンク(名簿に候補なし)
1	田中龍星	正当な未リンク(名簿に候補なし)
1	杉浦海斗	正当な未リンク(名簿に候補なし)
1	松崎幸紀	正当な未リンク(名簿に候補なし)
1	野呂裕貴	正当な未リンク(名簿に候補なし)
1	Alexis Barateau	正当な未リンク(名簿に候補なし)
1	新人（あらと）	正当な未リンク(名簿に候補なし)
1	菊池洋次朗	正当な未リンク(名簿に候補なし)
1	ルシール・デッドマン	正当な未リンク(名簿に候補なし)
1	ホワン・チールイ	正当な未リンク(名簿に候補なし)
1	デイエゴ・ツボイ	正当な未リンク(名簿に候補なし)
1	菱川晋作	正当な未リンク(名簿に候補なし)
1	奥野峻佑	正当な未リンク(名簿に候補なし)
1	マシアス・7・ムエタイ	正当な未リンク(名簿に候補なし)
1	田中秀和	正当な未リンク(名簿に候補なし)
1	獏センチャイジム	正当な未リンク(名簿に候補なし)
1	KING澪斗	正当な未リンク(名簿に候補なし)
1	泰生	正当な未リンク(名簿に候補なし)
1	江川大空	正当な未リンク(名簿に候補なし)
1	近藤由輝	正当な未リンク(名簿に候補なし)
1	林 祐哉	正当な未リンク(名簿に候補なし)
1	ニコル・ワン	正当な未リンク(名簿に候補なし)
1	Jane Koo	正当な未リンク(名簿に候補なし)
1	ヘイリー・チャン	正当な未リンク(名簿に候補なし)
1	向籽嬴	正当な未リンク(名簿に候補なし)
1	クリシュナ・リンバガ	正当な未リンク(名簿に候補なし)
1	マギー・タッカー	正当な未リンク(名簿に候補なし)
1	ジオン・シユン	正当な未リンク(名簿に候補なし)
1	アレックス・ツァン	正当な未リンク(名簿に候補なし)
1	クウォク・ホイ・リン	正当な未リンク(名簿に候補なし)
1	YURI	正当な未リンク(名簿に候補なし)
1	キャンディ・ウー	正当な未リンク(名簿に候補なし)
1	Katia Tsovgan	正当な未リンク(名簿に候補なし)
1	白築 杏奈	正当な未リンク(名簿に候補なし)
1	ありさ	正当な未リンク(名簿に候補なし)
1	千尋	正当な未リンク(名簿に候補なし)
1	大塚 尚子	正当な未リンク(名簿に候補なし)
1	真木	正当な未リンク(名簿に候補なし)
1	細川 雄司	正当な未リンク(名簿に候補なし)
1	山中椋惺	正当な未リンク(名簿に候補なし)
1	米沢知沙	正当な未リンク(名簿に候補なし)
1	渡辺 颯	正当な未リンク(名簿に候補なし)
1	石川 利輝	正当な未リンク(名簿に候補なし)
1	森知輝	正当な未リンク(名簿に候補なし)
1	藤澤亨輔	正当な未リンク(名簿に候補なし)
1	森本現輝	正当な未リンク(名簿に候補なし)
1	優貴	正当な未リンク(名簿に候補なし)
1	廣瀬武蔵	正当な未リンク(名簿に候補なし)
1	小清水涼太	正当な未リンク(名簿に候補なし)
1	北山雄大	正当な未リンク(名簿に候補なし)
1	チェ・ヒョンソク	正当な未リンク(名簿に候補なし)
1	阿部 路人	正当な未リンク(名簿に候補なし)
1	忍アマラー	正当な未リンク(名簿に候補なし)
1	王日政	正当な未リンク(名簿に候補なし)
1	マツシマ タヨリ	正当な未リンク(名簿に候補なし)
1	クリス・マクミラン	正当な未リンク(名簿に候補なし)
1	太田将吾	正当な未リンク(名簿に候補なし)
1	豊三	正当な未リンク(名簿に候補なし)
1	宇野恭平	正当な未リンク(名簿に候補なし)
1	大谷 涼	正当な未リンク(名簿に候補なし)
1	浦 俊典	正当な未リンク(名簿に候補なし)
1	都築 勇太	正当な未リンク(名簿に候補なし)
1	スリン	正当な未リンク(名簿に候補なし)
1	小野寺亮	正当な未リンク(名簿に候補なし)
1	宮原勇輝	正当な未リンク(名簿に候補なし)
1	鈴木雄一	正当な未リンク(名簿に候補なし)
1	小黒弘樹	正当な未リンク(名簿に候補なし)
1	中田悠斗	正当な未リンク(名簿に候補なし)
1	森本 大喜	正当な未リンク(名簿に候補なし)
1	古川 拓磨	正当な未リンク(名簿に候補なし)
1	MASAHIRO	正当な未リンク(名簿に候補なし)
1	山本太資	正当な未リンク(名簿に候補なし)
1	藤田 卓郎	正当な未リンク(名簿に候補なし)
1	シーナコーン・ルークムアンペッチ	正当な未リンク(名簿に候補なし)
1	リッティデ・モープアナー ナイポンコンコンケーン	正当な未リンク(名簿に候補なし)
1	ハム太凌	正当な未リンク(名簿に候補なし)
1	若林尚幸	正当な未リンク(名簿に候補なし)
1	義羽琉	正当な未リンク(名簿に候補なし)
1	ケイシー	正当な未リンク(名簿に候補なし)
1	平井真介	正当な未リンク(名簿に候補なし)
1	福田裕介	正当な未リンク(名簿に候補なし)
1	KATO-A.K.G	正当な未リンク(名簿に候補なし)
1	堀 大助	正当な未リンク(名簿に候補なし)
1	安田 貢志	正当な未リンク(名簿に候補なし)
1	パク・ジョンウ	正当な未リンク(名簿に候補なし)
1	ティーヤイ・PK・センチャイ	正当な未リンク(名簿に候補なし)
1	ラック・エラワン	正当な未リンク(名簿に候補なし)
1	ノーンガティン・シットポージョーウォー	正当な未リンク(名簿に候補なし)
1	チョ.アルトゥール	正当な未リンク(名簿に候補なし)
1	土屋 邦登	正当な未リンク(名簿に候補なし)
1	ウォン・プイユイ	正当な未リンク(名簿に候補なし)
1	早川 烈	正当な未リンク(名簿に候補なし)
1	アルフレッド・クウォン	正当な未リンク(名簿に候補なし)
1	桃原 暎暉	正当な未リンク(名簿に候補なし)
1	鷹文	正当な未リンク(名簿に候補なし)
1	藤倉悠作	正当な未リンク(名簿に候補なし)
1	TAKAYUKI	正当な未リンク(名簿に候補なし)
1	芳井 奨平	正当な未リンク(名簿に候補なし)
1	藤田 央	正当な未リンク(名簿に候補なし)
