slug	name	old_orgs(roster-source)	new_orgs(bout-derived)
arekusu-robatsu	アレックス・ロバーツ		Bigbang|HoostCup|K-1 / Krush / Krush-EX|RISE|SHOOT BOXING|新日本キックボクシング協会(SNKA)
kitayama-takayoshi	北山高与志		Bigbang|DEEP☆KICK|K-1 / Krush / Krush-EX|NJKF|RISE|新日本キックボクシング協会(SNKA)
nagashima-jienotsu-yuuichirou	長島☆自演乙☆雄一郎		HoostCup|K-1 / Krush / Krush-EX|NJKF|RISE|RIZIN|SHOOT BOXING
kitamura-makoto	喜多村誠		Bigbang|KNOCK OUT|NJKF|NKB|SHOOT BOXING|新日本キックボクシング協会(SNKA)
kanonsuku-uirasakureku	カノンスック・ウィラサクレック		DEEP☆KICK|HoostCup|K-1 / Krush / Krush-EX|NJKF|RISE|新日本キックボクシング協会(SNKA)
kouji	皇治		Bigbang|DEEP☆KICK|K-1 / Krush / Krush-EX|NJKF|RISE|RIZIN
hinata	日菜太		K-1 / Krush / Krush-EX|KNOCK OUT|RISE|RIZIN|SHOOT BOXING|新日本キックボクシング協会(SNKA)
tabo	TURBΦ		Bigbang|K-1 / Krush / Krush-EX|NJKF|RISE|新日本キックボクシング協会(SNKA)
ishikawa-naoki-2	石川 直樹	KNOCK OUT	JKA|KNOCK OUT|KROSS×OVER|NJKF|NKB|RIZIN
hiroya	HIROYA		Bigbang|K-1 / Krush / Krush-EX|RISE|RIZIN|新日本キックボクシング協会(SNKA)
hiroto-yamaguchi	山口裕人	RISE	DEEP☆KICK|HoostCup|K-1 / Krush / Krush-EX|NJKF|RISE|RIZIN
ozaki-keiji	尾崎圭司		Bigbang|K-1 / Krush / Krush-EX|NJKF|RISE|SHOOT BOXING
kenta	健太	KNOCK OUT	HoostCup|JKA|K-1 / Krush / Krush-EX|KNOCK OUT|NJKF|RISE
amada-hiromi	天田ヒロミ		Bigbang|K-1 / Krush / Krush-EX|RISE|SHOOT BOXING|新日本キックボクシング協会(SNKA)
komiya-yukihiro	小宮由紀博		Bigbang|K-1 / Krush / Krush-EX|NJKF|RISE|新日本キックボクシング協会(SNKA)
yamato-ashikaga	足利也真登	RISE	DEEP☆KICK|HoostCup|NJKF|NKB|RISE|RIZIN
fujihara-arashi	藤原あらし		KROSS×OVER|NJKF|NKB|RISE|新日本キックボクシング協会(SNKA)
tateshima-atsushi	立嶋篤史		Bigbang|HoostCup|KROSS×OVER|NJKF|新日本キックボクシング協会(SNKA)
oono-takashi	大野崇		K-1 / Krush / Krush-EX|NJKF|RISE|SHOOT BOXING
kaneko-akihiro	金子 晃大	K-1 WORLD GP|Krush|Krush-EX|RISE	K-1 / Krush / Krush-EX|RISE
jon-uein-pa	ジョン・ウェイン・パー		K-1 / Krush / Krush-EX|RIZIN|SHOOT BOXING|新日本キックボクシング協会(SNKA)
eminfc	エミNFC	RISE	DEEP☆KICK|HoostCup|NJKF|NKB|RISE
garyuu-shingo	我龍真吾		Bigbang|K-1 / Krush / Krush-EX|RISE|新日本キックボクシング協会(SNKA)
niimi-takahito	新美 貴士	K-1 WORLD GP|Krush|Krush-EX|RISE	HoostCup|K-1 / Krush / Krush-EX|RISE
ikeda-koji	池田 幸司	K-1 WORLD GP|Krush|Krush-EX|RISE	K-1 / Krush / Krush-EX|RISE
kuroda-akihiro	黒田アキヒロ		Bigbang|K-1 / Krush / Krush-EX|NJKF|RISE
kyoken-jin	“狂拳”迅	K-1 WORLD GP|KNOCK OUT|Krush|Krush-EX	JKA|K-1 / Krush / Krush-EX|KNOCK OUT
oda-jinku	小田 尋久	K-1 WORLD GP|KNOCK OUT|Krush|Krush-EX	DEEP☆KICK|K-1 / Krush / Krush-EX|KNOCK OUT|Stand up
kunitaka	国崇		HoostCup|K-1 / Krush / Krush-EX|NJKF|RIZIN
takigawa-ryou	瀧川リョウ		K-1 / Krush / Krush-EX|KROSS×OVER|NJKF|新日本キックボクシング協会(SNKA)
kusakabe-ryuuya	日下部竜也		HoostCup|K-1 / Krush / Krush-EX|NJKF|SHOOT BOXING
ginji-2	銀次	K-1 WORLD GP|KNOCK OUT|Krush|Krush-EX	K-1 / Krush / Krush-EX|KNOCK OUT
kitamura-miki	喜多村 美紀	KNOCK OUT	DEEP☆KICK|HoostCup|KNOCK OUT|NJKF|NKB
mirei	美伶	K-1 WORLD GP|KNOCK OUT|Krush|Krush-EX	HoostCup|K-1 / Krush / Krush-EX|KNOCK OUT
ihara-hiroyuki	井原 浩之	KNOCK OUT	HoostCup|JKA|KNOCK OUT|NJKF|NKB
yamada-mako	山田 真子	K-1 WORLD GP|KNOCK OUT|Krush|Krush-EX	K-1 / Krush / Krush-EX|KNOCK OUT
satou-yoshihiro	佐藤嘉洋		HoostCup|K-1 / Krush / Krush-EX|NJKF|SHOOT BOXING
imu-chibin	イム・チビン		K-1 / Krush / Krush-EX|RISE|SHOOT BOXING|Stand up
taisei-umei	梅井泰成	RISE	DEEP☆KICK|HoostCup|NJKF|RISE|RIZIN
ryuka	龍華	K-1 WORLD GP|Krush|Krush-EX|RISE	K-1 / Krush / Krush-EX|RISE
nakasako-tsuyoshi	中迫剛		HoostCup|K-1 / Krush / Krush-EX|RISE|新日本キックボクシング協会(SNKA)
otsu-riku	乙津 陸	K-1 WORLD GP|KNOCK OUT|Krush|Krush-EX	K-1 / Krush / Krush-EX|KNOCK OUT|KROSS×OVER
saiga-kizaemon	才賀紀左衛門		Bigbang|K-1 / Krush / Krush-EX|RIZIN|SHOOT BOXING
murahama-takehiro	村浜武洋		K-1 / Krush / Krush-EX|NJKF|RISE|SHOOT BOXING
ogura-takaya	小倉 尚也	K-1 WORLD GP|KNOCK OUT|Krush|Krush-EX	K-1 / Krush / Krush-EX|KNOCK OUT
kaneda-shoki	兼田 将暉	K-1 WORLD GP|KNOCK OUT|Krush|Krush-EX	K-1 / Krush / Krush-EX|KNOCK OUT
yamaura-jinya	山浦 迅也	K-1 WORLD GP|KNOCK OUT|Krush|Krush-EX	K-1 / Krush / Krush-EX|KNOCK OUT
fujita-tomoya	藤田智也		Bigbang|K-1 / Krush / Krush-EX|NJKF|RISE
kubo-kenji	久保賢司		Bigbang|K-1 / Krush / Krush-EX|NJKF|RISE
yamakawa-toshihiro	山川敏弘	KNOCK OUT|RISE	DEEP☆KICK|HoostCup|KNOCK OUT|NJKF|NKB|RISE
shirahata-yusei	白幡 裕星	K-1 WORLD GP|KNOCK OUT|Krush|Krush-EX	K-1 / Krush / Krush-EX|KNOCK OUT|RIZIN
ichiyo-morimoto	森本一陽	RISE	Bigbang|HoostCup|KROSS×OVER|NJKF|RISE
jinbo-katsuya	神保 克哉	K-1 WORLD GP|KNOCK OUT|Krush|Krush-EX	K-1 / Krush / Krush-EX|KNOCK OUT
takeuchi-kenichi	竹内賢一	KNOCK OUT|RISE	Bigbang|HoostCup|KNOCK OUT|NJKF|RISE|RIZIN
kubo-yuuta	久保優太		Bigbang|K-1 / Krush / Krush-EX|NJKF|RIZIN
kido-yasuhiro	城戸康裕		Bigbang|K-1 / Krush / Krush-EX|RISE|RIZIN
tomo	TOMO		K-1 / Krush / Krush-EX|KROSS×OVER|NJKF|新日本キックボクシング協会(SNKA)
toyoda-yuki	豊田 優輝	K-1 WORLD GP|KNOCK OUT|Krush|Krush-EX	K-1 / Krush / Krush-EX|KNOCK OUT
kazunori	KAZUNORI	K-1	DEEP☆KICK|K-1 / Krush / Krush-EX|KROSS×OVER|NJKF|RIZIN
kimura-philip-minoru	木村“フィリップ”ミノル	K-1 WORLD GP|KNOCK OUT|Krush|Krush-EX	K-1 / Krush / Krush-EX|KNOCK OUT|RIZIN
aitaka-ryo	愛鷹 亮	K-1 WORLD GP|Krush|Krush-EX|RISE	Bigbang|K-1 / Krush / Krush-EX|RISE
uchida-sho	内田 晶	K-1 WORLD GP|KNOCK OUT|Krush|Krush-EX	K-1 / Krush / Krush-EX|KNOCK OUT|RIZIN
kengo	拳剛	RISE	DEEP☆KICK|HoostCup|NJKF|RISE|RIZIN
saito-koya	齋藤 紘也	K-1 WORLD GP|Krush|Krush-EX|RISE	K-1 / Krush / Krush-EX|RISE|RIZIN
yuma-yamahata	山畑雄摩	RISE	DEEP☆KICK|HoostCup|NJKF|RISE|RIZIN
reona-petasu	レオナ・ペタス	K-1 WORLD GP|KNOCK OUT|Krush|Krush-EX	K-1 / Krush / Krush-EX|KNOCK OUT
koki	晃貴	K-1 WORLD GP|KNOCK OUT|Krush|Krush-EX	Bigbang|K-1 / Krush / Krush-EX|KNOCK OUT
morikawa-yuri	森川 侑凜	K-1 WORLD GP|KNOCK OUT|Krush|Krush-EX	K-1 / Krush / Krush-EX|KNOCK OUT
nakashima-takanori-2	中島 隆徳	KNOCK OUT	DEEP☆KICK|K-1 / Krush / Krush-EX|KNOCK OUT|NJKF|NKB
payafon-banchameku	パヤーフォン・バンチャメーク	K-1 WORLD GP|Krush|Krush-EX|RISE	K-1 / Krush / Krush-EX|RISE
ubamiyu	Uver∞miyU		JKA|KROSS×OVER|NJKF|SHOOT BOXING
kouta-bureiburi	KO-TA BRAVELY	K-1 WORLD GP|Krush|Krush-EX|RISE	K-1 / Krush / Krush-EX|RISE
suizu-sora	水津 空良	K-1 WORLD GP|KNOCK OUT|Krush|Krush-EX	K-1 / Krush / Krush-EX|KNOCK OUT
iwa-king	岩KING	RISE	DEEP☆KICK|HoostCup|K-1 / Krush / Krush-EX|NJKF|RISE
ruka	瑠華	K-1 WORLD GP|Krush|Krush-EX|RISE	K-1 / Krush / Krush-EX|KROSS×OVER|RISE
ashizawa-ryuusei	芦澤竜誠		K-1 / Krush / Krush-EX|NJKF|RIZIN|新日本キックボクシング協会(SNKA)
sasaki-daizo	佐々木 大蔵	K-1 WORLD GP|Krush|Krush-EX|RISE	K-1 / Krush / Krush-EX|RISE
noiri-masaaki	野杁正明		HoostCup|K-1 / Krush / Krush-EX|NJKF|ONE Championship
fukashi	不可思	K-1 WORLD GP|KNOCK OUT|Krush|Krush-EX	Bigbang|HoostCup|K-1 / Krush / Krush-EX|KNOCK OUT
gonnapa-uirasakureku	ゴンナパー・ウィラサクレック	K-1 WORLD GP|KNOCK OUT|Krush|Krush-EX	HoostCup|K-1 / Krush / Krush-EX|KNOCK OUT
takahagi-tsutomu	高萩ツトム		Bigbang|HoostCup|K-1 / Krush / Krush-EX|RISE
itou-saya	伊藤紗弥		DEEP☆KICK|KNOCK OUT|NJKF|RISE
tatsuji	TATSUJI		K-1 / Krush / Krush-EX|NJKF|RISE|SHOOT BOXING
miyamoto-keisuke	宮元啓介		Bigbang|K-1 / Krush / Krush-EX|KNOCK OUT|NJKF
suzuki-mariya	鈴木 万李弥	K-1 WORLD GP|KNOCK OUT|Krush|Krush-EX	HoostCup|K-1 / Krush / Krush-EX|KNOCK OUT
kiho	Kiho	K-1 WORLD GP|KNOCK OUT|Krush|Krush-EX	K-1 / Krush / Krush-EX|KNOCK OUT|KROSS×OVER
ito-nagisa	伊藤 渚	K-1 WORLD GP|Krush|Krush-EX	K-1 / Krush / Krush-EX
rioya	梨緒弥	K-1 WORLD GP|Krush|Krush-EX	K-1 / Krush / Krush-EX
caz-janjira-88	CAZ JANJIRA	KNOCK OUT	JKA|KNOCK OUT|NJKF|NKB
yuya	憂也	RISE	DEEP☆KICK|HoostCup|RISE|RIZIN
daichi	大地	K-1 WORLD GP|Krush|Krush-EX	K-1 / Krush / Krush-EX|NJKF
takiya-shouta	瀧谷渉太		HoostCup|K-1 / Krush / Krush-EX|RIZIN
watabe-shota	渡部 翔太	K-1	K-1 / Krush / Krush-EX|KROSS×OVER|NJKF|NKB
higashi-toranosuke	東 虎之介	K-1 WORLD GP|Krush|Krush-EX	K-1 / Krush / Krush-EX
yutaka	友尊	K-1 WORLD GP|Krush|Krush-EX	K-1 / Krush / Krush-EX
toujou	TOJO	K-1 WORLD GP|Krush|Krush-EX	DEEP☆KICK|K-1 / Krush / Krush-EX
saito-ryunosuke	齊藤 龍之介	K-1 WORLD GP|Krush|Krush-EX	K-1 / Krush / Krush-EX
moe	MOE	K-1 WORLD GP|Krush|Krush-EX	K-1 / Krush / Krush-EX
hiratsuka-yojiro	平塚 洋二郎	KNOCK OUT	K-1 / Krush / Krush-EX|KNOCK OUT|NJKF|NKB
nadeshiko	撫子	RISE	KROSS×OVER|NJKF|RISE|SHOOT BOXING
tsujide-yuuto	辻出優翔		DEEP☆KICK|HoostCup|K-1 / Krush / Krush-EX
akito-kinoshita	木下亜輝斗	RISE	DEEP☆KICK|HoostCup|NKB|RISE
minagi	海凪	K-1 WORLD GP|Krush|Krush-EX	K-1 / Krush / Krush-EX|KROSS×OVER
ooishi-shunsuke	大石駿介		HoostCup|K-1 / Krush / Krush-EX|RISE
yusuke	佑典	K-1 WORLD GP|Krush|Krush-EX	DEEP☆KICK|K-1 / Krush / Krush-EX
hayashi-yuya	林 佑哉	K-1	DEEP☆KICK|HoostCup|K-1 / Krush / Krush-EX|NJKF
asahisa-taio	朝久 泰央	K-1 WORLD GP|Krush|Krush-EX	K-1 / Krush / Krush-EX|RIZIN
riki	立基	K-1 WORLD GP|Krush|Krush-EX	K-1 / Krush / Krush-EX
yamagiwa-kazuki	山際 和希	K-1 WORLD GP|Krush|Krush-EX	Bigbang|K-1 / Krush / Krush-EX
kiyama-momotaro	鬼山 桃太朗	K-1 WORLD GP|Krush|Krush-EX	Bigbang|K-1 / Krush / Krush-EX
ayumu	歩夢	K-1 WORLD GP|Krush|Krush-EX	K-1 / Krush / Krush-EX
kawarada-shuji	瓦田 脩二	K-1 WORLD GP|Krush|Krush-EX	K-1 / Krush / Krush-EX
wanropu-uirasakureku	ワンロップ・ウィラサクレック		K-1 / Krush / Krush-EX|NJKF|SHOOT BOXING
nagasaki-hideya	長崎秀哉		K-1 / Krush / Krush-EX|NJKF|RISE
arai-masato	新井 真惺	K-1 WORLD GP|Krush|Krush-EX	DEEP☆KICK|K-1 / Krush / Krush-EX
kotomi	壽美	K-1 WORLD GP|Krush|Krush-EX	K-1 / Krush / Krush-EX
horii-kaito	堀井 海飛	K-1 WORLD GP|Krush|Krush-EX	DEEP☆KICK|K-1 / Krush / Krush-EX
katsuki-kitano	北野克樹	RISE	DEEP☆KICK|HoostCup|NJKF|RISE
kojirou	小次郎		K-1 / Krush / Krush-EX|NJKF|SHOOT BOXING
daina	大夢	K-1 WORLD GP|Krush|Krush-EX	DEEP☆KICK|HoostCup|K-1 / Krush / Krush-EX
jin-mandokoro	政所 仁	RISE	DEEP☆KICK|HoostCup|RISE|RIZIN
yuki	裕樹	RISE	HoostCup|K-1 / Krush / Krush-EX|RISE|SHOOT BOXING
yamato-yuuya	大和侑也		HoostCup|K-1 / Krush / Krush-EX|NJKF
vito-tofaneri	ヴィトー・トファネリ	K-1 WORLD GP|Krush|Krush-EX	HoostCup|K-1 / Krush / Krush-EX
yamachan	やまちゃん	KNOCK OUT|Krush|Krush-EX	K-1 / Krush / Krush-EX|KNOCK OUT
nishimoto-narufumi	西元 也史	K-1 WORLD GP|Krush|Krush-EX	DEEP☆KICK|HoostCup|K-1 / Krush / Krush-EX
i-sufan	イ・スファン		K-1 / Krush / Krush-EX|RISE|SHOOT BOXING
shirasu-yasuhito	白須 康仁	K-1 WORLD GP|Krush|Krush-EX	K-1 / Krush / Krush-EX
yuuki	YU-KI	KNOCK OUT|Krush|Krush-EX	K-1 / Krush / Krush-EX|KNOCK OUT|RIZIN
masui-yuki	増井 侑輝	K-1	Bigbang|HoostCup|K-1 / Krush / Krush-EX|NJKF
shion	紫苑	K-1 WORLD GP|Krush|Krush-EX	K-1 / Krush / Krush-EX
kubo-kazuma	久保 一馬	K-1 WORLD GP|Krush|Krush-EX	K-1 / Krush / Krush-EX
sakamoto-yuuki	坂本 優輝	K-1 WORLD GP|Krush|Krush-EX	K-1 / Krush / Krush-EX
kawano-naojiro	河野 直次郎	KNOCK OUT|Krush|Krush-EX	K-1 / Krush / Krush-EX|KNOCK OUT
tarou	TARO	K-1	DEEP☆KICK|HoostCup|K-1 / Krush / Krush-EX|NJKF
iwao-chikara	岩尾 力	K-1 WORLD GP|Krush|Krush-EX	K-1 / Krush / Krush-EX
satomi-yuzuki	里見 柚己	K-1 WORLD GP|Krush|Krush-EX	K-1 / Krush / Krush-EX
aran-kudo	アラン・クドー	K-1 WORLD GP|Krush|Krush-EX	HoostCup|K-1 / Krush / Krush-EX
kondo-kensei	近藤 拳成	K-1 WORLD GP|Krush|Krush-EX	K-1 / Krush / Krush-EX
ryugi	竜義	K-1 WORLD GP|Krush|Krush-EX	K-1 / Krush / Krush-EX
satou-tomonori	佐藤友則		K-1 / Krush / Krush-EX|NJKF|RISE
koutarou	KOTARO	K-1 WORLD GP|Krush|Krush-EX	K-1 / Krush / Krush-EX
tanaka-satoshi	田中 聡	K-1 WORLD GP|Krush|Krush-EX	K-1 / Krush / Krush-EX|NKB
kazuto	和斗	RISE	DEEP☆KICK|JKA|NJKF|RISE
yasu-jota	安 晟太	K-1 WORLD GP|Krush|Krush-EX	K-1 / Krush / Krush-EX
nakazawa-seiya	中澤 誠弥	K-1 WORLD GP|Krush|Krush-EX	K-1 / Krush / Krush-EX|KROSS×OVER
hakuto	白虎		K-1 / Krush / Krush-EX|RISE|新日本キックボクシング協会(SNKA)
kaito-2	海人	KNOCK OUT|RISE|SHOOT BOXING	SHOOT BOXING
ohira-ryu	大平 龍	K-1 WORLD GP|Krush|Krush-EX	K-1 / Krush / Krush-EX
yokoyama-takumi	横山 巧	K-1 WORLD GP|Krush|Krush-EX	K-1 / Krush / Krush-EX
hiroki	弘輝	K-1 WORLD GP|Krush|Krush-EX	HoostCup|K-1 / Krush / Krush-EX
nobu-hayashi	ノブ・ハヤシ		K-1 / Krush / Krush-EX|SHOOT BOXING|新日本キックボクシング協会(SNKA)
hamana-hayato	浜名 颯斗	K-1 WORLD GP|Krush|Krush-EX	K-1 / Krush / Krush-EX
anpo-rukiya	安保瑠輝也		K-1 / Krush / Krush-EX|RIZIN|SHOOT BOXING
vikutoru-akimofu	ヴィクトル・アキモフ	K-1 WORLD GP|Krush|Krush-EX	HoostCup|K-1 / Krush / Krush-EX
tomasu-agire	トーマス・アギーレ	K-1 WORLD GP|Krush|Krush-EX	K-1 / Krush / Krush-EX
sakurai-hiroshi	櫻井 博	KNOCK OUT	DEEP☆KICK|HoostCup|KNOCK OUT|NJKF
jodan-pikeo	ジョーダン・ピケオー	K-1 WORLD GP|Krush|Krush-EX	K-1 / Krush / Krush-EX
momi	紅絹	RISE	K-1 / Krush / Krush-EX|NJKF|NKB|RISE
terashima-kokoro	寺島 想	K-1 WORLD GP|Krush|Krush-EX	K-1 / Krush / Krush-EX
kishu-no-maruchan	紀州のマルちゃん	KNOCK OUT|Krush|Krush-EX	K-1 / Krush / Krush-EX
jieto-izumi	ジェット・イズミ		NJKF|RISE|SHOOT BOXING
fuu	風羽	KNOCK OUT|RISE|SHOOT BOXING	SHOOT BOXING
miwa-yuki	三輪 裕樹	K-1 WORLD GP|Krush|Krush-EX	K-1 / Krush / Krush-EX
hiroki-matsuoka	松岡宏宜	RISE	DEEP☆KICK|HoostCup|NJKF|RISE
mari	MARI	K-1	DEEP☆KICK|K-1 / Krush / Krush-EX|NJKF|NKB
shimomura-taihei	下村 泰平	K-1 WORLD GP|Krush|Krush-EX	K-1 / Krush / Krush-EX
iwasaki-hiroto	岩﨑 悠斗	K-1 WORLD GP|Krush|Krush-EX	K-1 / Krush / Krush-EX
ishida-kano	石田 協	KNOCK OUT|Krush|Krush-EX	K-1 / Krush / Krush-EX|KNOCK OUT
onodera-hayato	小野寺 隼	K-1 WORLD GP|Krush|Krush-EX	K-1 / Krush / Krush-EX|KROSS×OVER
touma	闘魔		K-1 / Krush / Krush-EX|NJKF|RISE
buakao-banchameku	ブアカーオ・バンチャメーク	K-1 WORLD GP	K-1 / Krush / Krush-EX|RIZIN|SHOOT BOXING|新日本キックボクシング協会(SNKA)
nishimoto-ryuya	西本 竜也	K-1 WORLD GP|Krush|Krush-EX	K-1 / Krush / Krush-EX
shinta	心直	K-1 WORLD GP|KNOCK OUT|Krush	K-1 / Krush / Krush-EX|KNOCK OUT
ori-kensuke	大利 賢佑	K-1 WORLD GP|Krush|Krush-EX	K-1 / Krush / Krush-EX
yamamoto-masahiro	山本 真弘	K-1 WORLD GP|Krush|Krush-EX	K-1 / Krush / Krush-EX|NJKF
shima-takumi	嶋 拓実	K-1 WORLD GP|Krush|Krush-EX	K-1 / Krush / Krush-EX
soda-riki	早田 吏喜	K-1 WORLD GP|Krush|Krush-EX	K-1 / Krush / Krush-EX
yuoke-yusei	湯桶 勇成	K-1 WORLD GP|Krush|Krush-EX	K-1 / Krush / Krush-EX
kodama-kenshin	児玉 兼慎	K-1 WORLD GP|Krush|Krush-EX	K-1 / Krush / Krush-EX
harada-toki	原田 闘鬼	K-1 WORLD GP|Krush|Krush-EX	DEEP☆KICK|K-1 / Krush / Krush-EX
daniro-zanorini	ダニロ・ザノリニ	K-1 WORLD GP|Krush|Krush-EX	HoostCup|K-1 / Krush / Krush-EX|RIZIN
shiorin	SHIORIN♡	KNOCK OUT|Krush|Krush-EX	K-1 / Krush / Krush-EX|KNOCK OUT
yuji	勇治	K-1 WORLD GP|Krush|Krush-EX	K-1 / Krush / Krush-EX|KROSS×OVER|NJKF
ishikawa-kei	石川 慶	K-1 WORLD GP|Krush|Krush-EX	K-1 / Krush / Krush-EX|KROSS×OVER
kimura-mona	木村 萌那	K-1 WORLD GP|Krush|Krush-EX	K-1 / Krush / Krush-EX
hoshi-ryunosuke	星 龍之介	K-1 WORLD GP|Krush|Krush-EX	Bigbang|K-1 / Krush / Krush-EX
kotaro	光太郎	K-1	DEEP☆KICK|HoostCup|K-1 / Krush / Krush-EX|NJKF
mahamudo-satari	マハムード・サッタリ	K-1 WORLD GP|Krush|Krush-EX	K-1 / Krush / Krush-EX
saho	SAHO	K-1 WORLD GP|Krush|Krush-EX	DEEP☆KICK|K-1 / Krush / Krush-EX|NJKF
シング・心・ジャディブ	シング・心・ジャディブ		K-1 / Krush / Krush-EX|RISE|RIZIN
harada-yuna	原田 ゆうな	KNOCK OUT|Krush|Krush-EX	K-1 / Krush / Krush-EX|KNOCK OUT|KROSS×OVER
masami-2	真美	K-1	DEEP☆KICK|K-1 / Krush / Krush-EX|NJKF|NKB
kakeru	翔	RISE	DEEP☆KICK|HoostCup|KROSS×OVER|RISE
masashi-kumura	玖村将史	RISE	DEEP☆KICK|K-1 / Krush / Krush-EX|NJKF|RISE
oishi-masaki	大石 昌輝	K-1 WORLD GP|Krush|Krush-EX	K-1 / Krush / Krush-EX
toma	斗麗	K-1 WORLD GP|Krush|Krush-EX	K-1 / Krush / Krush-EX
komiyama-kousuke	小宮山工介		K-1 / Krush / Krush-EX|RISE|SHOOT BOXING
okajima-keito	岡嶋 形徒	K-1 WORLD GP|Krush|Krush-EX	K-1 / Krush / Krush-EX
torii-taiju	鳥居 大珠	KNOCK OUT	KNOCK OUT|KROSS×OVER|NJKF|NKB
matsumoto-kazuki	松本 和樹	K-1 WORLD GP|Krush|Krush-EX	K-1 / Krush / Krush-EX
uemura-shinya	植村 真弥	K-1 WORLD GP|Krush|Krush-EX	K-1 / Krush / Krush-EX|KROSS×OVER
kaito	海斗	K-1 WORLD GP|Krush|Krush-EX	K-1 / Krush / Krush-EX
yamaguchi-shota	山口 翔大	K-1 WORLD GP|Krush|Krush-EX	HoostCup|K-1 / Krush / Krush-EX
jitsukata-kosuke	実方 宏介	K-1	Bigbang|HoostCup|K-1 / Krush / Krush-EX|RIZIN
raian-shimuson	ライアン・シムソン		K-1 / Krush / Krush-EX|SHOOT BOXING|新日本キックボクシング協会(SNKA)
knuckle	高梨knuckle美穂	K-1 WORLD GP|Krush|Krush-EX	K-1 / Krush / Krush-EX
kimura-daichi	木村 太地	K-1 WORLD GP|Krush|Krush-EX	Bigbang|K-1 / Krush / Krush-EX|KROSS×OVER
okubo-seri	大久保 世璃	K-1 WORLD GP|Krush|Krush-EX	K-1 / Krush / Krush-EX
tanigawa-seiya	谷川 聖哉	K-1 WORLD GP|Krush|Krush-EX	HoostCup|K-1 / Krush / Krush-EX
yamaura-rikiya	山浦 力也	K-1 WORLD GP|Krush|Krush-EX	K-1 / Krush / Krush-EX
i-dogyon	イ・ドギョン	Krush|Krush-EX|RISE	K-1 / Krush / Krush-EX|RISE
ran	RAN	K-1 WORLD GP|Krush|Krush-EX	K-1 / Krush / Krush-EX
nori	訓 -NORI-	K-1 WORLD GP|Krush|Krush-EX	K-1 / Krush / Krush-EX|KROSS×OVER
yokoyama-tomoya	横山 朋哉	K-1 WORLD GP|Krush|Krush-EX	K-1 / Krush / Krush-EX
hiroto	寛心	K-1 WORLD GP|Krush|Krush-EX	K-1 / Krush / Krush-EX
kawasaki-shinichiro	川﨑 聖亮朗	K-1 WORLD GP|Krush|Krush-EX	K-1 / Krush / Krush-EX
yashazaru	夜叉猿	K-1 WORLD GP|Krush|Krush-EX	K-1 / Krush / Krush-EX|KROSS×OVER
ina-ryota	伊奈 良太	K-1	DEEP☆KICK|HoostCup|K-1 / Krush / Krush-EX|NJKF
suzuki-shoya	鈴木 翔也	K-1 WORLD GP|Krush|Krush-EX	K-1 / Krush / Krush-EX|NJKF
eruto	愛瑠斗	K-1 WORLD GP|Krush|Krush-EX	DEEP☆KICK|K-1 / Krush / Krush-EX
koki-ueno	上野コウキ	RISE	DEEP☆KICK|HoostCup|NJKF|RISE
inose-naoki	猪瀬 尚希	K-1 WORLD GP|Krush|Krush-EX	K-1 / Krush / Krush-EX
kensuke	健介	K-1 WORLD GP|Krush|Krush-EX	K-1 / Krush / Krush-EX
momu-tsukamoto	塚本望夢	RISE	DEEP☆KICK|KROSS×OVER|NJKF|RISE
kawashima-kosuke	川島 康佑	K-1 WORLD GP|Krush|Krush-EX	K-1 / Krush / Krush-EX
yamazaki-yoichi	山崎 陽一	K-1 WORLD GP|Krush|Krush-EX	Bigbang|K-1 / Krush / Krush-EX|NJKF
raiki	来希	K-1 WORLD GP|Krush|Krush-EX	K-1 / Krush / Krush-EX
nakajima-heihachi	中嶋平八		DEEP☆KICK|HoostCup|NJKF
ari-gunya	アリ・グンヤー		K-1 / Krush / Krush-EX|SHOOT BOXING|新日本キックボクシング協会(SNKA)
mio	MIO	K-1 WORLD GP|Krush|Krush-EX	K-1 / Krush / Krush-EX
okubo-rui	大久保 琉唯	K-1 WORLD GP|Krush|Krush-EX	K-1 / Krush / Krush-EX
watanabe-riku	渡邉 陸	K-1 WORLD GP|Krush|Krush-EX	K-1 / Krush / Krush-EX
isshi	一志	K-1 WORLD GP|Krush|Krush-EX	K-1 / Krush / Krush-EX
kobayashi-takahiko	小林 孝彦	K-1 WORLD GP|Krush|Krush-EX	K-1 / Krush / Krush-EX
saikyo-yuma	西京 佑馬	K-1 WORLD GP|Krush|Krush-EX	K-1 / Krush / Krush-EX
dengu-shiruba	デング・シルバ	K-1 WORLD GP|Krush|Krush-EX	K-1 / Krush / Krush-EX
maruyama-naoto	丸山 公豊	K-1 WORLD GP|Krush|Krush-EX	K-1 / Krush / Krush-EX
akada-koki	赤田 功輝	K-1 WORLD GP|Krush|Krush-EX	K-1 / Krush / Krush-EX
suematsu-aki	末松 晄	K-1 WORLD GP|Krush|Krush-EX	K-1 / Krush / Krush-EX
nodatetsuji	野田哲司		DEEP☆KICK|K-1 / Krush / Krush-EX|RISE
azuma	AZUMA		NJKF|RISE|SHOOT BOXING
kondo-kaisei	近藤 魁成	K-1 WORLD GP|Krush|Krush-EX	K-1 / Krush / Krush-EX
kenshirou	拳士浪		KNOCK OUT|NJKF|新日本キックボクシング協会(SNKA)
matsuyama-yuta	松山 勇汰	K-1 WORLD GP|Krush|Krush-EX	K-1 / Krush / Krush-EX
rui-3	瑠唯	K-1 WORLD GP|Krush|Krush-EX	K-1 / Krush / Krush-EX
sano-isami	佐野 勇海	K-1	K-1 / Krush / Krush-EX|KROSS×OVER|NJKF|RIZIN
yoshimoto-kouji	吉本光志		K-1 / Krush / Krush-EX|RISE|SHOOT BOXING
saito-yuto	斎藤 祐斗	K-1 WORLD GP|Krush|Krush-EX	K-1 / Krush / Krush-EX|RIZIN
suzuki-hayato	鈴木 勇人	K-1 WORLD GP|Krush|Krush-EX	K-1 / Krush / Krush-EX
iwagami-yukito	岩上 行統	K-1 WORLD GP|Krush|Krush-EX	K-1 / Krush / Krush-EX
kikuchi-minori	菊地美乃里	KNOCK OUT|RISE|SHOOT BOXING	KROSS×OVER|RISE|SHOOT BOXING
kimu-usun	キム・ウスン	KNOCK OUT|Krush|Krush-EX	K-1 / Krush / Krush-EX|KNOCK OUT
morimoto-naoya	森本 直哉	KNOCK OUT|Krush|Krush-EX	K-1 / Krush / Krush-EX|KNOCK OUT|KROSS×OVER
panchan-rina	ぱんちゃん璃奈	KNOCK OUT	K-1 / Krush / Krush-EX|KNOCK OUT|NKB|RIZIN
amemiya-sora	雨宮 空	K-1 WORLD GP|Krush|Krush-EX	K-1 / Krush / Krush-EX
nagano-ryuki	長野 龍生	K-1 WORLD GP|Krush|Krush-EX	K-1 / Krush / Krush-EX|NJKF
keito-uirasakureku	ケイト・ウィラサクレック	K-1 WORLD GP|Krush|Krush-EX	K-1 / Krush / Krush-EX
kaito-hasegawa	長谷川海翔	RISE	DEEP☆KICK|HoostCup|KROSS×OVER|RISE
asahisa-hirotaka	朝久 裕貴	K-1 WORLD GP|Krush|Krush-EX	K-1 / Krush / Krush-EX
nozomi	NOZOMI	K-1 WORLD GP|Krush|Krush-EX	K-1 / Krush / Krush-EX
jodan-tai	ジョーダン・タイ		K-1 / Krush / Krush-EX|SHOOT BOXING|新日本キックボクシング協会(SNKA)
fujikura-yu	藤倉 悠	K-1 WORLD GP|Krush|Krush-EX	K-1 / Krush / Krush-EX
aoi-noda	野田蒼	RISE	DEEP☆KICK|K-1 / Krush / Krush-EX|RISE|RIZIN
yamawaki-kaito	山脇 魁斗	K-1 WORLD GP|Krush|Krush-EX	DEEP☆KICK|K-1 / Krush / Krush-EX|NJKF
egawa-yuuki	江川 優生	K-1 WORLD GP|Krush|Krush-EX	K-1 / Krush / Krush-EX
ikeuchi-noriko	池内 紀子	K-1 WORLD GP|Krush|Krush-EX	K-1 / Krush / Krush-EX
hamazaki-shunta	浜崎 瞬太	K-1 WORLD GP|Krush|Krush-EX	K-1 / Krush / Krush-EX|KROSS×OVER
yamamoto-naoki	山本 直樹	K-1 WORLD GP|Krush|Krush-EX	K-1 / Krush / Krush-EX
masahiko-suzuki	鈴木真彦	RISE	DEEP☆KICK|HoostCup|NJKF|RISE
oshika-toki	大鹿 統毅	K-1 WORLD GP|Krush|Krush-EX	K-1 / Krush / Krush-EX
matsumoto-atsuto	松本 篤人	K-1 WORLD GP|Krush|Krush-EX	K-1 / Krush / Krush-EX
abiraru-himarayan-chita	アビラル・ヒマラヤン・チーター	K-1 WORLD GP|Krush|Krush-EX	K-1 / Krush / Krush-EX
yu-yamato	悠YAMATO	KNOCK OUT	DEEP☆KICK|HoostCup|KNOCK OUT|NJKF
chie-unji	チェ・ウンジ	K-1 WORLD GP|Krush|Krush-EX	K-1 / Krush / Krush-EX
neisan-kaneji-kobeto	"ネイサン・""カーネッジ""・コーベット"		K-1 / Krush / Krush-EX|SHOOT BOXING|新日本キックボクシング協会(SNKA)
uchida-ryuto	内田 竜斗	K-1 WORLD GP|Krush|Krush-EX	K-1 / Krush / Krush-EX
fujimoto-hiroshi	藤元 洋次	K-1	DEEP☆KICK|HoostCup|K-1 / Krush / Krush-EX|NJKF
kyoken-takeuchi-yuji	“狂拳”竹内 裕二	K-1 WORLD GP|Krush|Krush-EX	K-1 / Krush / Krush-EX|NJKF
naito-ryota	内藤凌太	KNOCK OUT|RISE|SHOOT BOXING	DEEP☆KICK|RISE|SHOOT BOXING
ishida-ryota	石田 龍大	K-1 WORLD GP|Krush|Krush-EX	DEEP☆KICK|K-1 / Krush / Krush-EX
rikiya-2	力哉	RISE	DEEP☆KICK|HoostCup|NJKF|RISE
kakizaki-rui	柿﨑 瑠	KNOCK OUT|Krush|Krush-EX	K-1 / Krush / Krush-EX|KNOCK OUT|KROSS×OVER
momoka-2	百花	RISE	DEEP☆KICK|HoostCup|NJKF|RISE
oiwa-tatsuya	大岩 龍矢	K-1 WORLD GP|Krush|Krush-EX	Bigbang|K-1 / Krush / Krush-EX
kosuke	光佑	K-1 WORLD GP|Krush|Krush-EX	K-1 / Krush / Krush-EX
suzuki-satoru	鈴木悟		K-1 / Krush / Krush-EX|SHOOT BOXING|新日本キックボクシング協会(SNKA)
ishikawa-masato	石川 優斗	K-1 WORLD GP|Krush|Krush-EX	K-1 / Krush / Krush-EX
fujita-kazuki	藤田 和希	K-1 WORLD GP|Krush|Krush-EX	K-1 / Krush / Krush-EX
tsubakihara-tatsuya	椿原 龍矢	K-1 WORLD GP|Krush|Krush-EX	K-1 / Krush / Krush-EX
kuntapu-charonchai	クンタップ・チャロンチャイ	KNOCK OUT	KNOCK OUT|NJKF|SHOOT BOXING|新日本キックボクシング協会(SNKA)
kong-kosei	“KONG” 光生	K-1 WORLD GP|Krush|Krush-EX	K-1 / Krush / Krush-EX
yuma-yamaguchi	山口侑馬	RISE	DEEP☆KICK|HoostCup|NJKF|RISE
sekiguchi-kosei	関口 功誠	K-1 WORLD GP|Krush|Krush-EX	K-1 / Krush / Krush-EX
fujimura-daisuke	藤村 大輔	K-1 WORLD GP|Krush|Krush-EX	Bigbang|K-1 / Krush / Krush-EX
hayato-3	隼斗	KNOCK OUT	DEEP☆KICK|HoostCup|KNOCK OUT|NKB
yamawaki-tsubasa	山脇 飛翼	K-1	DEEP☆KICK|HoostCup|K-1 / Krush / Krush-EX|NJKF
poru-surouinsuki	ポール・スロウィンスキー		K-1 / Krush / Krush-EX|SHOOT BOXING|新日本キックボクシング協会(SNKA)
rui	RUI	K-1 WORLD GP|Krush|Krush-EX	K-1 / Krush / Krush-EX
kajiwara-ryuuji	梶原龍児		K-1 / Krush / Krush-EX|RISE|SHOOT BOXING
sano-tenma	佐野 天馬	K-1 WORLD GP|Krush|Krush-EX	Bigbang|K-1 / Krush / Krush-EX
murakoshi-yuta	村越 優汰	K-1 WORLD GP|Krush|Krush-EX	K-1 / Krush / Krush-EX
kurata-taiju	倉田 大珠	K-1 WORLD GP|Krush|Krush-EX	K-1 / Krush / Krush-EX
kurata-eiki	倉田 永輝	K-1 WORLD GP|Krush|Krush-EX	Bigbang|K-1 / Krush / Krush-EX
furumiya-haru	古宮 晴	K-1 WORLD GP|Krush|Krush-EX	DEEP☆KICK|K-1 / Krush / Krush-EX
yushin	優心	KNOCK OUT	KNOCK OUT|KROSS×OVER|NJKF|RIZIN
yuudai	雄大		DEEP☆KICK|K-1 / Krush / Krush-EX|新日本キックボクシング協会(SNKA)
miyazaki-raigo	宮﨑 頼悟	K-1 WORLD GP|Krush|Krush-EX	K-1 / Krush / Krush-EX
amano-sota	天野 颯大	K-1 WORLD GP|Krush|Krush-EX	K-1 / Krush / Krush-EX
anpo-riku	安保 璃紅	K-1 WORLD GP|Krush|Krush-EX	HoostCup|K-1 / Krush / Krush-EX
hiroyuki	HIROYUKI	RISE	Bigbang|HoostCup|NJKF|RISE
tanitsu-haruyuki	谷津 晴之	KNOCK OUT	KNOCK OUT|KROSS×OVER|NJKF|NKB
nonaka-daito	野中 大翔	K-1 WORLD GP|Krush|Krush-EX	K-1 / Krush / Krush-EX
uzawa-yuya	鵜澤 悠也	K-1 WORLD GP|Krush|Krush-EX	K-1 / Krush / Krush-EX|RIZIN
keito	啓斗	KNOCK OUT|Krush|Krush-EX	DEEP☆KICK|K-1 / Krush / Krush-EX|KNOCK OUT
matsumoto-ryoga	松本 涼雅	K-1 WORLD GP|Krush|Krush-EX	K-1 / Krush / Krush-EX
mohan-doragon	モハン・ドラゴン		Bigbang|K-1 / Krush / Krush-EX|RISE
hayashi-kenta	林 健太	K-1 WORLD GP|Krush|Krush-EX	Bigbang|K-1 / Krush / Krush-EX
sakurai-rikako	櫻井 梨華子	K-1 WORLD GP|Krush|Krush-EX	K-1 / Krush / Krush-EX|NJKF
bukhari-aqil	ブハリ亜輝留	K-1 WORLD GP|Krush|Krush-EX	K-1 / Krush / Krush-EX|KROSS×OVER
omura-naoki	大村 修輝	K-1 WORLD GP|Krush|Krush-EX	K-1 / Krush / Krush-EX
kuroda-yuto	黒田 勇斗	K-1 WORLD GP|Krush|Krush-EX	DEEP☆KICK|K-1 / Krush / Krush-EX|NJKF
inagaki-rei-2	稲垣 澪	K-1 WORLD GP|Krush|Krush-EX	Bigbang|K-1 / Krush / Krush-EX
higashimoto-hisaki	東本 央貴	K-1 WORLD GP|Krush|Krush-EX	DEEP☆KICK|K-1 / Krush / Krush-EX
sho-ogawa	小川翔	RISE	HoostCup|NJKF|RISE|RIZIN
katono-neigo	上遠野 寧吾	K-1 WORLD GP|Krush|Krush-EX	K-1 / Krush / Krush-EX
inoue-shuichi	井上 修一	K-1 WORLD GP|Krush|Krush-EX	K-1 / Krush / Krush-EX
kanta-motoyama	基山幹太	RISE|SHOOT BOXING	DEEP☆KICK|NJKF|RISE|SHOOT BOXING|Stand up
koya	光弥	K-1 WORLD GP|Krush|Krush-EX	K-1 / Krush / Krush-EX
kurokawa-eito	黒川 瑛斗	K-1 WORLD GP|Krush|Krush-EX	K-1 / Krush / Krush-EX
kawamori-yuto	川森 悠人	K-1 WORLD GP|Krush|Krush-EX	HoostCup|K-1 / Krush / Krush-EX
yusei-nakamoto	中元優成	RISE	DEEP☆KICK|KROSS×OVER|NJKF|RISE
ryuichi	龍威地	RISE	DEEP☆KICK|HoostCup|NJKF|RISE
hirano-tsubasa	平野 翼	K-1	DEEP☆KICK|HoostCup|K-1 / Krush / Krush-EX|NJKF
komori-reiya	小森 玲哉	KNOCK OUT|Krush|Krush-EX	K-1 / Krush / Krush-EX|KNOCK OUT
shingekinoyuki	進撃の祐基	RISE	DEEP☆KICK|NJKF|RISE|RIZIN
keiji	K-Jee	K-1 WORLD GP|Krush|Krush-EX	K-1 / Krush / Krush-EX
taaaachan-185	TAaaaCHAN	KNOCK OUT	KNOCK OUT|NJKF|NKB|RIZIN
yoshimura-takumi	吉村 匠	K-1 WORLD GP|Krush|Krush-EX	HoostCup|K-1 / Krush / Krush-EX
sagegami-kazuki	提髪 和希	K-1 WORLD GP|Krush|Krush-EX	K-1 / Krush / Krush-EX
imamura-ryusei	今村 流星	KNOCK OUT|Krush|Krush-EX	K-1 / Krush / Krush-EX|KNOCK OUT|RIZIN
shiein-chapuman	シェイン・チャップマン		K-1 / Krush / Krush-EX|NJKF|SHOOT BOXING
saito-yuta	斉藤 雄太	K-1 WORLD GP|Krush|Krush-EX	K-1 / Krush / Krush-EX
nikudango	肉弾子	K-1 WORLD GP|Krush|Krush-EX	HoostCup|K-1 / Krush / Krush-EX|NKB
mine-daiki	峯 大樹	K-1 WORLD GP|Krush|Krush-EX	DEEP☆KICK|K-1 / Krush / Krush-EX
ryuuji	龍二		K-1 / Krush / Krush-EX|RISE|SHOOT BOXING
ritoru	稟翔	K-1 WORLD GP|Krush|Krush-EX	K-1 / Krush / Krush-EX
okuwaki-nana	奥脇 奈々	K-1 WORLD GP|Krush|Krush-EX	K-1 / Krush / Krush-EX|NJKF
tatsuki	竜樹	K-1 WORLD GP|Krush|Krush-EX	K-1 / Krush / Krush-EX
hashimoto-futa	橋本 楓汰	K-1 WORLD GP|Krush|Krush-EX	HoostCup|K-1 / Krush / Krush-EX|RIZIN
kamimura-erika	神村エリカ		NJKF|RISE|SHOOT BOXING
kawakami-kyo	川上 叶	KNOCK OUT|RISE|SHOOT BOXING	HoostCup|RISE|SHOOT BOXING
akito-nakashima	中嶋愛樹斗	RISE	DEEP☆KICK|NJKF|ONE Championship|RISE
matsumoto-hinata	松本 日向	K-1 WORLD GP|Krush|Krush-EX	K-1 / Krush / Krush-EX
atsushi-yamato	敦YAMATO	K-1	DEEP☆KICK|HoostCup|K-1 / Krush / Krush-EX|NJKF
ryutaro	龍太郎	RISE	DEEP☆KICK|HoostCup|NKB|RISE
aron-kuraku	アーロン・クラーク	K-1 WORLD GP|Krush|Krush-EX	K-1 / Krush / Krush-EX
riamu	璃明武	K-1 WORLD GP|Krush|Krush-EX	K-1 / Krush / Krush-EX
seiya	SEIYA	K-1 WORLD GP|Krush|Krush-EX	DEEP☆KICK|K-1 / Krush / Krush-EX
mizutani-kodai	水谷 昊代	K-1 WORLD GP|Krush|Krush-EX	HoostCup|K-1 / Krush / Krush-EX
tanabe-kenshin	田邉 謙心	K-1 WORLD GP|Krush|Krush-EX	K-1 / Krush / Krush-EX
takahashi-naoki	髙橋 直輝	K-1 WORLD GP|Krush|Krush-EX	K-1 / Krush / Krush-EX
jurio-sezaru-mori	ジュリオ・セザール・モリ	K-1 WORLD GP|Krush|Krush-EX	K-1 / Krush / Krush-EX
hayato	HAYATO	Krush|Krush-EX|RISE	HoostCup|JKA|K-1 / Krush / Krush-EX|NJKF|RISE|SHOOT BOXING
murata-kengo	村田 健悟	K-1 WORLD GP|Krush|Krush-EX	K-1 / Krush / Krush-EX
anuwato-geosamurito	アヌワット・ゲーオサムリット		NJKF|RISE|新日本キックボクシング協会(SNKA)
akimoto-hiroki	秋元皓貴		Bigbang|K-1 / Krush / Krush-EX|ONE Championship
hayashi-shinpei	林 眞平	K-1	DEEP☆KICK|K-1 / Krush / Krush-EX|KROSS×OVER|RIZIN
mika	☆MIKA☆		Bigbang|NJKF|SHOOT BOXING
gaburieru-de-ramosu	ガブリエル・デ・ラモス	K-1 WORLD GP|Krush|Krush-EX	K-1 / Krush / Krush-EX
igoru-shiuba	イゴール・シウバ	K-1 WORLD GP|Krush|Krush-EX	K-1 / Krush / Krush-EX
kingu-kouhei	KING皇兵		DEEP☆KICK|HoostCup|NJKF
tenshin-nasukawa	那須川天心	RISE	DEEP☆KICK|KNOCK OUT|RISE|RIZIN
haruto	遥心	K-1 WORLD GP|Krush|Krush-EX	K-1 / Krush / Krush-EX|RIZIN
sano-junpei	佐野 純平	K-1 WORLD GP|Krush|Krush-EX	K-1 / Krush / Krush-EX|KROSS×OVER
yu	優	K-1 WORLD GP|Krush|Krush-EX	K-1 / Krush / Krush-EX
yamada-kotaro	山田彪太朗	KNOCK OUT|RISE|SHOOT BOXING	SHOOT BOXING
nakashima-ryunosuke	中島 龍之介	K-1 WORLD GP|Krush|Krush-EX	DEEP☆KICK|K-1 / Krush / Krush-EX
ozawa-kaito	小澤 海斗	K-1 WORLD GP|Krush|Krush-EX	K-1 / Krush / Krush-EX
hashimoto-mao	橋本 実生	K-1 WORLD GP|Krush|Krush-EX	K-1 / Krush / Krush-EX
nakahira-takumi	中平 卓見	K-1	HoostCup|K-1 / Krush / Krush-EX|KROSS×OVER|NJKF
taki	瀧	K-1 WORLD GP|RISE	DEEP☆KICK|HoostCup|K-1 / Krush / Krush-EX|NKB|RISE
yusuke-iwaki	岩城悠介	RISE	DEEP☆KICK|NJKF|RISE|RIZIN
ishigo-keito	石郷 慶人	K-1 WORLD GP|Krush|Krush-EX	K-1 / Krush / Krush-EX|RIZIN
matsutani-kira	松谷 綺	K-1 WORLD GP|Krush|Krush-EX	K-1 / Krush / Krush-EX|NJKF
izawa-namito	伊澤 波人	K-1 WORLD GP|Krush|Krush-EX	K-1 / Krush / Krush-EX
nita-akeomi	新田明臣		K-1 / Krush / Krush-EX|NJKF|新日本キックボクシング協会(SNKA)
gentaro-kai	甲斐元太郎	RISE	DEEP☆KICK|HoostCup|NJKF|RISE
uchida-masayuki	内田雅之		JKA|NJKF|NKB
inagaki-shu	稲垣 柊	K-1 WORLD GP|Krush|Krush-EX	K-1 / Krush / Krush-EX
nakano-hiroki	中野 大輝	K-1 WORLD GP|Krush|Krush-EX	K-1 / Krush / Krush-EX
yohan	YOHAN	K-1 WORLD GP|Krush|Krush-EX	K-1 / Krush / Krush-EX
matsumoto-haruto	松本 海翔	K-1 WORLD GP|Krush|Krush-EX	K-1 / Krush / Krush-EX
ruku	瑠久	K-1 WORLD GP|Krush|Krush-EX	K-1 / Krush / Krush-EX
urabe-kouya	卜部功也		Bigbang|K-1 / Krush / Krush-EX|NJKF
nakajima-chihiro	中島 千博	K-1 WORLD GP|Krush|Krush-EX	K-1 / Krush / Krush-EX
akuseru	明世流	K-1 WORLD GP|Krush|Krush-EX	K-1 / Krush / Krush-EX
suzuki-tyson	鈴木 太尊	K-1 WORLD GP|Krush|Krush-EX	K-1 / Krush / Krush-EX|NJKF
katashima-satoshi	片島 聡志	KNOCK OUT	KNOCK OUT|NJKF|NKB|RIZIN
kiyoto-takahashi	髙橋聖人	RISE	NJKF|NKB|RISE|RIZIN
hannya-hashimoto	般若HASHIMOTO	KNOCK OUT	K-1 / Krush / Krush-EX|KNOCK OUT|KROSS×OVER|RIZIN
mahiro	真優	K-1 WORLD GP|Krush|Krush-EX	DEEP☆KICK|K-1 / Krush / Krush-EX
nagasaka-lyra	永坂 吏羅	K-1 WORLD GP|Krush|Krush-EX	K-1 / Krush / Krush-EX
hasumi-hikaru	蓮實 光	K-1 WORLD GP|Krush|Krush-EX	K-1 / Krush / Krush-EX
nishiyama-makoto	西山誠人		K-1 / Krush / Krush-EX|NJKF|新日本キックボクシング協会(SNKA)
furuta-taichi	古田太一		K-1 / Krush / Krush-EX|RISE|新日本キックボクシング協会(SNKA)
miyake-yuya	三宅 祐弥	K-1 WORLD GP|Krush|Krush-EX	DEEP☆KICK|HoostCup|K-1 / Krush / Krush-EX
onishi-hiyori	大西 日和	K-1 WORLD GP|Krush|Krush-EX	K-1 / Krush / Krush-EX
yamaguchi-yuma	山口 悠真	KNOCK OUT	DEEP☆KICK|HoostCup|KNOCK OUT|Stand up
yosuke	鷹介	RISE	DEEP☆KICK|HoostCup|NJKF|RISE
ayane	恵音	KNOCK OUT|Krush|Krush-EX	K-1 / Krush / Krush-EX|KNOCK OUT
matsushita-emi	松下えみ		Bigbang|K-1 / Krush / Krush-EX|NJKF
yamamoto-riku	山本 陸	K-1 WORLD GP|Krush|Krush-EX	K-1 / Krush / Krush-EX
kotetsu	小鉄	K-1 WORLD GP|Krush|Krush-EX	K-1 / Krush / Krush-EX
ishii-hirokazu	石井宏和		DEEP☆KICK|HoostCup|NJKF
fujisaka-hiroki	藤阪 弘樹	K-1	DEEP☆KICK|HoostCup|K-1 / Krush / Krush-EX|NJKF
shohei-ono	小野祥平	RISE	DEEP☆KICK|KROSS×OVER|RISE|Stand up
umeno-genji	梅野源治	KNOCK OUT|RISE	K-1 / Krush / Krush-EX|KNOCK OUT|NJKF|RISE|RIZIN
shoma-2	翔磨	KNOCK OUT|RISE	DEEP☆KICK|HoostCup|KNOCK OUT|RISE|RIZIN
tsukamoto-takuma	塚本 拓真	K-1 WORLD GP|Krush|Krush-EX	K-1 / Krush / Krush-EX
raika	紗依茄	K-1 WORLD GP|Krush|Krush-EX	DEEP☆KICK|K-1 / Krush / Krush-EX
geo-uirasakureku	ゲーオ・ウィラサクレック	K-1 WORLD GP|Krush|Krush-EX	K-1 / Krush / Krush-EX|RISE
usami-hide-meison	宇佐美 秀 メイソン	K-1 WORLD GP|KNOCK OUT|RISE	RISE
wan-junguan	ワン・ジュングァン	K-1 WORLD GP|Krush|Krush-EX	K-1 / Krush / Krush-EX
jadanba-narantongaragu	ジャダンバ・ナラントンガラグ		K-1 / Krush / Krush-EX|ONE Championship|SHOOT BOXING
hashimoto-raita	橋本 雷汰	K-1 WORLD GP|Krush|Krush-EX	HoostCup|K-1 / Krush / Krush-EX
ueno-hippo-noriko	上野hippo宣子	K-1 WORLD GP|Krush|Krush-EX	K-1 / Krush / Krush-EX|NJKF|NKB
kawagoe-akihiko	川越 亮彦	K-1 WORLD GP|Krush|Krush-EX	K-1 / Krush / Krush-EX
sasaki-kosei	佐々木昊生	KNOCK OUT|RISE	DEEP☆KICK|HoostCup|KNOCK OUT|NJKF|RISE
ishida-katsuki	石田勝希		DEEP☆KICK|HoostCup|K-1 / Krush / Krush-EX
nagano-kakeru	長野 翔	K-1 WORLD GP|Krush|Krush-EX	K-1 / Krush / Krush-EX
matsuoka-shodai	松岡 翔大	K-1 WORLD GP|Krush|Krush-EX	K-1 / Krush / Krush-EX|KROSS×OVER
serukan-irumatsu	セルカン・イルマッツ		K-1 / Krush / Krush-EX|SHOOT BOXING|新日本キックボクシング協会(SNKA)
ueda-sakuya	上田 咲也	K-1 WORLD GP|Krush|Krush-EX	DEEP☆KICK|HoostCup|K-1 / Krush / Krush-EX
ishiguro-tatsuya	石黒竜也		K-1 / Krush / Krush-EX|NJKF|RISE
akira	AKIRA	K-1	DEEP☆KICK|K-1 / Krush / Krush-EX|KROSS×OVER|NJKF
kaishi	魁志	K-1 WORLD GP	HoostCup|K-1 / Krush / Krush-EX|NJKF|RIZIN
sagae-rukasu	サガエ・ルーカス	Krush|Krush-EX	HoostCup|K-1 / Krush / Krush-EX
yu-thong-a	祐☆トーン・エー	K-1	HoostCup|K-1 / Krush / Krush-EX|NJKF
gono-akihiro	郷野 聡寛	K-1	K-1 / Krush / Krush-EX|NJKF|NKB
takeda-kouzou	武田幸三		K-1 / Krush / Krush-EX|新日本キックボクシング協会(SNKA)
eriko	ERIKO	KNOCK OUT|RISE	NJKF|RISE
nakamuranchai-kenta	ナカムランチャイ・ケンタ	KNOCK OUT	KNOCK OUT|NJKF|NKB
jorujio-petoroshian	ジョルジオ・ペトロシアン		K-1 / Krush / Krush-EX|ONE Championship
shota-2	翔太	K-1	K-1 / Krush / Krush-EX|NJKF|NKB
tanaka-strike-yuki	田中STRIKE雄基	K-1	DEEP☆KICK|K-1 / Krush / Krush-EX|RIZIN
ootakaichirou	大高一郎		K-1 / Krush / Krush-EX|NJKF
rui-ebata	江幡 塁	RISE	RISE|RIZIN|新日本キックボクシング協会(SNKA)
kyo-yuga	許 裕雅	Krush|Krush-EX	K-1 / Krush / Krush-EX
ryusho-toda	戸田龍将	RISE	KROSS×OVER|RISE|Stand up
asahino-minoru	旭野 穂	KNOCK OUT	JKA|KNOCK OUT|KROSS×OVER
chan-uhyoku	チャン・ウヒョク	Krush|Krush-EX	K-1 / Krush / Krush-EX
tairon-supon	タイロン・スポーン		K-1 / Krush / Krush-EX|SHOOT BOXING
gravy-miu	GRAVY未宇	Krush|Krush-EX	K-1 / Krush / Krush-EX|KROSS×OVER
denisu-uoshiku-2	デニス・ウォーシック	K-1|RISE	K-1 / Krush / Krush-EX|RISE
daiki-kazama	風間大輝	RISE|SHOOT BOXING	SHOOT BOXING
yamamoto-baafa-hiroki	山本“バッファ”弘樹	K-1	HoostCup|K-1 / Krush / Krush-EX|NJKF
miyakoshi-soichiro	宮越 宗一郎	K-1	HoostCup|K-1 / Krush / Krush-EX|NJKF
tetsushi	哲志	Krush|Krush-EX	K-1 / Krush / Krush-EX|KROSS×OVER
yuzuki	柚子貴	KNOCK OUT	DEEP☆KICK|KNOCK OUT|NJKF
ogawa-ren	小川 蓮武	Krush|Krush-EX	K-1 / Krush / Krush-EX
kusano-kojiro	草野 浩二郎	Krush|Krush-EX	K-1 / Krush / Krush-EX|KROSS×OVER
anesuto-hosuto	アーネスト・ホースト		HoostCup|K-1 / Krush / Krush-EX
rikiya	力也	KNOCK OUT	KNOCK OUT|NJKF|RIZIN
kitayama-zen	北山 善	Krush|Krush-EX	K-1 / Krush / Krush-EX
daruma-kenta	“DARUMA” 健太	Krush|Krush-EX	K-1 / Krush / Krush-EX
itabashi-takeru	板橋 武留	Krush|Krush-EX	Bigbang|K-1 / Krush / Krush-EX
kunimoto-masayoshi	國本 真義	KNOCK OUT	HoostCup|KNOCK OUT|RIZIN
kazuhito	一仁	RISE	K-1 / Krush / Krush-EX|NJKF|RISE
masumoto-shoya	桝本 翔也	Krush|Krush-EX	K-1 / Krush / Krush-EX
morikawa-kizuna	森川 絆	Krush|Krush-EX	K-1 / Krush / Krush-EX
sakuta-yoshinori	作田 良典	K-1	DEEP☆KICK|K-1 / Krush / Krush-EX|NKB
yan-norukiya	ヤン・ノルキヤ		K-1 / Krush / Krush-EX|新日本キックボクシング協会(SNKA)
takeuchi-masaki	竹内 将生	Krush|Krush-EX	Bigbang|K-1 / Krush / Krush-EX
hyuga-nemoto	根本日向	RISE	DEEP☆KICK|NJKF|RISE
ayaka	Ayaka	RISE	DEEP☆KICK|NJKF|RISE
renta-uowanchai	レンタ・ウォーワンチャイ	KNOCK OUT	KNOCK OUT|KROSS×OVER|NKB
ota-rei	太田 黎	Krush|Krush-EX	K-1 / Krush / Krush-EX
kura	呼良	Krush|Krush-EX	K-1 / Krush / Krush-EX
meruvin-manufu	メルヴィン・マヌーフ		K-1 / Krush / Krush-EX|ONE Championship
andi-orogon	アンディ・オロゴン		K-1 / Krush / Krush-EX|SHOOT BOXING
itabashi-kan	板橋寛		K-1 / Krush / Krush-EX|RISE
maiku-berunarudo	マイク・ベルナルド		K-1 / Krush / Krush-EX|新日本キックボクシング協会(SNKA)
ootomo-rie	桜朋梨恵		K-1 / Krush / Krush-EX|新日本キックボクシング協会(SNKA)
masato	魔裟斗		K-1 / Krush / Krush-EX|SHOOT BOXING
matsumoto-yoshimichi	松本芳道		K-1 / Krush / Krush-EX|新日本キックボクシング協会(SNKA)
shota-tezuka	手塚翔太	RISE|SHOOT BOXING	SHOOT BOXING
yuta-kunieda	國枝悠太	RISE	HoostCup|K-1 / Krush / Krush-EX|RISE
rikuto	陸刃	RISE	DEEP☆KICK|KROSS×OVER|RISE
inoue-kaizan	井上 海山	Krush|Krush-EX	K-1 / Krush / Krush-EX
uegaito-issei	上垣内 一成	Krush|Krush-EX	K-1 / Krush / Krush-EX
kondo-taisei	近藤 大成	K-1	DEEP☆KICK|HoostCup|K-1 / Krush / Krush-EX
tatsuya-inaishi	稲石竜弥	RISE	Bigbang|K-1 / Krush / Krush-EX|RISE
mizukami-haruki	水上 陽生	Krush|Krush-EX	K-1 / Krush / Krush-EX
kikuchi-kaito	菊地 海斗	Krush|Krush-EX	K-1 / Krush / Krush-EX
ryo	遼/Ryo	Krush|Krush-EX	K-1 / Krush / Krush-EX
yuto-nomura	野村勇人	RISE|SHOOT BOXING	KROSS×OVER|SHOOT BOXING
kondo-soma	近藤 壮真	Krush|Krush-EX	K-1 / Krush / Krush-EX
ueno-kanata	上野 奏貴	K-1 WORLD GP|Krush	K-1 / Krush / Krush-EX|RIZIN
saito-chigusa	斎藤 千種	KNOCK OUT	KNOCK OUT|KROSS×OVER|NJKF
shinryu	臣龍	Krush|Krush-EX	K-1 / Krush / Krush-EX
endo-kentaro	遠藤 健太郎	Krush|Krush-EX	K-1 / Krush / Krush-EX|KROSS×OVER
joma	上真	RISE	JKA|NJKF|RISE
denisu-shunaidomira	デニス・シュナイドミラー		K-1 / Krush / Krush-EX|SHOOT BOXING
okahan-bara	オカハン バラ	Krush|Krush-EX	K-1 / Krush / Krush-EX|KROSS×OVER
maiku-jo	MIKE JOE	K-1	Bigbang|K-1 / Krush / Krush-EX|NJKF
hiraoka-koto	平岡 琴	KNOCK OUT|RISE	K-1 / Krush / Krush-EX|RISE
pk	センチャイ・PKセンチャイムエタイジム		HoostCup|NJKF
goto-riki	後藤 力	Krush|Krush-EX	K-1 / Krush / Krush-EX
yosuke-mizuochi	水落洋祐	RISE	HoostCup|NJKF|RISE
marufio-kanoreti	マルフィオ・カノレッティ		K-1 / Krush / Krush-EX|SHOOT BOXING
furumura-kyohei	古村 匡平	KNOCK OUT	KNOCK OUT|NJKF|RIZIN
horii-tsubasa	堀井 翼	Krush|Krush-EX	K-1 / Krush / Krush-EX|KROSS×OVER
yamaguchi-ryusei	山口 琉聖	Krush|Krush-EX	K-1 / Krush / Krush-EX
maki-douwansonpon	マキ・ドゥワンソンポン	K-1	HoostCup|K-1 / Krush / Krush-EX|NJKF
naruo-hiroki	成尾 拓輝	KNOCK OUT	DEEP☆KICK|HoostCup|KNOCK OUT
naoki-kasahara	笠原直希	RISE|SHOOT BOXING	SHOOT BOXING
arima-daito	有馬 大翔	Krush|Krush-EX	K-1 / Krush / Krush-EX
shirahata-taiyo	白幡 太陽	Krush|Krush-EX	K-1 / Krush / Krush-EX
ian-shafa	イアン・シャファー		K-1 / Krush / Krush-EX|SHOOT BOXING
taisei-kondo	近藤大晟	RISE	DEEP☆KICK|HoostCup|RISE
natsuki	夏気	Krush|Krush-EX	K-1 / Krush / Krush-EX|KROSS×OVER
shota-tsuruzoe	水流添正太	RISE	DEEP☆KICK|NJKF|RISE
machibun-genki	町分 元気	Krush|Krush-EX	HoostCup|K-1 / Krush / Krush-EX
kyoutarou	京太郎		K-1 / Krush / Krush-EX|NJKF
danieru-doson	ダニエル・ドーソン		K-1 / Krush / Krush-EX|SHOOT BOXING
dyki	Dyki		Bigbang|RISE
takumi-2	匠		JKA|NJKF
yuki-yamamoto	山本裕規	RISE	DEEP☆KICK|NKB|RISE
shiro	志朗	RISE	HoostCup|RISE|新日本キックボクシング協会(SNKA)
sone-kazuma	祖根 寿麻	KNOCK OUT	K-1 / Krush / Krush-EX|KNOCK OUT|RIZIN
fabiano-saikuron	ファビアーノ・サイクロン		K-1 / Krush / Krush-EX|RISE
keito-naito	内藤啓人	RISE|SHOOT BOXING	SHOOT BOXING
makino-tomoaki	牧野智昭		K-1 / Krush / Krush-EX|RISE
kosuke-takagi	都木航佑	RISE|SHOOT BOXING	SHOOT BOXING
yabuki-kuya	矢吹 空也	Krush|Krush-EX	K-1 / Krush / Krush-EX
matsumoto-toshio	松本哉朗		K-1 / Krush / Krush-EX|新日本キックボクシング協会(SNKA)
ranmaru	蘭丸	Krush|Krush-EX	K-1 / Krush / Krush-EX|KROSS×OVER
hashimoto-yuya	橋本 裕也	Krush|Krush-EX	K-1 / Krush / Krush-EX
cho-gyonjie	チョ・ギョンジェ	RISE	HoostCup|NJKF|RISE
shoji-keima	庄司 啓馬	KNOCK OUT	DEEP☆KICK|KNOCK OUT|Stand up
rikarudo-burabo	リカルド・ブラボ	KNOCK OUT|RISE	RISE
chaen-riku	茶圓 吏久	Krush|Krush-EX	K-1 / Krush / Krush-EX
yagami-kenta	八神剣太		K-1 / Krush / Krush-EX|NJKF
sayaka-2	紗耶香	RISE	KROSS×OVER|NJKF|RISE
yodbuadang-3rdplace	ヨーブアデーン・3RDPlace	K-1|RISE	K-1 / Krush / Krush-EX|RISE
atsuki-yamada	山田貴紀	RISE	DEEP☆KICK|NJKF|RISE
seina	聖愛	RISE	DEEP☆KICK|NJKF|RISE
shino	しの	Krush|Krush-EX	K-1 / Krush / Krush-EX
inudo-rin	犬童 凛	Krush|Krush-EX	K-1 / Krush / Krush-EX
ishida-ren	石田 廉	Krush|Krush-EX	K-1 / Krush / Krush-EX
yoshino-tomoki	吉野 友規	K-1 WORLD GP|KNOCK OUT	K-1 / Krush / Krush-EX|RIZIN
ryukei	龍啓	K-1	DEEP☆KICK|HoostCup|K-1 / Krush / Krush-EX
tomoyuki	TOMOYUKI	K-1	DEEP☆KICK|K-1 / Krush / Krush-EX|NJKF
rusuran-karaefu	ルスラン・カラエフ		K-1 / Krush / Krush-EX|新日本キックボクシング協会(SNKA)
uon-gayon	ウォン・ガヨン	Krush|Krush-EX	K-1 / Krush / Krush-EX
so-yonteku	ソ・ヨンテク	Krush|Krush-EX	K-1 / Krush / Krush-EX
miho	美保		DEEP☆KICK|NJKF
gunta-karunda	グンター・カルンダ	K-1 WORLD GP|RISE	RISE
shotaro	翔太郎	K-1	DEEP☆KICK|K-1 / Krush / Krush-EX|NJKF
takuma-2	琢磨	RISE	Bigbang|NJKF|RISE
shiba-kojiro	芝 宏二郎	K-1 WORLD GP	HoostCup|K-1 / Krush / Krush-EX|RIZIN
aron	空龍	KNOCK OUT	K-1 / Krush / Krush-EX|NKB|RISE
mizumoto-yuga	水本 悠我	Krush|Krush-EX	K-1 / Krush / Krush-EX
ogata-atsushi	緒方 惇	K-1	K-1 / Krush / Krush-EX|KROSS×OVER|NJKF
minato-tarou	港太郎		K-1 / Krush / Krush-EX|SHOOT BOXING
yuta-uchida	内田雄大	RISE	HoostCup|RISE|RIZIN
maeda-hisanori	前田尚紀		K-1 / Krush / Krush-EX|NJKF
kitahara-yuki	北原 有起	Krush|Krush-EX	K-1 / Krush / Krush-EX|KROSS×OVER
shunta	駿太		Bigbang|NJKF
takayuki-senchaijimu	貴センチャイジム		NJKF|ONE Championship
ueno-kuto	上野 空大	K-1 WORLD GP|Krush	K-1 / Krush / Krush-EX|RIZIN
ryotaro-yoshida	吉田亮汰朗	RISE	DEEP☆KICK|NJKF|RISE
uchida-noboru	内田ノボル		K-1 / Krush / Krush-EX|新日本キックボクシング協会(SNKA)
takuma	戦熊	Krush|Krush-EX	K-1 / Krush / Krush-EX
maikeru-makudonarudo	マイケル・マクドナルド		K-1 / Krush / Krush-EX|新日本キックボクシング協会(SNKA)
gaogurai-gennorashin	ガオグライ・ゲーンノラシン		K-1 / Krush / Krush-EX|新日本キックボクシング協会(SNKA)
kengo-2	KENGO	RISE	DEEP☆KICK|NJKF|RISE
koguchi-kenshiro	髙口 賢史郎	Krush|Krush-EX	K-1 / Krush / Krush-EX|KROSS×OVER
hayashi-kyouhei	林恭平		DEEP☆KICK|NJKF
rinto-kako	加古稟虎	RISE	DEEP☆KICK|RISE|RIZIN
tsuruya-takeshi	鶴谷剛		K-1 / Krush / Krush-EX|NJKF
ryotaro	RYOTARO	RISE|SHOOT BOXING	SHOOT BOXING
tanaka-kosuke	田中 康友	Krush|Krush-EX	K-1 / Krush / Krush-EX|KROSS×OVER
koiso-tetsushi	小磯 哲史	KNOCK OUT	KNOCK OUT|NJKF|NKB
kaito-4	魁斗	RISE|SHOOT BOXING	SHOOT BOXING
kazumi	和美	K-1 WORLD GP|KNOCK OUT	K-1 / Krush / Krush-EX|KNOCK OUT
montana-atsu	モンタナ・アーツ	RISE	HoostCup|NJKF|RISE
hattori-karin	服部 華鈴	Krush|Krush-EX	K-1 / Krush / Krush-EX|NJKF
mizumachi-hiroshi	水町浩		K-1 / Krush / Krush-EX|RISE
sudou-nobumitsu	須藤信充		RISE|新日本キックボクシング協会(SNKA)
ishibashi-masayuki	石橋 真幸	K-1	DEEP☆KICK|HoostCup|K-1 / Krush / Krush-EX
maruko-danieru	マルコ・ダニエル	Krush|Krush-EX	K-1 / Krush / Krush-EX
koki-4	康輝	RISE	HoostCup|RISE|RIZIN
taito	泰斗	K-1	DEEP☆KICK|K-1 / Krush / Krush-EX|KROSS×OVER
ishikawa-naoki	石川直生		K-1 / Krush / Krush-EX|NJKF
samukawa-keiichi	寒川慶一		K-1 / Krush / Krush-EX|RISE
paku-hyonu	パク・ヒョンウ	Krush|Krush-EX	K-1 / Krush / Krush-EX
hotaru	Hotaru	RISE	DEEP☆KICK|K-1 / Krush / Krush-EX|RISE
sutoyan-kopurivurensuki	ストーヤン・コプリヴレンスキー	K-1 WORLD GP|RISE	K-1 / Krush / Krush-EX|RISE
ogata-kenichi	緒形健一		K-1 / Krush / Krush-EX|SHOOT BOXING
yoshikawa-jinsei	吉川 仁清	K-1 WORLD GP|Krush	HoostCup|K-1 / Krush / Krush-EX
abe-haruka	阿部 晴翔	KNOCK OUT	JKA|KNOCK OUT|NKB
taiga	大雅	KNOCK OUT|RISE	K-1 / Krush / Krush-EX|KNOCK OUT|RISE|RIZIN
miyazaki-yuki	宮崎 勇樹	Krush|Krush-EX	K-1 / Krush / Krush-EX|NJKF
daiki-2	大輝	Krush|Krush-EX	Bigbang|K-1 / Krush / Krush-EX
reishi	玲志	Krush|Krush-EX	K-1 / Krush / Krush-EX
maeda-kensaku	前田憲作		K-1 / Krush / Krush-EX|SHOOT BOXING
gaoran-kauichito	ガオラン・カウイチット		K-1 / Krush / Krush-EX|NJKF
haruto-yasumoto	安本晴翔	RISE	DEEP☆KICK|NJKF|RISE
shun-matsuyama	松山 瞬	RISE	DEEP☆KICK|RISE|RIZIN
shimizu-takeshi	清水 武	K-1	JKA|K-1 / Krush / Krush-EX|NKB
ogawa-kaito	小河 快士	Krush|Krush-EX	K-1 / Krush / Krush-EX
adachi-maiko	足立 麻衣子	K-1	K-1 / Krush / Krush-EX|KROSS×OVER|NKB
sasho-koichi	佐生 光一	Krush|Krush-EX	K-1 / Krush / Krush-EX
itsuka	いつか		RISE|新日本キックボクシング協会(SNKA)
hiroto-yokoyama	横山大翔	RISE	DEEP☆KICK|NKB|RISE
kato-yosuke	加藤 洋介	K-1	K-1 / Krush / Krush-EX|NJKF|NKB
miruko-kurokopu	ミルコ・クロコップ		K-1 / Krush / Krush-EX|RIZIN
haru	暖	KNOCK OUT	HoostCup|KNOCK OUT|NJKF
kazuki-takeichi	竹市一樹	RISE	DEEP☆KICK|HoostCup|RISE
no-jiegiru	ノ・ジェギル		K-1 / Krush / Krush-EX|RISE
tenga	天河	Krush|Krush-EX	K-1 / Krush / Krush-EX
suarek-teppen-gym	スアレック・TEPPEN GYM	K-1|RISE	K-1 / Krush / Krush-EX|RISE
ono-takashi	大野 貴志	KNOCK OUT	Bigbang|KNOCK OUT|NJKF
kohiruimaki-taishin	小比類巻太信		K-1 / Krush / Krush-EX|SHOOT BOXING
yuki-sakamoto	坂本優起	RISE|SHOOT BOXING	SHOOT BOXING
owaki-takeru	大脇 武	Krush|Krush-EX	JKA|K-1 / Krush / Krush-EX
niki-horutsuken	ニキー・ホルツケン		K-1 / Krush / Krush-EX|ONE Championship
momoka	MOMOKA	Krush|Krush-EX	K-1 / Krush / Krush-EX
faiya-harada	ファイヤー原田		K-1 / Krush / Krush-EX|RISE
ogawa-yasuhiro	小川 泰寛	Krush|Krush-EX	K-1 / Krush / Krush-EX
ishii-tatsuya	石井達也		NJKF|新日本キックボクシング協会(SNKA)
momose-tatsunori	百瀬竜徳		K-1 / Krush / Krush-EX|RISE
toyoshima-satomi	豊嶋 里美	Krush|Krush-EX	K-1 / Krush / Krush-EX
norio-yokoyama	横山典雄	RISE	KROSS×OVER|NKB|RISE
aoki-mayu	青木 繭	Krush|Krush-EX	K-1 / Krush / Krush-EX|NJKF
kanda-kengo	神田 賢吾	K-1	JKA|K-1 / Krush / Krush-EX|KROSS×OVER
sakai-yuzuki	酒井柚樹	KNOCK OUT|RISE	KNOCK OUT|KROSS×OVER|NJKF|RISE
brian	武来安	KNOCK OUT|RISE	RISE
renta-nishioka	西岡蓮太	RISE|SHOOT BOXING	DEEP☆KICK|SHOOT BOXING
kikuchi-kouichi	菊池浩一		RISE|SHOOT BOXING
chado-korinzu	チャド・コリンズ	KNOCK OUT|RISE	RISE
matsuoka-riki	松岡 力	KNOCK OUT	K-1 / Krush / Krush-EX|KNOCK OUT|新日本キックボクシング協会(SNKA)
mai-hanada	花田麻衣	RISE	DEEP☆KICK|HoostCup|RISE
geri-gudoriji	ゲーリー・グッドリッジ		K-1 / Krush / Krush-EX|新日本キックボクシング協会(SNKA)
yamamoto-genki	山本元気		K-1 / Krush / Krush-EX|NJKF
hisai-taimu	久井 大夢	KNOCK OUT	K-1 / Krush / Krush-EX|KNOCK OUT|NJKF
mitsuru	MITSURU	K-1	DEEP☆KICK|K-1 / Krush / Krush-EX|NJKF
nagi	那稀	Krush|Krush-EX	K-1 / Krush / Krush-EX
yamada-koki	山田 享樹	Krush|Krush-EX	K-1 / Krush / Krush-EX
ogura-erika	小倉 えりか	KNOCK OUT	KNOCK OUT|KROSS×OVER|NJKF
sanchai-teppengym	サンチャイ・TEPPENGYM	KNOCK OUT|RISE	RISE
ryo-takahashi	髙橋 亮	RISE	NJKF|NKB|RISE
yoshimura-ryojiro	吉村 凌仁郎	K-1	DEEP☆KICK|HoostCup|K-1 / Krush / Krush-EX
tanaka-shuta	田中 秀汰	Krush|Krush-EX	K-1 / Krush / Krush-EX|KROSS×OVER
ariyan-mohamadi	アリヤン・モハマディ	Krush|Krush-EX	K-1 / Krush / Krush-EX
minagawa-yuya	皆川 裕哉	KNOCK OUT	JKA|KNOCK OUT|NKB
pita-atsu	ピーター・アーツ		K-1 / Krush / Krush-EX|RIZIN
sakamoto-juki	坂本 寿希	Krush|Krush-EX	K-1 / Krush / Krush-EX|KROSS×OVER
yuka	Yuka☆	K-1	K-1 / Krush / Krush-EX|NJKF|NKB
bobu-sapu	ボブ・サップ		K-1 / Krush / Krush-EX|RIZIN
momotaro	MOMOTARO	RISE	K-1 / Krush / Krush-EX|NJKF|RISE
takuya-taira	泰良拓也	RISE	DEEP☆KICK|HoostCup|RISE
nana	NANA	KNOCK OUT	K-1 / Krush / Krush-EX|KNOCK OUT|NJKF
arutouru-kishienko	アルトゥール・キシェンコ		K-1 / Krush / Krush-EX|RISE
seiya-3	聖也	K-1	K-1 / Krush / Krush-EX|KROSS×OVER|NJKF
tensuke-yamasaki	山﨑天輔	RISE	DEEP☆KICK|NKB|RISE
fadiru-shabari	ファディル・シャバリ		K-1 / Krush / Krush-EX|SHOOT BOXING
mizuno-shiho	水野 志保	K-1	HoostCup|K-1 / Krush / Krush-EX|NJKF
yusei	勇成	KNOCK OUT	JKA|KNOCK OUT|KROSS×OVER
okada-akihiro	岡田 彬宏	KNOCK OUT	JKA|KNOCK OUT|KROSS×OVER
inatsu-kodai	稲津 航大	Krush|Krush-EX	K-1 / Krush / Krush-EX
ore-rosen	オーレ・ローセン		K-1 / Krush / Krush-EX|SHOOT BOXING
yuya-130	YUYA	KNOCK OUT	KNOCK OUT|NJKF|NKB
daiguuji-susumu	大宮司進		K-1 / Krush / Krush-EX|NJKF
nakajima-rei	中島 玲	K-1 WORLD GP|KNOCK OUT	K-1 / Krush / Krush-EX|KNOCK OUT
nobe-kodai	野辺 広大	K-1	HoostCup|K-1 / Krush / Krush-EX|NJKF
shin-nopadeson	シン・ノッパデッソーン		K-1 / Krush / Krush-EX|新日本キックボクシング協会(SNKA)
masuda-hirohide	増田 拓英	Krush|Krush-EX	DEEP☆KICK|K-1 / Krush / Krush-EX
maruyama-koki	丸山 晃毅	Krush|Krush-EX	K-1 / Krush / Krush-EX
miyu-315	MIYU	KNOCK OUT|SHOOT BOXING	SHOOT BOXING
yuto-2	YU斗	RISE	HoostCup|NJKF|RISE
mao	麻央	Krush|Krush-EX	K-1 / Krush / Krush-EX
ruijanjira-447	RUI JANJIRA	KNOCK OUT	KNOCK OUT|NJKF|NKB
shuto-miyazaki	宮崎就斗	RISE	DEEP☆KICK|HoostCup|RISE
juna-koda	上田樹那	RISE	DEEP☆KICK|RISE|RIZIN
kin-taiei	金泰泳		K-1 / Krush / Krush-EX|RISE
sakamoto-rika	坂本 梨香	KNOCK OUT|SHOOT BOXING	SHOOT BOXING
takahiro-hosono	細野登弘	RISE	NKB|RISE|Stand up
mina	MINA		K-1 / Krush / Krush-EX|SHOOT BOXING
yuki-kyotani	京谷祐希	RISE	DEEP☆KICK|HoostCup|RISE
yuki-kasahara	笠原友希	RISE|SHOOT BOXING	SHOOT BOXING
yu-hirono	廣野 祐	RISE	Bigbang|K-1 / Krush / Krush-EX|RISE
kotera-yuta	小寺 雄太	Krush|Krush-EX	K-1 / Krush / Krush-EX
kako-taisei	加古大晴	KNOCK OUT|RISE	DEEP☆KICK|KNOCK OUT|NJKF|RISE
kusa-max	草MAX	KNOCK OUT	DEEP☆KICK|KNOCK OUT|NJKF
shohei-asahara	麻原将平	RISE	HoostCup|K-1 / Krush / Krush-EX|RISE
degai-taisuke	出貝泰佑		Bigbang|K-1 / Krush / Krush-EX
kohaku	琥伯	K-1 WORLD GP|Krush	K-1 / Krush / Krush-EX
naoya	直也	Krush|Krush-EX	K-1 / Krush / Krush-EX|RIZIN
oishi-ayano	大石 綾乃	K-1	HoostCup|K-1 / Krush / Krush-EX|NJKF
kitagawara-ryoma	北川原 稜磨	Krush|Krush-EX	K-1 / Krush / Krush-EX
ryuto	龍斗	RISE	Bigbang|K-1 / Krush / Krush-EX|RISE
sugiwaka-rei	杉若 怜	Krush|Krush-EX	HoostCup|K-1 / Krush / Krush-EX
kensei-yamakawa	山川賢誠	RISE	DEEP☆KICK|RISE|RIZIN
noji-ryuuta	野地竜太		K-1 / Krush / Krush-EX|新日本キックボクシング協会(SNKA)
yamaguchi-mahiro	山口 真宙	K-1	DEEP☆KICK|HoostCup|K-1 / Krush / Krush-EX
tomihira-tatsufumi	富平辰文		K-1 / Krush / Krush-EX|NJKF
takahashi-yukimitsu	高橋 幸光	KNOCK OUT	KNOCK OUT|KROSS×OVER|NJKF
kotaro-hayashi	林 功太郎	RISE	DEEP☆KICK|NJKF|RISE
hasegawa-shohei	長谷川 翔平	Krush|Krush-EX	
imu-sujon	イム・スジョン		K-1 / Krush / Krush-EX|SHOOT BOXING
kojima-takuya	小島 卓也	Krush|Krush-EX	K-1 / Krush / Krush-EX
takahiro	鷹大	KNOCK OUT	K-1 / Krush / Krush-EX|KNOCK OUT|NJKF
arata-soichiro	新田 宗一朗	KNOCK OUT	K-1 / Krush / Krush-EX|KNOCK OUT|RIZIN
serugei-adamuchaku	セルゲイ・アダムチャック	K-1 WORLD GP|RISE	K-1 / Krush / Krush-EX|RISE
doi-hiroyuki	土井広之		K-1 / Krush / Krush-EX|SHOOT BOXING
onaga-shogo	翁長 正吾	Krush|Krush-EX	K-1 / Krush / Krush-EX
banna	繁那	KNOCK OUT	DEEP☆KICK|KNOCK OUT|NJKF
matsutani-kina	松谷 梛	Krush|Krush-EX	K-1 / Krush / Krush-EX|KROSS×OVER
andi-sawa	アンディ・サワー	SHOOT BOXING	K-1 / Krush / Krush-EX|RIZIN|SHOOT BOXING
kenta-2	KENTA	RISE	HoostCup|KROSS×OVER|RISE
ku-teuon	ク・テウォン	Krush|Krush-EX	K-1 / Krush / Krush-EX
yasuda-manato	安田 学登	KNOCK OUT	KNOCK OUT|KROSS×OVER|NKB
shota-saenchaigym	翔・センチャイジム	K-1	HoostCup|K-1 / Krush / Krush-EX|NJKF
chon-yujon	チョン・ユジョン	K-1 WORLD GP|RISE	RISE
kato-kazuya	加藤 和也	Krush|Krush-EX	K-1 / Krush / Krush-EX|NJKF
kintaro	金太郎	Krush|Krush-EX	DEEP☆KICK|K-1 / Krush / Krush-EX
yokono-hiro	横野 洋	KNOCK OUT	DEEP☆KICK|HoostCup|KNOCK OUT
asai-haruka	浅井春香	KNOCK OUT|RISE	KNOCK OUT|KROSS×OVER|NJKF|RISE
doni-doragon	ドニー・ドラゴン	Krush|Krush-EX	K-1 / Krush / Krush-EX
suzuki-rikiya	鈴木 力也	K-1	K-1 / Krush / Krush-EX|KROSS×OVER|NJKF
sakamoto-hidenori	坂本 英則	K-1 WORLD GP	Bigbang|K-1 / Krush / Krush-EX|KROSS×OVER
otsuki-haruaki	大月 晴明	Krush|Krush-EX	HoostCup|K-1 / Krush / Krush-EX
tetsu	TETSU	RISE	DEEP☆KICK|K-1 / Krush / Krush-EX|RISE
melty-kira	Melty輝	K-1 WORLD GP|RISE	K-1 / Krush / Krush-EX|RISE
arubato-kurausu	アルバート・クラウス		K-1 / Krush / Krush-EX|SHOOT BOXING
oohama-yoshimi	大浜芳美		NJKF|新日本キックボクシング協会(SNKA)
ramon-deka	ラモン・デッカー		K-1 / Krush / Krush-EX|SHOOT BOXING
m16-2	ランバー・ソムデートM16		K-1 / Krush / Krush-EX|SHOOT BOXING
ota-ikko	大田 一航	K-1	HoostCup|K-1 / Krush / Krush-EX|NJKF
tsubasa	翼	RISE	JKA|RISE|新日本キックボクシング協会(SNKA)
inamura-kenshin	稲村 健心	Krush|Krush-EX	K-1 / Krush / Krush-EX|KROSS×OVER
masahito-okuyama	奥山雅仁	RISE	DEEP☆KICK|HoostCup|RISE
sakakibara-towa	榊原 統羽	Krush|Krush-EX	K-1 / Krush / Krush-EX
aron-2	空龍	KNOCK OUT	DEEP☆KICK|KROSS×OVER|NJKF
kato-riko	加藤 りこ	Krush|Krush-EX	K-1 / Krush / Krush-EX
takayama-atsushi-2	髙山 敦	KNOCK OUT|SHOOT BOXING	SHOOT BOXING
ryu	龍	Krush|Krush-EX	K-1 / Krush / Krush-EX
tanaka-masashi	田中 将士	K-1	K-1 / Krush / Krush-EX|KROSS×OVER|NJKF
vajiru-karakoda	ヴァージル・カラコダ		K-1 / Krush / Krush-EX|SHOOT BOXING
imai-ryoji	今井 良次	K-1	K-1 / Krush / Krush-EX|KROSS×OVER|NJKF
mitsudaman	ミツダマン	Krush|Krush-EX	DEEP☆KICK|K-1 / Krush / Krush-EX
mei	萌衣	Krush|Krush-EX	K-1 / Krush / Krush-EX
yasukawa-yuki	安川 侑己	Krush|Krush-EX	HoostCup|K-1 / Krush / Krush-EX
fan-sonrimu	ファン・ソンリム	Krush|Krush-EX	K-1 / Krush / Krush-EX
yuira	ゆいら	K-1	DEEP☆KICK|K-1 / Krush / Krush-EX|NJKF
uematsu-daisuke	上松大輔		K-1 / Krush / Krush-EX|RISE
kuriaki-shogo	栗秋 祥梧	K-1	K-1 / Krush / Krush-EX|KNOCK OUT|RIZIN
ranga	乱牙	KNOCK OUT	JKA|KNOCK OUT|NKB
satoshi	智史	Krush|Krush-EX	K-1 / Krush / Krush-EX|KROSS×OVER
shishimaru	獅子丸	K-1	DEEP☆KICK|K-1 / Krush / Krush-EX|KROSS×OVER
berunaru-aka	ベルナール・アッカ		K-1 / Krush / Krush-EX|SHOOT BOXING
raian	獅音	Krush|Krush-EX	K-1 / Krush / Krush-EX
ihara-shunpei	井原 駿平	KNOCK OUT	KNOCK OUT|KROSS×OVER|NJKF
reito-bravely-163	REITO BRAVELY	KNOCK OUT	K-1 / Krush / Krush-EX|KNOCK OUT|RIZIN
misaki	MISAKI	RISE|SHOOT BOXING	SHOOT BOXING
oiwa-ryuse	大岩 竜世	KNOCK OUT	HoostCup|KNOCK OUT|NJKF
kurisu-fan-benroi	クリス・ファン・ベンローイ		K-1 / Krush / Krush-EX|SHOOT BOXING
nakagawa-yoshiki	中川 幸樹	K-1	DEEP☆KICK|K-1 / Krush / Krush-EX|NJKF
moriya-takurou	守屋拓郎		K-1 / Krush / Krush-EX|RISE
ryuki	Ryuki	RISE	HoostCup|RISE|RIZIN
中尾満	中尾満		JKA|KROSS×OVER
erika	erika♡	KNOCK OUT|RISE	RISE
nakajima-rintaro	中島 凛太郎	KNOCK OUT	KNOCK OUT|KROSS×OVER|NJKF
sasaki-satoko	佐々木仁子		HoostCup|NJKF
uehara-makoto	上原誠		K-1 / Krush / Krush-EX|RISE
ryota-nakano	中野椋太	RISE	HoostCup|NJKF|RISE
wan-chinron	ワン・チンロン	KNOCK OUT|RISE	RISE
kuroda-touma	黒田斗真		DEEP☆KICK|K-1 / Krush / Krush-EX
ozawa-satoko	小澤 聡子	Krush|Krush-EX	K-1 / Krush / Krush-EX|NJKF
sawayashiki-junichi	澤屋敷純一		K-1 / Krush / Krush-EX|RISE
yamauchi-yuutarou	山内佑太郎		K-1 / Krush / Krush-EX|NJKF
takeru-2	武尊		K-1 / Krush / Krush-EX|RIZIN
oowatari-hiroyuki	大渡博之		K-1 / Krush / Krush-EX|RISE
sakane-takuya	坂根 卓弥	KNOCK OUT	KNOCK OUT|KROSS×OVER|NKB
morii-yosuke	森井 洋介	K-1	Bigbang|K-1 / Krush / Krush-EX|NJKF
miyagin	ミヤギン	RISE	HoostCup|NJKF|RISE
shinjiro	辰次郎	KNOCK OUT	K-1 / Krush / Krush-EX|KNOCK OUT|KROSS×OVER
urabe-hirotaka	卜部弘嵩		Bigbang|K-1 / Krush / Krush-EX
nashiro-yuuji	名城裕司		Bigbang|K-1 / Krush / Krush-EX
masashi-yamato	匡志YAMATO	RISE	HoostCup|NJKF|RISE
sofia-tsuorakidou	ソフィア・ツォラキドゥ	K-1 WORLD GP|Krush	K-1 / Krush / Krush-EX
tapuron-hadesuwakuauto	タップロン・ハーデスワークアウト	KNOCK OUT|RISE	RISE
fujii-anzu	藤井 杏朱	Krush|Krush-EX	K-1 / Krush / Krush-EX
yoshiki	祐輝	KNOCK OUT|RISE	DEEP☆KICK|KNOCK OUT|NJKF|RISE
kokoro-bureiburi	KOKORO BRAVELY	Krush|Krush-EX	K-1 / Krush / Krush-EX
douein-radouiku	ドゥエイン・ラドウィック		K-1 / Krush / Krush-EX|新日本キックボクシング協会(SNKA)
kirizume-daiki	切詰大貴		NJKF|RIZIN
aotsu-junpei	青津潤平		Bigbang|K-1 / Krush / Krush-EX
yamamoto-yuuki	山本佑機		K-1 / Krush / Krush-EX|NJKF
saito-ristu	齊藤 律	Krush|Krush-EX	K-1 / Krush / Krush-EX|KROSS×OVER
matsukura-shintaro	松倉 信太郎	KNOCK OUT	K-1 / Krush / Krush-EX|KNOCK OUT|RIZIN
kazushi-sagara	相良一志	RISE	DEEP☆KICK|HoostCup|RISE
kosuzu	こすず	Krush|Krush-EX	K-1 / Krush / Krush-EX
yamamoto-yuuya	山本優弥		Bigbang|K-1 / Krush / Krush-EX
sasatani-atsushi	笹谷淳		NJKF|NKB
king-tsubasa	KING TSUBASA	RISE	DEEP☆KICK|HoostCup|RISE
takuya-316	TAKUYA	KNOCK OUT	KNOCK OUT|NJKF|NKB
maruko-pike	マルコ・ピケ		K-1 / Krush / Krush-EX|SHOOT BOXING
otani-shoji	大谷 翔司	KNOCK OUT	K-1 / Krush / Krush-EX|KNOCK OUT|RIZIN
makoto	真琴	KNOCK OUT	DEEP☆KICK|KNOCK OUT|NJKF
oinuma-ryuto	老沼 隆斗	KNOCK OUT	KNOCK OUT|NKB|RIZIN
akimu	明夢	KNOCK OUT	KNOCK OUT|NJKF|NKB
kodai	滉大	RISE	DEEP☆KICK|HoostCup|RISE
etsushi-kinoshita	木下悦志	RISE	DEEP☆KICK|HoostCup|RISE
kabuto	嘉武士	RISE	DEEP☆KICK|HoostCup|RISE
suzuki-shota	鈴木 翔大	Krush|Krush-EX	K-1 / Krush / Krush-EX|KROSS×OVER
sakurai-youhei	桜井洋平		K-1 / Krush / Krush-EX|NJKF
aiko	AIKO	K-1	K-1 / Krush / Krush-EX|KROSS×OVER|NJKF
ryo-2	涼	RISE	HoostCup|NJKF|RISE
meguro-shota	目黒 翔大	Krush|Krush-EX	Bigbang|K-1 / Krush / Krush-EX
takeda-yuhi-2	武田 雄陽	Krush|Krush-EX	K-1 / Krush / Krush-EX
yasuo-ryuki	安尾 瑠輝	Krush|Krush-EX	DEEP☆KICK|K-1 / Krush / Krush-EX
kato-go	加藤 港	Krush|Krush-EX	K-1 / Krush / Krush-EX
tanaka-rikuto	田中 陸登	Krush|Krush-EX|RISE	DEEP☆KICK|HoostCup|K-1 / Krush / Krush-EX|NJKF|RISE
kimura-takaaki	木村天鮮		NJKF|新日本キックボクシング協会(SNKA)
tank-kazumasa	“TANK” 和将	Krush|Krush-EX	K-1 / Krush / Krush-EX
asataro	麻太郎	KNOCK OUT|RISE	DEEP☆KICK|KNOCK OUT|NJKF|RISE
shuto-sato	佐藤執斗	RISE|SHOOT BOXING	SHOOT BOXING
samukawa-naoki	寒川直喜		K-1 / Krush / Krush-EX|RISE
naoki-sakamoto	坂本直樹	RISE	DEEP☆KICK|NJKF|RISE
daiki	大輝	Krush|Krush-EX	DEEP☆KICK|K-1 / Krush / Krush-EX
jinushi	地主 正孝	K-1	K-1 / Krush / Krush-EX
reggara-tetsu	レッガラー鉄	K-1	K-1 / Krush / Krush-EX
suto-ryota	周藤 亮太	K-1	K-1 / Krush / Krush-EX
toru-kugo	久郷トオル	RISE	KROSS×OVER|RISE
inoue-sakiya	井上 咲也	K-1	K-1 / Krush / Krush-EX
saibogu-warasu	サイボーグ・ワラス	K-1	K-1 / Krush / Krush-EX
atsuki	純樹	RISE	KROSS×OVER|RISE
takumi-terada	寺田 匠	RISE	K-1 / Krush / Krush-EX|RISE
kuramaku-chanrachi	クラマック・チャンラッチ	KNOCK OUT	
yoshiki-2	耀織	K-1	K-1 / Krush / Krush-EX
igoru-mihyarevichi	イゴール・ミヒャレヴィッチ	K-1	
takemi-koshiro	竹見 浩史郎	K-1 WORLD GP	K-1 / Krush / Krush-EX
kimu-foku	キム・フォーク	K-1	
morita-kazumi	森田 和美	K-1	K-1 / Krush / Krush-EX
yoshihiro	慶大	K-1	K-1 / Krush / Krush-EX|NJKF
yuki-shun	ユウキ・旬	K-1	K-1 / Krush / Krush-EX
shimo	Shi-mo	K-1	K-1 / Krush / Krush-EX
endou-tomofumi	遠藤智史		NJKF
tsubasa-wakahara	若原 聖	RISE	KROSS×OVER|RISE
nagai	長井 憲治	K-1	K-1 / Krush / Krush-EX
kawakami-kohei	川上 浩平	K-1	K-1 / Krush / Krush-EX
taiki	泰輝	K-1	K-1 / Krush / Krush-EX
hirahara-riku	平原 陸	KNOCK OUT|RISE	KNOCK OUT|KROSS×OVER|RISE
taiga-2	虎	K-1	K-1 / Krush / Krush-EX
天承山	天承山		NJKF
shina-karimian	シナ・カリミアン	K-1 WORLD GP	K-1 / Krush / Krush-EX
muharemu-jokei	ムハレム・ジョケイ		K-1 / Krush / Krush-EX
shigeno-takashi	重野 喬	K-1	K-1 / Krush / Krush-EX
jodan-kuranio	ジョーダン・クラニオ	K-1	K-1 / Krush / Krush-EX
aran-reveku	アラン・レヴェック	K-1 WORLD GP	K-1 / Krush / Krush-EX
eito	EITO	K-1	K-1 / Krush / Krush-EX
chigira-kyohei	千吉良 恭平	K-1	
takuda-kazuma	多久田 和馬	K-1	K-1 / Krush / Krush-EX
sugimoto-hitoshi	杉本 仁	K-1	K-1 / Krush / Krush-EX|NJKF
modesutino-rodorigesu	モデスティノ・ロドリゲス	K-1 WORLD GP	K-1 / Krush / Krush-EX
takaaki	貴章	K-1	K-1 / Krush / Krush-EX
buranko-shikatiku	ブランコ・シカティック		K-1 / Krush / Krush-EX
hyuu	陽勇	RISE	RISE|Stand up
toshitaka-shimizu	清水俊貴	RISE	KROSS×OVER|RISE
furuta-yasuhito	古田 恭人	K-1	K-1 / Krush / Krush-EX
rashishin-uirasakureku	ラーシーシン・ウィラサクレック	K-1	K-1 / Krush / Krush-EX
jodan-watoson	ジョーダン・ワトソン	K-1	
roman-kureiburu	ロマン・クレイブル		K-1 / Krush / Krush-EX
jabaru-asukerofu	ジャバル・アスケロフ	K-1 WORLD GP	K-1 / Krush / Krush-EX|SHOOT BOXING
yashi	YASSY	K-1	K-1 / Krush / Krush-EX
ryouto-takeda	武田崚登	RISE	HoostCup|RISE
samugo-gyatomontepu	サムゴー・ギャットモンテープ		新日本キックボクシング協会(SNKA)
kazuhiro-matsuyama	松山和弘	RISE	NKB|RISE
ikeno-sho	池野 翔	K-1	K-1 / Krush / Krush-EX
kazuki-3	一貴	K-1	K-1 / Krush / Krush-EX|NJKF
kan-menhon	カン・メンホン	K-1	K-1 / Krush / Krush-EX
ranma	嵐舞	RISE	DEEP☆KICK|RISE
murato-direki	ムラット・ディレッキー		K-1 / Krush / Krush-EX
sato-hiroki	佐藤 啓樹	K-1	
nagasawa-samuel-kiyomitsu	永澤サムエル聖光	K-1 WORLD GP|Krush|Krush-EX	JKA|K-1 / Krush / Krush-EX|NJKF|新日本キックボクシング協会(SNKA)
uei-rui	ウェイ・ルイ	K-1	K-1 / Krush / Krush-EX
shu-ien	シュー・イェン	K-1	K-1 / Krush / Krush-EX
kana-484	KANA	KNOCK OUT	KNOCK OUT|NJKF
umeno-takaaki	梅野孝明		SHOOT BOXING
semi-shuruto	セミー・シュルト		K-1 / Krush / Krush-EX
kota	皓太	K-1	K-1 / Krush / Krush-EX|NKB
nakagawa-kota	仲川 広汰	KNOCK OUT	HoostCup|RIZIN
tomasu-haron-2	トーマス・ハロン	K-1 WORLD GP	K-1 / Krush / Krush-EX
nakuropu-featekusu	ナックロップ・フェアテックス	K-1 WORLD GP	K-1 / Krush / Krush-EX
ri-susu	リー・スースー	K-1	
morishige-makoto	森重 真	K-1	K-1 / Krush / Krush-EX
jiereru-venechian	ジェレル・ヴェネチアン		K-1 / Krush / Krush-EX
hada-daisuke	羽田 大輔	K-1	K-1 / Krush / Krush-EX
shinozaki-ryunosuke	篠崎 竜之介	KNOCK OUT	
shuri	珠璃	KNOCK OUT	KNOCK OUT|NJKF
yoshida-keisuke	吉田 圭佑	KNOCK OUT	KNOCK OUT|KROSS×OVER
tian-tazan	ティアン・ターザン	K-1 WORLD GP	K-1 / Krush / Krush-EX
yuya-motono	本野有哉	RISE	NJKF|RISE
densayamu-uirasakureku	デンサヤーム・ウィラサクレック	KNOCK OUT	K-1 / Krush / Krush-EX|KNOCK OUT
nikorasu-petasu	ニコラス・ペタス		K-1 / Krush / Krush-EX
cho-jonfan	チョ・ジョンファン		ONE Championship
junya-uirasakureku	隼也ウィラサクレック		K-1 / Krush / Krush-EX
nikora-dimukofusuki	ニコラ・ディムコフスキー		K-1 / Krush / Krush-EX
kazuyoshi-3	森木 一吉	K-1	K-1 / Krush / Krush-EX
miyamoto-masahiro	宮本雅大	KNOCK OUT|RISE	HoostCup|KNOCK OUT|RISE
yusaku-ishizuki	石月祐作	RISE	KROSS×OVER|RISE
takahashi-kyosuke	高橋 享祐	K-1	K-1 / Krush / Krush-EX
okamoto-kazuyoshi	岡本 和芳	K-1	K-1 / Krush / Krush-EX
kurisu-maseri	クリス・マセーリ	K-1	K-1 / Krush / Krush-EX
kikawa-hideaki	吉川英明		NJKF
nakano-yuki	中野 祐基	K-1	HoostCup|K-1 / Krush / Krush-EX
makenna-ueido	マッケンナ・ウェイド	K-1 WORLD GP	K-1 / Krush / Krush-EX
hiroki-zaitsu	財津大樹	RISE	DEEP☆KICK|RISE
koge-yuki	高下 由暉	K-1	K-1 / Krush / Krush-EX
ogiwara-ai	荻原 愛	Krush|Krush-EX	K-1 / Krush / Krush-EX|KROSS×OVER|NKB
narusawa-kiyo	成沢紀予		NJKF
shin-sakurai	櫻井 芯	RISE	DEEP☆KICK|RISE
arin-nekita	アリン・ネキタ	K-1 WORLD GP	
kazuma-takahashi	髙橋一眞	RISE	NKB|RISE
anjierosu-marutinosu	アンジェロス・マルティノス	K-1 WORLD GP	K-1 / Krush / Krush-EX
dynamite-takahashi-yuta	”DYNAMITE”髙橋 佑太	K-1	K-1 / Krush / Krush-EX
shoko-jsk	祥子JSK	KNOCK OUT|RISE	JKA|NJKF|RISE
osawa-fumiya	大沢 文也	KNOCK OUT	K-1 / Krush / Krush-EX|KNOCK OUT
ibi-daisuke	井樋 大介	KNOCK OUT	KNOCK OUT|KROSS×OVER
yamada-taishi	山田 泰士	K-1	HoostCup|K-1 / Krush / Krush-EX
ayabu-segiri	アヤブ・セギリ	K-1 WORLD GP	K-1 / Krush / Krush-EX
jan-ueiri	ジャン・ウェイリー	K-1	K-1 / Krush / Krush-EX
din-nin	ディン・ニン	K-1	K-1 / Krush / Krush-EX
aresandoro-abata	アレッサンドロ・アバター	K-1 WORLD GP	K-1 / Krush / Krush-EX
reni-buraji	レニー・ブラジ	K-1	K-1 / Krush / Krush-EX
marato-guregorian	マラット・グレゴリアン	K-1	K-1 / Krush / Krush-EX
mitsuyama-kouzou	蜜山剛三		K-1 / Krush / Krush-EX
horio-ryuji	堀尾 竜司	K-1	K-1 / Krush / Krush-EX|RIZIN
yokisada-yutachonburi	ヨーキッサダー・ユッタチョンブリー	K-1	K-1 / Krush / Krush-EX
paburosu-kokuryariosu	パブロス・コクリャリオス	K-1 WORLD GP	K-1 / Krush / Krush-EX
jasumin	JASMINE	K-1	K-1 / Krush / Krush-EX
fujinoki	藤ノ木 岳	K-1	K-1 / Krush / Krush-EX
shigemori-yota	重森 陽太	KNOCK OUT	KNOCK OUT|新日本キックボクシング協会(SNKA)
reona	REONA	K-1	
hara-tetsuo	原 哲夫	K-1	K-1 / Krush / Krush-EX
gunji-taito	軍司 泰斗	KNOCK OUT	K-1 / Krush / Krush-EX|KNOCK OUT
kimo-reoporudo	キモ・レオポルド		K-1 / Krush / Krush-EX
buraian-rangu	ブライアン・ラング	K-1 WORLD GP	K-1 / Krush / Krush-EX
son-suta	ソン・スター	K-1	K-1 / Krush / Krush-EX
watanabe-kazunori	渡邉和則		SHOOT BOXING
kouichi	KOICHI	K-1	K-1 / Krush / Krush-EX
yuya-kubota	久保田有哉	RISE	RISE|Stand up
mishima-ryuhei	三島 流平	K-1	K-1 / Krush / Krush-EX
koyama-yusuke	小山 佑介	K-1	K-1 / Krush / Krush-EX
hibata-tatsuya	日畑 達也	K-1	K-1 / Krush / Krush-EX
masaro-guranda	マサロ・グランダー	K-1	K-1 / Krush / Krush-EX
habieru-erunandesu	ハビエル・エルナンデス	K-1	K-1 / Krush / Krush-EX
yan-puroburema	ヤン・プロブレマ	K-1 WORLD GP	K-1 / Krush / Krush-EX
phetsila-furumuragym-276	ペットシラー・FURUMURA-GYM	KNOCK OUT	
kakutani-yusuke	角谷 祐介	KNOCK OUT	KNOCK OUT|NKB
saito-takehiko	斎藤 武彦	K-1	K-1 / Krush / Krush-EX
samu-gureko	サム・グレコ		K-1 / Krush / Krush-EX
iwakiri-hiroshi	岩切 博史	K-1	DEEP☆KICK|K-1 / Krush / Krush-EX
joji-randorufu	ジョージ・ランドルフ		K-1 / Krush / Krush-EX
koizumi-ryu	小泉 竜	K-1	K-1 / Krush / Krush-EX
ishii-issei	石井 一成	K-1 WORLD GP|RISE	HoostCup|K-1 / Krush / Krush-EX|RISE
kawaguchi-takuma	川口 拓真	K-1	K-1 / Krush / Krush-EX
rushiru	ルシール	K-1 WORLD GP	K-1 / Krush / Krush-EX
onda-uraru	オンダー・ウーラル	K-1	K-1 / Krush / Krush-EX
koki-takeuchi	竹内皇貴	RISE	DEEP☆KICK|RISE
iwakiri-yasuhiro	岩切 康浩	K-1	K-1 / Krush / Krush-EX
hasan-toi	ハッサン・トイ	K-1	K-1 / Krush / Krush-EX
ashuin-baruraku	アーシュイン・バルラック		K-1 / Krush / Krush-EX
sea	世愛	KNOCK OUT|RISE	K-1 / Krush / Krush-EX|KNOCK OUT|RISE
aburamu-hatsuigeorugiu	アブラーム・ハツィゲオルギウ	K-1 WORLD GP	K-1 / Krush / Krush-EX
gunji-syoka	軍司 翔香	K-1	K-1 / Krush / Krush-EX
kj-hiroshi-516	KJ ヒロシ	KNOCK OUT	
roido-van-damu	ロイド・ヴァン・ダム		K-1 / Krush / Krush-EX
dausayamu-uowanchai	ダウサヤーム・ウォーワンチャイ	K-1 WORLD GP	K-1 / Krush / Krush-EX|NJKF
nakamura-hiroki	中村 広輝	K-1	HoostCup|K-1 / Krush / Krush-EX
shunta-2	瞬太	K-1	K-1 / Krush / Krush-EX
takiyama-yuto	瀧山 悠斗	K-1	K-1 / Krush / Krush-EX|KROSS×OVER
yamamoto-ryuki	山本 竜輝	K-1	DEEP☆KICK|K-1 / Krush / Krush-EX
saaya	紗彩	RISE	KROSS×OVER|RISE
hata-hajime	畑 孟	K-1	K-1 / Krush / Krush-EX|NJKF
horita-yuzuki	堀田 優月	KNOCK OUT	KNOCK OUT|NJKF
furorin-ivanoaie	フローリン・イヴァノアイエ	K-1	K-1 / Krush / Krush-EX
kamemoto-yusho	亀本 勇翔	K-1	Bigbang|K-1 / Krush / Krush-EX
hiroya-oshima	大島広也	RISE	KROSS×OVER|RISE
kiso-toru	木曽 徹	K-1	K-1 / Krush / Krush-EX|NJKF
nakano-kota	中野 滉太	K-1	K-1 / Krush / Krush-EX|NJKF
emiko-konishi	小西江美香	RISE	KROSS×OVER|RISE
tsuchiya-shinobu	土屋 忍	K-1	K-1 / Krush / Krush-EX|NKB
mattia-faraoni	マッティア・ファラオー二	K-1 WORLD GP	K-1 / Krush / Krush-EX
ryoma-takeuchi	竹内龍馬	RISE	RISE|Stand up
yan-chorumin	ヤン・チョルミン	K-1	
ishibashi-kentaro	石橋 健太朗	K-1 WORLD GP	K-1 / Krush / Krush-EX
fujimoto-yuusuke	藤本祐介		K-1 / Krush / Krush-EX
hiraide-yudai	平出 雄大	KNOCK OUT	
seruhio-hano	セルヒオ・ハノ	K-1 WORLD GP	K-1 / Krush / Krush-EX
motoki	元氣	RISE	RISE|RIZIN
oki	王希	RISE	NJKF|RISE
koura-tsubasa	小浦 翼	K-1	K-1 / Krush / Krush-EX
oomae-rikiya	大前力也		K-1 / Krush / Krush-EX
jaosuayai-so-dechapan	ジャオスアヤイ・ソー.デッチャパン	K-1 WORLD GP	K-1 / Krush / Krush-EX
hyo	彪羽	KNOCK OUT	KNOCK OUT|KROSS×OVER
kan-yunson	カン・ユンソン	K-1 WORLD GP	K-1 / Krush / Krush-EX
sebasuchan-chiobanu	セバスチャン・チオバヌ		K-1 / Krush / Krush-EX
kurata-mitsutoshi	倉田 光敏	K-1	K-1 / Krush / Krush-EX|NJKF
shosuke-iwanaga	岩永勝亮	RISE	HoostCup|RISE
fujihara-masahiro	藤原 将裕	KNOCK OUT	KNOCK OUT|NJKF
maiku-zanbidisu	マイク・ザンビディス		K-1 / Krush / Krush-EX
ruku-uiran	ルーク・ウィーラン	K-1	K-1 / Krush / Krush-EX
nakashima-tsuyoshi	中嶋 剛志	K-1	K-1 / Krush / Krush-EX
makishimu-bakuranofu	マキシム・バクラノフ	K-1 WORLD GP	K-1 / Krush / Krush-EX
sadeku-hashimi	サデック・ハシミ	K-1	K-1 / Krush / Krush-EX
arieru-machado	アリエル・マチャド	K-1 WORLD GP	K-1 / Krush / Krush-EX
jin-ishida	石田 迅	RISE	DEEP☆KICK|RISE
ooishi-tooru	大石亨		HoostCup
suda-takayoshi	須田 孝禎	K-1	K-1 / Krush / Krush-EX
kenshin-yamamoto	山元剣心	RISE	KROSS×OVER|RISE
takashi	武士	K-1	K-1 / Krush / Krush-EX|NJKF
nakashima-shizuma	中嶋 志津麻	K-1	K-1 / Krush / Krush-EX
taichi-ishikawa	石川泰市	RISE	HoostCup|RISE
awatan-to-mosui	アワターン・トー.モースィー	K-1	K-1 / Krush / Krush-EX
ryuu-tsua	リュウ・ツァー	K-1 WORLD GP	K-1 / Krush / Krush-EX
biyon-buregi	ビヨン・ブレギー		K-1 / Krush / Krush-EX
lethal-oba	リーサル大場	K-1	K-1 / Krush / Krush-EX
bureiku-torupu	ブレイク・トループ	K-1 WORLD GP	K-1 / Krush / Krush-EX
yuta-take	武 裕太	RISE	KROSS×OVER|RISE
kabero-monteiro	カベロ・モンテイロ	K-1 WORLD GP	K-1 / Krush / Krush-EX
tomisawa-takahito	冨沢 貴人	K-1	K-1 / Krush / Krush-EX|KROSS×OVER
sanchez-yayoi	サンチェス弥生	K-1	K-1 / Krush / Krush-EX
irie-ryota	入江 亮太	K-1	K-1 / Krush / Krush-EX
shahin-yakuto	シャヒン・ヤクート		K-1 / Krush / Krush-EX
reda-zeidi	レダ・ゼイディ	K-1 WORLD GP	K-1 / Krush / Krush-EX
shinnosuke-nagamatsu	永松進之介	RISE	KROSS×OVER|RISE
yoshira-cho-hapayaku	ヨーシラー・チョー.ハーパヤック	K-1	K-1 / Krush / Krush-EX
sutefan-vuranchieanu	ステファン・ヴランチェアーヌ	K-1 WORLD GP	K-1 / Krush / Krush-EX
igunashio-eru-fino	イグナシオ・エル・フィーノ	K-1	K-1 / Krush / Krush-EX
kon-ron	コン・ロン	K-1	
miyata	宮田 隼児	K-1	K-1 / Krush / Krush-EX|NJKF
haseflyskygym	HASE・FLYSKYGYM	K-1	K-1 / Krush / Krush-EX
yabusame-joe	流鏑馬 丈	K-1	K-1 / Krush / Krush-EX
furanshisuko-firio	フランシスコ・フィリォ		K-1 / Krush / Krush-EX
suzuki-kanta	鈴木 貫太	KNOCK OUT	KNOCK OUT|NJKF
ruchiano-de-paura	ルチアーノ・デ・パウラ	K-1	K-1 / Krush / Krush-EX
hidetake-takenaka	武中秀武	RISE	DEEP☆KICK|RISE
emure-karaja	エムレ・カラジャ	K-1	K-1 / Krush / Krush-EX
morisaka-riku	森坂 陸	K-1	K-1 / Krush / Krush-EX|NJKF
watanabe-toshiki	渡邊 俊樹	K-1	K-1 / Krush / Krush-EX
hikaru-fujihashi	藤橋 光	RISE	KROSS×OVER|RISE
dosutin-orutisu	ドスティン・オルティス	KNOCK OUT	
miyakoshi-keijiro	宮越 慶二郎	KNOCK OUT	KNOCK OUT|NJKF
makoto-2	真	K-1	K-1 / Krush / Krush-EX
chien-minmin	チェン・ミンミン	K-1	K-1 / Krush / Krush-EX
isobe-shin	磯部 心	K-1	HoostCup|K-1 / Krush / Krush-EX
gentaro	元太郎	K-1	K-1 / Krush / Krush-EX
adamu-buafufu	アダム・ブアフフ	K-1	K-1 / Krush / Krush-EX
kimu-gyonsoku	キム・ギョンソック		K-1 / Krush / Krush-EX
eroru-jimaman	エロール・ジマーマン		K-1 / Krush / Krush-EX
zebato-potsuraku	ゼバット・ポーツラック		K-1 / Krush / Krush-EX
tomoya-fukui	福井萌矢	RISE	RISE|Stand up
sakamoto-yukari	坂本 柚佳里	K-1	K-1 / Krush / Krush-EX
keiji-matsumoto	松本慶二	RISE	DEEP☆KICK|RISE
rashata	羅紗陀		NJKF
kamata-hirofumi	鎌田 裕史	K-1	K-1 / Krush / Krush-EX
radouiku-mire	ラドウィック・ミレー	K-1	K-1 / Krush / Krush-EX
seri	せり		新日本キックボクシング協会(SNKA)
mitsui-hiroki	三井 大揮	K-1	K-1 / Krush / Krush-EX
hirokatsu-miyagi	宮城寛克	RISE	RISE|RIZIN
patorisu-karuteron	パトリス・カルテロン		K-1 / Krush / Krush-EX
tsubasa-nio	鳰 翼	RISE	KROSS×OVER|RISE
vareri-bijaefu	ヴァレリー・ビジャエフ	K-1 WORLD GP	K-1 / Krush / Krush-EX
masaji	雅治	KNOCK OUT	KNOCK OUT|KROSS×OVER
yan-petorovichi	ヤン・ペトロヴィッチ	K-1 WORLD GP	K-1 / Krush / Krush-EX
kubota-yugo	久保田 悠悟	K-1	K-1 / Krush / Krush-EX
sutan-za-man	スタン・ザ・マン		K-1 / Krush / Krush-EX
yamazaki-hideaki	山崎秀晃		K-1 / Krush / Krush-EX
guroria-peritore	グロリア・ペリトーレ	K-1	K-1 / Krush / Krush-EX
takekoshi-kazuma	竹腰 一麻	K-1	K-1 / Krush / Krush-EX|KROSS×OVER
yan-haodon	ヤン・ハオドン	K-1	K-1 / Krush / Krush-EX
vareri-iwanofu	ヴァレリー・イワノフ	K-1 WORLD GP	K-1 / Krush / Krush-EX
kuon-gisopu	クォン・ギソプ	K-1	K-1 / Krush / Krush-EX
keito-asahi	朝日彗仁	RISE	KROSS×OVER|RISE
kensaku-oishi	大石健作	RISE	DEEP☆KICK|RISE
denisu-tapu	デニス・タプ	K-1	K-1 / Krush / Krush-EX
andore-dede	アンドレ・デデ	K-1 WORLD GP	K-1 / Krush / Krush-EX
suzuki-takuya	鈴木 拓哉	K-1	K-1 / Krush / Krush-EX
sakata-miyuu	坂田実優	KNOCK OUT|RISE	DEEP☆KICK|KNOCK OUT|RISE
tase-jairu	田勢 ジャイル	K-1	K-1 / Krush / Krush-EX|KROSS×OVER
kan-ri	カン・リー		K-1 / Krush / Krush-EX
dagu-vini	ダグ・ヴィニー		K-1 / Krush / Krush-EX
bikuto-sarabia	ビクトー・サラビア	K-1	K-1 / Krush / Krush-EX
maku-hanto	マーク・ハント		K-1 / Krush / Krush-EX
ogawa-takahiro	小川 貴広	K-1	K-1 / Krush / Krush-EX
souru	SOUL	K-1	K-1 / Krush / Krush-EX
beronika-rodorigesu	ベロニカ・ロドリゲス	K-1 WORLD GP	K-1 / Krush / Krush-EX
chon-jiehi	チョン・ジェヒ		K-1 / Krush / Krush-EX
kenya	剣夜	KNOCK OUT	KNOCK OUT|KROSS×OVER
motomura-yasuhiro	本村 康博	K-1	K-1 / Krush / Krush-EX
takanari	TAKANARI	K-1	K-1 / Krush / Krush-EX
takeru-205	TAKERU	KNOCK OUT	KNOCK OUT|NKB
baso-piresu	バッソ・ピレス	K-1 WORLD GP	K-1 / Krush / Krush-EX
zora-akapyan	ゾーラ・アカピャン	K-1 WORLD GP	K-1 / Krush / Krush-EX
ono-yukika	大野 起和	K-1	K-1 / Krush / Krush-EX
ryoya-ito	伊東龍也	RISE	RISE|Stand up
urajimiru-touraefu	ウラジーミル・トゥラエフ	K-1 WORLD GP	K-1 / Krush / Krush-EX
fujiwara-keizo	藤原 啓三	K-1	K-1 / Krush / Krush-EX
rusuran-avasofu	ルスラン・アヴァソフ		K-1 / Krush / Krush-EX
kuramochi-shima	倉持 心一夢	K-1	K-1 / Krush / Krush-EX
ramadan-ondashu	ラマダン・オンダッシュ	K-1 WORLD GP	K-1 / Krush / Krush-EX
zuzu	ズズ	K-1	K-1 / Krush / Krush-EX
momoka-cinderella	桃花シンデレラ	RISE	DEEP☆KICK|RISE
faeze-uirasakureku	ファエゼ・ウィラサクレック	K-1	K-1 / Krush / Krush-EX
takahashi-kazuki	高橋 一熹	K-1	K-1 / Krush / Krush-EX
andou-tatsuya	安東辰也		DEEP☆KICK
ari-zarinfa	アリ・ザリンファー	K-1	K-1 / Krush / Krush-EX
matsuura-tomoki	松浦知希		SHOOT BOXING
retishia-ochieru	レティシア・オーチェル	K-1	K-1 / Krush / Krush-EX
vashiri-semenofu	ヴァシリ・セメノフ	K-1 WORLD GP	K-1 / Krush / Krush-EX
yanagisawa-shota	柳澤 翔太	KNOCK OUT	KNOCK OUT|NKB
nakamura-sousui	中村総帥	K-1	K-1 / Krush / Krush-EX
goto-tomohiro	後藤 友宏	K-1	K-1 / Krush / Krush-EX
pita-maesutorobichi	ピーター・マエストロビッチ		K-1 / Krush / Krush-EX
arekisanda-pichukunofu	アレキサンダー・ピチュクノフ		K-1 / Krush / Krush-EX
hidetora	秀虎	K-1	K-1 / Krush / Krush-EX
hoju-mamoru	宝樹 まもる	K-1	K-1 / Krush / Krush-EX
andason-buradoku-shiruba	アンダーソン・ブラドック・シルバ		K-1 / Krush / Krush-EX
machida-hikaru	町田 光	KNOCK OUT|Krush|Krush-EX	K-1 / Krush / Krush-EX|KNOCK OUT|NJKF|RIZIN
fukuda-yuhei	福田 雄平	K-1	K-1 / Krush / Krush-EX
xiaoling	鈴木“シャオリン”孝司	K-1	K-1 / Krush / Krush-EX
kato-shun	加藤 駿	K-1	K-1 / Krush / Krush-EX
meretisu-kakoubavasu	メレティス・カコウバヴァス	K-1	K-1 / Krush / Krush-EX
hiago-souza	ヒアゴ・ソウザ	K-1	K-1 / Krush / Krush-EX
nekota	ねこ太	RISE	NJKF|RISE
shoya	昇也	Krush|Krush-EX	Bigbang|DEEP☆KICK|K-1 / Krush / Krush-EX
shue-shienjien	シュエ・シェンジェン	K-1	K-1 / Krush / Krush-EX
kazane	風音	RISE	HoostCup|RISE
tominaga-yasutaka	冨永 康公	K-1	K-1 / Krush / Krush-EX
shingo-2	神護	K-1	K-1 / Krush / Krush-EX
tawaraya-shota	俵家 翔太	K-1	K-1 / Krush / Krush-EX
andoryu-ken-buryusuta	アンドリュー“KEN”ブリュースター	K-1	K-1 / Krush / Krush-EX|KROSS×OVER
chie-yonsu	チェ・ヨンス		K-1 / Krush / Krush-EX
kazuyoshi-2	知良	K-1	K-1 / Krush / Krush-EX|KROSS×OVER
yasuhito	靖仁	K-1	K-1 / Krush / Krush-EX
kurisutofu-purubo	クリストフ・プルボー		NJKF
kimu-yonhyon	キム・ヨンヒョン		K-1 / Krush / Krush-EX
supaanji	スーパーアンジ	K-1	K-1 / Krush / Krush-EX|NKB
hayashi-kyohei	林 京平	K-1	Bigbang|K-1 / Krush / Krush-EX
arai-yuki	新井 優騎	K-1	K-1 / Krush / Krush-EX
ogasawara	小笠原 克樹	K-1	K-1 / Krush / Krush-EX
hiraki-yumeto	開 夢斗	K-1	DEEP☆KICK|K-1 / Krush / Krush-EX
tsutsumi-daisuke	堤 大輔	K-1	K-1 / Krush / Krush-EX|NJKF
kurisuchan-supetouku	クリスチャン・スペトゥク	K-1	K-1 / Krush / Krush-EX
suzuki-yuto	鈴木 悠斗	KNOCK OUT	HoostCup
hatakeyama-hayato	畠山 隼人	K-1	K-1 / Krush / Krush-EX|NJKF
uezurei-kotasu-2	ウェズレイ・コタス	K-1 WORLD GP	K-1 / Krush / Krush-EX
wan-ponfei	ワン・ポンフェイ	K-1	K-1 / Krush / Krush-EX
mohamedo-isuramu	モハメド・イスラム	K-1 WORLD GP	K-1 / Krush / Krush-EX
tonegawa-jin	利根川 仁	KNOCK OUT	KNOCK OUT|NKB
noa	乃亜	K-1	K-1 / Krush / Krush-EX
aira	愛来	KNOCK OUT	KNOCK OUT|NJKF
waki-mitsuharu	和氣 光春	K-1	K-1 / Krush / Krush-EX
merushiku-badazarian	メルシック・バダザリアン	K-1	K-1 / Krush / Krush-EX
horuhe-barera	ホルヘ・バレラ	K-1	K-1 / Krush / Krush-EX
tarasu-nachuku	タラス・ナチュック	K-1 WORLD GP	K-1 / Krush / Krush-EX
taisuke	TAISUKE	K-1	K-1 / Krush / Krush-EX
rato-eiwasupotsujimu	ラット・エイワスポーツジム	K-1	K-1 / Krush / Krush-EX
naoforu-aian-regu	ナオフォール“アイアン・レッグ”		K-1 / Krush / Krush-EX
kazuhiro	KAZUHIRO	K-1	K-1 / Krush / Krush-EX
suriman-beterubiefu	スリマン・ベテルビエフ	K-1	K-1 / Krush / Krush-EX
ito-masahiko	伊藤 将彦	K-1	K-1 / Krush / Krush-EX
sakamoto-yuki	坂本 侑生	K-1	K-1 / Krush / Krush-EX
fawado-sediki	ファワド・セディッキ	K-1	K-1 / Krush / Krush-EX
debito-uiruson	デビット・ウィルソン		K-1 / Krush / Krush-EX
morisu-sumisu	モーリス・スミス		RISE
okada-kiyoharu	岡田清治		NKB
daniro-toshichi	ダニロ・トシッチ	K-1 WORLD GP	K-1 / Krush / Krush-EX
akihiro	晃弘	K-1	K-1 / Krush / Krush-EX
eiji	EIJI		NJKF
yan-soukupu	ヤン・ソウクップ		K-1 / Krush / Krush-EX
matsumura-d-hirokatsu	松村☆D☆HIRO克	K-1	K-1 / Krush / Krush-EX
makihira-keita	牧平 圭太	K-1	K-1 / Krush / Krush-EX
deibido	DAVID		K-1 / Krush / Krush-EX
chiharu	ちはる		NJKF
emiri-mashu	エミリー・マシュー	K-1	K-1 / Krush / Krush-EX
tsunori-daiki	津乗 大貴	K-1	K-1 / Krush / Krush-EX|NJKF
manato	愛斗	KNOCK OUT	KNOCK OUT|KROSS×OVER
maruseru-horuvato	マルセル・ホルヴァート	K-1	K-1 / Krush / Krush-EX
takeru	タケル		K-1 / Krush / Krush-EX
adachi-genki	安達 元貴	K-1	K-1 / Krush / Krush-EX|KROSS×OVER
mohamedo-burufu	モハメド・ブールフ	K-1	K-1 / Krush / Krush-EX
nao-373	Nao	KNOCK OUT	KNOCK OUT|NJKF
kurasaki-masafumi	倉崎 昌史	K-1	K-1 / Krush / Krush-EX
sakakibara-tatsuya	榊原 達也	K-1	K-1 / Krush / Krush-EX
yoshida-eiji	吉田 英司	K-1	K-1 / Krush / Krush-EX
yagi-masaki	八木 正樹	K-1	K-1 / Krush / Krush-EX
aburoru-hakimofu	アブロール・ハキモフ	K-1 WORLD GP	
eito-hasegawa	長谷川英翔	RISE	DEEP☆KICK|RISE
haruto-nio	鳰 陽斗	RISE	KROSS×OVER|RISE
yodosengurai-featekusu	ヨードセングライ・フェアテックス		K-1 / Krush / Krush-EX
jolyne-matsumoto	松本徐倫	RISE	KROSS×OVER|RISE
nishimaki-hayata	西槇 隼汰	K-1	K-1 / Krush / Krush-EX
fukatsu-hinari	深津飛成		新日本キックボクシング協会(SNKA)
fu-gaofon	フー・ガオフォン	K-1	K-1 / Krush / Krush-EX
yoshiki-3	良輝	K-1	K-1 / Krush / Krush-EX
minamino-takayuki	南野 卓幸	K-1	DEEP☆KICK|K-1 / Krush / Krush-EX
suzuki-kentaro	鈴木 健太郎	Krush|Krush-EX	K-1 / Krush / Krush-EX|KROSS×OVER|NJKF
nishida-kazushi	西田和嗣		K-1 / Krush / Krush-EX
buraian-mikugurasu	ブライアン・ミクグラス	K-1	K-1 / Krush / Krush-EX
teru-enrike	テル・エンリケ	K-1 WORLD GP	K-1 / Krush / Krush-EX
yasuhiro-kazuya	安廣一哉		K-1 / Krush / Krush-EX
honoka-tsujii	辻井和花	RISE	KROSS×OVER|RISE
arufosenu-kamara	アルフォセヌー・カマラ	K-1 WORLD GP	K-1 / Krush / Krush-EX
roni-sefo	ロニー・セフォー		K-1 / Krush / Krush-EX
antoni-hadonku	アントニー・ハードンク		K-1 / Krush / Krush-EX
ferunando-amaya	フェルナンド・アマヤ	K-1 WORLD GP	K-1 / Krush / Krush-EX
miyamoto-kensei	宮本 拳聖	K-1	K-1 / Krush / Krush-EX
togashi-kenichiro	冨樫 健一郎	K-1	K-1 / Krush / Krush-EX
kawabata-shunta	川端 駿太	KNOCK OUT	KNOCK OUT|NJKF
takashi-2	鷹史	K-1	K-1 / Krush / Krush-EX
rio-richadoson	リオ・リチャードソン	K-1	K-1 / Krush / Krush-EX
don-zachi	ドン・ザーチー	K-1	K-1 / Krush / Krush-EX
akuramu-hamidi	アクラム・ハミディ	K-1	K-1 / Krush / Krush-EX|ONE Championship
ryusei	龍聖	KNOCK OUT	RISE
shoei-yamazaki	山崎 尚英	KNOCK OUT	KNOCK OUT|NJKF
suri-manfuredi	スーリ・マンフレディ	K-1 WORLD GP	K-1 / Krush / Krush-EX
chu-jienryan	チュー・ジェンリャン	K-1	K-1 / Krush / Krush-EX
masuko-kohei	増子 航平	K-1	K-1 / Krush / Krush-EX
tsukakoshi-hitoshi	塚越 仁志	K-1	K-1 / Krush / Krush-EX|NJKF
maran-konta	マラン・コンタ	K-1 WORLD GP	K-1 / Krush / Krush-EX
arisa	ARISA	K-1	K-1 / Krush / Krush-EX
karurosu-budio	カルロス・ブディオ	RISE	HoostCup|RISE
yunbo	YUMBO	K-1	K-1 / Krush / Krush-EX
hatanaka-kohei	畑中 滉平	K-1 WORLD GP	K-1 / Krush / Krush-EX
agatino-ra-roza	アガティーノ・ラ・ローザ	K-1	K-1 / Krush / Krush-EX
jien-junfen	ジェン・ジュンフェン	K-1	K-1 / Krush / Krush-EX
vito-miranda	ヴィトー・ミランダ		K-1 / Krush / Krush-EX
watanabe-kenji	渡辺健司		新日本キックボクシング協会(SNKA)
matsutani-kiri	松谷 桐	K-1	K-1 / Krush / Krush-EX|NJKF
motoki-weerasakreck	幹・ウィラサクレック	K-1	K-1 / Krush / Krush-EX
kata-uiriamusu	カーター・ウィリアムス		K-1 / Krush / Krush-EX
suzuki-yuya	鈴木 優也	K-1	K-1 / Krush / Krush-EX
kimu-minsu	キム・ミンス		K-1 / Krush / Krush-EX
izuka-yuki	飯塚 祐己	K-1	K-1 / Krush / Krush-EX
nakajima-hiroki	中島 弘貴	KNOCK OUT	K-1 / Krush / Krush-EX|KNOCK OUT
harido-di-fausuto	"ハリッド""ディ・ファウスト"""		K-1 / Krush / Krush-EX
kimura-shigeki	木村 茂樹	K-1	K-1 / Krush / Krush-EX|NJKF
ororu-dosu-santosu	オロール・ドス・サントス	K-1	K-1 / Krush / Krush-EX
jan-chinjun	張慶軍		K-1 / Krush / Krush-EX
kumura-shuhei	玖村 修平	K-1 WORLD GP|KNOCK OUT|Krush|Krush-EX	DEEP☆KICK|HoostCup|K-1 / Krush / Krush-EX|KNOCK OUT|NJKF
sakagami-rima	坂上 りま	Krush|Krush-EX	HoostCup|K-1 / Krush / Krush-EX|KROSS×OVER
demitori-shakuta	デミトリー・シャクタ		K-1 / Krush / Krush-EX
shinohara-hiroaki	篠原 広耀	K-1	K-1 / Krush / Krush-EX
uchida-michitaka	内田 道隆	K-1	K-1 / Krush / Krush-EX
yokoyama-haruki	横山  晏輝	KNOCK OUT	KNOCK OUT|KROSS×OVER
arima-reiji	有馬 伶弐	SHOOT BOXING	DEEP☆KICK|SHOOT BOXING
kazuki	一輝	KNOCK OUT	KROSS×OVER|RISE
ryoga-terayama	寺山遼冴	RISE	DEEP☆KICK|RISE
ota-takuma	大田 拓真	KNOCK OUT	K-1 / Krush / Krush-EX|NJKF
yodokunpon-uirasakureku	ヨードクンポン・ウィラサクレック	K-1	K-1 / Krush / Krush-EX
ouyan-fen	オウヤン・フェン	K-1 WORLD GP	K-1 / Krush / Krush-EX
shinpayaku-hamajimu	シンパヤック・ハマジム	RISE	RISE|RIZIN
uedason-makaburo	ウェダーソン・マカブロ	K-1	K-1 / Krush / Krush-EX
kamikaze-rio	神風莉央		SHOOT BOXING
kazuya-okuwaki	奥脇一哉	RISE	NJKF|RISE
sora-baan-rambaa	そら・BAAN RAMBAA	KNOCK OUT	
niizumakusu	NIIZUMAX!		NKB
odiken	OD・KEN	K-1	K-1 / Krush / Krush-EX
chien-ueitin	チェン・ウェイティン	K-1	K-1 / Krush / Krush-EX
taiju-tachibana	橘 汰珠	RISE	
miburo-kazuki	壬生狼 一輝	K-1	K-1 / Krush / Krush-EX
umehara-takayuki	梅原 タカユキ	K-1	K-1 / Krush / Krush-EX
sofian-eraji	ソフィアン・エラージ	K-1	K-1 / Krush / Krush-EX
arekusandoru-amariti	アレクサンドル・アマリティ	K-1 WORLD GP	K-1 / Krush / Krush-EX
ju-shuai	ジュー・シュアイ	K-1	K-1 / Krush / Krush-EX
shinohara-yuto	篠原 悠人	K-1 WORLD GP|Krush|Krush-EX	DEEP☆KICK|HoostCup|K-1 / Krush / Krush-EX|NJKF
uchimura-yojiro	内村 洋次郎	K-1	K-1 / Krush / Krush-EX
fabio-veiga	ファビオ・ヴェイガ	K-1 WORLD GP	K-1 / Krush / Krush-EX
taniyama-kanako	谷山 佳菜子	K-1	HoostCup|K-1 / Krush / Krush-EX
fred-cordeiro	フレッド“The Joker”コルデイロ	RISE	
nishikawa-shoki	西川 翔貴	K-1	K-1 / Krush / Krush-EX|NJKF
morikawa-shuhei	森川 修平	K-1	K-1 / Krush / Krush-EX
diego-fureitasu	ディエゴ・フレイタス	K-1	K-1 / Krush / Krush-EX
terashima-hikaru	寺島 輝	KNOCK OUT	K-1 / Krush / Krush-EX|KNOCK OUT
ogawa-yuta	小川悠太	KNOCK OUT|RISE	KNOCK OUT|KROSS×OVER|RISE
sami-ramiri	サミ・ラミリ	K-1	K-1 / Krush / Krush-EX
fo-shaoron	フォー・シャオロン	K-1	K-1 / Krush / Krush-EX
time-saenchaigym	夢・センチャイジム	K-1	K-1 / Krush / Krush-EX|NJKF
atomuyamada	アトム山田		NJKF
watanabe-shunya	渡部 瞬弥	K-1	K-1 / Krush / Krush-EX|NJKF
yuya-2	優谷	K-1	K-1 / Krush / Krush-EX
tamagawa-raito	玉川 らいと	K-1	K-1 / Krush / Krush-EX
okawa-kaoru	大川 かおる	K-1	K-1 / Krush / Krush-EX
hayano-yuki	早野 勇輝	K-1	K-1 / Krush / Krush-EX
kikuzaki-yoshifumi	菊崎 義史	K-1	K-1 / Krush / Krush-EX
sato-atsushi	佐藤 篤史	K-1	HoostCup|K-1 / Krush / Krush-EX
imai-noriyuki	今井教行		SHOOT BOXING
seido	SEIDO	RISE	KROSS×OVER|RISE
harada-yusuke	原田 優介	K-1	K-1 / Krush / Krush-EX
serugei-rashienko	セルゲイ・ラシェンコ		K-1 / Krush / Krush-EX
dariru-ferudonku	ダリル・フェルドンク	K-1 WORLD GP	K-1 / Krush / Krush-EX
comachi	COMACHI	K-1	K-1 / Krush / Krush-EX
rukasu-yarosu	ルーカス・ヤロス		K-1 / Krush / Krush-EX
kuwana-daisuke	桑名 大輔	K-1	K-1 / Krush / Krush-EX
yosenchai-so-sopito	ヨーセンチャイ・ソー.ソーピット	K-1	K-1 / Krush / Krush-EX
ryogo	怜虎	RISE	KROSS×OVER|RISE
akane-shibuya	渋谷 茜	RISE	KROSS×OVER|RISE
mirosurafu-vuyovichi-2	ミロスラフ・ヴーヨヴィッチ	K-1 WORLD GP	K-1 / Krush / Krush-EX
hakimu-tato	ハキム・タト	K-1 WORLD GP	K-1 / Krush / Krush-EX
rui-2	ルイ	KNOCK OUT	KNOCK OUT|NJKF
edouarudo-fatikofu	エドゥアルド・ファティコフ	K-1 WORLD GP	K-1 / Krush / Krush-EX
yasui-hiroki	保井 広輝	KNOCK OUT|Krush|Krush-EX	DEEP☆KICK|HoostCup|K-1 / Krush / Krush-EX|KNOCK OUT
maku-paparii	マック・パパリイ	K-1 WORLD GP	K-1 / Krush / Krush-EX
supa-yai-chan	スーパー・ヤイ・チャン	KNOCK OUT	JKA|KNOCK OUT
hoshiasu-nuniesu	ホシアス・ヌニェス	K-1	K-1 / Krush / Krush-EX
maruko-buraku-daiyamondo	マルコ・ブラック・ダイヤモンド	K-1 WORLD GP	K-1 / Krush / Krush-EX
nishibayashi-shohei	西林 翔平	K-1	K-1 / Krush / Krush-EX
satoru	沙斗流	K-1	K-1 / Krush / Krush-EX
andorei-erin	アンドレイ・エリン	K-1 WORLD GP	K-1 / Krush / Krush-EX
umezwa-ryotaro	梅沢 遼太郎	KNOCK OUT	KNOCK OUT|NJKF
seri-jsk	世莉JSK	RISE	NJKF|RISE
rosutisurafu-varunafusuki	ロスティスラフ・ヴァルナフスキー	K-1 WORLD GP	K-1 / Krush / Krush-EX
shimano-koutarou	島野浩太朗		K-1 / Krush / Krush-EX
kobayashi-masato	小林 聖人	K-1	K-1 / Krush / Krush-EX
yabusaki-riku	薮崎 陸	K-1	K-1 / Krush / Krush-EX
katsuji	勝次	RISE	RISE|新日本キックボクシング協会(SNKA)
haratani-ayaka	原谷 彩香	K-1	K-1 / Krush / Krush-EX
taniyama-toshiki	谷山 俊樹	K-1	Bigbang|K-1 / Krush / Krush-EX
vitari-matei	ヴィタリー・マテイ	K-1 WORLD GP	K-1 / Krush / Krush-EX
kuramochi	倉持 厳	K-1	K-1 / Krush / Krush-EX
jomuton-sutoraikajimu	ジョムトーン・ストライカージム	K-1	K-1 / Krush / Krush-EX
hara-shota	原 翔大	K-1	K-1 / Krush / Krush-EX
gump	GUMP	RISE	DEEP☆KICK|RISE
hata-fumiya	秦 文也	K-1	K-1 / Krush / Krush-EX
hasegawa-yutaka	長谷川 豊	K-1	K-1 / Krush / Krush-EX|KROSS×OVER
shiriru-abidi	シリル・アビディ		K-1 / Krush / Krush-EX
eruson-patoriku	エルソン・パトリック	K-1	K-1 / Krush / Krush-EX
saiking	最希んぐ	KNOCK OUT	
masuda-hiromasa	増田博正		NJKF
ozawa-rikiya	小澤 量哉	K-1	HoostCup|K-1 / Krush / Krush-EX
瀬戸口勝也	瀬戸口勝也		新日本キックボクシング協会(SNKA)
ryan-boyu	リャン・ボーユー	K-1	
hiroshi-saenchaigym	洋センチャイジム	K-1	K-1 / Krush / Krush-EX|NJKF
donkingu-yotarakumuetai	ドンキング・ヨータラックムエタイ	KNOCK OUT	
nishiuchi-takaumi	西内 貴洋	K-1	K-1 / Krush / Krush-EX
paveru-maiya	パヴェル・マイヤー		K-1 / Krush / Krush-EX
oohigashi-akira	大東旭		K-1 / Krush / Krush-EX
kusakabe-taichiro	日下部 太市郎	K-1	K-1 / Krush / Krush-EX
yamato-tetsuya	大和 哲也	K-1 WORLD GP|Krush|Krush-EX	HoostCup|K-1 / Krush / Krush-EX|NJKF|RIZIN
iwashita-masahiro	岩下雅大		K-1 / Krush / Krush-EX
mikoto	MIKOTO	K-1	K-1 / Krush / Krush-EX|NJKF
yanaka-sora	谷中 蒼空	K-1	K-1 / Krush / Krush-EX
marushio-de-jiezusu	マルシオ・デ・ジェズス	K-1	K-1 / Krush / Krush-EX
yuuki-2	YUUKI	K-1	K-1 / Krush / Krush-EX
nabeshima-koichiro	鍋島 好一朗	K-1	K-1 / Krush / Krush-EX
yamaguchi-takeru	山口 丈瑠	Krush|Krush-EX	DEEP☆KICK|HoostCup|K-1 / Krush / Krush-EX
takagi-kenta	高木 健太	K-1	K-1 / Krush / Krush-EX
ivan-baruteku	イヴァン・バルテク	K-1 WORLD GP	K-1 / Krush / Krush-EX
umaru-pasuhaefu	ウマル・パスハエフ	K-1	K-1 / Krush / Krush-EX
tatsumi-rio	辰巳 璃央	Krush|Krush-EX	DEEP☆KICK|K-1 / Krush / Krush-EX|NJKF
matsufuji-mai	松藤 麻衣	KNOCK OUT	KNOCK OUT|NJKF
toshio	俊雄	K-1	K-1 / Krush / Krush-EX
masami	正巳	K-1	K-1 / Krush / Krush-EX
sendaoreku-sutaraitojimu	セーンダオレック・スターライトジム	KNOCK OUT	KNOCK OUT|NKB
shirayuki-yuki	白雪 ゆき	KNOCK OUT	KNOCK OUT|KROSS×OVER
no-ri	No-Ri-	KNOCK OUT|RISE	KNOCK OUT|NJKF|RISE
maki-chachai	マキ・チャーチャイ	K-1	HoostCup|K-1 / Krush / Krush-EX
anbi-ensue-abomo	アンビ・エンスエ・アボモ	K-1	K-1 / Krush / Krush-EX
sorudetigure-yosuke	ソルデティグレ・ヨースケ		K-1 / Krush / Krush-EX
koki-5	幸輝	K-1	K-1 / Krush / Krush-EX
remigiusu-morikabyuchisu	レミギウス・モリカビュチス		K-1 / Krush / Krush-EX
asami-zaurus	阿佐美ザウルス	K-1	K-1 / Krush / Krush-EX
vedato-uruku	ヴェダット・ウルック	K-1	K-1 / Krush / Krush-EX
ashikaga-masakazu	足利 正和	K-1	K-1 / Krush / Krush-EX|KROSS×OVER
yunesu-sumairi	ユネス・スマイリ	K-1	K-1 / Krush / Krush-EX
rene-roze	レネ・ローゼ		K-1 / Krush / Krush-EX
topi-herin	トピ・ヘリン		K-1 / Krush / Krush-EX
kizuku-uchimoto	内本 築	RISE	HoostCup|RISE
katarin-morosanu	カタリン・モロサヌ		K-1 / Krush / Krush-EX
arata	新太	K-1	K-1 / Krush / Krush-EX
fukuda-kaito	福田 海斗	KNOCK OUT	HoostCup|KNOCK OUT
taniguchi-ken	谷口 健	K-1	K-1 / Krush / Krush-EX
hagiwara-shuto	萩原 秀斗	K-1	K-1 / Krush / Krush-EX
ozeki-keima	大関 敬真	K-1	K-1 / Krush / Krush-EX
arasan-kamara	アラッサン・カマラ	K-1 WORLD GP	K-1 / Krush / Krush-EX
hamasaki-kazuki	濱崎 一輝	K-1	HoostCup|K-1 / Krush / Krush-EX
vitoru-forumigan	ヴィトール・フォルミガン	K-1 WORLD GP	K-1 / Krush / Krush-EX
ryuki-yoshioka	吉岡龍輝	RISE	DEEP☆KICK|RISE
isei	ISSEI	K-1	K-1 / Krush / Krush-EX
sami-ogawa	小川紗南	RISE	DEEP☆KICK|RISE
akira-junia	AKIRA Jr.	K-1 WORLD GP	K-1 / Krush / Krush-EX
kameoka-yuta	亀岡 悠太	K-1	K-1 / Krush / Krush-EX
ryuya-saenchaigym	竜・センチャイジム	K-1	K-1 / Krush / Krush-EX
ryuu-shibei	リュウ・シーベイ	K-1	K-1 / Krush / Krush-EX
sasaki-junki	佐々木洵樹		K-1 / Krush / Krush-EX
ootsuki-shouta	大槻翔太		新日本キックボクシング協会(SNKA)
meisamu-eshigi	メイサム・エシギ	K-1	K-1 / Krush / Krush-EX
enokida-hiroyuki	榎田洸之		K-1 / Krush / Krush-EX
joni-kureba	ジョニー・クレバー	K-1	K-1 / Krush / Krush-EX
shishipushi-yuu-uowanchai	44・ユウ・ウォーワンチャイ	K-1	K-1 / Krush / Krush-EX
hiyori	HIYORI	RISE	KROSS×OVER|RISE
kochi-shinjiro	東風 シンジロウ	K-1	K-1 / Krush / Krush-EX
shiraga-yoshihiro	白神 喜弘	K-1	K-1 / Krush / Krush-EX
naoya-kuroda	黒田直也	RISE	HoostCup|RISE
jodan-suuinton	ジョーダン・スウィントン	K-1 WORLD GP	K-1 / Krush / Krush-EX
mizushima-takahiro	水嶋 貴大	K-1	K-1 / Krush / Krush-EX
pita-bondorachieku	ピーター・ボンドラチェック		K-1 / Krush / Krush-EX
takahashi-ryutaro	高橋 龍太郎	K-1	K-1 / Krush / Krush-EX
jiefason-sarubiano	ジェファーソン・サルビアーノ	K-1	K-1 / Krush / Krush-EX
kizuku	築	K-1	DEEP☆KICK|K-1 / Krush / Krush-EX
iwan-hiporito	イワン・ヒポリット		K-1 / Krush / Krush-EX
edoarudo-tochi	エドアルド・トッチ	K-1	K-1 / Krush / Krush-EX
yushi-2	勇志	KNOCK OUT|RISE	DEEP☆KICK|NKB|RISE
kagebi-popeye-kazunori	影日“ポパイ”和徳	K-1	K-1 / Krush / Krush-EX
joan-vikuta	ジョアン・ヴィクター	K-1 WORLD GP	K-1 / Krush / Krush-EX
ri-rishan	リー・リーシャン	K-1	K-1 / Krush / Krush-EX
nikorasu-gyafi	ニコラス・ギャフィー	K-1	K-1 / Krush / Krush-EX
arukoraku-kabajiero	アルコラック・カバジェロ	K-1 WORLD GP	K-1 / Krush / Krush-EX
kosei-tanaka	田中恒星	RISE	HoostCup|RISE
umeo-mei	梅尾 メイ	KNOCK OUT	KNOCK OUT|NJKF
ranbo	乱暴	K-1	K-1 / Krush / Krush-EX
takezoe-shota	竹添 翔太	Krush|Krush-EX	Bigbang|K-1 / Krush / Krush-EX|NJKF
heruman-tabuenka	ヘルマン・タブエンカ	K-1	K-1 / Krush / Krush-EX
pedamu-petogyatopeto	ペッダム・ペットギャットペット	K-1	K-1 / Krush / Krush-EX
taca-159	TaCa	KNOCK OUT	KNOCK OUT|NJKF
masaki-senba	仙波昌希	RISE	KROSS×OVER|RISE
arekusei-kujin	アレクセイ・クジン		K-1 / Krush / Krush-EX
matsumoto-riku	松本 陸	K-1	K-1 / Krush / Krush-EX
fabian-rorito	ファビアン・ロリート	K-1 WORLD GP	K-1 / Krush / Krush-EX
bonta	ボン太	K-1	HoostCup|K-1 / Krush / Krush-EX
araki-toranosuke	荒木 虎之介	K-1	K-1 / Krush / Krush-EX
mondamu-uirasakureku	モンダム・ウィラサクレック	KNOCK OUT	
watabe-daiki	渡部 太基	KNOCK OUT	KNOCK OUT|RIZIN
danieru-gita	ダニエル・ギタ		K-1 / Krush / Krush-EX
ruku-tana	ルーク・ターナー	K-1	K-1 / Krush / Krush-EX
rajina	ラジーナ	KNOCK OUT	
arina	ARINA	K-1	K-1 / Krush / Krush-EX|NJKF
kimu-hoson	キム・ホソン	K-1	K-1 / Krush / Krush-EX
ganeko-yuki	我如古 優貴	KNOCK OUT	KNOCK OUT|NJKF
seimiya-taku	清宮 拓	K-1	K-1 / Krush / Krush-EX|NJKF
furumura-hikaru	古村 光	KNOCK OUT	HoostCup|KNOCK OUT
kawahara-seiya	川原 誠也	K-1	K-1 / Krush / Krush-EX
oishi-kazuki	大石 和希	K-1	K-1 / Krush / Krush-EX
charuzu-bonjobani	チャールズ・ボンジョバーニ	K-1	K-1 / Krush / Krush-EX
takuya-2	拓也	RISE	RISE|新日本キックボクシング協会(SNKA)
matsumura-hideaki	松村 英明	K-1	K-1 / Krush / Krush-EX
tsukuda-shingo	九十田 慎吾	K-1	K-1 / Krush / Krush-EX
kairi-yatagai	谷田貝海吏	RISE	KROSS×OVER|RISE
petosamui-shimura	ペットサムイ・シムラ	K-1	K-1 / Krush / Krush-EX
nikita-kondoratofu	ニキータ・コンドラトフ	K-1 WORLD GP	K-1 / Krush / Krush-EX
tsuboi-yusuke	坪井 悠介	K-1	K-1 / Krush / Krush-EX
oki-takahito	大木 渉人	K-1	K-1 / Krush / Krush-EX
nagumo-daiki	南雲 大輝	K-1	K-1 / Krush / Krush-EX
shahido-orado-arafu	シャヒッド・オラド・アラフ		K-1 / Krush / Krush-EX
fumiya	FUMIYA	K-1	K-1 / Krush / Krush-EX
kurisu-buradofodo	クリス・ブラッドフォード	K-1	K-1 / Krush / Krush-EX
hasegawa	長谷川 康也	K-1	K-1 / Krush / Krush-EX
goki-sugiyama	杉山豪基	RISE	KROSS×OVER|RISE
fujii-shota	藤井 章太	K-1	K-1 / Krush / Krush-EX
kyosuke-2	狂介	RISE	DEEP☆KICK|RISE
mikaeru-peino	ミカエル・ペイノー	K-1	K-1 / Krush / Krush-EX
sameshima-hiroto-2	鮫島 博人	K-1	K-1 / Krush / Krush-EX
mutsuki-ebata	江幡 睦	RISE	RISE|新日本キックボクシング協会(SNKA)
kuraudio-isutorate	クラウディオ・イストラテ	K-1 WORLD GP	K-1 / Krush / Krush-EX
itakura-naoto	板倉直人		NJKF
manabu-2	学武	K-1	K-1 / Krush / Krush-EX
otaka-mizuki	大髙 瑞基	K-1	K-1 / Krush / Krush-EX
mohamedo-gyaraui	モハメド・ギャラウィー	K-1	K-1 / Krush / Krush-EX
ionuto-popa	イオヌット・ポパ	K-1 WORLD GP	K-1 / Krush / Krush-EX
masa-bravely-154	MASA BRAVELY	KNOCK OUT	KNOCK OUT|KROSS×OVER
nito-yoshinori	丹藤 義則	K-1	K-1 / Krush / Krush-EX
nakamine-silvio	仲峯 シルビオ	K-1	K-1 / Krush / Krush-EX
risu-kuruku	リース・クルーク	K-1	K-1 / Krush / Krush-EX
yuki-tanaka	田中佑樹	RISE	NKB|RISE
jieijiei-morisu	ジェイジェイ・モーリス	K-1 WORLD GP	K-1 / Krush / Krush-EX
joan-pedoro-shimao	ジョアン・ペドロ・シマオ	K-1	K-1 / Krush / Krush-EX
maekawa-natsuki	前川 夏樹	KNOCK OUT	
ran-shanten	ラン・シャンテン	K-1 WORLD GP	K-1 / Krush / Krush-EX
patoriku-sumisu	パトリック・スミス		K-1 / Krush / Krush-EX
watanabe-seina	渡部 惺	KNOCK OUT	KNOCK OUT|KROSS×OVER
koh-harigaya	針谷 耕	RISE	KROSS×OVER|RISE
eiki	栄基		NJKF
kenta-tanoue	田上健太	RISE	KROSS×OVER|RISE
rari-rindouoru	ラリー・リンドウォール		K-1 / Krush / Krush-EX
watanabe-yuuto	渡辺理想		K-1 / Krush / Krush-EX
kuon-januon	クォン・ジャンウォン	K-1 WORLD GP	K-1 / Krush / Krush-EX
jodan-barudinochi	ジョーダン・バルディノッチ	K-1	K-1 / Krush / Krush-EX
tanimoto-hiroyuki	谷本弘行		K-1 / Krush / Krush-EX
suzuki-shinji	鈴木真治		NJKF
uiriamu-dinda	ウィリアム・ディンダー		K-1 / Krush / Krush-EX
yan-guishan	ヤン・グィシャン	K-1	K-1 / Krush / Krush-EX
kimura-kentaro	木村 健太郎	K-1	K-1 / Krush / Krush-EX
yuri-mesu	ユーリ・メス		K-1 / Krush / Krush-EX
razu-serukishian	ラズ・セルキシアン	K-1	K-1 / Krush / Krush-EX
blackbear-yukijin	ブラックベア悠鬼神	RISE	NJKF
umeda-ryo	梅田 凌	K-1	K-1 / Krush / Krush-EX
kikuzakiu-tan	菊崎U-TAN義史	K-1	K-1 / Krush / Krush-EX
tsujioka-ren	辻岡 怜恩	KNOCK OUT	DEEP☆KICK|KNOCK OUT
yuga	祐嘉	K-1	K-1 / Krush / Krush-EX
fujihira-ryuya	藤平 琉矢	K-1 WORLD GP	K-1 / Krush / Krush-EX
shinotsuka-tatsuki	篠塚 辰樹	K-1	K-1 / Krush / Krush-EX|RIZIN
satoruvashikoba	サトルヴァシコバ		K-1 / Krush / Krush-EX
motomura-kenta	本村 謙太	K-1	K-1 / Krush / Krush-EX
asuran-magomedofu	アースラン・マゴメドフ		K-1 / Krush / Krush-EX
shoa-arii	有井渚海	RISE	HoostCup|RISE
samu-hiru	サム・ヒル	K-1	K-1 / Krush / Krush-EX
burakumanba	ブラックマンバ		K-1 / Krush / Krush-EX
karin-petorishoru	カリン・ペトリショル	K-1 WORLD GP	K-1 / Krush / Krush-EX
takizawa-hirohito	瀧澤博人		JKA
yoshinuma-daiki	吉沼 大樹	K-1	K-1 / Krush / Krush-EX
shimada-masayuki	嶋田 将幸	K-1	K-1 / Krush / Krush-EX
mirosu-tsuvechikanin-2	ミロス・ツヴェチカニン	K-1 WORLD GP	K-1 / Krush / Krush-EX
ajisu-katou	アジス・カトゥー		K-1 / Krush / Krush-EX
furuki-seiya	古木 誠也	KNOCK OUT	KNOCK OUT|NKB
sentoin-1st	戦闘員1号	KNOCK OUT	DEEP☆KICK|KNOCK OUT
tabata-ryo	田畑 凌	K-1	K-1 / Krush / Krush-EX
kikkawa-ryo	吉川 諒	K-1	DEEP☆KICK|K-1 / Krush / Krush-EX
fen-rui	フェン・ルイ	K-1 WORLD GP	K-1 / Krush / Krush-EX
sugi-kimiko	杉貴美子		NJKF
satoru-2	聖	K-1	K-1 / Krush / Krush-EX
masaki	勝輝	K-1	K-1 / Krush / Krush-EX
maiti-mo	マイティ・モー		K-1 / Krush / Krush-EX
iwashita-fumiya	岩下 文耶	K-1	K-1 / Krush / Krush-EX
noriko	NORIKO		SHOOT BOXING
戦国	戦国		DEEP☆KICK
endo-daisuke	遠藤 大翼	K-1	K-1 / Krush / Krush-EX
vu-pekouson	ヴュー・ペッコウーソン	K-1 WORLD GP	K-1 / Krush / Krush-EX
mareku-perushisu	マレク・ペルシス	K-1 WORLD GP	K-1 / Krush / Krush-EX
kurisutina-moraresu	クリスティーナ・モラレス	K-1	K-1 / Krush / Krush-EX|ONE Championship
shizuka	C-ZUKA	K-1	K-1 / Krush / Krush-EX
ji-uenhao	ジー・ウェンハオ	K-1	K-1 / Krush / Krush-EX
rusuran-nagiefu	ルスラン・ナギエフ	K-1 WORLD GP	K-1 / Krush / Krush-EX
miho-2	実穂	KNOCK OUT	KNOCK OUT|NKB
makasu-ebagu	マーカス・エバーグ		K-1 / Krush / Krush-EX
pita-gurahamu	ピーター・グラハム		K-1 / Krush / Krush-EX
kawano-ryuki	川野 龍輝	KNOCK OUT	KNOCK OUT|KROSS×OVER
tananchai-shisonpinon	タナンチャイ・シッソンピーノン	K-1	K-1 / Krush / Krush-EX
kurihara-keisuke	栗原 圭佑	K-1	K-1 / Krush / Krush-EX
ax-onoda	アックス斧田	KNOCK OUT	KNOCK OUT|KROSS×OVER
matsuno-yuki	松野 祐貴	K-1	K-1 / Krush / Krush-EX
arekusei-igunashofu	アレクセイ・イグナショフ		K-1 / Krush / Krush-EX
yoshihiro-422	YOSHIHIRO	KNOCK OUT	KNOCK OUT|KROSS×OVER
kodai-ono	小野琥大	RISE	KROSS×OVER|RISE
taku	TAKU	RISE	HoostCup|RISE
takehiko	武彦	K-1	K-1 / Krush / Krush-EX
koyano-kazuki	古谷野 一樹	K-1	K-1 / Krush / Krush-EX
yata-miho	谷田 美穂	K-1	K-1 / Krush / Krush-EX
yuto	悠斗	KNOCK OUT	K-1 / Krush / Krush-EX
hiroki-2	弘樹	KNOCK OUT	RIZIN
jao-chonyan	ジャオ・チョンヤン	K-1	K-1 / Krush / Krush-EX
yousuke	YOSUKE	K-1	K-1 / Krush / Krush-EX
hashimoto-ryota	橋本 亮汰	K-1	K-1 / Krush / Krush-EX
watanabe-masakazu	渡辺 雅和	K-1	K-1 / Krush / Krush-EX|NJKF
musashi-2	武蔵	KNOCK OUT	K-1 / Krush / Krush-EX
yokota-kazunori	横田 一則	K-1	K-1 / Krush / Krush-EX
tyson-rina-500	タイソンRINA	KNOCK OUT	HoostCup|KNOCK OUT
masanobu	眞暢	K-1	K-1 / Krush / Krush-EX|KROSS×OVER
uchiyama-masato	内山政人		K-1 / Krush / Krush-EX
shota-toyama	遠山翔太	RISE	KROSS×OVER|RISE
inazuma-shohei	稲妻 ショーヘイ	K-1	K-1 / Krush / Krush-EX
i-chinjin	イ・チンジン		K-1 / Krush / Krush-EX
komatsu	小松 隆也	K-1	K-1 / Krush / Krush-EX
shiraoka-nobuhito	白岡 伸仁	K-1	NJKF
dabido-kiria	ダビッド・キリア	K-1	ONE Championship
shirimonkoru-shinwasa	シリモンコル・シンワッサ		K-1 / Krush / Krush-EX
satoru-nariai	SATORU成合	K-1	K-1 / Krush / Krush-EX
mizuhara-hiroaki	水原 弘暁	K-1	K-1 / Krush / Krush-EX
fuji-tsukasa	藤鬥嘩裟		K-1 / Krush / Krush-EX
shibuya-koji	渋谷 昂治	KNOCK OUT	KNOCK OUT|NJKF
remi-bonyasuki	レミー・ボンヤスキー		K-1 / Krush / Krush-EX
keyaki-yamamoto	山本 槻	RISE	DEEP☆KICK|RISE
ritomo	利共	KNOCK OUT	HoostCup|KNOCK OUT
watanabe-hisae	渡辺久江		SHOOT BOXING
kusatsu-kenji	草津賢治		K-1 / Krush / Krush-EX
ryuju-136	RYUJU	KNOCK OUT	KNOCK OUT|NJKF
wan-jinron	ワン・ジンロン	K-1	K-1 / Krush / Krush-EX
teruku	輝久	K-1	K-1 / Krush / Krush-EX
hikari-saenchaigym	光センチャイジム	K-1	K-1 / Krush / Krush-EX
gureishaa-aki	グレイシャア亜紀		K-1 / Krush / Krush-EX
musashi	武蔵	KNOCK OUT	K-1 / Krush / Krush-EX
hayashida-shouko	林田昌子		新日本キックボクシング協会(SNKA)
yumeto-mizuno	水野夢斗	RISE	DEEP☆KICK|RISE
rikito	力斗	KNOCK OUT	KNOCK OUT|RIZIN
umeta-masashige	梅田 将成	K-1	K-1 / Krush / Krush-EX|KROSS×OVER
abuneru-fereira-2	アブネル・フェレイラ	K-1 WORLD GP	K-1 / Krush / Krush-EX
taishi-hiratsuka	平塚大士	RISE	HoostCup|RIZIN
kouma	KOUMA	K-1	K-1 / Krush / Krush-EX
matsui-yuma	松井 裕馬	K-1	K-1 / Krush / Krush-EX
hori-hiraku	堀啓		K-1 / Krush / Krush-EX
fuusei	風成		NJKF
toshikawa-kazuki	利川 和希	K-1	K-1 / Krush / Krush-EX
ishikawa-yuki	石川 祐樹	K-1	K-1 / Krush / Krush-EX
mukai-kanta	向井 貫太	KNOCK OUT	K-1 / Krush / Krush-EX|KNOCK OUT
paku-yonsu	パク・ヨンス		K-1 / Krush / Krush-EX
knight-makino	牧野騎士	RISE	DEEP☆KICK|RISE
marinu-bigei	マリーヌ・ビゲイ	K-1 WORLD GP	K-1 / Krush / Krush-EX
ietokin-ozukuru	イェトキン・オズクル	K-1	K-1 / Krush / Krush-EX
iwashita-ryuki	岩下 隆樹	K-1	K-1 / Krush / Krush-EX
amiru-yamasaki	山﨑愛琉	RISE	DEEP☆KICK|RISE
king-rikuto	KING陸斗	RISE	DEEP☆KICK|RISE
aoki-tomoya	青木 朋哉	K-1	K-1 / Krush / Krush-EX
hirano-ryoga	平野凌我	KNOCK OUT|RISE	DEEP☆KICK|KNOCK OUT|RISE
guani-baraji	グァニー・バラッジ	K-1	K-1 / Krush / Krush-EX
matsuhana-masaya	松花 征也	K-1	K-1 / Krush / Krush-EX
jieikobu-mikura	ジェイコブ・ミクラ	K-1 WORLD GP	K-1 / Krush / Krush-EX
nurutireku-zarinbekofu	ヌルティレク・ザリンベコフ	K-1 WORLD GP	K-1 / Krush / Krush-EX
dausakon-motasanai	ダウサコン・モータッサナイ	K-1	K-1 / Krush / Krush-EX
semi-kesukin	セミ・ケスキン	K-1 WORLD GP	K-1 / Krush / Krush-EX
junpei-tsuru	津留純平	RISE	DEEP☆KICK|RISE
hiroshi	浩志	K-1	K-1 / Krush / Krush-EX
kokubo-hiroki	小久保 裕気	K-1	K-1 / Krush / Krush-EX|KROSS×OVER
jieison-sati	ジェイソン・サティー		K-1 / Krush / Krush-EX
miharu-tourinsuki	ミハル・トゥリンスキー	K-1 WORLD GP	K-1 / Krush / Krush-EX
tamura-yosuke	田村 陽典	K-1	K-1 / Krush / Krush-EX
yoneda-takashi	米田貴志		NJKF
furanchiesuko-karuboti	フランチェスコ・カルボッティ	K-1 WORLD GP	K-1 / Krush / Krush-EX
nobuchika-terado	寺戸伸近	RISE	K-1 / Krush / Krush-EX|RISE
sugihara-shinya	杉原 新也	KNOCK OUT	KNOCK OUT|NJKF
asuranbeku-jikurebu	アスランベック・ジクレーブ	K-1 WORLD GP	K-1 / Krush / Krush-EX|ONE Championship
tekisasu-ayumi	テキサス・アユミ	K-1	K-1 / Krush / Krush-EX
aimi	aimi-	K-1	K-1 / Krush / Krush-EX|NJKF
matiasu-garushia	マティアス・ガルシア	K-1 WORLD GP	K-1 / Krush / Krush-EX
kikuchi-yokthaigym	菊地ヨックタイジム	K-1	K-1 / Krush / Krush-EX
aruban-garonia	アルバン・ガロニア		K-1 / Krush / Krush-EX
chie-honman	チェ・ホンマン		K-1 / Krush / Krush-EX
seki-taichi	関 太一	K-1	K-1 / Krush / Krush-EX
vinsento-foshiani	ヴィンセント・フォシアーニ	K-1	K-1 / Krush / Krush-EX
tsubasa-3	飛翔	K-1	K-1 / Krush / Krush-EX
sutanisurafu-kazantsuefu	スタニスラフ・カザンツェフ	K-1 WORLD GP	K-1 / Krush / Krush-EX
goshu-masanobu	郷州 征宜	K-1	K-1 / Krush / Krush-EX
farphayap-grabs	ファーパヤップ・GRABS	RISE	RISE|RIZIN
jienifa-maia	ジェニファー・マイア	K-1 WORLD GP	K-1 / Krush / Krush-EX
sandoro-matin	サンドロ・マーティン	K-1	K-1 / Krush / Krush-EX
nasu	那須 儀治	K-1	K-1 / Krush / Krush-EX
andi-hauson	アンディ・ハウソン	K-1	K-1 / Krush / Krush-EX
yurudourumu-oguzu	ユルドゥルム・オグズ	K-1 WORLD GP	K-1 / Krush / Krush-EX
seruhio-sanchiesu	セルヒオ・サンチェス	K-1	K-1 / Krush / Krush-EX
miyazaki-naoto	宮崎 直人	K-1	K-1 / Krush / Krush-EX
pepangan-mo-ratanabandito	ペッパンガン・モー.ラタナバンディット	K-1	K-1 / Krush / Krush-EX
azemu-makusutai	アゼム・マクスタイ		K-1 / Krush / Krush-EX
tie-inhoa	ティエ・インホァ	K-1	K-1 / Krush / Krush-EX
takei-yoshiki	武居 由樹	K-1	K-1 / Krush / Krush-EX
ryujin-nasukawa	那須川龍心	RISE	DEEP☆KICK|RISE
yoshitaka-hiromu	吉鷹弘		SHOOT BOXING
zabito-samedofu	ザビット・サメドフ		K-1 / Krush / Krush-EX
yoshida-rintaro	吉田 凜汰朗	KNOCK OUT	KNOCK OUT|NJKF
kimu-taunsendo	キム・タウンセンド	K-1	K-1 / Krush / Krush-EX
raiza-shiruba	ライザ・シルバ	K-1 WORLD GP	K-1 / Krush / Krush-EX
yamaguchi-masamichi	山口 正道	K-1	K-1 / Krush / Krush-EX
hayashi-shota	林 将多	K-1	K-1 / Krush / Krush-EX
yohei	Yo-hei	K-1	K-1 / Krush / Krush-EX|KROSS×OVER
hara-kazuhito	原 一仁	K-1	K-1 / Krush / Krush-EX
takeuchi-yuki	竹内 悠希	K-1	K-1 / Krush / Krush-EX
miyashita-tomoya	宮下 トモヤ	K-1	K-1 / Krush / Krush-EX
hirao	平尾 大智	K-1	HoostCup|K-1 / Krush / Krush-EX
iotani-takashi	庵谷鷹志		新日本キックボクシング協会(SNKA)
福岡直也	福岡直也		新日本キックボクシング協会(SNKA)
kan-pinaru	カン・ピナール	K-1 WORLD GP	K-1 / Krush / Krush-EX
tosaka-takumi	登坂 匠	K-1	K-1 / Krush / Krush-EX
jonisu-koriseu	ジョニス・コリセウ	K-1 WORLD GP	K-1 / Krush / Krush-EX
petomonkon-sunkirafoitomu	ペットモンコン・スーンキラーフォイトム	K-1	K-1 / Krush / Krush-EX
rei-sefo	レイ・セフォー		K-1 / Krush / Krush-EX
kureiton-nuniesu	クレイトン・ヌニェス	K-1 WORLD GP	K-1 / Krush / Krush-EX
斗吾	斗吾		新日本キックボクシング協会(SNKA)
bogudan-sutoika	ボグダン・ストイカ	K-1 WORLD GP	K-1 / Krush / Krush-EX|ONE Championship
uesugi-hayato-2	上杉 隼琉	K-1	K-1 / Krush / Krush-EX
yamamoto-cobra-tomomi	山本“魂武羅”知美	KNOCK OUT|RISE	KNOCK OUT|KROSS×OVER|RISE
chie-jinsun	チェ・ジンスン	K-1	K-1 / Krush / Krush-EX
mogi-gota	茂木 豪汰	KNOCK OUT	KNOCK OUT|NKB
isamu-chadido	イッサム・チャディッド	K-1	K-1 / Krush / Krush-EX
tomomi	TOMOMI	SHOOT BOXING	DEEP☆KICK|SHOOT BOXING
ekumonkon-gaiyanhadao	エークモンコン・ガイヤーンハーダオ	K-1	K-1 / Krush / Krush-EX
eda-ropusu	エダー・ロープス	K-1	K-1 / Krush / Krush-EX
terasaki-naoki	寺崎 直樹	K-1	K-1 / Krush / Krush-EX
maruoka-takuya	丸岡 拓也	K-1	K-1 / Krush / Krush-EX
guraube-feitoza	グラウベ・フェイトーザ		K-1 / Krush / Krush-EX
darvish-kurogi	ダルビッシュ黒木	K-1	K-1 / Krush / Krush-EX
nakamura-yusaku	中村 優作	KNOCK OUT	DEEP☆KICK|KNOCK OUT
ryoto	玲翔	RISE	DEEP☆KICK|RISE
shibue-kenji	渋江 健司	KNOCK OUT	KNOCK OUT|KROSS×OVER
jun-da-raion	JUN Da 雷音	K-1	K-1 / Krush / Krush-EX|NJKF
soichiro	宗一郎	K-1	K-1 / Krush / Krush-EX
takeyuki	威幸	K-1	K-1 / Krush / Krush-EX
kyoshiro	恭士郎	K-1	Bigbang|K-1 / Krush / Krush-EX
ryunosuke-matsushita	松下竜之助	RISE	KROSS×OVER|RISE
itipon-shitopojouo	イティポン・シットポージョーウォー	KNOCK OUT	HoostCup|KNOCK OUT
masaki-junko	正木純子		SHOOT BOXING
onodera-ryusuke	小野寺 龍亮	KNOCK OUT	
roi-tan	ロイ・タン		K-1 / Krush / Krush-EX
jabito-bairami	ジャビット・バイラミ		K-1 / Krush / Krush-EX
telecainfinity	テレカ∞	RISE	KROSS×OVER|RISE
hishamu-mujitahido	ヒシャム・ムジタヒド	K-1	K-1 / Krush / Krush-EX
erivan-baruto	エリヴァン・バルト	K-1 WORLD GP	K-1 / Krush / Krush-EX
ari-ramari	アリ・ラーマリ	K-1 WORLD GP	K-1 / Krush / Krush-EX
fuku-ryota	福 僚太	KNOCK OUT	KNOCK OUT|KROSS×OVER
nobutani-michiko	延谷 美智子	K-1	K-1 / Krush / Krush-EX
furedo-matosu	フレッド・マトス	K-1	K-1 / Krush / Krush-EX
okawa-kazuki	大川 一貴	K-1	K-1 / Krush / Krush-EX
atira-karachi	アティラ・カラチ		K-1 / Krush / Krush-EX
harada-yoshiki	原田 ヨシキ	K-1	K-1 / Krush / Krush-EX
yamashita-kazuki	山下 和希	K-1	DEEP☆KICK|K-1 / Krush / Krush-EX
nakazawa-ryosuke	中澤 良介	K-1	K-1 / Krush / Krush-EX
matsushita-daiki	松下 大紀	K-1	K-1 / Krush / Krush-EX
karu-gurishinsuki	カール・グリシンスキー		K-1 / Krush / Krush-EX
pere-rido	ペレ・リード		K-1 / Krush / Krush-EX
fujimoto-arata	藤本新		KROSS×OVER
ayinta-ali	寧仁太・アリ	K-1	K-1 / Krush / Krush-EX
barentin-mavurodin	バレンティン・マヴロディン	K-1 WORLD GP	K-1 / Krush / Krush-EX
yoshi	YOSHI	K-1	K-1 / Krush / Krush-EX
blackshisa-sotaro	ブラックシーサー颯太朗	RISE	KROSS×OVER|RISE
kimu-hyonjun	キム・ヒョンジュン	K-1 WORLD GP	K-1 / Krush / Krush-EX
ito-kento	伊藤 健人	K-1	K-1 / Krush / Krush-EX
ayaka-2	綾香	K-1	
shirai-shota	白井 正太	K-1	K-1 / Krush / Krush-EX
yasuda-keijiro	安田 慶二郎	K-1	HoostCup|K-1 / Krush / Krush-EX
maikeru-tomahoku-tonpuson	マイケル・“トマホーク”・トンプソン	K-1	K-1 / Krush / Krush-EX
namiki-yoshihiro	並木 義弘	K-1	
maeda-hiroyuki	前田宏行		K-1 / Krush / Krush-EX
jaki-masaya	蛇鬼将矢	KNOCK OUT|RISE	KNOCK OUT|RISE|RIZIN
sei-marusero	セイ・マルセロ	K-1	K-1 / Krush / Krush-EX
kasuperu-mushinsuki	カスペル・ムシンスキ	K-1 WORLD GP	K-1 / Krush / Krush-EX
taira	TAIRA	K-1	K-1 / Krush / Krush-EX|NKB
kizuka-kazuki	木塚 勝樹	K-1	K-1 / Krush / Krush-EX
jan-jinhoi	ジャン・ジンホイ	K-1 WORLD GP	K-1 / Krush / Krush-EX
hakimu-hameshu	ハキム・ハメッシュ	K-1	K-1 / Krush / Krush-EX
burisu-gidon	ブリース・ギドン		K-1 / Krush / Krush-EX
magomedo-magomedofu	マゴメド・マゴメドフ		K-1 / Krush / Krush-EX
matin-rozarusuki	マーティン・ロザルスキー		K-1 / Krush / Krush-EX
nakazawa-jun	中澤 純	K-1	K-1 / Krush / Krush-EX
jonasu-sarushicha	ジョナス・サルシチャ	K-1 WORLD GP	K-1 / Krush / Krush-EX
tanishima-hayato	谷嶋 颯斗	K-1	K-1 / Krush / Krush-EX
watanabe-takeshi-2	渡辺 武	K-1	K-1 / Krush / Krush-EX
古岡大八	古岡大八		NJKF
ryoga	稜賀	K-1	K-1 / Krush / Krush-EX
burekuto-uorisu	ブレクト・ウォリス		K-1 / Krush / Krush-EX
yajima-naoya	矢島 直弥	Krush|Krush-EX	K-1 / Krush / Krush-EX|KROSS×OVER|NJKF
heliazir-estefani	へリアジル・エステファニ	K-1 WORLD GP	K-1 / Krush / Krush-EX
takigami-shota	滝上 正太	K-1 WORLD GP|RISE	HoostCup|K-1 / Krush / Krush-EX|RISE
mitsutaka	MITSUTAKA	K-1	K-1 / Krush / Krush-EX
jokireku-gtjimu	ジョッキーレック・GTジム	K-1	K-1 / Krush / Krush-EX
yoshinari	斐也	K-1	K-1 / Krush / Krush-EX
beiri-saguden	ベイリー・サグデン	K-1	
diran-sarubadoru	ディラン・サルバドール	K-1	K-1 / Krush / Krush-EX
rara-ferunandesu	ララ・フェルナンデス	K-1 WORLD GP	K-1 / Krush / Krush-EX
taichan	タイチャーン	K-1	K-1 / Krush / Krush-EX
chujyo-hiroyuki	中條 弘之	K-1	K-1 / Krush / Krush-EX
hayashi-tamotsu	林 完	K-1	K-1 / Krush / Krush-EX
ajisu-yaya	アジス・ヤヤ		K-1 / Krush / Krush-EX
kei	慧	KNOCK OUT	KNOCK OUT|NJKF
yoshizaki-naru	吉崎 生	K-1	K-1 / Krush / Krush-EX
kentoshi-syun	剣闘士“俊”	K-1	K-1 / Krush / Krush-EX
yurugen-kuruto	ユルゲン・クルト		K-1 / Krush / Krush-EX
burakudoragon	ブラックドラゴン	K-1	K-1 / Krush / Krush-EX
tasuku	たすく	K-1	K-1 / Krush / Krush-EX
paberu-zurafuriofu	パベル・ズラフリオフ		K-1 / Krush / Krush-EX
konoo-koki	此尾 昂希	K-1	K-1 / Krush / Krush-EX
dorago	ドラゴ		K-1 / Krush / Krush-EX
kotaisei	洪太星	K-1	K-1 / Krush / Krush-EX
king-ryuzo	KING龍蔵	RISE	DEEP☆KICK|RISE
andorei-varuga	アンドレイ・ヴァルガ	K-1 WORLD GP	K-1 / Krush / Krush-EX
taiju-shiratori	白鳥大珠	RISE	RISE|RIZIN
toyoki	豊樹	K-1	K-1 / Krush / Krush-EX
shimada-shouta	嶋田翔太		K-1 / Krush / Krush-EX
kawano-ippei	河野 一平	K-1	K-1 / Krush / Krush-EX
atsumu	鳩	RISE	Bigbang|RISE
yamaguchi-sho	山口 将	K-1	HoostCup|K-1 / Krush / Krush-EX
jamaru-kasumofu	ジャマル・カスモフ		K-1 / Krush / Krush-EX
wakasugi	若杉 成次	K-1	K-1 / Krush / Krush-EX
angerosu-kaponisu	アンゲロス・カポニス	K-1	K-1 / Krush / Krush-EX
danieru-pyutasu	ダニエル・ピュータス	K-1	K-1 / Krush / Krush-EX
tatsuto-3	龍翔	KNOCK OUT	RISE
やす吉	やす吉		NJKF
tsui-jienhoi	ツイ・ジェンホイ	K-1	K-1 / Krush / Krush-EX
kerrith-bhella	ケリス・べラ	K-1	K-1 / Krush / Krush-EX
kakushi-takagi	髙木覚清	RISE	Bigbang|RISE
kirachihiro	キラッ☆Chihiro	K-1	DEEP☆KICK|K-1 / Krush / Krush-EX
umaru-semata	ウマール・セマタ	K-1 WORLD GP	
isumairu-aru-kadi	イスマイル・アル・カディ	K-1	K-1 / Krush / Krush-EX
yaniku-renu	ヤニック・レーヌ	K-1	K-1 / Krush / Krush-EX
chingisu-arazofu	チンギス・アラゾフ	K-1	K-1 / Krush / Krush-EX|ONE Championship
jin	仁	RISE	DEEP☆KICK|RISE
brandon-spain	ブランドン・スぺイン	K-1	K-1 / Krush / Krush-EX
amanshio-parasukifu	アマンシオ・パラスキフ	K-1	K-1 / Krush / Krush-EX
hashimoto-tenta	橋本 天汰	KNOCK OUT	
rikarudo-nodosutorando	リカルド・ノードストランド		K-1 / Krush / Krush-EX
karimu-benoi	カリム・ベノーイ	K-1	K-1 / Krush / Krush-EX
諸岡直人	諸岡直人		NJKF
miyata-yuji	宮田 裕司	K-1	HoostCup|K-1 / Krush / Krush-EX
snake-masao	スネーク益荒男	K-1	K-1 / Krush / Krush-EX
vitari-urukofu	ヴィタリ・ウルコフ		K-1 / Krush / Krush-EX
ishitsuka-hiroto	石塚 宏人	K-1	K-1 / Krush / Krush-EX
masaaki-ono	小野幹晃	RISE	RISE|Stand up
masuda-katsuumi	増田 勝海	K-1	K-1 / Krush / Krush-EX
hoshikawa-daiki	星川 大輝	K-1	K-1 / Krush / Krush-EX
tobe-ryuma	戸邊 隆馬	K-1	K-1 / Krush / Krush-EX
timuru-nadorofu	ティムール・ナドロフ	K-1	
kudo-yuki	工藤 勇樹	K-1	K-1 / Krush / Krush-EX|KROSS×OVER
satoi	SATOI	K-1	K-1 / Krush / Krush-EX
yohanesu-urufu	ヨハネス・ウルフ	K-1	K-1 / Krush / Krush-EX
koyasu-shingo	子安慎悟		K-1 / Krush / Krush-EX
yamamoto-shinichiro	山本 真一郎	K-1	K-1 / Krush / Krush-EX
k1-1342	パコーン・PK・センチャイ	K-1	K-1 / Krush / Krush-EX
hayashi-yuta	林 勇汰	K-1	K-1 / Krush / Krush-EX
oizumi-sho	大泉 翔	K-1	HoostCup|K-1 / Krush / Krush-EX
tanaka-kazuki	田中 一輝	K-1	DEEP☆KICK|K-1 / Krush / Krush-EX
tenma	天馬	K-1	K-1 / Krush / Krush-EX
antonia-purifuti	アントニア・プリフティ	K-1 WORLD GP	K-1 / Krush / Krush-EX
yamanishi-ren	山西 練	K-1	K-1 / Krush / Krush-EX
pauro-tebau	パウロ・テバウ	K-1	K-1 / Krush / Krush-EX
eriasu-mamudi	エリアス・マムーディ	K-1	K-1 / Krush / Krush-EX|ONE Championship
hiramoto-ren	平本 蓮	K-1	K-1 / Krush / Krush-EX
maeda-taison	前田 大尊	KNOCK OUT	JKA|KNOCK OUT
yosuke-aoki	青木洋輔	RISE	HoostCup|RISE
han-uenbao	ハン・ウェンバオ	K-1	K-1 / Krush / Krush-EX
miku-144	MIKU	KNOCK OUT	KNOCK OUT|NJKF
kaneko-kei	金子 桂	K-1	K-1 / Krush / Krush-EX|KROSS×OVER
buraian-dauvisu	ブライアン・ダウヴィス		K-1 / Krush / Krush-EX
domajofu-osutajiku	ドマジョフ・オスタジック		K-1 / Krush / Krush-EX
chiba-yuki	千羽 裕樹	KNOCK OUT	KNOCK OUT|NJKF
tatsuto-2	龍翔	KNOCK OUT	K-1 / Krush / Krush-EX
gukan-saki	グーカン・サキ		K-1 / Krush / Krush-EX
kadiru-irudirimu	カディル・イルディリム	K-1	K-1 / Krush / Krush-EX
haruka-shimada	島田知佳	RISE	KROSS×OVER|RISE
zaku-pankuhasuto	ザック・パンクハースト	K-1 WORLD GP	K-1 / Krush / Krush-EX
jin-in	ジン・イン	K-1	K-1 / Krush / Krush-EX
masuda-ryo	益田 亮	K-1	K-1 / Krush / Krush-EX
murado-boujidi	ムラッド・ボウジディ		K-1 / Krush / Krush-EX
guzavie-basuta	グザヴィエ・バスター	K-1	K-1 / Krush / Krush-EX
antonio-oruden	アントニオ・オルデン	K-1 WORLD GP	K-1 / Krush / Krush-EX
suzuki-issei	鈴木 一晴	K-1	K-1 / Krush / Krush-EX
ivan-garazu	イヴァン・ガラズ	K-1 WORLD GP	K-1 / Krush / Krush-EX
kawanishi-kazuhiro	河西 和浩	K-1	K-1 / Krush / Krush-EX
pasukaru-shurosu	パスカル・シュロス	K-1 WORLD GP	K-1 / Krush / Krush-EX
endo-shingen	遠藤 信玄	K-1	K-1 / Krush / Krush-EX
goto-katsuya	後藤 勝也	K-1	K-1 / Krush / Krush-EX
k1-1641	カルロス ‛モヒカーノ’	K-1	K-1 / Krush / Krush-EX
watanabe-raina	渡部 蕾	KNOCK OUT|Krush|Krush-EX	K-1 / Krush / Krush-EX|KNOCK OUT|KROSS×OVER|NJKF
ueda-mikio	上田 幹雄	K-1 WORLD GP	K-1 / Krush / Krush-EX
tasuku-okubo	大久保 祐	RISE	KROSS×OVER|RISE
raize	羅司	RISE	KROSS×OVER|RISE
kiyoteru-suzuki	鈴木清照	RISE	NJKF|RISE
maseru-adeiemi	マーセル・アデイエミ	K-1	K-1 / Krush / Krush-EX
burakupansa-beinoa	“ブラックパンサー”ベイノア	RISE	RISE|RIZIN
shinozaki-sumito	篠崎 澄人	K-1	K-1 / Krush / Krush-EX
hayama-syohei	葉山 翔平	K-1	K-1 / Krush / Krush-EX|NJKF
ryuga	竜雅	KNOCK OUT	KNOCK OUT|KROSS×OVER
koki-6	虎宇輝	K-1	K-1 / Krush / Krush-EX
kazuyoshi	kazyosi	K-1	K-1 / Krush / Krush-EX
tomihira-yoshihito	富平 禎仁	K-1	HoostCup|K-1 / Krush / Krush-EX
sera	聖来	K-1 WORLD GP	K-1 / Krush / Krush-EX
makishimu-neredoba	マキシム・ネレドバ		K-1 / Krush / Krush-EX
yoshimune	吉宗、	KNOCK OUT	KNOCK OUT|KROSS×OVER
konishi-takuma	小西 拓槙	K-1	K-1 / Krush / Krush-EX|RIZIN
arubiaru-rima	アルビアール・リマ		K-1 / Krush / Krush-EX
wan-jiuei	ワン・ジーウェイ	K-1	K-1 / Krush / Krush-EX
puresuton-te-moni	プレストン・テ・モニ	K-1 WORLD GP	K-1 / Krush / Krush-EX
manoeru-dosu-santosu	マノエル・ドス・サントス	K-1 WORLD GP	K-1 / Krush / Krush-EX
miyahara-tsukasa	宮原 司	K-1	K-1 / Krush / Krush-EX
tomizawa-daichi	冨澤 大智	K-1	K-1 / Krush / Krush-EX|RIZIN
ayame	綾芽	RISE	KROSS×OVER|RISE
kato-hisaki	加藤 久輝	K-1	K-1 / Krush / Krush-EX
shimizu-daiki	清水 大輝	K-1	HoostCup|K-1 / Krush / Krush-EX
haime-moraisu-2	ハイメ・モライス	K-1 WORLD GP	K-1 / Krush / Krush-EX
akimoto-kazuya	秋元 和也	K-1	K-1 / Krush / Krush-EX
matsumoto-hayato	松本 隼斗	KNOCK OUT	
ando-masataka	安東 雅喬	K-1	
akimoto-ryohei	秋元 僚平	K-1	K-1 / Krush / Krush-EX
andore-marutinsu	アンドレ・マルティンス	K-1 WORLD GP	K-1 / Krush / Krush-EX
arubion-morina	アルビオン・モリーナ	K-1 WORLD GP	K-1 / Krush / Krush-EX
neisan-burigusu	ネイサン・ブリッグス		K-1 / Krush / Krush-EX
maikeru-tonpuson	マイケル・トンプソン		K-1 / Krush / Krush-EX
rei-sutarin	レイ・スターリン		K-1 / Krush / Krush-EX
riko-vahoben	リコ・ヴァーホーベン		K-1 / Krush / Krush-EX
tafumashibu-kerimofu	タフマシブ・ケリモフ	K-1	K-1 / Krush / Krush-EX
kimu-donuku	キム・ドンウック		K-1 / Krush / Krush-EX
tomoki	TOMOKI	K-1	K-1 / Krush / Krush-EX
kai	KAI	KNOCK OUT	K-1 / Krush / Krush-EX|KROSS×OVER
inomoto-koki	井ノ本 煌貴	KNOCK OUT	KNOCK OUT|NKB
yoshimi-2	芳美	K-1	K-1 / Krush / Krush-EX|NJKF
man-goro	MAN☆五郎	K-1	K-1 / Krush / Krush-EX
motoyasu	基康	RISE	NJKF|RISE
kinoshita-shori	木下 勝利	K-1	K-1 / Krush / Krush-EX
hoan-shuairu	ホァン・シュアイルー	K-1 WORLD GP	K-1 / Krush / Krush-EX
yaman	YA-MAN	RISE	RISE|RIZIN
muameru-yugovichi-2	ムアメル・ユーゴヴィッチ	K-1 WORLD GP	K-1 / Krush / Krush-EX
katsuhiro	勝大	K-1	K-1 / Krush / Krush-EX
komupayaku-uirasakureku	コムパヤック・ウィラサクレック		NJKF
toji	透士	KNOCK OUT	KNOCK OUT|NKB
今野明	今野明		新日本キックボクシング協会(SNKA)
bazooka-koki	バズーカ巧樹	KNOCK OUT	K-1 / Krush / Krush-EX|KNOCK OUT
chien-yonhoi	チェン・ヨンホイ	K-1 WORLD GP	K-1 / Krush / Krush-EX
joi-kuraienburufu	ジョーイ・クライエンブルフ	K-1 WORLD GP	K-1 / Krush / Krush-EX
andorei-avudeefu	アンドレイ・アヴデーエフ	K-1 WORLD GP	K-1 / Krush / Krush-EX
kanbara-ruka	神原 瑠翔	K-1	K-1 / Krush / Krush-EX
denisu-pyuriku	デニス・ピューリック	K-1	K-1 / Krush / Krush-EX
riku	璃久	SHOOT BOXING	K-1 / Krush / Krush-EX
jakeoutlawwilkins-378	ジェイク”Outlaw”ウィルキンス	KNOCK OUT	
kushima-makoto	九島 亮	K-1	K-1 / Krush / Krush-EX
motoki-2	志樹	K-1	K-1 / Krush / Krush-EX
yugo	佑悟	K-1	K-1 / Krush / Krush-EX
kimu-funjie	キム・フンジェ	K-1	K-1 / Krush / Krush-EX
jieromu-re-banna	ジェロム・レ・バンナ	K-1 WORLD GP	K-1 / Krush / Krush-EX
ryou-pegasasu	リョウ・ペガサス		RISE
danger-uchiyama	デンジャー内山	K-1	HoostCup|K-1 / Krush / Krush-EX
syuto	愁斗	KNOCK OUT	KNOCK OUT|NJKF
rintaro	倫太朗	K-1 WORLD GP	K-1 / Krush / Krush-EX
kuwata-yuta	桑田 裕太	K-1	K-1 / Krush / Krush-EX
toudi-naomi	TOODY NAOMI	K-1 WORLD GP|Krush|Krush-EX	DEEP☆KICK|HoostCup|K-1 / Krush / Krush-EX|NJKF
doragan-yobanobichi	ドラガン・ヨバノビッチ		K-1 / Krush / Krush-EX
munemasa	宗雅	KNOCK OUT	KNOCK OUT|KROSS×OVER
kachisu-shusuta	カーチス・シュースター		K-1 / Krush / Krush-EX
yan-saiko	ヤン・サイコ	K-1	K-1 / Krush / Krush-EX
konpeto-featekusu	コンペット・フェアテックス	K-1	K-1 / Krush / Krush-EX
wentz-shuichi	ウエンツ☆修一	K-1	K-1 / Krush / Krush-EX
kosutasu-asuranidisu	コスタス・アスラニディス	K-1	
roeru-manato	ロエル・マナート	K-1 WORLD GP	K-1 / Krush / Krush-EX
komaki-kaito	小巻 海斗	K-1	HoostCup|K-1 / Krush / Krush-EX
nikora-verumon	ニコラ・ヴェルモン		K-1 / Krush / Krush-EX
possiblek	ポッシブルK	SHOOT BOXING	KROSS×OVER|SHOOT BOXING
yoon-deokjae	ユン･ドクジェ	RISE	NJKF|RISE
yuma	勇磨	K-1	K-1 / Krush / Krush-EX|NJKF
joji-za-aianraion	ジョージ“ザ・アイアンライオン”		K-1 / Krush / Krush-EX
osukaru-borukesu	オスカル・ボルケス	K-1	K-1 / Krush / Krush-EX
yokoyama-shingo	横山伸吾		K-1 / Krush / Krush-EX
nagashima-takuya	長嶋 卓哉	K-1	K-1 / Krush / Krush-EX
andoryu-tomuson	アンドリュー・トムソン		K-1 / Krush / Krush-EX
jan-kurodo-ribieru	ジャン＝クロード・リビエール		K-1 / Krush / Krush-EX
nunranreku-jitomuannon	ヌンラーンレック・ジットムアンノン	RISE	
vitari-ofuramenko	ヴィタリ・オフラメンコ		K-1 / Krush / Krush-EX
kaku-yunsobu	カク・ユンソブ		新日本キックボクシング協会(SNKA)
teppei	哲平	K-1	K-1 / Krush / Krush-EX
noguchi-yohei	野口 陽平	K-1	K-1 / Krush / Krush-EX|NJKF
kenta-mori	森 謙太	RISE	HoostCup|RISE
mafia-petomonkondi	マフィア・ペットモンコンディー	K-1 WORLD GP	K-1 / Krush / Krush-EX
hanawa-takao	塙 隆雄	K-1	K-1 / Krush / Krush-EX
reiya	麗也	RISE	HoostCup|RISE
shirahama-takuya	白濱 卓哉	K-1	K-1 / Krush / Krush-EX
adachi-kohei	安達 浩平	KNOCK OUT	KNOCK OUT|NJKF
yuka-terada	寺田佑佳	RISE	DEEP☆KICK|RISE
tamura-yuki	田村 勇気	K-1	K-1 / Krush / Krush-EX
nito-shinya	二戸 伸也	K-1	K-1 / Krush / Krush-EX
michieru-ramasu	ミッチェル・ラーマス	K-1 WORLD GP	K-1 / Krush / Krush-EX
hideaki	秀亮	K-1	K-1 / Krush / Krush-EX
noman	NOMAN	K-1	K-1 / Krush / Krush-EX
sone-ryoma	祖根 亮麻	KNOCK OUT|Krush|Krush-EX	HoostCup|K-1 / Krush / Krush-EX|KNOCK OUT|NJKF
tomoko-supesharu	トモコSP		K-1 / Krush / Krush-EX
serugei-ibanobichi	セルゲイ・イバノビッチ		K-1 / Krush / Krush-EX
awano-takayuki	粟納 貴之	K-1	K-1 / Krush / Krush-EX|NJKF
ito-yuya	伊藤 友哉	K-1	K-1 / Krush / Krush-EX
nagano-yusuke	永野 裕典	K-1	K-1 / Krush / Krush-EX
fukui-tatsuro	福井 達郎	KNOCK OUT	KNOCK OUT|KROSS×OVER
sakurai-yusei	桜井 悠成	K-1	K-1 / Krush / Krush-EX
guto-inosente-2	グート・イノセンテ	K-1 WORLD GP	K-1 / Krush / Krush-EX
taisei-iwago	岩郷泰成	RISE	DEEP☆KICK|RISE
gaburieru-de-rima	ガブリエル・デ・リマ	K-1 WORLD GP	K-1 / Krush / Krush-EX
jao-jiendon	ジャオ・ジェンドン	K-1	K-1 / Krush / Krush-EX
taichi-yamamoto	山本 太一	KNOCK OUT	KNOCK OUT|NKB
paku-chuniru	パク・チュンイル	K-1 WORLD GP	K-1 / Krush / Krush-EX
arieru-bijaruba	アリエル・ビジャルバ	K-1 WORLD GP	K-1 / Krush / Krush-EX
hosogoe-takaki	細越 貴己	K-1	K-1 / Krush / Krush-EX
nikita-kozurofu	ニキータ・コズロフ	K-1 WORLD GP	K-1 / Krush / Krush-EX
rikiya-3	Riki-ya	K-1	K-1 / Krush / Krush-EX
atokawa-toshiyuki	後川聡之		K-1 / Krush / Krush-EX
miran-peirusu	ミラン・ペイルス	K-1	K-1 / Krush / Krush-EX
otaki-yuta	大滝 裕太	K-1	K-1 / Krush / Krush-EX
rauru-katinasu	ラウル・カティナス		K-1 / Krush / Krush-EX
konsutantin-torishin	コンスタンティン・トリシン	K-1	K-1 / Krush / Krush-EX
akita-hana	秋田 芭菜	KNOCK OUT	HoostCup
kato-kazutora	加藤 一虎	K-1	K-1 / Krush / Krush-EX
meranin-keni	メラニン・ケニー	K-1	K-1 / Krush / Krush-EX
kuruzu-burigusu	クルーズ・ブリッグス	K-1	K-1 / Krush / Krush-EX
randi-kimu	ランディ・キム		K-1 / Krush / Krush-EX
nikoraosu-rivanosu	ニコラオス・リヴァノス	K-1 WORLD GP	K-1 / Krush / Krush-EX
ibuki	歩希	KNOCK OUT	KNOCK OUT|Stand up
yan-jiegun	ヤン・ジェグン	K-1	K-1 / Krush / Krush-EX
don-uenfei	ドン・ウェンフェイ	K-1	K-1 / Krush / Krush-EX
yamada-sumie	山田純琴		NJKF
nakazato-yasuhiro	中里 康広	K-1	K-1 / Krush / Krush-EX|NJKF
tsubasa-2	大空	K-1	DEEP☆KICK|K-1 / Krush / Krush-EX
miyachi-kentaro	宮地 謙太朗	K-1	K-1 / Krush / Krush-EX
shon-kuranshi	ショーン・クランシー	K-1	K-1 / Krush / Krush-EX
teppei-wada	和田哲平	RISE	DEEP☆KICK|RISE
nidaru-buchiri	ニダル・ブチリ	K-1 WORLD GP	K-1 / Krush / Krush-EX
petorosu-kaberinyo	ペトロス・カベリーニョ	K-1	K-1 / Krush / Krush-EX
mitsuhori-smile-miyako	三堀“SMILE”美弥子	K-1	K-1 / Krush / Krush-EX
men-gaofon	メン・ガオフォン	K-1 WORLD GP	K-1 / Krush / Krush-EX
sutaurosu-eguzakosutidisu	スタウロス・エグザコスティディス	K-1	K-1 / Krush / Krush-EX
kamiya-yuki	神谷 勇輝	K-1	K-1 / Krush / Krush-EX|KROSS×OVER
ito-yuichiro	伊藤 佑一郎	K-1	K-1 / Krush / Krush-EX
suzuki-hiro	鈴木 ヒロ	K-1	K-1 / Krush / Krush-EX
domitori-gurafofu	ドミトリー・グラフォフ	K-1	K-1 / Krush / Krush-EX
maria-nera	マリア・ネラ	K-1 WORLD GP	K-1 / Krush / Krush-EX
kitamura-natsuki	北村 夏輝	K-1	K-1 / Krush / Krush-EX
sugioka-yasutaka	杦岡 誉崇	K-1	K-1 / Krush / Krush-EX
miyamoto-musashi	宮本武勇志		新日本キックボクシング協会(SNKA)
hattori-hironori	服部 浩典	K-1	DEEP☆KICK|K-1 / Krush / Krush-EX
ishida-keisuke	石田 圭祐	K-1	K-1 / Krush / Krush-EX
shimizu-takuma	清水 卓馬	K-1	K-1 / Krush / Krush-EX
jiemuzu-waringu	ジェームズ・ワーリング		K-1 / Krush / Krush-EX
furedi-kemaiyo	フレディ・ケマイヨ		K-1 / Krush / Krush-EX
haruya-miyamoto	宮本晴弥	RISE	
taiyo	太陽	RISE	NKB|RISE
babakaru	ババカール	K-1 WORLD GP	K-1 / Krush / Krush-EX
shota-nagano	長野 将大	K-1	K-1 / Krush / Krush-EX
vic-yoshi-210	vic.YOSHI	KNOCK OUT	KNOCK OUT|NJKF
jin-shijun	ジン・シジュン	K-1	K-1 / Krush / Krush-EX
daisuke	DAISUKE		NJKF
ginti-bureda	ギンティ・ブレーダ		K-1 / Krush / Krush-EX
oiwa-shota	大岩 翔大	K-1	K-1 / Krush / Krush-EX
mana	真奈	K-1	K-1 / Krush / Krush-EX|NJKF
iburahimu-eru-bouni	イブラヒム・エル・ボウニ	K-1 WORLD GP	K-1 / Krush / Krush-EX
mateusu-pinokio	マテウス・ピノキオ	K-1	K-1 / Krush / Krush-EX
chan-ri	チャン・リー	K-1	K-1 / Krush / Krush-EX
mato-sukeruton	マット・スケルトン		K-1 / Krush / Krush-EX
uoren-sutiburumanzu	ウォーレン・スティーブルマンズ		K-1 / Krush / Krush-EX
dabido-mehia	ダビド・メヒア	K-1	K-1 / Krush / Krush-EX
samiru-benazozu	サミール・ベナゾーズ		K-1 / Krush / Krush-EX
reito	麗斗	K-1	K-1 / Krush / Krush-EX
ritorutaiga	Little Tiger		K-1 / Krush / Krush-EX
jin-2	JIN	RISE	DEEP☆KICK|RISE
yua	優空	RISE	KROSS×OVER|RISE
k1-1685	ヘラクレス・ワンコンオーム.WKO	K-1 WORLD GP	K-1 / Krush / Krush-EX
aimeriku-rajiji	アイメリック・ラジジ	K-1 WORLD GP	K-1 / Krush / Krush-EX
nikita-kokoshu	ニキータ・ココシュ	K-1 WORLD GP	K-1 / Krush / Krush-EX
i-hyonsoku	イ・ヒョンソク	K-1 WORLD GP	K-1 / Krush / Krush-EX
yamashita-rikiya	山下 力也	K-1	HoostCup|K-1 / Krush / Krush-EX
maikon-souza	マイコン・ソウザ	K-1	K-1 / Krush / Krush-EX
gusutabo-borino	グスタボ・ボリーノ	K-1 WORLD GP	K-1 / Krush / Krush-EX
yan-donshun	楊東雄		K-1 / Krush / Krush-EX
gureisu-supaisa	グレイス・スパイサー	K-1	K-1 / Krush / Krush-EX
asuran-koshiefu	アスラン・コシエフ	K-1 WORLD GP	K-1 / Krush / Krush-EX
tatsuto	龍翔	KNOCK OUT	HoostCup|RISE
ryuya	竜矢	KNOCK OUT	
fukuchi-yuto	福地 勇人	K-1 WORLD GP	K-1 / Krush / Krush-EX
satou-takaya	佐藤孝也		HoostCup
sakaki-katsuki	榊 克樹	K-1	K-1 / Krush / Krush-EX
miyakawa-hirotaka	宮川 博孝	K-1	K-1 / Krush / Krush-EX
k1-198	Bro.RYO	K-1	K-1 / Krush / Krush-EX
ryo-3	遼	K-1	K-1 / Krush / Krush-EX
hoshino-kodai	星野 航大	KNOCK OUT	KNOCK OUT|KROSS×OVER
guregori-toni	グレゴリー・トニー		K-1 / Krush / Krush-EX
tinton-seikenkai	ティントーン・SEIKENKAI	K-1 WORLD GP	K-1 / Krush / Krush-EX
mizuki	瑞貴	K-1	K-1 / Krush / Krush-EX
jiemuzu-firipusu	ジェームズ・フィリップス		K-1 / Krush / Krush-EX
antonio-kanpanya	アントニオ・カンパーニャ	K-1	K-1 / Krush / Krush-EX
tachikawa-takashi	立川隆史		K-1 / Krush / Krush-EX
ueba-yuki	上羽 優希	K-1	K-1 / Krush / Krush-EX
sani-darubeku	サニー・ダルベック	K-1	K-1 / Krush / Krush-EX
denisu-junia	デニス・ジュニア	K-1 WORLD GP	K-1 / Krush / Krush-EX
aketo-hitoshi	明戸 仁志	K-1	K-1 / Krush / Krush-EX
fujita-yoshifumi	藤田 義文	K-1	K-1 / Krush / Krush-EX
ha-unpyo	ハ・ウンピョ	K-1	K-1 / Krush / Krush-EX
evujieni-orurofu	エヴジェニー・オルロフ		K-1 / Krush / Krush-EX
sekine-susumu	関根 進	K-1	K-1 / Krush / Krush-EX
petoro-nakonechinii	ペトロ・ナコネッチニィ		K-1 / Krush / Krush-EX
meison-sutorodoman	メイソン・ストロッドマン	K-1 WORLD GP	K-1 / Krush / Krush-EX
mateusu-machado	マテウス・マチャド	K-1 WORLD GP	K-1 / Krush / Krush-EX
paberu-gurishanovichi	パベル・グリシャノヴィッチ	K-1 WORLD GP	K-1 / Krush / Krush-EX
kato-kona	加藤 虎於奈	K-1	K-1 / Krush / Krush-EX
varentin-borudianu	ヴァレンティン・ボルディアヌ	K-1	K-1 / Krush / Krush-EX
maririn-kontin	マリリン・コンティン	K-1 WORLD GP	K-1 / Krush / Krush-EX
mashu-daruman	マシュー・ダールマン	K-1	K-1 / Krush / Krush-EX
yan-honchoru	ヤン・ホンチョル	K-1 WORLD GP	K-1 / Krush / Krush-EX
bada-hari	バダ・ハリ		K-1 / Krush / Krush-EX
batabin	バタービーン		K-1 / Krush / Krush-EX
anderuson-buradoku-2	アンデルソン・ブラドック	K-1 WORLD GP	K-1 / Krush / Krush-EX
kawanaka-kiyoshi	川中 清史	K-1	K-1 / Krush / Krush-EX
shimura-riki	志村 力輝	K-1	K-1 / Krush / Krush-EX
kiriruan-cho-hapayaku	キリルアン・チョー.ハーパヤック	K-1	K-1 / Krush / Krush-EX
juan-shuson	ジュアン・シューソン	K-1	K-1 / Krush / Krush-EX
sutefan-ratesuku	ステファン・ラテスク	K-1 WORLD GP	K-1 / Krush / Krush-EX
yoshimi	443	K-1	K-1 / Krush / Krush-EX
hiramagomedo-ariefu	ヒラマゴメド・アリエフ	K-1 WORLD GP	K-1 / Krush / Krush-EX
shoei	翔栄	K-1	K-1 / Krush / Krush-EX
indigo-boido	インディゴ・ボイド	K-1	K-1 / Krush / Krush-EX
rukasu-ahaterubagu	ルーカス・アハテルバーグ	K-1 WORLD GP	K-1 / Krush / Krush-EX
ionuto-ifutimoaie	イオヌット・イフティモアイエ		K-1 / Krush / Krush-EX
inoue-yamato	井上 大和	Krush|Krush-EX	DEEP☆KICK|K-1 / Krush / Krush-EX|NJKF
toshizou	としぞう		RIZIN
suriyanreku-oboto-gamupi	スリヤンレック・オーボートー.ガムピー	K-1	K-1 / Krush / Krush-EX
ryuki-2	龍希	KNOCK OUT	KNOCK OUT|KROSS×OVER
yamada-hideto	山田 英登	K-1	HoostCup|K-1 / Krush / Krush-EX
romano-bakubodo	ロマーノ・バクボード	K-1	K-1 / Krush / Krush-EX
jonasan-toufu	ジョナサン・トゥフ	K-1	K-1 / Krush / Krush-EX
heyden-heung-tzehei	向籽羲（ヒュン・ツェイ・ヘイデン）	SHOOT BOXING	
henmi-9	HENMI 9	RISE	RISE|Stand up
asari-ittetsu	浅利 一徹	K-1	K-1 / Krush / Krush-EX
yuika-iwanaga	岩永唯伽	RISE	HoostCup|RISE
asa-meiya	アーサー・メイヤー	K-1	K-1 / Krush / Krush-EX
ochiai-jun	落合 淳	K-1	K-1 / Krush / Krush-EX
chan-dokujun	チャン・ドクジュン	K-1	K-1 / Krush / Krush-EX
besera-rogasuka	ベセラ・ロガスカ	K-1	K-1 / Krush / Krush-EX
risu-burudeneru	リース・ブルーデネル	K-1 WORLD GP	K-1 / Krush / Krush-EX
nakasuka-yoshinori	中須賀 芳徳	K-1	K-1 / Krush / Krush-EX|NJKF
chibana-david	知花デビット	RISE	NJKF|RISE
sutanisurabu-renita	スタニスラブ・レニタ	K-1	K-1 / Krush / Krush-EX
puraichunpon-so-shisomupon	プライチュンポン・ソー.シーソムポン	K-1	K-1 / Krush / Krush-EX
kumiko-kaneko	金子久美子	RISE	KROSS×OVER|RISE
motoyama-yuki	元山 祐希	KNOCK OUT	KNOCK OUT|NJKF
sharuru-furansowa	シャルル・フランソワ	K-1	K-1 / Krush / Krush-EX
nagai-takumi	永井 卓海	K-1	DEEP☆KICK|K-1 / Krush / Krush-EX
sutefan-reko	ステファン・レコ		K-1 / Krush / Krush-EX
pakomu-ashi	パコム・アッシ	K-1	K-1 / Krush / Krush-EX
mohamedo-azui	モハメド・アズーイ		K-1 / Krush / Krush-EX
vinishiusu-dionitsuio	ヴィニシウス・ディオニツィオ	K-1	HoostCup|K-1 / Krush / Krush-EX
yosefin-notoson	ヨセフィン・ノットソン	K-1	K-1 / Krush / Krush-EX
manueru-menendesu	マヌエル・メネンデス	K-1 WORLD GP	K-1 / Krush / Krush-EX
kazuki-irita	入田和樹	RISE	HoostCup|RISE
saido-amada	サイド・アマダ	K-1	
fuka	楓花	K-1	K-1 / Krush / Krush-EX
yukari	宝☆友佳里	K-1	K-1 / Krush / Krush-EX
suzuki-masahiro	鈴木 雅博	K-1	K-1 / Krush / Krush-EX
wan-junyu	ワン・ジュンユー	K-1	K-1 / Krush / Krush-EX
kojima-daiki	小島 大輝	K-1	K-1 / Krush / Krush-EX
pansaku-uowannataui	パンサック・ウォーワンナッタウイ	KNOCK OUT	
bubaka-eru-bakuri	ブバッカ・エル・バクーリ	K-1	K-1 / Krush / Krush-EX
takahashi	高橋 功	K-1	K-1 / Krush / Krush-EX
yuki-yoza	与座優貴	RISE	K-1 / Krush / Krush-EX|RISE
sugiyama-akitaka	杉山 明隆	K-1	K-1 / Krush / Krush-EX
koyuki	小雪	K-1	K-1 / Krush / Krush-EX
suzuki-yuzo	鈴木 雄三	K-1	K-1 / Krush / Krush-EX
patoriku-bari	パトリック・バリー		K-1 / Krush / Krush-EX
tane-yoshiki	タネ♡ヨシキ	KNOCK OUT|RISE	DEEP☆KICK|KNOCK OUT|RISE
taichi-nomura	野村太一	RISE	Bigbang|RISE
samuere-pugurieze	サムエレ・プグリエーゼ	K-1	K-1 / Krush / Krush-EX
sato-kohei	佐藤 江平	K-1	K-1 / Krush / Krush-EX
sato-takuya	佐藤 拓也	KNOCK OUT	KNOCK OUT|NKB
ono-sei	大野 聖	K-1	K-1 / Krush / Krush-EX|NJKF
tomasu-adamandopourosu	トーマス・アダマンドポウロス	K-1	K-1 / Krush / Krush-EX
andore-gurosu	アンドレ・グロース	K-1	K-1 / Krush / Krush-EX
asakawa-hirotatu	浅川 大立	KNOCK OUT	KNOCK OUT|NJKF
mohamedo-butaza	モハメド・ブタザ	K-1 WORLD GP	K-1 / Krush / Krush-EX
m16	ナグラチューン・マーサM16		SHOOT BOXING
hiroshi-noguchi	野口紘志	RISE	RISE|Stand up
rozario-puresuti	ロザリオ・プレスティ		K-1 / Krush / Krush-EX
shoki-kimura	木村翔稀	RISE	DEEP☆KICK|RISE
morita-naoki	森田 奈男樹	K-1	K-1 / Krush / Krush-EX
maku-bado-jiemusu	マーク・バード・ジェームス	K-1	K-1 / Krush / Krush-EX
masaya-shoji	小路督也	RISE	DEEP☆KICK|RISE
naoto	NAOTO	K-1	K-1 / Krush / Krush-EX
joji	ジョージ	K-1	Bigbang|K-1 / Krush / Krush-EX
koyama-yasuaki	小山泰明		Bigbang
meroni-heuhesu	メロニー・ヘウヘス	K-1	K-1 / Krush / Krush-EX
okada-atsuko	岡田敦子		RISE
kuroudo	蔵人	K-1	HoostCup|K-1 / Krush / Krush-EX
ishii-hiroki	石井宏樹		新日本キックボクシング協会(SNKA)
inoue-yoshihisa	井上由久		K-1 / Krush / Krush-EX
noda-mitsugu	野田貢		K-1 / Krush / Krush-EX
daiku-kazuki	大久 和輝	K-1	K-1 / Krush / Krush-EX
maiku-aramosu	マイク・アラモス	K-1	K-1 / Krush / Krush-EX
miyakawa-taiyo	宮川 太陽	K-1	K-1 / Krush / Krush-EX
murata-yasuyuki	村田 康行	K-1	K-1 / Krush / Krush-EX|NJKF
tsukasa	鬥嘩裟	K-1	K-1 / Krush / Krush-EX
jashinta-osutin	ジャシンタ・オースティン	K-1 WORLD GP	K-1 / Krush / Krush-EX
nanaka-honda	本田ななか	RISE	KROSS×OVER|RISE
mon-guodon	モン・グォドン	K-1	K-1 / Krush / Krush-EX
han-gyonmin	ハン・ギョンミン	K-1	K-1 / Krush / Krush-EX
miyabi-shunsuke	雅駿介		KNOCK OUT
scorpion-kenta	スコーピオン謙太	K-1	DEEP☆KICK
haru-201	HARU	KNOCK OUT	KNOCK OUT|KROSS×OVER
kona-roku	コナー・ロック	K-1 WORLD GP	K-1 / Krush / Krush-EX
momone-sakajiri	坂尻桃音	RISE	KROSS×OVER|RISE
kazumu	和夢	K-1	K-1 / Krush / Krush-EX
ono-yujiro	大野 祐志郎	K-1	DEEP☆KICK|K-1 / Krush / Krush-EX
barinto-radova-2	バリント・ラドヴァー	K-1 WORLD GP	K-1 / Krush / Krush-EX
man48	MAN☆48	K-1	K-1 / Krush / Krush-EX|NJKF
kawasaki-kaiki	河崎 鎧輝	KNOCK OUT	KNOCK OUT|NJKF
danieru-uiriamusu	ダニエル・ウィリアムス	K-1	K-1 / Krush / Krush-EX|ONE Championship
ryoya-inai	稲井良弥	RISE	DEEP☆KICK|RISE
nikorasu-rasen	ニコラス・ラーセン	K-1	
masahiro	将大	K-1	DEEP☆KICK|K-1 / Krush / Krush-EX
antonio-purachibato	アントニオ・プラチバット	K-1	K-1 / Krush / Krush-EX
meguro-yokthaigym	目黒ヨックタイジム	K-1	K-1 / Krush / Krush-EX
sakamoto-naoko	坂本奈緒子		RISE
kimu-junfa	キム・ジュンファ	K-1	K-1 / Krush / Krush-EX
ishii-satoshi	石井 慧	K-1	K-1 / Krush / Krush-EX
kurokawa-takuya	黒川 拓哉	K-1	K-1 / Krush / Krush-EX
matsuba-toya	松葉 斗哉	K-1	K-1 / Krush / Krush-EX
ruka-chieketi	ルカ・チェケッティ	K-1 WORLD GP	K-1 / Krush / Krush-EX
jan-chunyu	ジャン・チュンユー	K-1	K-1 / Krush / Krush-EX
kokoz	KOKOZ	RISE	KROSS×OVER|RISE
pedamu-petindiakademi	ペッダム・ペッティンディーアカデミー	K-1 WORLD GP	K-1 / Krush / Krush-EX
ben-edowazu	ベン・エドワーズ		K-1 / Krush / Krush-EX
antonio-gomesu	アントニオ・ゴメス	K-1	K-1 / Krush / Krush-EX
metorajieta-torino	メトラジェタ・トリノ	K-1	K-1 / Krush / Krush-EX
i-sorubin	イ・ソルビン	K-1	K-1 / Krush / Krush-EX
fumito-nakata	中田史斗	RISE	DEEP☆KICK|RISE
maeda-yohei	前田 洋平	K-1	K-1 / Krush / Krush-EX
koushi-nonakushin	コウシ・ノーナクシン	KNOCK OUT	KNOCK OUT|KROSS×OVER
noto-takashi	能登 崇	K-1	K-1 / Krush / Krush-EX
deru-uesutaman	デール・ウェスターマン		K-1 / Krush / Krush-EX
matsushita-yuta	松下 裕太	K-1	K-1 / Krush / Krush-EX
takuya	T-98	RISE	NJKF|RISE
hesudi-karakesu	ヘスディ・カラケス		K-1 / Krush / Krush-EX
arai-takaya	新井 昂弥	KNOCK OUT	KNOCK OUT|Stand up
yuto-uemura	上村雄音	RISE	DEEP☆KICK|RISE
denisu-demirukapu	デニス・デミルカプ	K-1	K-1 / Krush / Krush-EX
jyosei	Jyosei	RISE	NJKF|RISE
jonasan-aiuru	ジョナサン・アイウル	K-1 WORLD GP	K-1 / Krush / Krush-EX
ferunando-mineiro	フェルナンド・ミネイロ	K-1 WORLD GP	K-1 / Krush / Krush-EX
akireasu-karapiperisu	アキレアス・カラピペリス	K-1 WORLD GP	K-1 / Krush / Krush-EX
hayato-4	覇家斗	K-1	K-1 / Krush / Krush-EX
go-oh	剛王	K-1	HoostCup|K-1 / Krush / Krush-EX
badaui-ari-2	バダウィ・アリ	K-1 WORLD GP	K-1 / Krush / Krush-EX
tosuka-petoridisu	トスカ・ペトリディス		K-1 / Krush / Krush-EX
ron-panha	ローン・パンハ	K-1 WORLD GP	K-1 / Krush / Krush-EX
russel-kento	ラッセル拳斗	K-1	K-1 / Krush / Krush-EX
momo-355	MOMO	KNOCK OUT	KNOCK OUT|KROSS×OVER
matsui-yukari	松井 ゆかり	K-1	K-1 / Krush / Krush-EX
masamitsu-kutsuwa	久津輪将充	RISE	HoostCup|RISE
sashikubi-yuta	指首 祐太	K-1	K-1 / Krush / Krush-EX
king-yaoki	KING弥百希	KNOCK OUT	DEEP☆KICK|KNOCK OUT
jangurukoki	ジャングルコーキ	K-1	HoostCup|K-1 / Krush / Krush-EX
shibisai-shoma	シビサイ 頌真	K-1	K-1 / Krush / Krush-EX
maeda-osamu	前田 修	K-1	DEEP☆KICK|K-1 / Krush / Krush-EX
dariusu-sukuriaudisu	ダリウス・スクリアウディス		K-1 / Krush / Krush-EX
kimura-kazunari	記村 一成	K-1	K-1 / Krush / Krush-EX
montanya-shiuba	モンターニャ・シウバ		K-1 / Krush / Krush-EX
ishige-shinya	石毛慎也		NJKF
oikawa-tomohiro	及川知浩		SHOOT BOXING
gorudan-yukichi	ゴルダン・ユキッチ		K-1 / Krush / Krush-EX
porina-petouhova	ポリナ・ペトゥホーヴァ	K-1	K-1 / Krush / Krush-EX
serugei-matokin	セルゲイ・マトキン		K-1 / Krush / Krush-EX
masa	将 -masa-	K-1	K-1 / Krush / Krush-EX
paburosu-mihashi	パブロス・ミハシ	K-1 WORLD GP	K-1 / Krush / Krush-EX
suzuki-yuta	鈴輝 勇太	K-1	K-1 / Krush / Krush-EX
takaya	貴哉	K-1	K-1 / Krush / Krush-EX|KROSS×OVER
gamuraipeto-panishipuhoku	ガムライペット・パーンイーシップホック	K-1	
ruisu-reisu	ルイス・レイス		SHOOT BOXING
iriasu-buraido	イリアス・ブライド	K-1	K-1 / Krush / Krush-EX
来家恵美子	来家恵美子		RISE
tiaka-fei	ティアッカ・フェイ	K-1 WORLD GP	K-1 / Krush / Krush-EX
uno-airi	宇野 あいり	SHOOT BOXING	KROSS×OVER|SHOOT BOXING
takeno-ren	竹野 蓮	K-1	DEEP☆KICK|K-1 / Krush / Krush-EX
tien-shin	ティエン・シン	K-1	K-1 / Krush / Krush-EX
marine-nicol	マリン・二コル	K-1 WORLD GP	K-1 / Krush / Krush-EX
jeong-hye-jin	ジョン・へジン	K-1	K-1 / Krush / Krush-EX
uzatsuyo-yoshiya	ウザ強ヨシヤ	RISE	RISE|RIZIN
mio-rareina	MIO LaReyna	Krush|Krush-EX	K-1 / Krush / Krush-EX|KROSS×OVER|NJKF
teio	帝王	RISE	NKB
arekusanda-puriripu	アレクサンダー・プリリップ	K-1	K-1 / Krush / Krush-EX
sadamatsu-hirotaka	貞松 宏隆	K-1	K-1 / Krush / Krush-EX
todo-heizu	トッド・ヘイズ		K-1 / Krush / Krush-EX
isobe-yoshikazu	磯部 由和	K-1	K-1 / Krush / Krush-EX
ramazan-ramazanofu	ラマザン・ラマザノフ		K-1 / Krush / Krush-EX
kan-nakamura	中村 寛	RISE	HoostCup|RISE
mateusu-nogeira	マテウス・ノゲイラ	K-1	K-1 / Krush / Krush-EX
gunji-hikaru	郡司 光	K-1	
rui-boteryo	ルイ・ボテーリョ	K-1	K-1 / Krush / Krush-EX
jieimi-uiran	ジェイミー・ウィーラン	K-1	K-1 / Krush / Krush-EX
arekusu-gongu	アレックス・ゴング		K-1 / Krush / Krush-EX
miyamoto-masaaki	宮本正明		K-1 / Krush / Krush-EX
kami-shiro	カミ シロ	KNOCK OUT	KNOCK OUT|NKB
dimitora-agasageridou	ディミトラ・アガサゲリドゥ	K-1 WORLD GP	K-1 / Krush / Krush-EX
kiru-bi	キル・ビー	K-1	K-1 / Krush / Krush-EX
ben-samurai-y-ed	BEN”侍”Y’ZD	KNOCK OUT	
ryuzo-aida	相田竜三	RISE	
chan	チャン	RISE	KROSS×OVER|RISE
ryou	RYO	K-1	HoostCup|K-1 / Krush / Krush-EX
roberuto-koko	ロベルト・コッコ		K-1 / Krush / Krush-EX
matsushige	松重 孝幸	K-1	K-1 / Krush / Krush-EX
orito-atom	折戸 アトム	KNOCK OUT	KNOCK OUT|NKB
toun-menhon	トゥン・メンホン	K-1	K-1 / Krush / Krush-EX
igoru-yurukobichi	イゴール・ユルコビッチ		K-1 / Krush / Krush-EX
sato-yokthaigym	佐藤ヨックタイジム	K-1	K-1 / Krush / Krush-EX
kaito-tsuzuki	都筑海杜	RISE	DEEP☆KICK|RISE
謙・センチャイジム	謙・センチャイジム		NJKF
yun-chi	ユン・チー	K-1	K-1 / Krush / Krush-EX
ryusei-3	隆聖	K-1	K-1 / Krush / Krush-EX
kobayashi-tsukasa	小林 司	KNOCK OUT	KNOCK OUT|NJKF
king-takeshi	KING剛	KNOCK OUT|Krush|Krush-EX|RISE	DEEP☆KICK|HoostCup|K-1 / Krush / Krush-EX|KNOCK OUT|RISE
fujioka-yuhei	藤岡 裕平	K-1	K-1 / Krush / Krush-EX
yusei-horimoto	堀本祐惺	RISE	RISE|Stand up
remi-para	レミー・パラ	K-1 WORLD GP	K-1 / Krush / Krush-EX
ohata-takashi	大畑 貴志	K-1	K-1 / Krush / Krush-EX
daniru-erumorinka	ダニール・エルモリンカ	K-1 WORLD GP	K-1 / Krush / Krush-EX
rasta	良星	RISE	Bigbang|RISE
kiire-tomo	喜入 衆	K-1	K-1 / Krush / Krush-EX|NJKF
shoki-hoshikubo	星久保将城	RISE	RISE|RIZIN
hirayama-jin	平山 迅	K-1	DEEP☆KICK|K-1 / Krush / Krush-EX
joan-kanaberaru	ジョアン・カナベラル	K-1	K-1 / Krush / Krush-EX
teodoru-sariefu	テオドール・サリエフ		K-1 / Krush / Krush-EX
fuga-tokoro	所 風雅	RISE	ONE Championship|RISE
saikyo-haruma	西京 春馬	K-1	K-1 / Krush / Krush-EX
saito-fumina	斎藤 史奈	K-1	K-1 / Krush / Krush-EX
rina	RINA	RISE	NJKF|RISE
ri-hoi	リー・ホイ	K-1 WORLD GP	K-1 / Krush / Krush-EX
hatori-jin	羽鳥 仁	K-1	K-1 / Krush / Krush-EX|KROSS×OVER
yuki-masato	結城 将人	K-1	K-1 / Krush / Krush-EX
yanisu-eru-ajaui	ヤニス・エル・アジャウィー	K-1	K-1 / Krush / Krush-EX
igoru-bekurefu	イゴール・ベクレフ	K-1 WORLD GP	K-1 / Krush / Krush-EX
takekiyo-tominaga	冨永武聖	RISE	DEEP☆KICK|RISE
peshinin-so-puanton	ペッシーニン・ソー.プアントーン	K-1	
funda-arukaiesu	フンダ・アルカイエス	K-1 WORLD GP	K-1 / Krush / Krush-EX
ishii-shinichiro	石井 振一朗	K-1	K-1 / Krush / Krush-EX
ryu-matsunaga	松永 隆	RISE	RISE|Stand up
chi-injin	チ・インジン		K-1 / Krush / Krush-EX
bubaisa-pasuhaefu	ブバイサ・パスハエフ	K-1	K-1 / Krush / Krush-EX
hamada-syusei	濱田 修成	K-1	K-1 / Krush / Krush-EX
furansowa-za-howaitobafaro-bota	"フランソワ・""ザ・ホワイトバッファロー""・ボタ"		K-1 / Krush / Krush-EX
yamane-takeo	山根 武夫	K-1	K-1 / Krush / Krush-EX|KROSS×OVER
mikity	美斬帝	RISE	NJKF|RISE
junioru-ruisu	ジュニオール・ルイス	K-1 WORLD GP	
seku-bangura	セク・バングラ	K-1 WORLD GP	K-1 / Krush / Krush-EX
tsuda-kazuya	津田 宗弥	KNOCK OUT	KNOCK OUT|NKB
wajima-hiromi	和島 大海	K-1	K-1 / Krush / Krush-EX
mizutani-hideki	水谷 秀樹	K-1	K-1 / Krush / Krush-EX
umemura-naoki	梅村 直希	K-1	K-1 / Krush / Krush-EX
kazuma-2	一真	K-1	K-1 / Krush / Krush-EX|NJKF
karuro-donyashufiri	カルロ・ドンヤシュフィリ	K-1	
joshu-tona	ジョシュ・トナー	K-1	K-1 / Krush / Krush-EX
burisu-derubaru	ブリース・デルバール	K-1	K-1 / Krush / Krush-EX
yoshioka-begin	吉岡 ビギン	K-1	HoostCup|K-1 / Krush / Krush-EX
norashin-supechiarejimu	ノラシン・スペチアーレジム	RISE	HoostCup
hada-masahiro	羽田真宏		NJKF
aron-arubaresu	アーロン・アルバレス	K-1 WORLD GP	K-1 / Krush / Krush-EX
kanto-keita	菅藤 慶汰	K-1	K-1 / Krush / Krush-EX
manorisu-karisutisu	マノリス・カリスティス	K-1	K-1 / Krush / Krush-EX
utsunomiya-joe	宇都宮 城	K-1	K-1 / Krush / Krush-EX|NJKF
shou-ron	ショウ・ロン	K-1	K-1 / Krush / Krush-EX
hidehito-shimizu	清水秀仁	RISE	
yun-toshima	登島優音	RISE	KROSS×OVER|RISE
ryouta	リョウタ	K-1	K-1 / Krush / Krush-EX
yuto-4	悠斗	KNOCK OUT	KNOCK OUT|NJKF
manda-chiharu	萬田 千晴	K-1	K-1 / Krush / Krush-EX
arekusanda-usutinofu	アレクサンダー・ウスティノフ		K-1 / Krush / Krush-EX
natsume-ryuga	夏目竜雅	KNOCK OUT|RISE	KNOCK OUT|KROSS×OVER|RISE
panterisu-sanpurovarakisu	パンテリス・サンプロヴァラキス	K-1 WORLD GP	K-1 / Krush / Krush-EX
matin-horumu	マーティン・ホルム		K-1 / Krush / Krush-EX
toyama-yuki	外山 侑樹	K-1	HoostCup|K-1 / Krush / Krush-EX
adonan-rezuvichi	アドナン・レズヴィッチ	K-1	
yamakawa-masashi	山川 昌志	K-1	K-1 / Krush / Krush-EX
sarimukan-iburagimofu	サリムカーン・イブラギモフ	K-1 WORLD GP	K-1 / Krush / Krush-EX
zombinater-imayoshi	ゾンビネーター今吉	KNOCK OUT	
bashi-kani-ebi	バシ・カニ・エビ	RISE	KROSS×OVER|RISE
maeda-yuto	前田 勇人	K-1	K-1 / Krush / Krush-EX
tomohiro-kitai	北井智大	RISE	K-1 / Krush / Krush-EX|RISE
jao-fukai	ジャオ・フーカイ	K-1	K-1 / Krush / Krush-EX
sagae-mateusu	サガエ・マテウス	K-1 WORLD GP	HoostCup|K-1 / Krush / Krush-EX
nakamura-keisuke	中村 圭佑	K-1	K-1 / Krush / Krush-EX
takada-shoji	高田 彰二	K-1	K-1 / Krush / Krush-EX
serugei-guru	セルゲイ・グール		K-1 / Krush / Krush-EX
washiri-shishi	ワシリー・シシ		K-1 / Krush / Krush-EX
kawabata-yuto	川畑 勇人	K-1	K-1 / Krush / Krush-EX
satou-takumi	佐藤匠		K-1 / Krush / Krush-EX
kimura-hidekazu	木村 秀和	K-1	K-1 / Krush / Krush-EX
takahashi-seiji	高橋 誠治	K-1	K-1 / Krush / Krush-EX|NJKF
nobuhito-kohagura	古波蔵信人	RISE	RISE|Stand up
everuton-teishieira	エヴェルトン・テイシェイラ		K-1 / Krush / Krush-EX
soda-yasuomi	左右田 泰臣	K-1	K-1 / Krush / Krush-EX
mineyama-tatsuya	峯山 竜哉	KNOCK OUT	K-1 / Krush / Krush-EX|KNOCK OUT
arekusu-ribasu	アレックス・リーバス	K-1	K-1 / Krush / Krush-EX
dani-antoneri	ダニ・アントネッリ	K-1	K-1 / Krush / Krush-EX
aruberuto-enake	アルベルト・エナケ	K-1 WORLD GP	K-1 / Krush / Krush-EX
igarashi-mitsuru	五十嵐 充	K-1	K-1 / Krush / Krush-EX
taneichi-ayato	種市 彩人	K-1	K-1 / Krush / Krush-EX
sugawara-miyuu	菅原 美優	K-1	K-1 / Krush / Krush-EX
musutafa-haida	ムスタファ・ハイダ	K-1 WORLD GP	K-1 / Krush / Krush-EX
kawaguchi-yuusuke	川口雄介		新日本キックボクシング協会(SNKA)
seiya-4	誠哉	K-1	K-1 / Krush / Krush-EX
kurisutosu-miharutsuosu	クリストス・ミハルツォス	K-1 WORLD GP	K-1 / Krush / Krush-EX
hayasaka-taro	早坂 太郎	K-1	HoostCup|K-1 / Krush / Krush-EX
rorentsuo-di-vara	ロレンツォ・ディ・ヴァラ	K-1 WORLD GP	K-1 / Krush / Krush-EX
ryuto-shiokawa	塩川琉斗	RISE	RISE|Stand up
ikeda-kota	池田 航太	KNOCK OUT	KNOCK OUT|NJKF
sakurai-hikaru	櫻井 光	K-1	K-1 / Krush / Krush-EX
ken	KEN	K-1	K-1 / Krush / Krush-EX|NJKF
toshi	闘士	K-1	K-1 / Krush / Krush-EX
hatao	畑尾 龍宏	K-1	K-1 / Krush / Krush-EX
teyon	テヨン	K-1	K-1 / Krush / Krush-EX|NJKF
tokiya-ibata	井端刻也	RISE	DEEP☆KICK|RISE
paku-hyonson	パク・ヒョンソン	K-1	K-1 / Krush / Krush-EX
matsunaga-child-yoshihiro	松永ちゃいるど義弘	K-1	K-1 / Krush / Krush-EX
kasami-reiji	笠見 玲慈	K-1	K-1 / Krush / Krush-EX
matsumoto-naruto	松本 愛斗	Krush|Krush-EX	DEEP☆KICK|K-1 / Krush / Krush-EX|NJKF
ochiai-masashi	落合 正司	K-1	K-1 / Krush / Krush-EX|KROSS×OVER
konishi-ryota	小西 陵太	K-1	K-1 / Krush / Krush-EX|KROSS×OVER
afumado-chikumusa	アフマド・チクムーサ	KNOCK OUT	
u-yuton	ウー・ユートン	K-1 WORLD GP	K-1 / Krush / Krush-EX
shirubyu-vitezu	シルビュー・ヴィテズ	K-1	K-1 / Krush / Krush-EX
pirika	PIRIKA		NJKF
kerimu-jiemai	ケリム・ジェマイ	K-1 WORLD GP	K-1 / Krush / Krush-EX
ryuu-uei	リュウ・ウェイ	K-1	K-1 / Krush / Krush-EX
sedoriku-peino	セドリック・ペイノー	K-1	K-1 / Krush / Krush-EX
reiji	礼司	RISE	DEEP☆KICK|RISE
son-dachien	ソン・ダーチェン	K-1	K-1 / Krush / Krush-EX
hayashi-miku	林 美久	K-1	K-1 / Krush / Krush-EX
kenta-3	絢太	K-1	DEEP☆KICK|K-1 / Krush / Krush-EX
fadi-meruza	ファディ・メルザ		K-1 / Krush / Krush-EX
ando-yusuke	安藤 優介	K-1	K-1 / Krush / Krush-EX
taiki-sawatani	澤谷大樹	RISE	HoostCup|RISE
jon-hyonu	ジョン・ヒョヌ	RISE	HoostCup|RISE
kamaru-eru-amurani	カマル・エル・アムラーニ		K-1 / Krush / Krush-EX
danira-kuwachi	ダニラ・クワチ	K-1 WORLD GP	K-1 / Krush / Krush-EX
yutaro-hori	堀 佑太郎	RISE	KROSS×OVER|RISE
