event_id,event_date,event_title,event_subtitle,event_place,event_org_flags,bout_id,card_no,strap_title,weight_label,round_format,fighter1_shooto_id,fighter1_name,fighter1_gym,fighter1_weight_test,fighter1_mnews_slug,fighter2_shooto_id,fighter2_name,fighter2_gym,fighter2_weight_test,fighter2_mnews_slug,resolved_outcome,resolution_reason,result_round,result_time,result_type_class,result_type_text,result_method,note_text
254,2026-07-20,PROFESSIONAL SHOOTO 2026 Vol.5,,後楽園ホール,PRO_SHOOTO_MAINLINE,4660,10,,女子スーパーアトム級,5分5R,1536,渡辺彩華,AACC/IDEA ASAKUSA,計量結果 :49.8 Kg,,1656,高本千代,高本道場,計量結果 :49.9 Kg,,F1_WIN_F2_LOSS,opacity (single fighter dimmed),3,02:41,submision,TS,リアネイキッドチョーク,［レフェリー］福田 正人 ［ジャッジ］ 片岡 誠人1R 9-10／2R 10-9 渡辺 明伸1R 9-10／2R 10-9 植松 直哉1R 9-10／2R 10-9
254,2026-07-20,PROFESSIONAL SHOOTO 2026 Vol.5,,後楽園ホール,PRO_SHOOTO_MAINLINE,4661,9,,ミドル級,5分5R,1350,岩﨑大河,大道塾/パラエストラ東京/NAUGHTY HOUSE,計量結果 :83.9 Kg,,1912,荒井勇ニ,暁道場,計量結果 :83.8 Kg,,F1_WIN_F2_LOSS,opacity (single fighter dimmed),2,00:28,ko,KO,,［レフェリー］植松 直哉 ［ジャッジ］ 片岡 誠人1R 10-9 福田 正人1R 10-9 渡辺 明伸1R 10-9
254,2026-07-20,PROFESSIONAL SHOOTO 2026 Vol.5,,後楽園ホール,PRO_SHOOTO_MAINLINE,4674,8,,フライ級,5分3R,959,関口祐冬,修斗GYM東京,計量結果 :56.7 Kg,,1179,中池武寛,パラエストラ小岩,計量結果 :56.4 Kg,,F1_WIN_F2_LOSS,score 2-1 (overrides opacity if needed),,,ud,判定 2-1,,［レフェリー］植松 直哉 ［ジャッジ］ 片岡 誠人28-29 （1R 9-10／2R 10-9／3R 9-10） 福田 正人29-28 （1R 9-10／2R 10-9／3R 10-9） 渡辺 明伸29-28 （1R 9-10／2R 10-9／3R 10-9）
254,2026-07-20,PROFESSIONAL SHOOTO 2026 Vol.5,,後楽園ホール,PRO_SHOOTO_MAINLINE,4675,7,,バンタム級,5分3R,1299,チョウスソン,NAUGHTY HOUSE,計量結果 :61.2 Kg,,1033,ジェイクムラタ,ZEEKジム,計量結果 :61.0 Kg,,F1_LOSS_F2_WIN,score 0-3 (overrides opacity if needed),,,ud,判定 0-3,,［レフェリー］福田 正人 ［ジャッジ］ 片岡 誠人27-30 （1R 9-10／2R 9-10／3R 9-10） 渡辺 明伸28-29 （1R 9-10／2R 9-10／3R 10-9） 植松 直哉27-30 （1R 9-10／2R 9-10／3R 9-10）
254,2026-07-20,PROFESSIONAL SHOOTO 2026 Vol.5,,後楽園ホール,PRO_SHOOTO_MAINLINE,4676,6,,女子アトム級,5分3R,1274,中村未来,マルスジム,計量結果 :47.5 Kg,,1729,嶋屋澪,SISU,計量結果 :47.1 Kg,,F1_WIN_F2_LOSS,opacity (single fighter dimmed),2,04:00,submision,TS,アームロック,［レフェリー］渡辺 明伸 ［ジャッジ］ 片岡 誠人1R 10-9 福田 正人1R 10-9 植松 直哉1R 10-9
254,2026-07-20,PROFESSIONAL SHOOTO 2026 Vol.5,,後楽園ホール,PRO_SHOOTO_MAINLINE,4677,5,,バンタム級,5分2R,1903,武田勇輝,MASTER JAPAN TOKYO,計量結果 :61.0 Kg,,1807,上杉隼哉,ブレイブハート,計量結果 :61.0 Kg,,F1_WIN_F2_LOSS,opacity (single fighter dimmed),2,01:35,ko,KO,,［レフェリー］渡辺 明伸 ［ジャッジ］ 片岡 誠人1R 10-9 福田 正人1R 9-10 植松 直哉1R 9-10
254,2026-07-20,PROFESSIONAL SHOOTO 2026 Vol.5,,後楽園ホール,PRO_SHOOTO_MAINLINE,4680,4,,バンタム級,5分2R,1658,人見礼王,修斗GYM東京,計量結果 :61.2 Kg,,1615,ライダーHIRO,シューティング宇留野道場,計量結果 :60.8 Kg,,F1_WIN_F2_LOSS,score 3-0 (overrides opacity if needed),,,ud,判定 3-0,,［レフェリー］片岡 誠人 ［ジャッジ］ 渡辺 明伸20-18（1R 10-9／2R 10-9） 福田 正人20-18（1R 10-9／2R 10-9） 植松 直哉20-18（1R 10-9／2R 10-9）
254,2026-07-20,PROFESSIONAL SHOOTO 2026 Vol.5,,後楽園ホール,PRO_SHOOTO_MAINLINE,4678,3,,バンタム級,5分2R,232,松下祐介,パラエストラTB,計量結果 :61.1 Kg,,1094,伊集龍皇,パラエストラ小岩,計量結果 :61.2 Kg,,F1_WIN_F2_LOSS,score 3-0 (overrides opacity if needed),,,ud,判定 3-0,,［レフェリー］片岡 誠人 ［ジャッジ］ 渡辺 明伸20-18（1R 10-9／2R 10-9） 福田 正人20-18（1R 10-9／2R 10-9） 植松 直哉20-18（1R 10-9／2R 10-9）
254,2026-07-20,PROFESSIONAL SHOOTO 2026 Vol.5,,後楽園ホール,PRO_SHOOTO_MAINLINE,4710,2,,フェザー級,5分2R,1561,澤江優侍,フリー,計量結果 :65.8 Kg,,1955,塩沼諒太,パラエストラ小岩,計量結果 :65.8 Kg,,F1_LOSS_F2_WIN,score 0-1 (overrides opacity if needed),,,ud,判定 0-1,,［レフェリー］鍋久保 雄太 ［ジャッジ］ 渡辺 明伸18-20（1R 9-10／2R 9-10） 福田 正人19-19（1R 9-10／2R 10-9） 植松 直哉19-19（1R 9-10／2R 10-9）
254,2026-07-20,PROFESSIONAL SHOOTO 2026 Vol.5,,後楽園ホール,PRO_SHOOTO_MAINLINE,4681,1,,フェザー級,3分2R,1927,田中永遠,暁道場,計量結果 :65.7 Kg,,2048,加藤岡善,THE BLACKBELT JAPAN,計量結果 :65.3 Kg,,F1_WIN_F2_LOSS,score 3-0 (overrides opacity if needed),,,ud,判定 3-0,,［レフェリー］鍋久保 雄太 ［ジャッジ］ 渡辺 明伸20-18（1R 10-9／2R 10-9） 福田 正人20-18（1R 10-9／2R 10-9） 植松 直哉20-18（1R 10-9／2R 10-9）
285,2026-07-13,プロフェッショナル修斗公式戦後楽園大会　『Lemino修斗.7』,【NTT DOCOMO presents】,後楽園ホール,PRO_SHOOTO_MAINLINE,4709,9,,フェザー級,5分3R,8,宇野薫,UNO DOJO,計量結果 :65.8 Kg,uno-caol,329,児山佳宏,THE BLACKBELT JAPAN,計量結果 :65.8 Kg,,F1_LOSS_F2_WIN,score 0-3 (overrides opacity if needed),,,ud,判定 0-3,,［レフェリー］豊永 稔 ［ジャッジ］ 片岡 誠人28-29 （1R 9-10／2R 10-9／3R 9-10） 植松 直哉27-30 （1R 9-10／2R 9-10／3R 9-10） 福田 正人28-29 （1R 9-10／2R 10-9／3R 9-10）
285,2026-07-13,プロフェッショナル修斗公式戦後楽園大会　『Lemino修斗.7』,【NTT DOCOMO presents】,後楽園ホール,PRO_SHOOTO_MAINLINE,4708,8,,バンタム級,5分3R,1067,高岡宏気,FORCE GYM,計量結果 :61.2 Kg,takaoka-hiroki,2058,マーウィンキランテ,Sprawl MMA Fitness Gym,計量結果 :57.8 Kg,,F1_WIN_F2_LOSS,score 2-1 (overrides opacity if needed),,,ud,判定 2-1,,［レフェリー］植松 直哉 ［ジャッジ］ 片岡 誠人28-29 （1R 9-10／2R 9-10／3R 10-9） 鍋久保 雄太30-30 （1R 10-9／2R 9-10／3R 10-9） 豊永 稔30-27 （1R 10-9／2R 10-9／3R 10-9）
285,2026-07-13,プロフェッショナル修斗公式戦後楽園大会　『Lemino修斗.7』,【NTT DOCOMO presents】,後楽園ホール,PRO_SHOOTO_MAINLINE,4707,7,,バンタム級,5分3R,1547,藤田ムネノリ,SUBMIT MMA,計量結果 :61.7 Kg,,1906,ジョンオルニド,HITMAN MMA,計量結果 :60.3 Kg,,F1_WIN_F2_LOSS,score 3-0 (overrides opacity if needed),,,ud,判定 3-0,,［レフェリー］福田 正人 ［ジャッジ］ 鍋久保 雄太30-27 （1R 10-9／2R 10-9／3R 10-9） 植松 直哉30-27 （1R 10-9／2R 10-9／3R 10-9） 豊永 稔30-27 （1R 10-9／2R 10-9／3R 10-9）
285,2026-07-13,プロフェッショナル修斗公式戦後楽園大会　『Lemino修斗.7』,【NTT DOCOMO presents】,後楽園ホール,PRO_SHOOTO_MAINLINE,4706,6,,フライ級,5分3R,1636,シモンスズキ,和術慧舟會HEARTS,計量結果 :57.1 Kg,,1873,シンバートルバットエルデネ,Team Tungaa Shandas,計量結果 :56.8 Kg,,F1_WIN_F2_LOSS,opacity (single fighter dimmed),1,01:46,submision,TS,※ リアネイキッドチョーク,［レフェリー］豊永 稔
285,2026-07-13,プロフェッショナル修斗公式戦後楽園大会　『Lemino修斗.7』,【NTT DOCOMO presents】,後楽園ホール,PRO_SHOOTO_MAINLINE,4705,5,,バンタム級,5分2R,1800,下間英史,THE BLACKBELT JAPAN,計量結果 :61.2 Kg,,1516,山本敦章,THE BLACKBELT JAPAN,計量結果 :61.1 Kg,,F1_WIN_F2_LOSS,score 2-0 (overrides opacity if needed),,,ud,判定 2-0,,［レフェリー］鍋久保 雄太 ［ジャッジ］ 片岡 誠人20-18（1R 10-9／2R 10-9） 植松 直哉20-18（1R 10-9／2R 10-9） 福田 正人19-19（1R 9-10／2R 10-9）
285,2026-07-13,プロフェッショナル修斗公式戦後楽園大会　『Lemino修斗.7』,【NTT DOCOMO presents】,後楽園ホール,PRO_SHOOTO_MAINLINE,4704,4,,フライ級,5分2R,1924,饒平名知靖,和術慧舟會K太郎道場,計量結果 :56.2 Kg,,2057,村泉空,総合格闘技実業団トップティア,計量結果 :56.6 Kg,,F1_WIN_F2_LOSS,score 2-0 (overrides opacity if needed),,,ud,判定 2-0,,［レフェリー］鍋久保 雄太 ［ジャッジ］ 福田 正人20-18（1R 10-9／2R 10-9） 植松 直哉19-19（1R 9-10／2R 10-9） 豊永 稔20-18（1R 10-9／2R 10-9）
285,2026-07-13,プロフェッショナル修斗公式戦後楽園大会　『Lemino修斗.7』,【NTT DOCOMO presents】,後楽園ホール,PRO_SHOOTO_MAINLINE,4703,3,,フライ級,5分2R,1270,玉城悠,THE BLACKBELT JAPAN,計量結果 :56.7 Kg,,1866,三浦颯太,修斗GYM神戸,計量結果 :56.4 Kg,,F1_LOSS_F2_WIN,score 0-2 (overrides opacity if needed),,,ud,判定 0-2,,［レフェリー］福田 正人 ［ジャッジ］ 片岡 誠人19-19（1R 10-9／2R 9-10） 植松 直哉18-20（1R 9-10／2R 9-10） 鍋久保 雄太18-20（1R 9-10／2R 9-10）
285,2026-07-13,プロフェッショナル修斗公式戦後楽園大会　『Lemino修斗.7』,【NTT DOCOMO presents】,後楽園ホール,PRO_SHOOTO_MAINLINE,4702,2,,フェザー級,5分2R,2056,松村海青,RISING SUN,計量結果 :65.8 Kg,,2055,井上理久,THE BLACKBELT JAPAN,計量結果 :65.6 Kg,,F1_LOSS_F2_WIN,opacity (single fighter dimmed),1,04:41,submision,TS,※腕十字固め,［レフェリー］植松 直哉
285,2026-07-13,プロフェッショナル修斗公式戦後楽園大会　『Lemino修斗.7』,【NTT DOCOMO presents】,後楽園ホール,PRO_SHOOTO_MAINLINE,4700,1,,フェザー級,3分2R,2059,松田拳哉,ALMA FIGHT GYM SHUKO,計量結果 :65.6 Kg,,2054,佐藤大知,THE BLACKBELT JAPAN,計量結果 :65.6 Kg,,F1_LOSS_F2_WIN,score 0-3 (overrides opacity if needed),,,ud,判定 0-3,,［レフェリー］鍋久保 雄太 ［ジャッジ］ 片岡 誠人18-20（1R 9-10／2R 9-10） 福田 正人18-20（1R 9-10／2R 9-10） 豊永 稔18-20（1R 9-10／2R 9-10）
285,2026-07-13,プロフェッショナル修斗公式戦後楽園大会　『Lemino修斗.7』,【NTT DOCOMO presents】,後楽園ホール,PRO_SHOOTO_MAINLINE,4701,1,,ライト級,5分2R,1060,モリシマン,STYLE PLUS GYM,計量結果 :70.3 Kg,,1734,手島響,パラエストラ綾瀬,計量結果 :70.3 Kg,,DRAW,score tied 0-0,,,ud,判定 0-0,,［レフェリー］植松 直哉 ［ジャッジ］ 片岡 誠人19-19（1R 10-9／2R 9-10） 福田 正人19-19（1R 10-9／2R 9-10） 豊永 稔19-19（1R 10-9／2R 9-10）
268,2026-07-12,プロフェッショナル修斗公式戦広島大会『TORAO39』,,BLUE LIVE HIROSHIMA,TORAO_REGIONAL;PRO_SHOOTO_MAINLINE,4692,7,,,5分2R,624,國頭武,BURST,計量結果 :67.9 Kg,,1847,深町拓海,グラップラーズギルド,計量結果 :67.4 Kg,,F1_LOSS_F2_WIN,opacity (single fighter dimmed),1,03:47,submision,TS,リアネイキッドチョーク,［レフェリー］片岡 誠人
268,2026-07-12,プロフェッショナル修斗公式戦広島大会『TORAO39』,,BLUE LIVE HIROSHIMA,TORAO_REGIONAL;PRO_SHOOTO_MAINLINE,4693,6,,ライト級,5分2R,1394,KENZO,BURST,計量結果 :70.1 Kg,,1869,石原海渡,C.K STYLES MMA,計量結果 :70.3 Kg,,F1_WIN_F2_LOSS,opacity (single fighter dimmed),1,04:47,tko,TKO,,［レフェリー］岡田 剛史
268,2026-07-12,プロフェッショナル修斗公式戦広島大会『TORAO39』,,BLUE LIVE HIROSHIMA,TORAO_REGIONAL;PRO_SHOOTO_MAINLINE,4694,5,,ストロー級,5分2R,78,ふじい☆ペリー,BURST,計量結果 :52.2 Kg,,1723,岡本一志,修斗GYMS直心会,計量結果 :52.0 Kg,,F1_LOSS_F2_WIN,opacity (single fighter dimmed),1,02:40,tko,TKO,,［レフェリー］岡田 剛史
268,2026-07-12,プロフェッショナル修斗公式戦広島大会『TORAO39』,,BLUE LIVE HIROSHIMA,TORAO_REGIONAL;PRO_SHOOTO_MAINLINE,4695,4,,ストロー級,5分2R,1570,高橋佑太,BURST,計量結果 :52.0 Kg,,1817,黒瀬キョウヘイ,MASTER JAPAN YAMAGUCHI UBE,計量結果 :52.1 Kg,,DRAW,score tied 0-0,,,ud,判定 0-0,,［レフェリー］片岡 誠人 ［ジャッジ］ 冨田 昌信 19-19（1R 9-10／2R 10-9） 坂元 寛史 19-19（1R 9-10／2R 10-9） 田原 樹也 19-19（1R 9-10／2R 10-9）
268,2026-07-12,プロフェッショナル修斗公式戦広島大会『TORAO39』,,BLUE LIVE HIROSHIMA,TORAO_REGIONAL;PRO_SHOOTO_MAINLINE,4696,3,,バンタム級,5分2R,1725,八木祐輔,TKエスペランサ,計量結果 :60.9 Kg,,1828,井上滉人,MMA IKUSU,計量結果 :59.9 Kg,,DRAW,score tied 0-0,,,ud,判定 0-0,,［レフェリー］片岡 誠人 ［ジャッジ］ 宮崎 清孝 19-19（1R 10-9／2R 9-10） 坂元 寛史 19-19（1R 10-9／2R 9-10） 田原 樹也 19-19（1R 10-9／2R 9-10）
268,2026-07-12,プロフェッショナル修斗公式戦広島大会『TORAO39』,,BLUE LIVE HIROSHIMA,TORAO_REGIONAL;PRO_SHOOTO_MAINLINE,4697,2,,,5分2R,1863,福島祐貴,BURST,計量結果 :57.7 Kg,,1956,石原大空,パラエストラ岐阜,計量結果 :57.8 Kg,,F1_LOSS_F2_WIN,score 0-3 (overrides opacity if needed),,,ud,判定 0-3,,［レフェリー］片岡 誠人 ［ジャッジ］ 宮崎 清孝 18-20（1R 9-10／2R 9-10） 坂元 寛史 18-20（1R -10／2R 9-10） 冨田 昌信 18-20（1R 9-10／2R 9-10）
268,2026-07-12,プロフェッショナル修斗公式戦広島大会『TORAO39』,,BLUE LIVE HIROSHIMA,TORAO_REGIONAL;PRO_SHOOTO_MAINLINE,4698,1,,フェザー級,5分2R,2052,谷川渉,BURST,計量結果 :65.5 Kg,,2053,田中翔馬,パラエストラ岐阜,計量結果 :65.3 Kg,,F1_WIN_F2_LOSS,score 1-0 (overrides opacity if needed),,,ud,判定 1-0,,［レフェリー］岡田 剛史 ［ジャッジ］ 宮崎 清孝19-19（1R 10-9／2R 9-10） 坂元 寛史 20-18（1R 10-9／2R 10-9） 田原 樹也19-19（1R 10-9／2R 9-10） ＊優勢ポイント2-1で赤・谷川がトーナメント準決勝に進出。 準決勝ではISODA（直心会生野道場TK68） との対戦が決定
268,2026-07-12,プロフェッショナル修斗公式戦広島大会『TORAO39』,,BLUE LIVE HIROSHIMA,TORAO_REGIONAL;PRO_SHOOTO_MAINLINE,4699,,,ストロー級,4分1R,1835,安田Kong詠美,BURST,計量結果 :52.0 Kg,,1581,山本あやめ,セコンドアウト,計量結果 :51.8 Kg,,DRAW,note text mentions draw,,,,,,時間切れ引き分け ［レフェリー］岡田 剛史
299,2026-06-28,プロフェッショナル修斗公式戦福岡大会「Lemino修斗TORAO」,NTT　DOCOMO　PRESENTS,アクロス福岡イベントホール,TORAO_REGIONAL;PRO_SHOOTO_MAINLINE,4682,10,,フェザー級,5分3R,255,TOMA,直心会TK68,計量結果 :65.7 Kg,toma,250,田中半蔵,FUN’S,計量結果 :65.7 Kg,,F1_WIN_F2_LOSS,opacity (single fighter dimmed),2,01:09,tko,TKO,,［レフェリー］岡田 剛史 ［ジャッジ］ 松本 康雄1R 10-9 宮崎 清孝1R 10-9 坂元 寛史1R 10-9
299,2026-06-28,プロフェッショナル修斗公式戦福岡大会「Lemino修斗TORAO」,NTT　DOCOMO　PRESENTS,アクロス福岡イベントホール,TORAO_REGIONAL;PRO_SHOOTO_MAINLINE,4683,9,,バンタム級,5分3R,1141,野瀬翔平,MASTER JAPAN FUKUOKA,計量結果 :61.1 Kg,nose-shohei,777,青柳洸志,修斗GYM神戸,計量結果 :61.0 Kg,,F1_WIN_F2_LOSS,opacity (single fighter dimmed),1,03:19,submision,TS,※肩固め,［レフェリー］岡田 剛史
299,2026-06-28,プロフェッショナル修斗公式戦福岡大会「Lemino修斗TORAO」,NTT　DOCOMO　PRESENTS,アクロス福岡イベントホール,TORAO_REGIONAL;PRO_SHOOTO_MAINLINE,4684,8,,フライ級,5分3R,116,上田将年,緒方道場,計量結果 :56.6 Kg,,1453,打威致,有永道場TeamResolve,計量結果 :56.5 Kg,,F1_LOSS_F2_WIN,opacity (single fighter dimmed),1,03:51,tko,TKO,,［レフェリー］橋本 公一
299,2026-06-28,プロフェッショナル修斗公式戦福岡大会「Lemino修斗TORAO」,NTT　DOCOMO　PRESENTS,アクロス福岡イベントホール,TORAO_REGIONAL;PRO_SHOOTO_MAINLINE,4685,7,,フェザー級,5分3R,1623,ネインデイネッシュ,MASTER JAPAN FUKUOKA,計量結果 :65.5 Kg,,669,久保村ヨシTERU,飛翔塾コンドル,計量結果 :65.5 Kg,,F1_WIN_F2_LOSS,opacity (single fighter dimmed),1,01:13,tko,TKO,,［レフェリー］橋本 公一
299,2026-06-28,プロフェッショナル修斗公式戦福岡大会「Lemino修斗TORAO」,NTT　DOCOMO　PRESENTS,アクロス福岡イベントホール,TORAO_REGIONAL;PRO_SHOOTO_MAINLINE,4686,6,,ストロー級,5分2R,1826,緑真作,MASTER JAPAN FUKUOKA,計量結果 :52.1 Kg,,1398,梅木勇徳,THE BLACKBELT JAPAN,計量結果 :52.2 Kg,,F1_LOSS_F2_WIN,score 0-3 (overrides opacity if needed),,,ud,判定 0-3,,［レフェリー］橋本 公一 ［ジャッジ］ 赤崎 勝久18-20（1R 9-10／2R 9-10） 松本 康雄18-20（1R 9-10／2R 9-10） 坂元 寛史18-20（1R 9-10／2R 9-10）
299,2026-06-28,プロフェッショナル修斗公式戦福岡大会「Lemino修斗TORAO」,NTT　DOCOMO　PRESENTS,アクロス福岡イベントホール,TORAO_REGIONAL;PRO_SHOOTO_MAINLINE,4687,5,,フェザー級,5分2R,1819,本松要,MASTER JAPAN YAMAGUCHI UBE,計量結果 :65.8 Kg,,1510,柿原“RR”昇太,MMA RANGERS GYM,計量結果 :65.7 Kg,,F1_LOSS_F2_WIN,opacity (single fighter dimmed),2,02:08,ko,KO,,［レフェリー］岡田 剛史 ［ジャッジ］ 赤崎 勝久1R 10-9 橋本 公一 1R 9-10 松本 康雄1R 10-9
299,2026-06-28,プロフェッショナル修斗公式戦福岡大会「Lemino修斗TORAO」,NTT　DOCOMO　PRESENTS,アクロス福岡イベントホール,TORAO_REGIONAL;PRO_SHOOTO_MAINLINE,4688,4,,フェザー級,5分2R,1782,山田稜真,Concilio,計量結果 :65.3 Kg,,1847,深町拓海,グラップラーズギルド,計量結果 :65.3 Kg,,F1_LOSS_F2_WIN,opacity (single fighter dimmed),2,02:02,submision,TS,※リアネイキッドチョーク,［レフェリー］岡田 剛史 ［ジャッジ］ 赤崎 勝久1R 10-9 宮崎 清孝1R 10-9 橋本 公一1R 10-9
299,2026-06-28,プロフェッショナル修斗公式戦福岡大会「Lemino修斗TORAO」,NTT　DOCOMO　PRESENTS,アクロス福岡イベントホール,TORAO_REGIONAL;PRO_SHOOTO_MAINLINE,4689,3,,フライ級,5分2R,1601,高宮諒,DESTINY JIU-JITSU,計量結果 :56.7 Kg,,1951,竹本蒼天,毛利道場,計量結果 :56.4 Kg,,F1_WIN_F2_LOSS,score 1-0 (overrides opacity if needed),,,ud,判定 1-0,,［レフェリー］片岡 誠人 ［ジャッジ］ 赤崎 勝久20-18（1R 10-9／2R 10-9） 宮崎 清孝19-19（1R 10-9／2R 9-10） 橋本 公一19-19（1R 10-9／2R 9-10）
299,2026-06-28,プロフェッショナル修斗公式戦福岡大会「Lemino修斗TORAO」,NTT　DOCOMO　PRESENTS,アクロス福岡イベントホール,TORAO_REGIONAL;PRO_SHOOTO_MAINLINE,4690,2,,ストロー級,5分2R,2051,真生,MMA RANGERS GYM,計量結果 :52.2 Kg,,1827,佐野光輝,グラップラーズギルド,計量結果 :52.2 Kg,,F1_LOSS_F2_WIN,opacity (single fighter dimmed),1,02:19,submision,TS,※三角絞め,［レフェリー］片岡 誠人
299,2026-06-28,プロフェッショナル修斗公式戦福岡大会「Lemino修斗TORAO」,NTT　DOCOMO　PRESENTS,アクロス福岡イベントホール,TORAO_REGIONAL;PRO_SHOOTO_MAINLINE,4691,1,,ストロー級,5分2R,2050,脇輝男,MASTER JAPAN YAMAGUCHI UBE,計量結果 :52.0 Kg,,2049,高井悠人,MMA RANGERS GYM,計量結果 :52.0 Kg,,F1_LOSS_F2_WIN,opacity (single fighter dimmed),1,00:28,ko,KO,,［レフェリー］片岡 誠人
284,2026-06-01,プロフェッショナル修斗公式戦後楽園大会　『Lemino修斗.6』,【NTT DOCOMO presents】,後楽園ホール,PRO_SHOOTO_MAINLINE,4663,8,,ライト級,5分3R,1537,エフェヴィガ雄志,TRIBE TOKYO M.M.A,計量結果 :70.7 Kg,efeviga-yushi,2020,ローウェンタイナネス,Hawaii Elite MMA,計量結果 :70.5 Kg,,F1_LOSS_F2_WIN,opacity (single fighter dimmed),1,03:44,ko,KO,,［レフェリー］豊永 稔
284,2026-06-01,プロフェッショナル修斗公式戦後楽園大会　『Lemino修斗.6』,【NTT DOCOMO presents】,後楽園ホール,PRO_SHOOTO_MAINLINE,4664,7,,フェザー級,5分3R,1797,飯野雄斗,THE BLACKBELT JAPAN,計量結果 :65.8 Kg,,162,石原夜叉坊,Team Alpha male Japan,計量結果 :65.8 Kg,,F1_WIN_F2_LOSS,opacity (single fighter dimmed),2,04:21,tko,TKO,,［レフェリー］福田 正人 ［ジャッジ］ 片岡 誠人1R 10-9 豊永 稔1R 10-9 植松 直哉1R 10-9
284,2026-06-01,プロフェッショナル修斗公式戦後楽園大会　『Lemino修斗.6』,【NTT DOCOMO presents】,後楽園ホール,PRO_SHOOTO_MAINLINE,4665,6,,バンタム級,5分3R,1680,中島陸,総合格闘技ゴンズジム,計量結果 :61.6 Kg,,2021,リンフーシュン,i Fighting,計量結果 :61.5 Kg,,F1_WIN_F2_LOSS,opacity (single fighter dimmed),1,00:54,submision,TS,三角絞め,［レフェリー］福田 正人
284,2026-06-01,プロフェッショナル修斗公式戦後楽園大会　『Lemino修斗.6』,【NTT DOCOMO presents】,後楽園ホール,PRO_SHOOTO_MAINLINE,4666,5,,バンタム級,5分3R,1500,須藤拓真,X-TREAM EBINA,計量結果 :61.6 Kg,,2022,ジョーバード,Hawaii Elite MMA,計量結果 :61.6 Kg,,F1_WIN_F2_LOSS,opacity (single fighter dimmed),1,01:51,submision,TS,ヒールフック,［レフェリー］植松 直哉
284,2026-06-01,プロフェッショナル修斗公式戦後楽園大会　『Lemino修斗.6』,【NTT DOCOMO presents】,後楽園ホール,PRO_SHOOTO_MAINLINE,4667,4,,フライ級,5分3R,1635,杉本静弥,THE BLACKBELT JAPAN,計量結果 :56.6 Kg,,1669,岡田嵐士,"リバーサルジム新宿Me,We",計量結果 :56.6 Kg,,F1_WIN_F2_LOSS,score 3-0 (overrides opacity if needed),,,ud,判定 3-0,,［レフェリー］植松 直哉 ［ジャッジ］ 片岡 誠人29-28 （1R 10-9／2R 10-9／3R 9-10） 豊永 稔29-28 （1R 10-9／2R 10-9／3R 9-10） 福田 正人29-28 （1R 10-9／2R 10-9／3R 9-10）
284,2026-06-01,プロフェッショナル修斗公式戦後楽園大会　『Lemino修斗.6』,【NTT DOCOMO presents】,後楽園ホール,PRO_SHOOTO_MAINLINE,4668,3,,バンタム級,5分2R,1069,榎本明,TRIBE TOKYO MMA,計量結果 :61.2 Kg,,1949,竹見隆史郎,パラエストラROX,計量結果 :61.0 Kg,,F1_LOSS_F2_WIN,opacity (single fighter dimmed),1,02:45,submision,TS,リアネイキッドチョーク,［レフェリー］植松 直哉
284,2026-06-01,プロフェッショナル修斗公式戦後楽園大会　『Lemino修斗.6』,【NTT DOCOMO presents】,後楽園ホール,PRO_SHOOTO_MAINLINE,4669,2,,女子スーパーアトム級,5分2R,1835,安田Kong詠美,BURST,計量結果 :49.6 Kg,,2024,アル,MANO JIU JITSU,計量結果 :49.7 Kg,,F1_LOSS_F2_WIN,score 0-3 (overrides opacity if needed),,,ud,判定 0-3,,［レフェリー］豊永 稔 ［ジャッジ］ 片岡 誠人18-20（1R 9-10／2R 9-10） 福田 正人18-20（1R 9-10／2R 9-10） 植松 直哉18-20（1R 9-10／2R 9-10）
284,2026-06-01,プロフェッショナル修斗公式戦後楽園大会　『Lemino修斗.6』,【NTT DOCOMO presents】,後楽園ホール,PRO_SHOOTO_MAINLINE,4670,1,,フェザー級,5分2R,1798,翔べ！ゆうすけ！,マスタージャパン,計量結果 :65.7 Kg,,1087,有馬鉄太,THE BLACKBELT JAPAN,計量結果 :65.8 Kg,,F1_LOSS_F2_WIN,score 0-3 (overrides opacity if needed),,,ud,判定 0-3,,［レフェリー］片岡 誠人 ［ジャッジ］ 福田 正人18-20（1R 9-10／2R 9-10） 豊永 稔18-20（1R 9-10／2R 9-10） 植松 直哉18-20（1R 9-10／2R 9-10）
284,2026-06-01,プロフェッショナル修斗公式戦後楽園大会　『Lemino修斗.6』,【NTT DOCOMO presents】,後楽園ホール,PRO_SHOOTO_MAINLINE,4671,,,キッズ・ジュニア修斗,3分1R,2023,稲場豪健,THE BLACKBELT JAPAN,計量結果 :40.7 Kg,,1676,佐久間丈,フォーランバス,計量結果 :37.8 Kg,,F1_WIN_F2_LOSS,opacity (single fighter dimmed),1,02:38,submision,TS,V1アームロック,［レフェリー］片岡 誠人
281,2026-05-31,PROFESSIONAL SHOOTO 2026 Vol.4 in OSAKA,プロフェッショナル修斗公式戦,,PRO_SHOOTO_MAINLINE,4603,10,,ストロー級,5分5R,1167,田上こゆる,BLOWS,計量結果 :51.9 Kg,,1632,黒部和沙,TRIBE TOKYO M.M.A,計量結果 :52.1 Kg,,F1_WIN_F2_LOSS,opacity (single fighter dimmed),4,01:42,tko,TKO,,［レフェリー］鍋久保 雄太 ［ジャッジ］ 片岡 誠人1R 10-9／2R 9-10／3R 9-10 安芸 佳孝1R 9-10／2R 10-9／3R 9-10 豊島 孝尚1R 9-10／2R 9-10／3R 9-10
281,2026-05-31,PROFESSIONAL SHOOTO 2026 Vol.4 in OSAKA,プロフェッショナル修斗公式戦,,PRO_SHOOTO_MAINLINE,4629,9,,ヘビー級,3分3R,1970,ミヤギン,team Bonds,計量結果 :99.7 Kg,,1971,かずややねんけど,猛者練本部,計量結果 :92.7 Kg,,F1_WIN_F2_LOSS,opacity (single fighter dimmed),1,02:25,tko,TKO,,［レフェリー］片岡 誠人［レフェリー］片岡 誠人
281,2026-05-31,PROFESSIONAL SHOOTO 2026 Vol.4 in OSAKA,プロフェッショナル修斗公式戦,,PRO_SHOOTO_MAINLINE,4611,8,,バンタム級,5分3R,1185,野尻定由,MASTER JAPAN FUKUOKA,計量結果 :61.0 Kg,,127,奇天烈,修斗GYMS直心会,計量結果 :61.1 Kg,,F1_WIN_F2_LOSS,score 3-0 (overrides opacity if needed),,,ud,判定 3-0,,［レフェリー］鍋久保 雄太 ［ジャッジ］ 片岡 誠人29-28 （1R 9-10／2R 10-9／3R 10-9） 安芸 佳孝29-28 （1R 9-10／2R 10-9／3R 10-9） 豊島 孝尚29-28 （1R 9-10／2R 10-9／3R 10-9）
281,2026-05-31,PROFESSIONAL SHOOTO 2026 Vol.4 in OSAKA,プロフェッショナル修斗公式戦,,PRO_SHOOTO_MAINLINE,4626,7,,フライ級,5分2R,1710,柴山海音,柔術&MMAアカデミーG-face,計量結果 :56.6 Kg,,1978,伊藤琥大郎,リライアブル,計量結果 :56.3 Kg,,F1_LOSS_F2_WIN,opacity (single fighter dimmed),1,04:26,tko,TKO,,［レフェリー］鍋久保 雄太
281,2026-05-31,PROFESSIONAL SHOOTO 2026 Vol.4 in OSAKA,プロフェッショナル修斗公式戦,,PRO_SHOOTO_MAINLINE,4627,6,,フライ級,5分2R,1810,龍城,修斗GYMS直心会,計量結果 :56.6 Kg,,1979,竹村将輝,修斗GYM神戸,計量結果 :56.6 Kg,,DRAW,score tied 0-0,,,ud,判定 0-0,,［レフェリー］片岡 誠人 ［ジャッジ］ 鍋久保 雄太19-19（1R 9-10／2R 10-9） 安芸 佳孝19-19（1R 9-10／2R 10-9） 豊島 孝尚19-19（1R 9-10／2R 10-9）
281,2026-05-31,PROFESSIONAL SHOOTO 2026 Vol.4 in OSAKA,プロフェッショナル修斗公式戦,,PRO_SHOOTO_MAINLINE,4612,5,,フェザー級,5分2R,1509,グジユン,修斗GYM神戸,計量結果 :65.4 Kg,,1857,塩津奏太,心技館,計量結果 :65.7 Kg,,DRAW,score tied 0-0,,,ud,判定 0-0,,［レフェリー］鍋久保 雄太 ［ジャッジ］ 片岡 誠人19-19（1R 10-9／2R 9-10） 安芸 佳孝19-19（1R 10-9／2R 9-10） 豊島 孝尚19-19（1R 10-9／2R 9-10）
281,2026-05-31,PROFESSIONAL SHOOTO 2026 Vol.4 in OSAKA,プロフェッショナル修斗公式戦,,PRO_SHOOTO_MAINLINE,4613,4,,女子アトム級,5分2R,1729,嶋屋澪,SISU,計量結果 :47.1 Kg,,1836,深井志保,N★TRUST,計量結果 :47.5 Kg,,F1_WIN_F2_LOSS,score 1-0 (overrides opacity if needed),,,ud,判定 1-0,,［レフェリー］鍋久保 雄太 ［ジャッジ］ 片岡 誠人19-19（1R 9-10／2R 10-9） 安芸 佳孝19-19（1R 9-10／2R 10-9） 豊島 孝尚20-18（1R 9-10／2R9-10）
281,2026-05-31,PROFESSIONAL SHOOTO 2026 Vol.4 in OSAKA,プロフェッショナル修斗公式戦,,PRO_SHOOTO_MAINLINE,4628,3,,フライ級,5分2R,1560,蓮池勇太,飛翔塾,計量結果 :56.6 Kg,,1882,出井海七斗,修斗GYM神戸,計量結果 :56.0 Kg,,F1_WIN_F2_LOSS,score 3-0 (overrides opacity if needed),,,ud,判定 3-0,,［レフェリー］片岡 誠人 ［ジャッジ］ 鍋久保 雄太20-18（1R 10-9／2R 10-9） 安芸 佳孝20-18（1R 10-9／2R 10-9） 豊島 孝尚20-18（1R 10-9／2R 10-9）
281,2026-05-31,PROFESSIONAL SHOOTO 2026 Vol.4 in OSAKA,プロフェッショナル修斗公式戦,,PRO_SHOOTO_MAINLINE,4610,2,,ヘビー級 1回戦,3分3R,1971,かずややねんけど,猛者練本部,計量結果 :92.7 Kg,,1972,加藤クラッシャーHIDE,志焔塾,計量結果 :88.0 Kg,,F1_WIN_F2_LOSS,score 2-1 (overrides opacity if needed),,,ud,判定 2-1,,［レフェリー］片岡 誠人 ［ジャッジ］ 鍋久保 雄太29-28（1R 10-9／2R 9-10／3R 10-9） 朝武 孝雄 29-30 （1R 10-10／2R 10-10／3R 9-10） 安芸 佳孝30-29 （1R 10-9／2R 10-10／3R 10-9）
281,2026-05-31,PROFESSIONAL SHOOTO 2026 Vol.4 in OSAKA,プロフェッショナル修斗公式戦,,PRO_SHOOTO_MAINLINE,4609,1,,ヘビー級 1回戦,3分3R,1970,ミヤギン,team Bonds,計量結果 :99.7 Kg,,1813,伊藤叶人,吉塚道場,計量結果 :104.4 Kg,,F1_WIN_F2_LOSS,score 3-0 (overrides opacity if needed),,,ud,判定 3-0,,［レフェリー］片岡 誠人 ［ジャッジ］ 鍋久保 雄太30-28 （1R 10-9／2R 10-10／3R 10-9） 朝武 孝雄 30-28 （1R 10-9／2R 10-10／3R 10-9） 豊島 孝尚30-27 （1R 10-9／2R 10-9／3R 10-9）
267,2026-05-24,プロフェッショナル修斗公式戦『FORCE 23』,,高松シンボルタワー 展示場,FORCE_REGIONAL;PRO_SHOOTO_MAINLINE,4652,7,,フライ級,5分2R,1129,安芸柊斗,MMA Zジム,計量結果 :56.5 Kg,,1983,ムンスンス,YOUNG GYM,計量結果 :56.5 Kg,,F1_LOSS_F2_WIN,opacity (single fighter dimmed),1,05:00,submision,TS,リアネイキッドチョーク,［レフェリー］片岡 誠人
267,2026-05-24,プロフェッショナル修斗公式戦『FORCE 23』,,高松シンボルタワー 展示場,FORCE_REGIONAL;PRO_SHOOTO_MAINLINE,4653,6,,ライト級,5分2R,1984,掛水力,リトルジャイアントジム,計量結果 :70.2 Kg,,1985,岡崎サイキ,ゼロ戦クラブ,計量結果 :70.3 Kg,,DRAW,score tied 0-0,,,ud,判定 0-0,,［レフェリー］片岡 誠人 ［ジャッジ］ 冨田 昌信 19-19（1R 10-9／2R 9-10） 坂東 闘志也 19-19（1R 10-9／2R 9-10） 木村 拓茉 19-19（1R 10-9／2R 9-10）
267,2026-05-24,プロフェッショナル修斗公式戦『FORCE 23』,,高松シンボルタワー 展示場,FORCE_REGIONAL;PRO_SHOOTO_MAINLINE,4654,5,,フェザー級,5分2R,1681,垂水稔朗,FORCEGYM,計量結果 :65.6 Kg,,1986,上野鷹臣,パラエストラ愛媛,計量結果 :65.6 Kg,,F1_LOSS_F2_WIN,opacity (single fighter dimmed),1,02:55,submision,TS,三角絞め,［レフェリー］片岡 誠人
267,2026-05-24,プロフェッショナル修斗公式戦『FORCE 23』,,高松シンボルタワー 展示場,FORCE_REGIONAL;PRO_SHOOTO_MAINLINE,4655,4,,バンタム級,5分2R,1678,魚山皓平,HOPE,計量結果 :61.1 Kg,,1987,哲也,-,計量結果 :60.9 Kg,,F1_WIN_F2_LOSS,opacity (single fighter dimmed),1,00:54,ko,KO,,
267,2026-05-24,プロフェッショナル修斗公式戦『FORCE 23』,,高松シンボルタワー 展示場,FORCE_REGIONAL;PRO_SHOOTO_MAINLINE,4656,3,,フライ級,5分2R,1383,井口翔太,修斗GYM神戸,計量結果 :56.5 Kg,,122,金内サイダー雄哉,THE BLACKBELT JAPAN,計量結果 :56.7 Kg,,NO_CONTEST,note text mentions no-contest,1,02:10,,,,偶然のバッティングにより赤：井口負傷によりノーコンテスト ［レフェリー］片岡 誠人
267,2026-05-24,プロフェッショナル修斗公式戦『FORCE 23』,,高松シンボルタワー 展示場,FORCE_REGIONAL;PRO_SHOOTO_MAINLINE,4657,2,,バンタム級,5分2R,229,藤川智史,総合格闘技道場ARMS,計量結果 :61.2 Kg,,1306,波平コング,THE BLACKBELT JAPAN,計量結果 :61.0 Kg,,F1_WIN_F2_LOSS,score 3-0 (overrides opacity if needed),,,ud,判定 3-0,,［レフェリー］片岡 誠人 ［ジャッジ］ 安芸 佳孝 20-18（1R 10-9／2R 10-9） 坂東 闘志也 20-18（1R 10-9／2R 10-9） 加藤 秀和 20-18（1R 10-9／2R 10-9）
267,2026-05-24,プロフェッショナル修斗公式戦『FORCE 23』,,高松シンボルタワー 展示場,FORCE_REGIONAL;PRO_SHOOTO_MAINLINE,4658,1,,ライト級,5分2R,1515,松浦真実也,総合格闘技実業団トップティア,計量結果 :70.3 Kg,,1988,キンコンカンコンケンチャンマン,OsakaFitPitGym／UBF,計量結果 :69.3 Kg,,F1_WIN_F2_LOSS,score 3-0 (overrides opacity if needed),,,ud,判定 3-0,,［レフェリー］片岡 誠人 ［ジャッジ］ 冨田 昌信 20-18（1R 10-9／2R 10-9） 坂東 闘志也 20-18（1R 10-9／2R 10-9） 木村 拓茉 20-18（1R 10-9／2R 10-9）
267,2026-05-24,プロフェッショナル修斗公式戦『FORCE 23』,,高松シンボルタワー 展示場,FORCE_REGIONAL;PRO_SHOOTO_MAINLINE,4659,,,フェザー級,3分2R,1989,笠井颯天,MMA Zジム,計量結果 :61.7 Kg,,1990,平木翔真,Osaka FitPitGym,計量結果 :64.6 Kg,,F1_LOSS_F2_WIN,opacity (single fighter dimmed),1,01:40,submision,TS,三角絞め,［レフェリー］片岡 誠人
266,2026-05-17,プロフェッショナル修斗公式戦福岡大会TORAO38,,アクロス福岡イベントホール,TORAO_REGIONAL;PRO_SHOOTO_MAINLINE,4614,,,,5分3R,1319,宝珠山桃花,赤崎道場A-SPIRIT,計量結果 :51.7 Kg,,1171,杉本恵,AACC,計量結果 :51.9 Kg,,F1_WIN_F2_LOSS,opacity (single fighter dimmed),3,02:08,submision,TS,リアネイキッドチョーク,［レフェリー］大内 敬 ［ジャッジ］ 岡田 剛史 1R 10-9／2R 10-9 坂元 寛史 1R 10-9／2R 10-9 宮崎 清孝 1R 10-9／2R 10-9
266,2026-05-17,プロフェッショナル修斗公式戦福岡大会TORAO38,,アクロス福岡イベントホール,TORAO_REGIONAL;PRO_SHOOTO_MAINLINE,4615,,,,5分3R,1623,ネインデイネッシュ,MASTER JAPAN FUKUOKA,計量結果 :67.7 Kg,,1974,キムシウォン,Korean Zombie MMA,計量結果 :67.4 Kg,,F1_WIN_F2_LOSS,score 3-0 (overrides opacity if needed),,,ud,判定 3-0,,［レフェリー］岡田 剛史 ［ジャッジ］ 橋本 公一 30-27 （1R 10-9／2R 10-9／3R 10-9） 大内 敬 30-27 （1R 10-9／2R 10-9／3R 10-9） 松本 康雄 29-28 （1R 10-9／2R 10-9／3R 9-10）
266,2026-05-17,プロフェッショナル修斗公式戦福岡大会TORAO38,,アクロス福岡イベントホール,TORAO_REGIONAL;PRO_SHOOTO_MAINLINE,4616,,,,5分2R,402,ソーキ,NASCER DO SOL,計量結果 :79.7 Kg,,1848,SOKO,有永道場 Team Resolve,計量結果 :79.3 Kg,,F1_WIN_F2_LOSS,score 3-0 (overrides opacity if needed),,,ud,判定 3-0,,［レフェリー］橋本 公一 ［ジャッジ］ 岡田 剛史 20-18（1R 10-9／2R 10-9） 大内 敬 20-18（1R 10-9／2R 10-9） 松本 康雄 20-18（1R 10-9／2R 10-9）
266,2026-05-17,プロフェッショナル修斗公式戦福岡大会TORAO38,,アクロス福岡イベントホール,TORAO_REGIONAL;PRO_SHOOTO_MAINLINE,4617,,,ライト級,5分2R,642,結城大樹,MASTER JAPAN FUKUOKA,計量結果 :69.9 Kg,,1869,石原海渡,C.K STYLES MMA,計量結果 :70.2 Kg,,F1_WIN_F2_LOSS,opacity (single fighter dimmed),1,02:01,submision,TS,リアネイキッドチョーク,［レフェリー］橋本 公一
266,2026-05-17,プロフェッショナル修斗公式戦福岡大会TORAO38,,アクロス福岡イベントホール,TORAO_REGIONAL;PRO_SHOOTO_MAINLINE,4618,,,フライ級,5分2R,1454,若宮龍斗,KAMIKAZE DOJO MMA,計量結果 :56.4 Kg,,670,黒石大資,スカーフィスト,計量結果 :56.4 Kg,,F1_WIN_F2_LOSS,opacity (single fighter dimmed),2,02:08,tko,TKO,,［レフェリー］大内 敬 ［ジャッジ］ 赤崎 勝久 1R 10-9 橋本 公一 1R 10-9 松本 康雄 1R 10-9
266,2026-05-17,プロフェッショナル修斗公式戦福岡大会TORAO38,,アクロス福岡イベントホール,TORAO_REGIONAL;PRO_SHOOTO_MAINLINE,4619,,,フェザー級,5分2R,1647,諸石一砂,OMURA FIGHT BASE,計量結果 :65.8 Kg,,1791,P助,修斗GYM神戸,計量結果 :65.3 Kg,,F1_WIN_F2_LOSS,opacity (single fighter dimmed),1,02:09,tko,TKO,,［レフェリー］岡田 剛史
266,2026-05-17,プロフェッショナル修斗公式戦福岡大会TORAO38,,アクロス福岡イベントホール,TORAO_REGIONAL;PRO_SHOOTO_MAINLINE,4620,,,ライト級,5分2R,1825,平尾大和,KAMIKAZE DOJO MMA,計量結果 :69.5 Kg,,1824,大地,有永道場Team Resolve,計量結果 :70.1 Kg,,F1_WIN_F2_LOSS,opacity (single fighter dimmed),1,02:28,ko,KO,,［レフェリー］岡田 剛史 ＊赤・平尾がトーナメント決勝に進出。 決勝では中西 敦也（修斗ジムASH）と掛水 力（LittleGiantGym）の勝者との対戦が決定
266,2026-05-17,プロフェッショナル修斗公式戦福岡大会TORAO38,,アクロス福岡イベントホール,TORAO_REGIONAL;PRO_SHOOTO_MAINLINE,4621,,,フライ級,5分2R,1400,小生隆弘,グランドスラム沖縄A・P・P,計量結果 :56.5 Kg,,1598,下田洋介,095BJJ長崎柔術,計量結果 :56.5 Kg,,F1_WIN_F2_LOSS,opacity (single fighter dimmed),2,04:14,tko,TKO,,［レフェリー］岡田 剛史 ［ジャッジ］ 大内 敬 1R 10-9 橋本 公一 1R 10-9 坂元 寛史 1R 10-9
266,2026-05-17,プロフェッショナル修斗公式戦福岡大会TORAO38,,アクロス福岡イベントホール,TORAO_REGIONAL;PRO_SHOOTO_MAINLINE,4622,,,バンタム級,5分2R,1976,田中滉太郎,MMA RENGERS GYM,計量結果 :61.0 Kg,,1845,森本健介,毛利道場,計量結果 :61.1 Kg,,F1_WIN_F2_LOSS,opacity (single fighter dimmed),2,00:51,submision,TS,リアネイキッドチョーク,［レフェリー］橋本 公一 ［ジャッジ］ 大内 敬 1R 10-9 岡田 剛史 1R 10-9 坂元 寛史 1R 10-9 ＊赤・田中がトーナメント決勝に進出。 決勝では福田 侑飛（Lotus福岡古賀道場）と菊西 拓馬（URUSHI DOJO）の勝者との対戦が決定
266,2026-05-17,プロフェッショナル修斗公式戦福岡大会TORAO38,,アクロス福岡イベントホール,TORAO_REGIONAL;PRO_SHOOTO_MAINLINE,4623,,,ライト級,5分2R,1455,深見弦汰,赤崎道場A-SPIRIT,計量結果 :69.9 Kg,,1706,ムクロック,SAND MMA,計量結果 :69.5 Kg,,F1_WIN_F2_LOSS,score 3-0 (overrides opacity if needed),,,ud,判定 3-0,,［レフェリー］橋本 公一 ［ジャッジ］ 大内 敬 20-17（1R 10-9／2R 10-8） 宮崎 清孝 20-18（1R 10-9／2R 10-9） 坂元 寛史 20-18（1R 10-9／2R 10-9）
266,2026-05-17,プロフェッショナル修斗公式戦福岡大会TORAO38,,アクロス福岡イベントホール,TORAO_REGIONAL;PRO_SHOOTO_MAINLINE,4624,,,,5分2R,1905,堤成矢,MASTER JAPAN FUKUOKA,計量結果 :52.1 Kg,,1977,松田愛翔,volcano柔術&mma,計量結果 :50.7 Kg,,F1_LOSS_F2_WIN,opacity (single fighter dimmed),2,01:42,submision,TS,腕十字固め,［レフェリー］大内 敬 ［ジャッジ］ 橋本 公一 1R 9-10 宮崎 清孝 1R 9-10 坂元 寛史 1R 9-10 ＊青・松田がトーナメント準決勝に進出。 準決勝では出井 海七斗（修斗GYM神戸）との対戦が決定
266,2026-05-17,プロフェッショナル修斗公式戦福岡大会TORAO38,,アクロス福岡イベントホール,TORAO_REGIONAL;PRO_SHOOTO_MAINLINE,4625,,,バンタム級,5分2R,1975,赤木紘平,LIBRE,計量結果 :61.1 Kg,,1887,福田侑飛,ロータス福岡古賀道場,計量結果 :61.1 Kg,,F1_LOSS_F2_WIN,opacity (single fighter dimmed),2,04:52,tko,TKO,,［レフェリー］大内 敬 ［ジャッジ］ 岡田 剛史 1R 9-10 宮崎 清孝 1R 9-10 松本 康雄 1R 9-10 ＊青・福田がトーナメント準決勝に進出。 準決勝では菊西 拓馬（URUSHI DOJO）との対戦が決定0
283,2026-05-17,【第2部】PROFESSIONAL SHOOTO 2026 Vol.3,プロフェッショナル修斗公式戦,,PRO_SHOOTO_MAINLINE,4566,,,ウェルター級,5分3R,400,住村竜市朗,TEAM ONE,計量結果 :77.1 Kg,sumimura-ryuichiro,1854,デソウザマルセル,総合格闘技道場STF,計量結果 :76.9 Kg,,F1_LOSS_F2_WIN,opacity (single fighter dimmed),2,00:55,ko,KO,,［レフェリー］福田 正人 ［ジャッジ］ 片岡 誠人1R 10-9 長瀬 達郎 1R 10-9 石川 喬也 1R 10-9
283,2026-05-17,【第2部】PROFESSIONAL SHOOTO 2026 Vol.3,プロフェッショナル修斗公式戦,,PRO_SHOOTO_MAINLINE,4587,,,女子ストロー級,5分2R,1450,高田暖妃,FIGHTER`S FLOW,計量結果 :52.1 Kg,,1558,吉成はるか,パラエストラ小岩,計量結果 :52.1 Kg,,F1_WIN_F2_LOSS,opacity (single fighter dimmed),2,02:05,tko,TKO,,［レフェリー］長瀬 達郎 ［ジャッジ］ 片岡 誠人1R 10-9 福田 正人1R 10-9 石川 喬也 1R 10-9
283,2026-05-17,【第2部】PROFESSIONAL SHOOTO 2026 Vol.3,プロフェッショナル修斗公式戦,,PRO_SHOOTO_MAINLINE,4588,,,フライ級,5分2R,1891,小鉄,総合格闘技道場STF,計量結果 :56.2 Kg,,1956,石原大空,パラエストラ岐阜,計量結果 :56.4 Kg,,F1_WIN_F2_LOSS,score 3-0 (overrides opacity if needed),,,ud,判定 3-0,,［レフェリー］石川 喬也 ［ジャッジ］ 片岡 誠人20-18（1R 10-9／2R 10-9） 鍋久保 雄太20-18（1R 10-9／2R 10-9） 福田 正人20-18（1R 10-9／2R 10-9） ＊赤・小鉄がトーナメント2回戦に進出。 2回戦では宇佐美 泰生（修斗GYM東京）との対戦が決定
283,2026-05-17,【第2部】PROFESSIONAL SHOOTO 2026 Vol.3,プロフェッショナル修斗公式戦,,PRO_SHOOTO_MAINLINE,4591,,,バンタム級,5分2R,1658,人見礼王,修斗GYM東京,計量結果 :61.1 Kg,,1201,関根累,roots,計量結果 :61.1 Kg,,F1_WIN_F2_LOSS,opacity (single fighter dimmed),2,04:42,submision,TS,フロントチョーク,［レフェリー］長瀬 達郎 ［ジャッジ］ 片岡 誠人1R 10-9 福田 正人1R 10-9 石川 喬也 1R 10-9
283,2026-05-17,【第2部】PROFESSIONAL SHOOTO 2026 Vol.3,プロフェッショナル修斗公式戦,,PRO_SHOOTO_MAINLINE,4592,,,フェザー級,5分2R,1671,島村裕,パラエストラ小岩,計量結果 :65.7 Kg,,1915,ジャワ,FIGHTER`S FLOW,計量結果 :66.1 Kg,,F1_WIN_F2_LOSS,opacity (single fighter dimmed),1,01:09,f,反則失格,,［レフェリー］福田 正人 ＊青:ジャワが最終計量結果66.1kg、規定時間内に体重を落とす事ができませんでしたが、 赤:島村が試合を希望した為、契約体重を66.1kgに変え試合を行います。 なお体重オーバーした青:ジャワは毎ラウンド減点1となります。 ＊青:ジャワのグランド状態への膝蹴りにより失格 ＊青:ジャワの試合後の挑発的な態度に警告
283,2026-05-17,【第2部】PROFESSIONAL SHOOTO 2026 Vol.3,プロフェッショナル修斗公式戦,,PRO_SHOOTO_MAINLINE,4593,,,ストロー級,5分2R,1852,漆田直輝,パラエストラ小岩,計量結果 :52.1 Kg,,1133,木村旬志,ゼロ戦クラブ,計量結果 :52.0 Kg,,F1_WIN_F2_LOSS,score 3-0 (overrides opacity if needed),,,ud,判定 3-0,,［レフェリー］石川 喬也 ［ジャッジ］ 片岡 誠人20-18（1R 10-9／2R 10-9） 渡辺 明伸20-18（1R 10-9／2R 10-9） 福田 正人20-18（1R 10-9／2R 10-9）
283,2026-05-17,【第2部】PROFESSIONAL SHOOTO 2026 Vol.3,プロフェッショナル修斗公式戦,,PRO_SHOOTO_MAINLINE,4606,,,,5分2R,1392,山下康一朗,CARPEDIEM,計量結果 :72.7 Kg,,1965,小沼魁成,THE BLACKBELT JAPAN,計量結果 :73.0 Kg,,F1_LOSS_F2_WIN,opacity (single fighter dimmed),2,04:51,tko,TKO,,［レフェリー］渡辺 明伸 ［ジャッジ］ 片岡 誠人1R 10-9 鍋久保 雄太1R 10-9 長瀬 達郎 1R 10-9
283,2026-05-17,【第2部】PROFESSIONAL SHOOTO 2026 Vol.3,プロフェッショナル修斗公式戦,,PRO_SHOOTO_MAINLINE,4607,,,フェザー級,2分2R,1966,佐藤利彦,HAGANE GYM,計量結果 :64.9 Kg,,1967,大原柊太,心技館,計量結果 :65.1 Kg,,F1_WIN_F2_LOSS,score 3-0 (overrides opacity if needed),,,ud,判定 3-0,,［レフェリー］渡辺 明伸 ［ジャッジ］ 福田 正人20-18（1R 10-9／2R 10-9） 鍋久保 雄太20-18（1R 10-9／2R 10-9） 長瀬 達郎 20-18（1R 10-9／2R 10-9）
283,2026-05-17,【第2部】PROFESSIONAL SHOOTO 2026 Vol.3,プロフェッショナル修斗公式戦,,PRO_SHOOTO_MAINLINE,4608,,,ストロー級,2分2R,1968,越智晃良,HAGANE GYM,計量結果 :50.1 Kg,,1969,小林正汰,FourRhombus,計量結果 :51.3 Kg,,F1_LOSS_F2_WIN,score 0-3 (overrides opacity if needed),,,ud,判定 0-3,,［レフェリー］鍋久保 雄太 ［ジャッジ］ 福田 正人18-20（1R 9-10／2R 9-10） 渡辺 明伸18-20（1R 9-10／2R 9-10） 長瀬 達郎 18-20（1R 9-10／2R 9-10）
253,2026-05-17,【第1部】PROFESSIONAL SHOOTO 2026 Vol.3,プロフェッショナル修斗公式戦,,PRO_SHOOTO_MAINLINE,4579,,,バンタム級,5分3R,1148,藤井伸樹,ALLIANCE,計量結果 :60.9 Kg,,1299,チョウスソン,NAUGHTY HOUSE,計量結果 :61.2 Kg,,F1_LOSS_F2_WIN,score 0-3 (overrides opacity if needed),,,ud,判定 0-3,,［レフェリー］福田 正人 ［ジャッジ］ 片岡 誠人28-29 （1R 9-10／2R 9-10／3R 10-9） 長瀬 達郎福28-29 （1R 9-10／2R 9-10／3R 10-9） 鍋久保 雄太28-29 （1R 9-10／2R 9-10／3R 10-9）
253,2026-05-17,【第1部】PROFESSIONAL SHOOTO 2026 Vol.3,プロフェッショナル修斗公式戦,,PRO_SHOOTO_MAINLINE,4580,,,フェザー級,5分3R,1485,青井太一,心技館,計量結果 :65.7 Kg,aoi-taichi,1704,ヒカル,柔術&MMAアカデミーG-face,計量結果 :65.7 Kg,hikaru,F1_LOSS_F2_WIN,opacity (single fighter dimmed),3,01:07,tko,TKO,,［レフェリー］鍋久保 雄太 ［ジャッジ］ 片岡 誠人1R 9-10／2R 9-10 福田 正人1R 9-10／2R 9-10 渡辺 明伸1R 9-10／2R 9-10
253,2026-05-17,【第1部】PROFESSIONAL SHOOTO 2026 Vol.3,プロフェッショナル修斗公式戦,,PRO_SHOOTO_MAINLINE,4581,,,フェザー級,5分3R,1249,上原平,リバーサルジム横浜グランドスラム,計量結果 :65.8 Kg,,214,齋藤翼,総合格闘技道場津田沼道場/FIGHT FARM,計量結果 :65.7 Kg,,F1_LOSS_F2_WIN,score 1-2 (overrides opacity if needed),,,ud,判定 1-2,,［レフェリー］鍋久保 雄太 ［ジャッジ］ 片岡 誠人28-29 （1R 9-10／2R 9-10／3R 10-9） 福田 正人28-29 （1R 9-10／2R 9-10／3R 10-9） 渡辺 明伸29-28 （1R 9-10／2R 10-9／3R 10-9）
253,2026-05-17,【第1部】PROFESSIONAL SHOOTO 2026 Vol.3,プロフェッショナル修斗公式戦,,PRO_SHOOTO_MAINLINE,4582,,,フライ級,5分3R,1139,大竹陽,HAGANE GYM,計量結果 :56.6 Kg,,1736,鈴木尊,FourRhombus,計量結果 :56.7 Kg,,F1_LOSS_F2_WIN,opacity (single fighter dimmed),1,03:25,submision,TS,リアネイキッドチョーク,［レフェリー］長瀬 達郎
253,2026-05-17,【第1部】PROFESSIONAL SHOOTO 2026 Vol.3,プロフェッショナル修斗公式戦,,PRO_SHOOTO_MAINLINE,4584,,,フライ級,5分2R,1816,大竹塁,RISING SUN,計量結果 :56.7 Kg,,1661,宇佐美泰生,修斗GYM東京,計量結果 :56.6 Kg,,F1_LOSS_F2_WIN,opacity (single fighter dimmed),1,03:19,ko,KO,,［レフェリー］長瀬 達郎 ＊青・宇佐美がトーナメント2回戦に進出。 2回戦では石原 大空（パラエストラ岐阜）と小鉄（総合格闘技道場STF）の勝者との対戦が決定
253,2026-05-17,【第1部】PROFESSIONAL SHOOTO 2026 Vol.3,プロフェッショナル修斗公式戦,,PRO_SHOOTO_MAINLINE,4585,,,フェザー級,5分2R,1904,小川龍斗,RISING SUN,計量結果 :65.8 Kg,,1955,塩沼諒太,パラエストラ小岩,計量結果 :65.7 Kg,,F1_WIN_F2_LOSS,opacity (single fighter dimmed),1,00:44,f,反則失格,,［レフェリー］長瀬 達郎 ＊1R、青：塩沼によるローブローで 赤：小川が試合続行不可能、塩沼の失格負けとなり勝者小川 ＊赤・小川がトーナメント2回戦に進出。 2回戦ではコッシーりょう（ラッソーナ）との対戦が決定
253,2026-05-17,【第1部】PROFESSIONAL SHOOTO 2026 Vol.3,プロフェッショナル修斗公式戦,,PRO_SHOOTO_MAINLINE,4589,,,女子,8分1R,1573,前澤智,リバーサルジム東京スタンドアウト,計量結果 :50.1 Kg,,1838,奥田愛加,N★TRUST,計量結果 :50.6 Kg,,F1_WIN_F2_LOSS,opacity (single fighter dimmed),1,04:06,submision,TS,ヒールフック,［レフェリー］福田 正人
253,2026-05-17,【第1部】PROFESSIONAL SHOOTO 2026 Vol.3,プロフェッショナル修斗公式戦,,PRO_SHOOTO_MAINLINE,4604,,,フェザー級,3分2R,1961,今井大暢,FIGHT FARM,計量結果 :65.2 Kg,,1962,雑賀晴士,パラエストラTB,計量結果 :65.2 Kg,,F1_LOSS_F2_WIN,opacity (single fighter dimmed),1,02:03,submision,TS,リアネイキッドチョーク,［レフェリー］渡辺 明伸
253,2026-05-17,【第1部】PROFESSIONAL SHOOTO 2026 Vol.3,プロフェッショナル修斗公式戦,,PRO_SHOOTO_MAINLINE,4605,,,バンタム級,2分2R,1963,小柳竜星,HAGANE GYM,計量結果 :60.9 Kg,,1964,大川夏生,パラエストラ小岩,計量結果 :60.9 Kg,,F1_WIN_F2_LOSS,score 1-0 (overrides opacity if needed),,,ud,判定 1-0,,［レフェリー］渡辺 明伸 ［ジャッジ］ 片岡 誠人19-19（1R 10-9／2R 9-10） 長瀬 達郎 19-19（1R 10-9／2R 9-10） 福田 正人20-18（1R 10-9／2R 10-9）
265,2026-04-26,BORDER2026「The1st」,プロフェッショナル修斗公式戦,大阪市平野区／コミュニティプラザ平野,BORDER;PRO_SHOOTO_MAINLINE,4594,8,,バンタム級,5分2R,200,エダ塾長こうすけ,MIBURO,計量結果 :61.1 Kg,,1726,小見山瞬,BURST,計量結果 :61.1 Kg,,F1_WIN_F2_LOSS,opacity (single fighter dimmed),2,00:46,ko,KO,,［レフェリー］片岡 誠人 ［ジャッジ］ 豊島 孝尚 1R 10-9 加納 学 1R 10-9 安芸 佳孝 1R 10-9
265,2026-04-26,BORDER2026「The1st」,プロフェッショナル修斗公式戦,大阪市平野区／コミュニティプラザ平野,BORDER;PRO_SHOOTO_MAINLINE,4595,7,,フェザー級,5分2R,1957,西村良太,正道会館菱川道場,計量結果 :65.5 Kg,,1788,ISODA,直心会生野道場TK68,計量結果 :65.3 Kg,,F1_LOSS_F2_WIN,opacity (single fighter dimmed),1,04:20,ko,KO,,［レフェリー］片岡 誠人
265,2026-04-26,BORDER2026「The1st」,プロフェッショナル修斗公式戦,大阪市平野区／コミュニティプラザ平野,BORDER;PRO_SHOOTO_MAINLINE,4596,6,,バンタム級,5分2R,127,奇天烈,修斗GYMS直心会,計量結果 :61.0 Kg,,1459,小川隼人,修斗GYM神戸,計量結果 :60.8 Kg,,F1_WIN_F2_LOSS,opacity (single fighter dimmed),1,02:22,ko,KO,,［レフェリー］加納 学
265,2026-04-26,BORDER2026「The1st」,プロフェッショナル修斗公式戦,大阪市平野区／コミュニティプラザ平野,BORDER;PRO_SHOOTO_MAINLINE,4597,5,,フェザー級,5分2R,1747,大西佑磨,総合格闘技ゴンズジム,計量結果 :65.7 Kg,,669,久保村ヨシTERU,飛翔塾コンドル,計量結果 :65.3 Kg,,F1_WIN_F2_LOSS,score 3-0 (overrides opacity if needed),,,ud,判定 3-0,,［レフェリー］片岡 誠人 ［ジャッジ］ 豊島 孝尚 20-18（1R 10-9／2R 10-9） 加納 学 20-18（1R 10-9／2R 10-9） 安芸 佳孝 20-18（1R 10-9／2R 10-9）
265,2026-04-26,BORDER2026「The1st」,プロフェッショナル修斗公式戦,大阪市平野区／コミュニティプラザ平野,BORDER;PRO_SHOOTO_MAINLINE,4598,4,,フライ級,5分2R,1722,山本壮馬,パラエストラ和泉,計量結果 :56.7 Kg,,1842,浅井大海,柔術&MMAアカデミーG-face,計量結果 :56.4 Kg,,F1_WIN_F2_LOSS,opacity (single fighter dimmed),1,01:29,ko,KO,,［レフェリー］加納 学
265,2026-04-26,BORDER2026「The1st」,プロフェッショナル修斗公式戦,大阪市平野区／コミュニティプラザ平野,BORDER;PRO_SHOOTO_MAINLINE,4599,3,,フライ級,5分2R,223,西村大地,パラエストラ天満,計量結果 :56.7 Kg,,1711,南裕人,volcano柔術&mma,計量結果 :56.7 Kg,,F1_WIN_F2_LOSS,score 3-0 (overrides opacity if needed),,,ud,判定 3-0,,［レフェリー］片岡 誠人 ［ジャッジ］ 豊島 孝尚 20-18（1R 10-9／2R 10-9） 加納 学 20-18（1R 10-9／2R 10-9） 安芸 佳孝 20-18（1R 10-9／2R 10-9）
265,2026-04-26,BORDER2026「The1st」,プロフェッショナル修斗公式戦,大阪市平野区／コミュニティプラザ平野,BORDER;PRO_SHOOTO_MAINLINE,4600,2,,フライ級,5分2R,1867,於久孝充,G-FREE,計量結果 :56.6 Kg,,1611,木下皓介,GROUND CORE,計量結果 :56.7 Kg,,F1_WIN_F2_LOSS,opacity (single fighter dimmed),1,03:05,ko,KO,,［レフェリー］加納 学
265,2026-04-26,BORDER2026「The1st」,プロフェッショナル修斗公式戦,大阪市平野区／コミュニティプラザ平野,BORDER;PRO_SHOOTO_MAINLINE,4601,1,,,5分2R,1723,岡本一志,修斗GYMS直心会,計量結果 :51.8 Kg,,1958,植村天翔,MIBURO,計量結果 :52.2 Kg,,F1_WIN_F2_LOSS,opacity (single fighter dimmed),1,01:42,ko,KO,,［レフェリー］片岡 誠人
265,2026-04-26,BORDER2026「The1st」,プロフェッショナル修斗公式戦,大阪市平野区／コミュニティプラザ平野,BORDER;PRO_SHOOTO_MAINLINE,4602,,,フライ級,3分2R,1959,伊藤瑛大郎,総合格闘技reliable,計量結果 :56.3 Kg,,1960,有木拓未,修斗ジムASH,計量結果 :56.5 Kg,,F1_WIN_F2_LOSS,score 1-0 (overrides opacity if needed),,,ud,判定 1-0,,［レフェリー］片岡 誠人 ［ジャッジ］ 豊島 孝尚 20-18（1R 10-9／2R 10-9） 加納 学 19-19（1R 10-9／2R 9-10） 安芸 佳孝 19-19（1R 10-10／2R 9-10）
264,2026-04-19,Lemino修斗.5,【NTTdocomo PRESENTS】プロフェッショナル修斗公式戦沖縄大会,,OKINAWA_REGIONAL;PRO_SHOOTO_MAINLINE,4567,10,,ウェルター級,5分3R,1564,西條英成,THE BLACKBELT JAPAN沖縄,計量結果 :77.1 Kg,,1945,マコアクーパー,Tribe Of Judah,計量結果 :76.6 Kg,,F1_LOSS_F2_WIN,score 0-3 (overrides opacity if needed),,,ud,判定 0-3,,［レフェリー］片岡 誠人 ［ジャッジ］ 豊永 稔27-30 （1R 9-10／2R 9-10／3R 9-10） 橋本 貴27-30 （1R 9-10／2R 9-10／3R 9-10） 小生 隆弘27-30 （1R 9-10／2R 9-10／3R 9-10）
264,2026-04-19,Lemino修斗.5,【NTTdocomo PRESENTS】プロフェッショナル修斗公式戦沖縄大会,,OKINAWA_REGIONAL;PRO_SHOOTO_MAINLINE,4569,9,,女子アトム級,5分3R,1694,徳本望愛,THE BLACKBELT JAPAN,計量結果 :47.4 Kg,,1946,イボバイエ,MOB Training Center,計量結果 :47.4 Kg,,F1_WIN_F2_LOSS,score 3-0 (overrides opacity if needed),,,ud,判定 3-0,,［レフェリー］豊永 稔 ［ジャッジ］ 片岡 誠人30-27 （1R 10-9／2R 10-9／3R 10-9） 橋本 貴30-26 （1R 10-8／2R 10-9／3R 10-9） 小生 隆弘30-27 （1R 10-9／2R 10-9／3R 10-9）
264,2026-04-19,Lemino修斗.5,【NTTdocomo PRESENTS】プロフェッショナル修斗公式戦沖縄大会,,OKINAWA_REGIONAL;PRO_SHOOTO_MAINLINE,4570,8,,,5分3R,1947,吉野光,Galana Group,計量結果 :61.1 Kg,,1094,伊集龍皇,パラエストラ小岩,計量結果 :61.0 Kg,,F1_WIN_F2_LOSS,score 3-0 (overrides opacity if needed),,,ud,判定 3-0,,［レフェリー］豊永 稔 ［ジャッジ］ 片岡 誠人30-27 （1R 10-9／2R 10-9／3R 10-9） 橋本 貴29-28（1R 10-9／2R 9-10／3R 10-9） 小生 隆弘30-27（1R 10-9／2R 10-9／3R 10-9）
264,2026-04-19,Lemino修斗.5,【NTTdocomo PRESENTS】プロフェッショナル修斗公式戦沖縄大会,,OKINAWA_REGIONAL;PRO_SHOOTO_MAINLINE,4571,7,,,5分3R,1176,当真佳直,reversaL Gym OKINAWA CROSS×LINE,計量結果 :52.0 Kg,,1754,友利幸汰,パラエストラ小岩,計量結果 :52.1 Kg,,F1_WIN_F2_LOSS,opacity (single fighter dimmed),1,00:27,submision,S,フロントチョーク,［レフェリー］豊永 稔
264,2026-04-19,Lemino修斗.5,【NTTdocomo PRESENTS】プロフェッショナル修斗公式戦沖縄大会,,OKINAWA_REGIONAL;PRO_SHOOTO_MAINLINE,4572,6,,フライ級,5分3R,1753,梅筋毒一郎,総合格闘技道場コブラ会,計量結果 :56.4 Kg,,1875,砂辺光久,reversaL Gym OKINAWA CROSS×LINE,計量結果 :56.7 Kg,,F1_LOSS_F2_WIN,score 0-2 (overrides opacity if needed),,,ud,判定 0-2,,［レフェリー］片岡 誠人 ［ジャッジ］ 豊永 稔27-30（1R 9-10／2R 9-10／3R 9-10） 橋本 貴29-28 （1R 9-10／2R 10-9／3R 10-9） 小生 隆弘28-29（1R 9-10／2R 9-10／3R 10-9）
264,2026-04-19,Lemino修斗.5,【NTTdocomo PRESENTS】プロフェッショナル修斗公式戦沖縄大会,,OKINAWA_REGIONAL;PRO_SHOOTO_MAINLINE,4573,5,,,5分2R,1948,チョンウィングプイ,修斗GYM香港,計量結果 :62.9 Kg,,1949,竹見隆史郎,パラエストラROX,計量結果 :62.9 Kg,,F1_LOSS_F2_WIN,opacity (single fighter dimmed),1,01:38,submision,S,リアネイキッドチョーク,［レフェリー］片岡 誠人
264,2026-04-19,Lemino修斗.5,【NTTdocomo PRESENTS】プロフェッショナル修斗公式戦沖縄大会,,OKINAWA_REGIONAL;PRO_SHOOTO_MAINLINE,4574,4,,バンタム級,5分2R,1577,松岡琉之介,MASTER JAPAN FUKUOKA,計量結果 :61.2 Kg,,1755,水嶋敬志,THE BLACKBELT JAPAN,計量結果 :61.2 Kg,,F1_WIN_F2_LOSS,score 2-0 (overrides opacity if needed),,,ud,判定 2-0,,［レフェリー］橋本 貴 ［ジャッジ］ 片岡 誠人19-19（1R 10-9／2R 9-10） 豊永 稔20-18（1R 10-9／2R 10-9） 小生 隆弘20-18（1R 10-9／2R 10-9）
264,2026-04-19,Lemino修斗.5,【NTTdocomo PRESENTS】プロフェッショナル修斗公式戦沖縄大会,,OKINAWA_REGIONAL;PRO_SHOOTO_MAINLINE,4575,3,,バンタム級,5分2R,1304,藤谷敦史,MASTER JAPAN FUKUOKA,計量結果 :61.1 Kg,,1800,下間英史,THE BLACKBELT JAPAN,計量結果 :61.2 Kg,,DRAW,"note judge tallies [('19', '19'), ('19', '19'), ('19', '19')] -> favors1=0 favors2=0 ties=3 (even)",,,,,,［レフェリー］橋本 貴 ［ジャッジ］ 片岡 誠人19-19（1R 9-10／2R 10-9） 豊永 稔19-19（1R 9-10／2R 10-9） 小生 隆弘19-19（1R 9-10／2R 10-9）
264,2026-04-19,Lemino修斗.5,【NTTdocomo PRESENTS】プロフェッショナル修斗公式戦沖縄大会,,OKINAWA_REGIONAL;PRO_SHOOTO_MAINLINE,4576,2,,バンタム級,5分2R,1859,彬大,roots,計量結果 :61.1 Kg,,1950,親盛拓巳,THE BLACKBELT JAPAN,計量結果 :61.0 Kg,,DRAW,"note judge tallies [('19', '19'), ('19', '19'), ('19', '19')] -> favors1=0 favors2=0 ties=3 (even)",,,,,,［レフェリー］橋本 貴 ［ジャッジ］ 片岡 誠人19-19（1R 9-10／2R 10-9） 豊永 稔19-19（1R 9-10／2R 10-9） 小生 隆弘19-19（1R 9-10／2R 10-9）
264,2026-04-19,Lemino修斗.5,【NTTdocomo PRESENTS】プロフェッショナル修斗公式戦沖縄大会,,OKINAWA_REGIONAL;PRO_SHOOTO_MAINLINE,4577,1,,フライ級,5分2R,1951,竹本蒼天,毛利道場,計量結果 :56.2 Kg,,1270,玉城悠,THE BLACKBELT JAPAN,計量結果 :56.0 Kg,,F1_LOSS_F2_WIN,opacity (single fighter dimmed),1,01:37,tko,TKO,,［レフェリー］片岡 誠人
264,2026-04-19,Lemino修斗.5,【NTTdocomo PRESENTS】プロフェッショナル修斗公式戦沖縄大会,,OKINAWA_REGIONAL;PRO_SHOOTO_MAINLINE,4578,,,女子ストロー級,3分2R,1952,横田翔子,毛利道場,計量結果 :51.9 Kg,,1953,宜保紅里,THE BLACKBELT JAPAN,計量結果 :51.5 Kg,,F1_LOSS_F2_WIN,opacity (single fighter dimmed),2,02:28,submision,S,腕十字固め,［レフェリー］小生 隆弘 ［ジャッジ］ 片岡 誠人1R 9-10 豊永 稔1R 9-10 橋本 貴1R 9-10
252,2026-04-11,SHOOTO GIG TOKYO Vol.41,プロフェッショナル修斗公式戦,,GIG_UNDERCARD_SERIES;PRO_SHOOTO_MAINLINE,4531,11,,バンタム級,5分3R,1658,人見礼王,修斗GYM東京,計量結果 :61.1 Kg,,1808,福元大貴,リバーサルジム立川ALPHA,計量結果 :61.2 Kg,,F1_WIN_F2_LOSS,score 3-0 (overrides opacity if needed),,,ud,判定 3-0,,［レフェリー］片岡 誠人 ［ジャッジ］ 片岡 誠人30-27 （1R 10-9／2R 10-9／3R 10-9） 岡田 剛史 30-27 （1R 10-9／2R 10-9／3R 10-9） 長瀬 達郎 30-27 （1R 10-9／2R 10-9／3R 10-9）
252,2026-04-11,SHOOTO GIG TOKYO Vol.41,プロフェッショナル修斗公式戦,,GIG_UNDERCARD_SERIES;PRO_SHOOTO_MAINLINE,4533,10,,ストロー級,5分2R,1713,友利琉偉,パラエストラ小岩,計量結果 :52.0 Kg,,1801,賢人,BJ MMA SCHOOL,計量結果 :51.9 Kg,,F1_WIN_F2_LOSS,opacity (single fighter dimmed),1,02:00,ko,KO,,［レフェリー］岡田 剛史
252,2026-04-11,SHOOTO GIG TOKYO Vol.41,プロフェッショナル修斗公式戦,,GIG_UNDERCARD_SERIES;PRO_SHOOTO_MAINLINE,4532,9,,フェザー級,5分2R,1561,澤江優侍,フリー,計量結果 :65.8 Kg,,1781,齋藤優,フリー,計量結果 :65.8 Kg,,F1_LOSS_F2_WIN,score 0-3 (overrides opacity if needed),,,ud,判定 0-3,,［レフェリー］片岡 誠人 ［ジャッジ］ 片岡 誠人17-19（1R 9-10／2R 8-9） 岡田 剛史 17-19（1R 9-10／2R 8-9） 長瀬 達郎 17-19（1R 9-10／2R 8-9） ＊2R、青：齋藤によるグランド状態での膝蹴りの反則のため減点1
252,2026-04-11,SHOOTO GIG TOKYO Vol.41,プロフェッショナル修斗公式戦,,GIG_UNDERCARD_SERIES;PRO_SHOOTO_MAINLINE,4534,8,,バンタム級,5分2R,1903,武田勇輝,MASTER JAPAN TOKYO,計量結果 :61.0 Kg,,1901,吉村拓海,TRIBE TOKYO M.M.A,計量結果 :61.1 Kg,,F1_LOSS_F2_WIN,score 0-3 (overrides opacity if needed),,,ud,判定 0-3,,［レフェリー］長瀬 達郎 ［ジャッジ］ 片岡 誠人20-18（1R 9-10／2R 9-10） 岡田 剛史 20-18（1R 9-10／2R 9-10） 鍋久保 雄太20-18（1R 9-10／2R 9-10）
252,2026-04-11,SHOOTO GIG TOKYO Vol.41,プロフェッショナル修斗公式戦,,GIG_UNDERCARD_SERIES;PRO_SHOOTO_MAINLINE,4535,7,,,5分2R,1864,松宮陸生,パラエストラ小岩,計量結果 :83.8 Kg,,1913,荘司英寿,Concilio,計量結果 :84.5 Kg,,F1_LOSS_F2_WIN,opacity (single fighter dimmed),1,04:39,submision,S,肩固め,［レフェリー］岡田 剛史 ［ジャッジ］ 片岡 誠人20-20（1R 10-10／2R 10-10） 鍋久保 雄太20-20（1R 10-10／2R 10-10） 長瀬 達郎 20-20（1R 10-10／2R 10-10）
252,2026-04-11,SHOOTO GIG TOKYO Vol.41,プロフェッショナル修斗公式戦,,GIG_UNDERCARD_SERIES;PRO_SHOOTO_MAINLINE,4536,6,,フェザー級,5分2R,1738,恵真,リバーサルジム立川ALPHA,計量結果 :65.5 Kg,,1915,ジャワ,FIGHTER`S FLOW,計量結果 :65.8 Kg,,F1_WIN_F2_LOSS,opacity (single fighter dimmed),1,02:17,f,反則失格,,［レフェリー］岡田 剛史 ※反則勝ちグランド状態の頭部への蹴り
252,2026-04-11,SHOOTO GIG TOKYO Vol.41,プロフェッショナル修斗公式戦,,GIG_UNDERCARD_SERIES;PRO_SHOOTO_MAINLINE,4537,5,,トライアウト,3分2R,1916,小島亮介,"リバーサルジム新宿Me,We",計量結果 :63.5 Kg,,1917,倉冨立聖,Concilio,計量結果 :63.2 Kg,,F1_LOSS_F2_WIN,score 0-2 (overrides opacity if needed),,,ud,判定 0-2,,［レフェリー］長瀬 達郎 ［ジャッジ］ 片岡 誠人19-19（1R 10-9／2R 9-10） 岡田 剛史 20-18（1R 9-10／2R 9-10） 鍋久保 雄太20-18（1R 9-10／2R 9-10）
252,2026-04-11,SHOOTO GIG TOKYO Vol.41,プロフェッショナル修斗公式戦,,GIG_UNDERCARD_SERIES;PRO_SHOOTO_MAINLINE,4550,4,,トライアウト,3分2R,1693,武田昂大,リバーサルジム東京スタンドアウト,計量結果 :65.6 Kg,,1927,田中永遠,暁道場,計量結果 :65.5 Kg,,F1_WIN_F2_LOSS,score 3-0 (overrides opacity if needed),,,ud,判定 3-0,,［レフェリー］長瀬 達郎 ［ジャッジ］ 片岡 誠人20-18（1R 10-9／2R 10-9） 岡田 剛史 20-17（1R 10-9／2R 10-8） 鍋久保 雄太19-18（1R 9-10／2R 10-8）
252,2026-04-11,SHOOTO GIG TOKYO Vol.41,プロフェッショナル修斗公式戦,,GIG_UNDERCARD_SERIES;PRO_SHOOTO_MAINLINE,4551,3,,アマチュア修斗,3分2R,1928,石井嵩人,パラエストラ小岩,計量結果 :60.7 Kg,,1929,蓮沼祐,"リバーサルジム新宿Me,We",計量結果 :58.7 Kg,,F1_WIN_F2_LOSS,score 2-0 (overrides opacity if needed),,,ud,判定 2-0,,［レフェリー］鍋久保 雄太 ［ジャッジ］ 片岡 誠人19-19（1R 10-9／2R 9-10） 岡田 剛史 20-18（1R 10-9／2R 10-9） 長瀬 達郎 20-18（1R 10-9／2R 10-9）
252,2026-04-11,SHOOTO GIG TOKYO Vol.41,プロフェッショナル修斗公式戦,,GIG_UNDERCARD_SERIES;PRO_SHOOTO_MAINLINE,4552,2,,アマチュア修斗,3分2R,1930,伊原快,パラエストラ小岩,計量結果 :65.6 Kg,,1931,瀬戸悠介,HAGANE GYM,計量結果 :65.3 Kg,,F1_LOSS_F2_WIN,score 0-2 (overrides opacity if needed),,,ud,判定 0-2,,［レフェリー］鍋久保 雄太 ［ジャッジ］ 片岡 誠人18-20（1R 9-10／2R 9-10） 岡田 剛史 19-19（1R 9-10／2R 10-9） 長瀬 達郎 18-20（1R 9-10／2R 9-10）
252,2026-04-11,SHOOTO GIG TOKYO Vol.41,プロフェッショナル修斗公式戦,,GIG_UNDERCARD_SERIES;PRO_SHOOTO_MAINLINE,4553,1,,アマチュア修斗,3分2R,1932,畑中人龍,FIGHTER`S FLOW,計量結果 :65.6 Kg,,1933,木村元康,HAGANE GYM,計量結果 :65.0 Kg,,F1_WIN_F2_LOSS,score 3-0 (overrides opacity if needed),,,ud,判定 3-0,,［レフェリー］鍋久保 雄太 ［ジャッジ］ 片岡 誠人20-18（1R 10-9／2R 10-9） 岡田 剛史 20-18（1R 10-9／2R 10-9） 長瀬 達郎 20-18（1R 10-9／2R 10-9）
263,2026-04-05,越後風神祭り16【第1部】,プロフェッショナル修斗公式戦,新潟LOTS,ECHIGO_REGIONAL;PRO_SHOOTO_MAINLINE,4554,3,,,5分2R,1806,塩野谷容大,ファイティングラボ新潟,計量結果 :58.4 Kg,,1934,湯舟流空,FourRhombus,計量結果 :56.7 Kg,,F1_LOSS_F2_WIN,opacity (single fighter dimmed),1,03:54,tko,TKO,,［レフェリー］片岡 誠人
263,2026-04-05,越後風神祭り16【第1部】,プロフェッショナル修斗公式戦,新潟LOTS,ECHIGO_REGIONAL;PRO_SHOOTO_MAINLINE,4555,2,,フェザー級,5分2R,1857,塩津奏太,心技館,計量結果 :65.8 Kg,,1935,コッシーりょう,アカデミア・ラッソーナ,計量結果 :65.8 Kg,,F1_LOSS_F2_WIN,score 1-2 (overrides opacity if needed),,,ud,判定 1-2,,［レフェリー］大内 敬 ［ジャッジ］ 片岡 誠人18-20（1R 9-10／2R 9-10） 藤石 義和 20-18（1R 10-9／2R 10-9） 佐藤 裕介 18-20（1R 9-10／2R 9-10） ＊青:コッシーりょうはトーナメント準決勝に進出。
263,2026-04-05,越後風神祭り16【第1部】,プロフェッショナル修斗公式戦,新潟LOTS,ECHIGO_REGIONAL;PRO_SHOOTO_MAINLINE,4556,1,,ストロー級,5分2R,1936,工藤優真,roots,計量結果 :52.2 Kg,,1937,知輝,SAI-GYM,計量結果 :52.0 Kg,,F1_WIN_F2_LOSS,score 3-0 (overrides opacity if needed),,,ud,判定 3-0,,［レフェリー］大内 敬 ［ジャッジ］ 片岡 誠人20-17（1R 10-9／2R 10-8） 藤石 義和 20-17（1R 10-9／2R 10-8） 佐藤 裕介 20-17（1R10-9／2R 10-8） ＊2R青:知輝ロープ掴みの為減点1 ＊赤:工藤がトーナメント準決勝に進出。 第2ラウンド3分20秒過ぎ、リアネイキッドチョークによるフィニッシュにつながる攻防において、青：知輝がロープを掴むことで体勢を維持し、一本勝ちへとつながったため。 以上の反則行為を踏まえ ・知輝の一本勝ちを無効 ・青：知輝をロープ掴みで減点1を与え、試合結果を第2ラウンド3分20秒時点までの判定による裁定へと変更。 その結果、工藤選手の判定勝ちへと試合結果を変更。勝利した工藤選手が新人王トーナメント準決勝へ進出いたします。
282,2026-04-05,越後風神祭り16【第2部】,プロフェッショナル修斗公式戦,新潟LOTS,ECHIGO_REGIONAL;PRO_SHOOTO_MAINLINE,4557,8,,フェザー級,5分2R,287,佐々木郁矢,T-Pleasure,計量結果 :65.6 Kg,,1938,鈴木賛市朗,SAI-GYM,計量結果 :65.6 Kg,,F1_LOSS_F2_WIN,score 0-3 (overrides opacity if needed),,,ud,判定 0-3,,［レフェリー］片岡 誠人 ［ジャッジ］ 大内 敬 18-20（1R 9-10／2R 9-10） 藤石 義和 18-20（1R 9-10／2R 9-10） 佐藤 裕介 18-20（1R 9-10／2R 9-10）
282,2026-04-05,越後風神祭り16【第2部】,プロフェッショナル修斗公式戦,新潟LOTS,ECHIGO_REGIONAL;PRO_SHOOTO_MAINLINE,4558,7,,,5分2R,275,小川将貴,ピロクテテス新潟,計量結果 :68.0 Kg,,1314,紀州,ASH,計量結果 :67.7 Kg,,F1_WIN_F2_LOSS,score 2-0 (overrides opacity if needed),,,ud,判定 2-0,,［レフェリー］片岡 誠人 ［ジャッジ］ 大内 敬 19-19（1R 10-9／2R 9-10） 佐藤 裕介 20-18（1R 10-9／2R 10-9） 藤石 義和 20-18（1R 10-9／2R 10-9）
282,2026-04-05,越後風神祭り16【第2部】,プロフェッショナル修斗公式戦,新潟LOTS,ECHIGO_REGIONAL;PRO_SHOOTO_MAINLINE,4559,6,,フライ級,5分2R,1939,平賢二郎,ロータス福岡古賀道場,計量結果 :56.4 Kg,,1862,井上颯人,心技館,計量結果 :56.6 Kg,,F1_WIN_F2_LOSS,score 3-0 (overrides opacity if needed),,,ud,判定 3-0,,［レフェリー］大内 敬 ［ジャッジ］ 佐藤 裕介 20-18（1R 10-9／2R 10-9） 片岡 誠人20-18（1R 10-9／2R 10-9） 藤石 義和 20-18（1R 10-9／2R 10-9）
282,2026-04-05,越後風神祭り16【第2部】,プロフェッショナル修斗公式戦,新潟LOTS,ECHIGO_REGIONAL;PRO_SHOOTO_MAINLINE,4560,5,,バンタム級,5分2R,1055,藤木龍一郎,和術慧舟會AKZA,計量結果 :60.8 Kg,,1807,上杉隼哉,ブレイブハート,計量結果 :61.0 Kg,,F1_LOSS_F2_WIN,opacity (single fighter dimmed),1,00:20,ko,KO,,［レフェリー］大内 敬
282,2026-04-05,越後風神祭り16【第2部】,プロフェッショナル修斗公式戦,新潟LOTS,ECHIGO_REGIONAL;PRO_SHOOTO_MAINLINE,4561,4,,,5分2R,1682,稲葉祥真,ASH,計量結果 :65.6 Kg,,1940,吉澤ジョアン英司,心技館,計量結果 :66.0 Kg,,F1_WIN_F2_LOSS,opacity (single fighter dimmed),2,03:37,submision,S,※肩固め,［レフェリー］大内 敬 ［ジャッジ］ 佐藤 裕介 1R 10-8 片岡 誠人1R 10-8 藤石 義和 1R 10-8 ※吉澤ジョアン英司が最終計量結果66.0kg、規定時間内に体重を落とすことできませんでしたが、赤:稲葉祥真が試合を希望した為、契約体重を66.0kgに変え試合をおこないます。なお体重オーバーした青:吉澤ジョアンは毎ラウンド減点1となります。
282,2026-04-05,越後風神祭り16【第2部】,プロフェッショナル修斗公式戦,新潟LOTS,ECHIGO_REGIONAL;PRO_SHOOTO_MAINLINE,4562,3,,ストロー級,5分2R,1778,TAKUMI,Bushi-Doo武士道,計量結果 :52.0 Kg,,1941,駒沢伊月,SAI-GYM,計量結果 :51.9 Kg,,F1_LOSS_F2_WIN,opacity (single fighter dimmed),2,01:51,submision,S,※三角絞め,［レフェリー］片岡 誠人 ［ジャッジ］ 佐藤 裕介 1R 8-10 大内 敬 1R 8-10 藤石 義和 1R 9-10
282,2026-04-05,越後風神祭り16【第2部】,プロフェッショナル修斗公式戦,新潟LOTS,ECHIGO_REGIONAL;PRO_SHOOTO_MAINLINE,4563,2,,,5分2R,1161,磯部雄太,駿東修闘クラブ,計量結果 :74.7 Kg,,1942,中西敦也,ASH,計量結果 :74.4 Kg,,UNRESOLVED,"both dimmed, no score, no judge tallies, no note keyword match",,,,,,
282,2026-04-05,越後風神祭り16【第2部】,プロフェッショナル修斗公式戦,新潟LOTS,ECHIGO_REGIONAL;PRO_SHOOTO_MAINLINE,4564,1,,グラップリング,5分2R,1495,社長THEHIGHBALL,DRAGON'S DEN,計量結果 :59.9 Kg,,1943,Ken,SAI-GYM,計量結果 :59.9 Kg,,DRAW,score tied 1-1,,,ud,判定 1-1,,［レフェリー］片岡 誠人 ［ジャッジ］ 大内 敬 19-19（1R 9-10／2R 10-9） 藤石 義和 19-19（1R 9-10／2R 10-9） 佐藤 裕介 20-18（1R 10-9／2R 10-9）
262,2026-03-30,Lemino修斗.4,【NTT DOCOMO presents】プロフェッショナル修斗公式戦後楽園大会,,PRO_SHOOTO_MAINLINE,4541,8,,ウェルター級,5分3R,1918,木下憂朔,キルクリフFC,計量結果 :77.5 Kg,,1919,ヴィクターバレンズエラ,MMA MASTERS,計量結果 :76.9 Kg,,F1_LOSS_F2_WIN,opacity (single fighter dimmed),2,04:13,ko,KO,,＊この試合はプロモーターの意向により試験的にワンポンドオーバーを採用しています。 ［レフェリー］福田 正人 ［ジャッジ］ 豊永 稔1R 10-9 植松 直哉1R 10-9 鍋久保 雄太1R 10-9
262,2026-03-30,Lemino修斗.4,【NTT DOCOMO presents】プロフェッショナル修斗公式戦後楽園大会,,PRO_SHOOTO_MAINLINE,4542,7,,フライ級,5分3R,1920,藤田大和,"リバーサルジム新宿Me,We",計量結果 :57.1 Kg,,1921,ルケコンセイソン,Revira Black Team,計量結果 :56.7 Kg,,F1_LOSS_F2_WIN,opacity (single fighter dimmed),1,04:10,ko,KO,,＊この試合はプロモーターの意向により試験的にワンポンドオーバーを採用しています。 ［レフェリー］豊永 稔
262,2026-03-30,Lemino修斗.4,【NTT DOCOMO presents】プロフェッショナル修斗公式戦後楽園大会,,PRO_SHOOTO_MAINLINE,4543,6,,バンタム級,5分3R,1680,中島陸,総合格闘技ゴンズジム,計量結果 :61.0 Kg,,1922,エリーワイズ,Pound 4 Pound MuayThai,計量結果 :61.25 Kg,,F1_WIN_F2_LOSS,opacity (single fighter dimmed),,,nm,不戦,,＊青:エリーワイズが昨日の前日計量をクリアできず、中島陸サイドが試合を了承した為、契約体重にて試合を行われる予定ではございましたが、 エリーワイズ陣営より第14章・第41条【規定ウェイト以外】内にあります、『変更前の規定ウェイトに達していなかった選手は全てのラウンドで1ポイントの減点となる。』を了承する事ができない事を理由に試合を辞退するという旨が主催者に入りました。 繰り返し交渉を行いましたが、合意に至らずエリーワイズこの試合を放棄した為、この試合を中止とさせていただきます。 その結果、バンタム級サバイバートーナメントリバイバル 2026の1stラウンド中島選手は不戦勝となりまして、2ndラウンド進出となります。
262,2026-03-30,Lemino修斗.4,【NTT DOCOMO presents】プロフェッショナル修斗公式戦後楽園大会,,PRO_SHOOTO_MAINLINE,4544,5,,バンタム級,5分3R,777,青柳洸志,修斗GYM神戸,計量結果 :60.9 Kg,,1221,神田T800周一,KTC MMA,計量結果 :61.2 Kg,,F1_WIN_F2_LOSS,score 3-0 (overrides opacity if needed),,,ud,判定 3-0,,［レフェリー］鍋久保 雄太 ［ジャッジ］ 福田 正人30-27 （1R 10-9／2R 10-9／3R 10-9） 植松 直哉30-27 （1R 10-9／2R 10-9／3R 10-9） 豊永 稔30-27 （1R 10-9／2R 10-9／3R 10-9）
262,2026-03-30,Lemino修斗.4,【NTT DOCOMO presents】プロフェッショナル修斗公式戦後楽園大会,,PRO_SHOOTO_MAINLINE,4545,4,,フェザー級,5分3R,1425,宇藤彰貴,総合格闘技道場ゴンズジム,計量結果 :65.8 Kg,,1923,カイルマヨッキ,City Kickboxing,計量結果 :65.5 Kg,,F1_LOSS_F2_WIN,opacity (single fighter dimmed),1,02:04,submision,S,リアネイキッドチョーク,［レフェリー］植松 直哉
262,2026-03-30,Lemino修斗.4,【NTT DOCOMO presents】プロフェッショナル修斗公式戦後楽園大会,,PRO_SHOOTO_MAINLINE,4546,3,,ストロー級,5分3R,1302,畠山隆称,THE BLACKBELT JAPAN沖縄,計量結果 :51.9 Kg,,142,内藤頌貴,THE BLACKBELT JAPAN,計量結果 :52.1 Kg,,F1_LOSS_F2_WIN,score 0-2 (overrides opacity if needed),,,ud,判定 0-2,,［レフェリー］ ［ジャッジ］植松 直哉 橋本 貴28-29 （1R 10-9／2R 9-10／3R 9-10） 福田 正人28-28（1R 10-8／2R 9-10／3R 9-10） 豊永 稔28-29（1R 10-9／2R 9-10／3R 9-10）
262,2026-03-30,Lemino修斗.4,【NTT DOCOMO presents】プロフェッショナル修斗公式戦後楽園大会,,PRO_SHOOTO_MAINLINE,4547,2,,フライ級,5分3R,1636,シモンスズキ,和術慧舟會HEARTS,計量結果 :56.4 Kg,,1924,饒平名知靖,和術慧舟會K太郎道場,計量結果 :56.4 Kg,,F1_WIN_F2_LOSS,score 3-0 (overrides opacity if needed),,,ud,判定 3-0,,［レフェリー］福田 正人 ［ジャッジ］ 橋本 貴29-28 （1R 9-10／2R 10-9／3R 10-9） 植松 直哉29-28（1R 9-10／2R 10-9／3R 10-9） 豊永 稔30-27 （1R 10-9／2R 10-9／3R 10-9）
262,2026-03-30,Lemino修斗.4,【NTT DOCOMO presents】プロフェッショナル修斗公式戦後楽園大会,,PRO_SHOOTO_MAINLINE,4548,1,,,5分2R,1060,モリシマン,STYLE PLUS GYM,計量結果 :68.8 Kg,,1242,宮路智之,THE BLACKBELT JAPAN,計量結果 :68.5 Kg,,F1_WIN_F2_LOSS,opacity (single fighter dimmed),1,03:45,submision,S,リアネイキッドチョーク,［レフェリー］橋本 貴
262,2026-03-30,Lemino修斗.4,【NTT DOCOMO presents】プロフェッショナル修斗公式戦後楽園大会,,PRO_SHOOTO_MAINLINE,4549,,,キッズ・ジュニア修斗,3分1R,1925,河上琥珀,THE BLACKBELT JAPAN,計量結果 :38.8 Kg,,1926,大貫翔葵,心技舘さがみ野道場,計量結果 :37.9 Kg,,F1_WIN_F2_LOSS,score 3-0 (overrides opacity if needed),,,ud,判定 3-0,,［レフェリー］鍋久保 雄太 ［ジャッジ］ 橋本 貴10-9 福田 正人10-9 豊永 稔10-9
251,2026-03-29,PROFESSIONAL SHOOTO 2026 Vol.2,プロフェッショナル修斗公式戦,,PRO_SHOOTO_MAINLINE,4512,10,,ライト級,5分5R,1056,キャプテン☆アフリカ,総合格闘技道場コブラ会,計量結果 :70.2 Kg,captain-africa,1537,エフェヴィガ雄志,TRIBE TOKYO M.M.A,計量結果 :69.8 Kg,efeviga-yushi,F1_LOSS_F2_WIN,opacity (single fighter dimmed),2,02:45,ko,KO,,［レフェリー］片岡 誠人 ［ジャッジ］ 豊永 稔1R 9-10 鍋久保 雄太1R 9-10 石川 喬也 1R 9-10
251,2026-03-29,PROFESSIONAL SHOOTO 2026 Vol.2,プロフェッショナル修斗公式戦,,PRO_SHOOTO_MAINLINE,4516,9,,女子アトム級,5分5R,1274,中村未来,マルスジム,計量結果 :47.4 Kg,,1850,青野ひかる,FIGHT LYNX,計量結果 :47.6 Kg,,F1_LOSS_F2_WIN,score 0-3 (overrides opacity if needed),,,ud,判定 0-3,,［レフェリー］植松 直哉 ［ジャッジ］ 片岡 誠人46-49 （1R 9-10／2R 9-10／3R 10-9／4R 9-10／5R 9-10） 石川 喬也 47-48 （1R 9-10／2R 9-10／3R 10-9／4R 10-9／5R 9-10） 豊永 稔47-48 （1R 9-10／2R 9-10／3R 10-9／4R 10-9／5R 9-10）
251,2026-03-29,PROFESSIONAL SHOOTO 2026 Vol.2,プロフェッショナル修斗公式戦,,PRO_SHOOTO_MAINLINE,4513,8,,フライ級,5分3R,959,関口祐冬,修斗GYM東京,計量結果 :56.6 Kg,,940,中村優作,TEAM FAUST,計量結果 :56.5 Kg,nakamura-yusaku,DRAW,"note judge tallies [('28', '28')] -> favors1=0 favors2=0 ties=1 (even)",,,,,,［レフェリー］植松 直哉 ［ジャッジ］ 片岡 誠人28-28（1R 9-10／2R 10-8／3R 9-10） 石川 喬也 28-29 （1R 9-10／2R 10-9／3R 9-10） 豊永 稔 28-28 （1R 9-10／2R 10-8／3R 9-10）
251,2026-03-29,PROFESSIONAL SHOOTO 2026 Vol.2,プロフェッショナル修斗公式戦,,PRO_SHOOTO_MAINLINE,4517,7,,フライ級,5分3R,1067,高岡宏気,FORCE GYM,計量結果 :56.6 Kg,takaoka-hiroki,1635,杉本静弥,THE BLACKBELT JAPAN,計量結果 :56.5 Kg,,F1_WIN_F2_LOSS,opacity (single fighter dimmed),3,00:58,submision,S,リアネイキッドチョーク,［レフェリー］豊永 稔 ［ジャッジ］ 石川 喬也 1R 9-10／2R 10-9 植松 直哉 1R 9-10／2R 10-9 片岡 誠人1R 9-10／2R 10-9
251,2026-03-29,PROFESSIONAL SHOOTO 2026 Vol.2,プロフェッショナル修斗公式戦,,PRO_SHOOTO_MAINLINE,4526,6,,バンタム級,5分3R,1614,杉野光星,ALLIANCE,計量結果 :61.2 Kg,,1483,中野剛貴,NAUGHTY HOUSE,計量結果 :61.1 Kg,,F1_LOSS_F2_WIN,opacity (single fighter dimmed),1,03:22,ko,KO,,［レフェリー］植松 直哉
251,2026-03-29,PROFESSIONAL SHOOTO 2026 Vol.2,プロフェッショナル修斗公式戦,,PRO_SHOOTO_MAINLINE,4527,5,,フライ級,5分3R,1179,中池武寛,パラエストラ小岩,計量結果 :56.4 Kg,,1851,ザヒドアフメドフ,TEAM侍,計量結果 :56.6 Kg,,F1_WIN_F2_LOSS,opacity (single fighter dimmed),1,00:26,ko,KO,,［レフェリー］豊永 稔
251,2026-03-29,PROFESSIONAL SHOOTO 2026 Vol.2,プロフェッショナル修斗公式戦,,PRO_SHOOTO_MAINLINE,4514,4,,女子スーパーアトム級,5分2R,1656,高本千代,高本道場,計量結果 :49.9 Kg,,1793,村上彩,修斗GYM東京,計量結果 :49.7 Kg,,F1_WIN_F2_LOSS,score 2-0 (overrides opacity if needed),,,ud,判定 2-0,,［レフェリー］石川 喬也 ［ジャッジ］ 片岡 誠人19-19（1R 10-9／2R 9-10） 植松 直哉 20-18（1R 10-9／2R 10-9） 渡辺 明伸20-18（1R 10-9／2R 10-9）
251,2026-03-29,PROFESSIONAL SHOOTO 2026 Vol.2,プロフェッショナル修斗公式戦,,PRO_SHOOTO_MAINLINE,4528,3,,フライ級,5分3R,1669,岡田嵐士,"リバーサルジム新宿Me,We",計量結果 :56.7 Kg,,1710,柴山海音,柔術&MMAアカデミーG-face,計量結果 :56.6 Kg,,F1_WIN_F2_LOSS,score 3-0 (overrides opacity if needed),,,ud,判定 3-0,,［レフェリー］石川 喬也 ［ジャッジ］ 渡辺 明伸29-28 （1R 9-10／2R 10-9／3R 10-9） 鍋久保 雄太30-27 （1R 10-9／2R 10-9／3R 10-9） 豊永 稔29-28 （1R 9-10／2R 10-9／3R 10-9）
251,2026-03-29,PROFESSIONAL SHOOTO 2026 Vol.2,プロフェッショナル修斗公式戦,,PRO_SHOOTO_MAINLINE,4529,2,,,5分3R,1350,岩﨑大河,大道塾/パラエストラ東京/NAUGHTY HOUSE,計量結果 :83.9 Kg,,1911,HENRY,米軍截空道ハンセン基地,計量結果 :81.3 Kg,,F1_WIN_F2_LOSS,opacity (single fighter dimmed),3,04:29,submision,S,リアネイキッドチョーク,［レフェリー］鍋久保 雄太 ［ジャッジ］ 渡辺 明伸1R 10-9／2R 10-9 石川 喬也 1R 10-9／2R 10-9 豊永 稔1R 10-9／2R 10-9
251,2026-03-29,PROFESSIONAL SHOOTO 2026 Vol.2,プロフェッショナル修斗公式戦,,PRO_SHOOTO_MAINLINE,4530,1,,,5分3R,1912,荒井勇ニ,暁道場,計量結果 :83.9 Kg,,1849,沙門,Concilio,計量結果 :83.9 Kg,,F1_WIN_F2_LOSS,score 2-0 (overrides opacity if needed),,,ud,判定 2-0,,［レフェリー］渡辺 明伸 ［ジャッジ］ 片岡 誠人29-27 （1R 10-9／2R 9-10／3R 10-8） 植松 直哉 28-28（1R 10-9／2R 9-10／3R 9-9） 豊永 稔29-27 （1R 9-10／2R 10-9／3R 10-8） ＊青:沙門3Rグランド状態への蹴りで減点1
251,2026-03-29,PROFESSIONAL SHOOTO 2026 Vol.2,プロフェッショナル修斗公式戦,,PRO_SHOOTO_MAINLINE,4538,,,女子スーパーアトム級,5分2R,1733,片山智絵,修斗GYM大阪,,,1757,erika,THE BLACKBELT JAPAN,,,UNRESOLVED,"both dimmed, no score, no judge tallies, no note keyword match",,,nm,不戦,,
250,2026-02-28,SHOOTO GIG TOKYO Vol.40,プロフェッショナル修斗公式戦,,GIG_UNDERCARD_SERIES;PRO_SHOOTO_MAINLINE,4450,10,,フェザー級,5分3R,701,たてお,ELEVEN,計量結果 :65.6 Kg,tateo,1485,青井太一,心技館,計量結果 :65.7 Kg,aoi-taichi,F1_WIN_F2_LOSS,score 1-0 (overrides opacity if needed),,,ud,判定 1-0,,［レフェリー］橋本 貴 ［ジャッジ］ 片岡 誠人28-28 （1R 9-10／2R 10-8／3R 9-10） 福田 正人28-28 （1R 9-10／2R 10-8／3R 9-10） 石川 喬也 29-28 （1R 9-10／2R 10-8／3R 10-9）
250,2026-02-28,SHOOTO GIG TOKYO Vol.40,プロフェッショナル修斗公式戦,,GIG_UNDERCARD_SERIES;PRO_SHOOTO_MAINLINE,4453,9,,バンタム級,5分3R,1658,人見礼王,修斗GYM東京,計量結果 :61.1 Kg,,1547,藤田ムネノリ,SUBMIT MMA,計量結果 :61.2 Kg,,F1_LOSS_F2_WIN,opacity (single fighter dimmed),2,03:21,submision,S,リアネイキッドチョーク,［レフェリー］福田 正人 ［ジャッジ］ 片岡 誠人1R 10-9 石川 喬也 1R 10-9 橋本 貴1R 10-9
250,2026-02-28,SHOOTO GIG TOKYO Vol.40,プロフェッショナル修斗公式戦,,GIG_UNDERCARD_SERIES;PRO_SHOOTO_MAINLINE,4451,8,,,5分3R,1249,上原平,リバーサルジム横浜グランドスラム,計量結果 :66.1 Kg,,1561,澤江優侍,フリー,計量結果 :65.8 Kg,,F1_WIN_F2_LOSS,opacity (single fighter dimmed),3,01:32,submision,S,リアネイキッドチョーク,＊赤：上原が計量結果66.1kgから体重を落とすことできませんでしたが、青：澤江が試合を希望した為、契約体重を66.1kgに変え試合をおこないます。なお体重オーバーした赤：上原は毎ラウンド減点1となります。 ［レフェリー］片岡 誠人 ［ジャッジ］ 橋本 貴1R 9-9／2R 8-10 福田 正人1R 9-9／2R 8-10 渡辺 明伸1R 9-9／2R 9-9
250,2026-02-28,SHOOTO GIG TOKYO Vol.40,プロフェッショナル修斗公式戦,,GIG_UNDERCARD_SERIES;PRO_SHOOTO_MAINLINE,4452,7,,ライト級,5分3R,1442,安海健人,ALMA FIGHT GYM BASE,計量結果 :70.3 Kg,,1623,ネインデイネッシュ,MASTER JAPAN FUKUOKA,計量結果 :70.3 Kg,,F1_WIN_F2_LOSS,score 3-0 (overrides opacity if needed),,,ud,判定 3-0,,［レフェリー］片岡 誠人 ［ジャッジ］ 橋本 貴30-27 （1R 10-9／2R 10-9／3R 10-9） 福田 正人30-27 （1R 10-9／2R 10-9／3R 10-9） 渡辺 明伸30-27（1R 10-9／2R 10-9／3R 10-9）
250,2026-02-28,SHOOTO GIG TOKYO Vol.40,プロフェッショナル修斗公式戦,,GIG_UNDERCARD_SERIES;PRO_SHOOTO_MAINLINE,4495,6,,バンタム級,5分2R,1668,御前昂史,パラエストラ小岩,計量結果 :60.9 Kg,,1903,武田勇輝,MASTER JAPAN TOKYO,計量結果 :60.9 Kg,,F1_LOSS_F2_WIN,score 0-3 (overrides opacity if needed),,,ud,判定 0-3,,［レフェリー］橋本 貴 ［ジャッジ］ 片岡 誠人18-20（1R 9-10／2R 9-10） 福田 正人18-20（1R 9-10／2R 9-10） 石川 喬也 18-20（1R 9-10／2R 9-10）
250,2026-02-28,SHOOTO GIG TOKYO Vol.40,プロフェッショナル修斗公式戦,,GIG_UNDERCARD_SERIES;PRO_SHOOTO_MAINLINE,4454,5,,バンタム級,5分2R,197,一條貴洋,ストライプル南相馬playground,計量結果 :61.2 Kg,,1201,関根累,roots,計量結果 :61.0 Kg,,F1_LOSS_F2_WIN,score 0-3 (overrides opacity if needed),,,ud,判定 0-3,,［レフェリー］橋本 貴 ［ジャッジ］ 片岡 誠人18-20（1R 9-10／2R 9-10） 福田 正人18-20（1R 9-10／2R 9-10） 石川 喬也 18-20（1R 9-10／2R 9-10）
250,2026-02-28,SHOOTO GIG TOKYO Vol.40,プロフェッショナル修斗公式戦,,GIG_UNDERCARD_SERIES;PRO_SHOOTO_MAINLINE,4494,4,,フライ級,5分2R,1063,志賀竜太郎,TEAM SALT,計量結果 :56.5 Kg,,1560,蓮池勇太,飛翔塾,計量結果 :56.6 Kg,,F1_WIN_F2_LOSS,score 2-0 (overrides opacity if needed),,,ud,判定 2-0,,［レフェリー］石川 喬也 ［ジャッジ］ 橋本 貴20-18（1R 10-9／2R 10-9） 福田 正人20-18（1R 10-9／2R 10-9） 片岡 誠人19-19（1R 9-10／2R 10-9）
250,2026-02-28,SHOOTO GIG TOKYO Vol.40,プロフェッショナル修斗公式戦,,GIG_UNDERCARD_SERIES;PRO_SHOOTO_MAINLINE,4496,3,,フェザー級,5分2R,1781,齋藤優,フリー,計量結果 :65.5 Kg,,1904,小川龍斗,RISING SUN,計量結果 :65.5 Kg,,F1_WIN_F2_LOSS,opacity (single fighter dimmed),1,04:44,submision,S,腕十字固め,［レフェリー］石川 喬也
250,2026-02-28,SHOOTO GIG TOKYO Vol.40,プロフェッショナル修斗公式戦,,GIG_UNDERCARD_SERIES;PRO_SHOOTO_MAINLINE,4497,2,,ストロー級,5分2R,1779,加藤皓己,roots,計量結果 :51.9 Kg,,1817,黒瀬キョウヘイ,MASTER JAPAN YAMAGUCHI UBE,計量結果 :52.1 Kg,,DRAW,score tied 1-1,,,ud,判定 1-1,,［レフェリー］片岡 誠人 ［ジャッジ］ 橋本 貴18-20（1R 9-10／2R 9-10） 福田 正人19-19（1R 10-9／2R 9-10） 石川 喬也 20-18（1R 10-9／2R 10-9）
250,2026-02-28,SHOOTO GIG TOKYO Vol.40,プロフェッショナル修斗公式戦,,GIG_UNDERCARD_SERIES;PRO_SHOOTO_MAINLINE,4498,1,,フライ級,5分2R,1905,堤成矢,MASTER JAPAN FUKUOKA,計量結果 :56.5 Kg,,1661,宇佐美泰生,修斗GYM東京,計量結果 :56.6 Kg,,F1_LOSS_F2_WIN,opacity (single fighter dimmed),1,00:13,ko,KO,,［レフェリー］渡辺 明伸
260,2026-02-18,Lemino修斗.3,【NTTdocomo PRESENTS】プロフェッショナル修斗公式戦 後楽園大会,,PRO_SHOOTO_MAINLINE,4518,7,,バンタム級,5分3R,1873,シンバートルバットエルデネ,Team Tungaa Shandas,計量結果 :61.15 Kg,,1339,齋藤奨司,FIGHT FARM,計量結果 :61.15 Kg,saito-shoji,F1_LOSS_F2_WIN,score 0-3 (overrides opacity if needed),,,ud,判定 0-3,,［レフェリー］豊永 稔 ［ジャッジ］ 植松 直哉 28-29 （1R 10-9／2R 9-10／3R 9-10） 片岡 誠人28-29 （1R 10-9／2R 9-10／3R 9-10） 福田 正人27-30 （1R 9-10／2R 9-10／3R 9-10） ＊青・齋藤がトーナメント準決勝に進出。準決勝では中島 陸 （ゴンズジム）とエリー ワイズ （Pound 4 Pound Muay Thai） の勝者との対戦が決定。
260,2026-02-18,Lemino修斗.3,【NTTdocomo PRESENTS】プロフェッショナル修斗公式戦 後楽園大会,,PRO_SHOOTO_MAINLINE,4519,6,,バンタム級,5分3R,1141,野瀬翔平,MASTER JAPAN FUKUOKA,計量結果 :61.20 Kg,nose-shohei,1906,ジョンオルニド,HITMAN MMA,計量結果 :61.20 Kg,,F1_WIN_F2_LOSS,opacity (single fighter dimmed),1,03:14,submision,S,アームロック,［レフェリー］福田 正人 ＊赤・野瀬がトーナメント準決勝に進出。準決勝では内田 タケル（THE BLACKBELT JAPAN） との対戦が決定。
260,2026-02-18,Lemino修斗.3,【NTTdocomo PRESENTS】プロフェッショナル修斗公式戦 後楽園大会,,PRO_SHOOTO_MAINLINE,4525,5,,ライト級,5分3R,1707,シヴァエフ,"リバーサルジム新宿Me,We",計量結果 :70.25 Kg,,1549,後藤亮,TRIBE TOKYO M.M.A,計量結果 :70.25 Kg,goto-ryo,F1_LOSS_F2_WIN,opacity (single fighter dimmed),1,01:44,ko,KO,,［レフェリー］福田 正人
260,2026-02-18,Lemino修斗.3,【NTTdocomo PRESENTS】プロフェッショナル修斗公式戦 後楽園大会,,PRO_SHOOTO_MAINLINE,4520,4,,バンタム級,5分3R,1337,青井心ニ,心技館,計量結果 :61.10 Kg,,1159,内田タケル,THE BLACKBELT JAPAN,計量結果 :60.95 Kg,uchida-takeru,F1_LOSS_F2_WIN,opacity (single fighter dimmed),1,01:28,submision,S,腕十字固め,［レフェリー］植松 直哉 ＊青・内田がトーナメント準決勝に進出。準決勝では野瀬 翔平（MASTER JAPAN FUKUOKA）との対戦が決定。
260,2026-02-18,Lemino修斗.3,【NTTdocomo PRESENTS】プロフェッショナル修斗公式戦 後楽園大会,,PRO_SHOOTO_MAINLINE,4521,3,,フェザー級,5分3R,255,TOMA,直心会TK68,計量結果 :65.55 Kg,toma,1907,堀江耐志,FIGHT BASE,計量結果 :65.65 Kg,,F1_LOSS_F2_WIN,score 1-2 (overrides opacity if needed),,,ud,判定 1-2,,［レフェリー］植松 直哉 ［ジャッジ］ 福田 正人29-28 （1R 10-9／2R 9-10／3R 10-9） 渡辺 明伸28-29 （1R 10-9／2R 9-10／3R 9-10） 豊永 稔28-29 （1R 10-9／2R 9-10／3R 9-10）
260,2026-02-18,Lemino修斗.3,【NTTdocomo PRESENTS】プロフェッショナル修斗公式戦 後楽園大会,,PRO_SHOOTO_MAINLINE,4522,2,,バンタム級,5分2R,955,宮城友一,キックボクシングDROP,計量結果 :60.95 Kg,,232,松下祐介,パラエストラTB,計量結果 :61.10 Kg,,F1_LOSS_F2_WIN,score 0-1 (overrides opacity if needed),,,ud,判定 0-1,,［レフェリー］片岡 誠人 ［ジャッジ］ 福田 正人19-19（1R 10-9／2R 9-10） 植松 直哉 18-20（1R 9-10／2R 9-10） 豊永 稔19-19（1R 10-9／2R 9-10）
260,2026-02-18,Lemino修斗.3,【NTTdocomo PRESENTS】プロフェッショナル修斗公式戦 後楽園大会,,PRO_SHOOTO_MAINLINE,4523,1,,フライ級,3分2R,1862,井上颯人,心技館,計量結果 :56.70 Kg,,1908,小祝歩夢,THE BLACKBELT JAPAN,計量結果 :56.50 Kg,,F1_LOSS_F2_WIN,score 0-3 (overrides opacity if needed),,,ud,判定 0-3,,［レフェリー］渡辺 明伸 ［ジャッジ］ 福田 正人18-20（1R 9-10／2R 9-10） 植松 直哉 18-20（1R 9-10／2R 9-10） 豊永 稔18-20（1R 9-10／2R 9-10）
260,2026-02-18,Lemino修斗.3,【NTTdocomo PRESENTS】プロフェッショナル修斗公式戦 後楽園大会,,PRO_SHOOTO_MAINLINE,4524,,,キッズ・ジュニア修斗,4分1R,1909,湯浅リンク,THE BLACKBELT JAPAN,計量結果 :45.9 Kg,,1910,山下颯人,坂口道場,計量結果 :47.5 Kg,,F1_LOSS_F2_WIN,score 0-3 (overrides opacity if needed),,,ud,判定 0-3,,［レフェリー］片岡 誠人 ［ジャッジ］ 渡辺 明伸9-10 福田 正人9-10 植松 直哉 9-10
247,2026-01-18,【第1部】COLORS Produce by SHOOTO Vol.6,プロフェッショナル修斗公式戦,,PRO_SHOOTO_MAINLINE,4422,13,,女子アトム級,5分3R,1171,杉本恵,AACC,計量結果 :47.3 Kg,,1694,徳本望愛,THE BLACKBELT JAPAN,計量結果 :47.4 Kg,,F1_LOSS_F2_WIN,score 1-2 (overrides opacity if needed),,,ud,判定 1-2,,［レフェリー］福田 正人 ［ジャッジ］ 片岡 誠人28-29 （1R 9-10／2R 9-10／3R 10-9） 鍋久保 雄太28-29 （1R 9-10／2R 10-9／3R 9-10） 植松 直哉 29-28 （1R 9-10／2R 10-9／3R 10-9）
247,2026-01-18,【第1部】COLORS Produce by SHOOTO Vol.6,プロフェッショナル修斗公式戦,,PRO_SHOOTO_MAINLINE,4421,12,,,5分3R,1583,藤野恵実,JAPAN TOP TEAM,計量結果 :53 Kg,,1892,アラミ,X-TREME EBINA,計量結果 :52.7 Kg,,F1_WIN_F2_LOSS,score 3-0 (overrides opacity if needed),,,ud,判定 3-0,,［レフェリー］植松 直哉 ［ジャッジ］ 福田 正人30-27 （1R 10-9／2R 10-9／3R 10-9） 片岡 誠人 30-27 （1R 10-9／2R 10-9／3R 10-9） 鍋久保 雄太30-27 （1R 10-9／2R 10-9／3R 10-9）
247,2026-01-18,【第1部】COLORS Produce by SHOOTO Vol.6,プロフェッショナル修斗公式戦,,PRO_SHOOTO_MAINLINE,4423,11,,女子スーパーアトム級,5分2R,1656,高本千代,高本道場,計量結果 :50 Kg,,1757,erika,THE BLACKBELT JAPAN,計量結果 :49.9 Kg,,F1_WIN_F2_LOSS,opacity (single fighter dimmed),2,00:32,ko,KO,,［レフェリー］植松 直哉 ［ジャッジ］ 福田 正人10-9 長瀬 達郎 10-9 鍋久保 雄太10-9
247,2026-01-18,【第1部】COLORS Produce by SHOOTO Vol.6,プロフェッショナル修斗公式戦,,PRO_SHOOTO_MAINLINE,4461,10,,CKC,3分3R,1895,林美菜,FORWARD GYM,計量結果 :48.8 Kg,,1897,愛結菜,東北AVANTI,計量結果 :48.7 Kg,,F1_WIN_F2_LOSS,score 3-0 (overrides opacity if needed),,,ud,判定 3-0,,［レフェリー］片岡 誠人 ［ジャッジ］ 鍋久保 雄太30-27 （1R 10-10／2R 10-8／3R 10-9） 福田 正人 30-26 （1R 10-9／2R 10-8／3R 10-9） 長瀬 達郎 30-27 （1R 10-10／2R 10-8／3R 10-9） ＊2R青:愛結菜がダウン
247,2026-01-18,【第1部】COLORS Produce by SHOOTO Vol.6,プロフェッショナル修斗公式戦,,PRO_SHOOTO_MAINLINE,4455,9,,グラップリング,8分1R,1573,前澤智,リバーサルジム東京スタンドアウト,計量結果 :48.1 Kg,,1793,村上彩,修斗GYM東京,計量結果 :49.0 Kg,,F1_WIN_F2_LOSS,opacity (single fighter dimmed),1,04:32,submision,S,リアネイキッドチョーク,［レフェリー］鍋久保 雄太
247,2026-01-18,【第1部】COLORS Produce by SHOOTO Vol.6,プロフェッショナル修斗公式戦,,PRO_SHOOTO_MAINLINE,4448,8,,女子スーパーアトム級,5分2R,1850,青野ひかる,FIGHT LYNX,計量結果 :49.8 Kg,,1836,深井志保,N★TRUST,計量結果 :49.6 Kg,,F1_WIN_F2_LOSS,opacity (single fighter dimmed),1,03:42,submision,S,アームロック,［レフェリー］福田 正人
247,2026-01-18,【第1部】COLORS Produce by SHOOTO Vol.6,プロフェッショナル修斗公式戦,,PRO_SHOOTO_MAINLINE,4456,7,,女子バンタム級,5分2R,1637,ホジュギョン,TEAM J,計量結果 :56.5 Kg,,1833,te-a,AACC,計量結果 :56.3 Kg,,F1_WIN_F2_LOSS,score 3-0 (overrides opacity if needed),,,ud,判定 3-0,,［レフェリー］長瀬 達郎 ［ジャッジ］ 片岡 誠人20-18（1R 10-9／2R 10-9） 福田 正人20-18（1R 10-9／2R 10-9） 植松 直哉 20-18（1R 10-9／2R 10-9）
247,2026-01-18,【第1部】COLORS Produce by SHOOTO Vol.6,プロフェッショナル修斗公式戦,,PRO_SHOOTO_MAINLINE,4424,6,,女子アトム級,5分2R,920,ヒヤマNFC,NFC,計量結果 :47.4 Kg,,1886,翠川百華,TRIBE TOKYO M.M.A,計量結果 :47.5 Kg,,F1_LOSS_F2_WIN,opacity (single fighter dimmed),1,03:41,tko,TKO,グランドパンチ,［レフェリー］片岡 誠人
247,2026-01-18,【第1部】COLORS Produce by SHOOTO Vol.6,プロフェッショナル修斗公式戦,,PRO_SHOOTO_MAINLINE,4449,5,,グラップリング,8分1R,1838,奥田愛加,N★TRUST,計量結果 :51.3 Kg,,1582,井上愛羅,ストライプル茨城,計量結果 :49.1 Kg,,F1_WIN_F2_LOSS,score 3-0 (overrides opacity if needed),,,ud,判定 3-0,,［レフェリー］鍋久保 雄太 ［ジャッジ］ 片岡 誠人10-9 福田 正人10-9 植松 直哉10-9
247,2026-01-18,【第1部】COLORS Produce by SHOOTO Vol.6,プロフェッショナル修斗公式戦,,PRO_SHOOTO_MAINLINE,4460,4,,CKC,3分3R,1897,愛結菜,東北AVANTI,計量結果 :48.7 Kg,,1898,TSUMIKI,fplus,計量結果 :48.4 Kg,,F1_WIN_F2_LOSS,score 3-0 (overrides opacity if needed),,,ud,判定 3-0,,［レフェリー］片岡 誠人 ［ジャッジ］ 鍋久保 雄太30-29（1R 10-10／2R 10-9／3R 10-10） 福田 正人30-27 （1R 10-9／2R 10-9／3R 10-9） 長瀬 達郎 29-28 （1R 10-9／2R 9-10／3R 10-9）
247,2026-01-18,【第1部】COLORS Produce by SHOOTO Vol.6,プロフェッショナル修斗公式戦,,PRO_SHOOTO_MAINLINE,4459,3,,CKC,3分3R,1895,林美菜,FORWARD GYM,計量結果 :48.8 Kg,,1896,岩永唯伽,OISHI GYM,計量結果 :48.8 Kg,,F1_WIN_F2_LOSS,score 3-0 (overrides opacity if needed),,,ud,判定 3-0,,［レフェリー］長瀬 達郎 ［ジャッジ］ 鍋久保 雄太29-28 （1R 10-10／2R 10-10／3R 10-10） 福田 正人29-28 （1R 10-10／2R 10-10／3R 10-10） 植松 直哉 29-28 （1R 10-10／2R 10-10／3R 10-10）
247,2026-01-18,【第1部】COLORS Produce by SHOOTO Vol.6,プロフェッショナル修斗公式戦,,PRO_SHOOTO_MAINLINE,4457,2,,キッズ・ジュニア修斗,4分1R,1893,高本珠緒,高本道場,計量結果 :54.8 Kg,,1282,阿部みこと,CROW FOREST,計量結果 :51.8 Kg,,F1_LOSS_F2_WIN,score 0-3 (overrides opacity if needed),,,ud,判定 0-3,,［レフェリー］鍋久保 雄太 ［ジャッジ］ 福田 正人9-10 植松 直哉 9-10 長瀬 達郎 9-10
247,2026-01-18,【第1部】COLORS Produce by SHOOTO Vol.6,プロフェッショナル修斗公式戦,,PRO_SHOOTO_MAINLINE,4458,1,,キッズ・ジュニア修斗,4分1R,1772,遠藤ジュリアン桜,リバーサルジム立川ALPHA,計量結果 :51.7 Kg,,1894,佐藤いろは,GOAT,計量結果 :50.3 Kg,,F1_WIN_F2_LOSS,score 2-1 (overrides opacity if needed),,,ud,判定 2-1,,［レフェリー］鍋久保 雄太 ［ジャッジ］ 福田 正人10-9 植松 直哉 9-10 長瀬 達郎 10-9
249,2026-01-18,【第2部】PROFESSIONAL SHOOTO 2026 Vol.1,プロフェッショナル修斗公式戦,,PRO_SHOOTO_MAINLINE,4436,12,,バンタム級,5分3R,295,ダイキライトイヤー,修斗GYM神戸,計量結果 :61.1 Kg,,1385,川北晏生,TRIBE TOKYO M.M.A,計量結果 :61.0 Kg,,F1_LOSS_F2_WIN,opacity (single fighter dimmed),2,00:07,ko,KO,,［レフェリー］福田 正人 ［ジャッジ］ 片岡 誠人9-10 内田 龍介9-10 植松 直哉 8-10
249,2026-01-18,【第2部】PROFESSIONAL SHOOTO 2026 Vol.1,プロフェッショナル修斗公式戦,,PRO_SHOOTO_MAINLINE,4462,11,,ライト級,5分3R,1537,エフェヴィガ雄志,TRIBE TOKYO M.M.A,計量結果 :69.9 Kg,efeviga-yushi,1899,イムクァンウ,Extreme Combat,計量結果 :70 Kg,,F1_LOSS_F2_WIN,opacity (single fighter dimmed),1,04:49,ko,KO,,［レフェリー］植松 直哉
249,2026-01-18,【第2部】PROFESSIONAL SHOOTO 2026 Vol.1,プロフェッショナル修斗公式戦,,PRO_SHOOTO_MAINLINE,4437,10,,バンタム級,5分3R,1148,藤井伸樹,ALLIANCE,計量結果 :61 Kg,,1051,笹晋久,THE BLACKBELT JAPAN,計量結果 :60.8 Kg,,F1_WIN_F2_LOSS,opacity (single fighter dimmed),2,04:58,ko,KO,,［レフェリー］植松 直哉 ［ジャッジ］ 片岡 誠人9-10 福田 正人10-9 内田 龍介9-10
249,2026-01-18,【第2部】PROFESSIONAL SHOOTO 2026 Vol.1,プロフェッショナル修斗公式戦,,PRO_SHOOTO_MAINLINE,4446,9,,フライ級,5分3R,1139,大竹陽,HAGANE GYM,計量結果 :56.7 Kg,,1710,柴山海音,柔術&MMAアカデミーG-face,計量結果 :56.6 Kg,,F1_WIN_F2_LOSS,opacity (single fighter dimmed),2,03:16,ko,KO,,［レフェリー］内田 龍介 ［ジャッジ］ 片岡 誠人10-9 福田 正人10-9 植松 直哉 10-9
249,2026-01-18,【第2部】PROFESSIONAL SHOOTO 2026 Vol.1,プロフェッショナル修斗公式戦,,PRO_SHOOTO_MAINLINE,4438,8,,ストロー級,5分2R,1632,黒部和沙,TRIBE TOKYO M.M.A,計量結果 :52.1 Kg,,1098,旭那拳,THE BLACKBELT JAPAN,計量結果 :52.1 Kg,,F1_WIN_F2_LOSS,score 3-0 (overrides opacity if needed),,,ud,判定 3-0,,［レフェリー］内田 龍介 ［ジャッジ］ 片岡 誠人20-18（1R 10-9／2R 10-9） 福田 正人20-18（1R 10-9／2R 10-9） 植松 直哉 20-18（1R 10-9／2R 10-9）
249,2026-01-18,【第2部】PROFESSIONAL SHOOTO 2026 Vol.1,プロフェッショナル修斗公式戦,,PRO_SHOOTO_MAINLINE,4439,7,,ストロー級,5分2R,1713,友利琉偉,パラエストラ小岩,計量結果 :51.7 Kg,,38,マッチョザバタフライ,総合格闘技道場コブラ会,計量結果 :53.1 Kg,,F1_WIN_F2_LOSS,score 3-0 (overrides opacity if needed),,,ud,判定 3-0,,※青：マッチョが契約体重を守れなかったため毎ラウンド減点1 ［レフェリー］鍋久保 雄太 ［ジャッジ］ 片岡 誠人19-17（1R 10-9／2R 9-10） 福田 正人20-16（1R 10-9／2R 10-9） 植松 直哉 20-16（1R 10-9／2R 10-9）
249,2026-01-18,【第2部】PROFESSIONAL SHOOTO 2026 Vol.1,プロフェッショナル修斗公式戦,,PRO_SHOOTO_MAINLINE,4442,6,,バンタム級,5分2R,1680,中島陸,総合格闘技ゴンズジム,計量結果 :61.1 Kg,,1808,福元大貴,リバーサルジム立川ALPHA,計量結果 :61 Kg,,F1_WIN_F2_LOSS,opacity (single fighter dimmed),1,00:33,submision,S,リアネイキッドチョーク,※赤：中島が2025年度バンタム級新人王に決定 ［レフェリー］鍋久保 雄太
249,2026-01-18,【第2部】PROFESSIONAL SHOOTO 2026 Vol.1,プロフェッショナル修斗公式戦,,PRO_SHOOTO_MAINLINE,4441,5,,フライ級,5分2R,1736,鈴木尊,FourRhombus,計量結果 :56.6 Kg,,1842,浅井大海,柔術&MMAアカデミーG-face,計量結果 :56.6 Kg,,F1_WIN_F2_LOSS,score 3-0 (overrides opacity if needed),,,ud,判定 3-0,,※赤：鈴木が2025年度フライ級新人王に決定 ［レフェリー］片岡 誠人 ［ジャッジ］ 鍋久保 雄太20-18（1R 10-9／2R 10-9） 福田 正人20-18（1R 10-9／2R 10-9） 内田 龍介20-18（1R 10-9／2R 10-9）
249,2026-01-18,【第2部】PROFESSIONAL SHOOTO 2026 Vol.1,プロフェッショナル修斗公式戦,,PRO_SHOOTO_MAINLINE,4443,4,,フェザー級,5分2R,1797,飯野雄斗,THE BLACKBELT JAPAN,計量結果 :65.6 Kg,,1783,辻純也,ISHITSUNA MMA GYM,計量結果 :65.6 Kg,,F1_WIN_F2_LOSS,opacity (single fighter dimmed),1,02:01,submision,S,リアネイキッドチョーク,※赤：飯野が2025年度フェザー級新人王に決定 ［レフェリー］片岡 誠人
249,2026-01-18,【第2部】PROFESSIONAL SHOOTO 2026 Vol.1,プロフェッショナル修斗公式戦,,PRO_SHOOTO_MAINLINE,4445,3,,ウェルター級,5分2R,1708,グラップラー脇,Leg Lock Academy,計量結果 :77 Kg,,1854,デソウザマルセル,総合格闘技道場STF,計量結果 :76.8 Kg,,F1_WIN_F2_LOSS,score 1-0 (overrides opacity if needed),,,ud,判定 1-0,,※延長デソウザ・マルセルの棄権により赤：グラップラー脇が2025年度ウェルター級新人王に決定 ［レフェリー］福田 正人 ［ジャッジ］ 片岡 誠人19-19（1R 9-10／2R 10-9） 鍋久保 雄太20-18（1R 10-9／2R 10-9） 植松 直哉 19-19（1R 9-10／2R 10-9）
249,2026-01-18,【第2部】PROFESSIONAL SHOOTO 2026 Vol.1,プロフェッショナル修斗公式戦,,PRO_SHOOTO_MAINLINE,4440,2,,ストロー級,5分2R,1801,賢人,BJ MMA SCHOOL,,,1826,緑真作,MASTER JAPAN FUKUOKA,計量結果 :52.2 Kg,,F1_LOSS_F2_WIN,opacity (single fighter dimmed),2,00:45,submision,S,アームロック,※青：緑が2025年度ストロー級新人王に決定 ［レフェリー］福田 正人 ［ジャッジ］ 片岡 誠人9-10 鍋久保 雄太9-10 植松 直哉 9-10
249,2026-01-18,【第2部】PROFESSIONAL SHOOTO 2026 Vol.1,プロフェッショナル修斗公式戦,,PRO_SHOOTO_MAINLINE,4444,1,,ライト級,5分2R,1890,築地宏和,BLUE HOUSE,計量結果 :69.7 Kg,,1869,石原海渡,C.K STYLES MMA,計量結果 :70.3 Kg,,F1_WIN_F2_LOSS,score 1-0 (overrides opacity if needed),,,ud,判定 1-0,,※延長判定2-1で青：石原が2025年度ライト級新人王に決定 ［レフェリー］鍋久保 雄太 ［ジャッジ］ 片岡 誠人19-19（1R 9-10／2R 10-9）9-10 福田 正人19-19（1R 9-10／2R 10-9）10-9 植松 直哉 20-18（1R 10-9／2R 10-9）9-10
249,2026-01-18,【第2部】PROFESSIONAL SHOOTO 2026 Vol.1,プロフェッショナル修斗公式戦,,PRO_SHOOTO_MAINLINE,4463,,,バンタム級,3分2R,1900,土橋琉海,FourRhombus,計量結果 :60.6 Kg,,1901,吉村拓海,TRIBE TOKYO M.M.A,計量結果 :61.2 Kg,,F1_LOSS_F2_WIN,opacity (single fighter dimmed),1,02:38,ko,KO,,［レフェリー］鍋久保 雄太
248,2025-12-07,株式会社大熊警備隊presentsプロフェッショナル修斗公式戦山口大会「TORAO37」,プロフェッショナル修斗公式戦,,TORAO_REGIONAL;PRO_SHOOTO_MAINLINE,4425,10,,,5分3R,8,宇野薫,UNO DOJO,計量結果 :67.9 Kg,uno-caol,1212,毛利昭彦,毛利道場,計量結果 :67.8 Kg,,F1_WIN_F2_LOSS,score 3-0 (overrides opacity if needed),,,ud,判定 3-0,,［レフェリー］片岡 誠人 ［ジャッジ］ 宮崎 清孝 30-27 （1R 10-9／2R 10-9／3R 10-9） 赤崎 勝久 30-27 （1R 10-9／2R 10-9／3R 10-9） 坂元 寛史 30-27 （1R 10-9／2R 10-9／3R 10-9）
248,2025-12-07,株式会社大熊警備隊presentsプロフェッショナル修斗公式戦山口大会「TORAO37」,プロフェッショナル修斗公式戦,,TORAO_REGIONAL;PRO_SHOOTO_MAINLINE,4426,9,,フェザー級,5分3R,1425,宇藤彰貴,総合格闘技道場ゴンズジム,計量結果 :65.6 Kg,,1447,磯城嶋一真,MASTER JAPAN FUKUOKA,計量結果 :65.7 Kg,,F1_LOSS_F2_WIN,opacity (single fighter dimmed),3,04:47,ko,KO,,［レフェリー］橋本 公一 ［ジャッジ］ 宮崎 清孝 1R 10-9／2R 10-9 赤崎 勝久 1R 10-9／2R 10-9 加藤 秀和 1R 10-9／2R 10-9
248,2025-12-07,株式会社大熊警備隊presentsプロフェッショナル修斗公式戦山口大会「TORAO37」,プロフェッショナル修斗公式戦,,TORAO_REGIONAL;PRO_SHOOTO_MAINLINE,4427,8,,バンタム級,5分2R,127,奇天烈,修斗GYMS直心会,計量結果 :61.2 Kg,,1577,松岡琉之介,MASTER JAPAN FUKUOKA,計量結果 :61.2 Kg,,F1_LOSS_F2_WIN,score 0-3 (overrides opacity if needed),,,ud,判定 0-3,,［レフェリー］片岡 誠人 ［ジャッジ］ 宮崎 清孝 18-20（1R 9-10／2R 9-10） 赤崎 勝久 18-20（1R 9-10／2R 9-10） 橋本 公一 18-20（1R 9-10／2R 9-10）
248,2025-12-07,株式会社大熊警備隊presentsプロフェッショナル修斗公式戦山口大会「TORAO37」,プロフェッショナル修斗公式戦,,TORAO_REGIONAL;PRO_SHOOTO_MAINLINE,4428,7,,フライ級,5分2R,1723,岡本一志,修斗GYMS直心会,計量結果 :56.2 Kg,,1454,若宮龍斗,KAMIKAZE DOJO MMA,計量結果 :56.4 Kg,,F1_LOSS_F2_WIN,opacity (single fighter dimmed),1,00:36,ko,KO,,［レフェリー］片岡 誠人
248,2025-12-07,株式会社大熊警備隊presentsプロフェッショナル修斗公式戦山口大会「TORAO37」,プロフェッショナル修斗公式戦,,TORAO_REGIONAL;PRO_SHOOTO_MAINLINE,4429,6,,フェザー級,5分2R,1747,大西佑磨,総合格闘技ゴンズジム,計量結果 :65.6 Kg,,1647,諸石一砂,OMURA FIGHT BASE,計量結果 :65.4 Kg,,F1_LOSS_F2_WIN,opacity (single fighter dimmed),2,01:17,ko,KO,,［レフェリー］橋本 公一 ［ジャッジ］ 宮崎 清孝 9-10 坂元 寛史 9-10 加藤 秀和 9-10
248,2025-12-07,株式会社大熊警備隊presentsプロフェッショナル修斗公式戦山口大会「TORAO37」,プロフェッショナル修斗公式戦,,TORAO_REGIONAL;PRO_SHOOTO_MAINLINE,4430,5,,バンタム級,5分2R,1726,小見山瞬,BURST,計量結果 :61.1 Kg,,1859,彬大,roots,計量結果 :60.9 Kg,,F1_LOSS_F2_WIN,opacity (single fighter dimmed),1,02:50,submision,S,三角絞め,［レフェリー］橋本 公一
248,2025-12-07,株式会社大熊警備隊presentsプロフェッショナル修斗公式戦山口大会「TORAO37」,プロフェッショナル修斗公式戦,,TORAO_REGIONAL;PRO_SHOOTO_MAINLINE,4431,4,,ウェルター級,5分2R,1848,SOKO,有永道場 Team Resolve,計量結果 :76.6 Kg,,1825,平尾大和,KAMIKAZE DOJO MMA,計量結果 :76.9 Kg,,DRAW,score tied 0-0,,,ud,判定 0-0,,［レフェリー］片岡 誠人 ［ジャッジ］ 橋本 公一 19-19（1R 10-9／2R 9-10） 冨田 昌信 19-19（1R 10-9／2R 9-10） 加藤 秀和 19-19（1R 10-9／2R 9-10）
248,2025-12-07,株式会社大熊警備隊presentsプロフェッショナル修斗公式戦山口大会「TORAO37」,プロフェッショナル修斗公式戦,,TORAO_REGIONAL;PRO_SHOOTO_MAINLINE,4432,3,,バンタム級,5分2R,1304,藤谷敦史,MASTER JAPAN FUKUOKA,計量結果 :61.0 Kg,,1725,八木祐輔,TKエスペランサ,計量結果 :60.9 Kg,,F1_WIN_F2_LOSS,score 1-0 (overrides opacity if needed),,,ud,判定 1-0,,［レフェリー］橋本 公一 ［ジャッジ］ 片岡 誠人19-19（1R 9-10／2R 10-9） 赤崎 勝久 19-19（1R 9-10／2R 10-9） 加藤 秀和 19-18（1R 9-10／2R 10-8）
248,2025-12-07,株式会社大熊警備隊presentsプロフェッショナル修斗公式戦山口大会「TORAO37」,プロフェッショナル修斗公式戦,,TORAO_REGIONAL;PRO_SHOOTO_MAINLINE,4433,2,,バンタム級,5分2R,1306,波平コング,THE BLACKBELT JAPAN,計量結果 :60.9 Kg,,1845,森本健介,毛利道場,計量結果 :61.1 Kg,,F1_LOSS_F2_WIN,opacity (single fighter dimmed),1,00:24,ko,KO,,［レフェリー］橋本 公一
248,2025-12-07,株式会社大熊警備隊presentsプロフェッショナル修斗公式戦山口大会「TORAO37」,プロフェッショナル修斗公式戦,,TORAO_REGIONAL;PRO_SHOOTO_MAINLINE,4434,1,,ライト級,5分2R,1824,大地,有永道場Team Resolve,計量結果 :70.0 Kg,,1887,福田侑飛,ロータス福岡古賀道場,計量結果 :69.9 Kg,,F1_LOSS_F2_WIN,score 0-3 (overrides opacity if needed),,,ud,判定 0-3,,［レフェリー］岡田 剛史 ［ジャッジ］ 坂元 寛史 18-20（1R 9-10／2R 9-10） 冨田 昌信 18-20（1R 9-10／2R 9-10） 加藤 秀和 18-20（1R 9-10／2R 9-10）
248,2025-12-07,株式会社大熊警備隊presentsプロフェッショナル修斗公式戦山口大会「TORAO37」,プロフェッショナル修斗公式戦,,TORAO_REGIONAL;PRO_SHOOTO_MAINLINE,4435,,,女子フライ級,4分1R,1888,小嶋望,TATORU,,,1889,摩嶋晶,毛利道場,,,DRAW,note text mentions draw,,,,,,時間切れ引き分け ［レフェリー］岡田 剛史
238,2025-11-22,PROFESSIONAL SHOOTO 2025 Vol.10 in OSAKA,プロフェッショナル修斗公式戦,,PRO_SHOOTO_MAINLINE,4382,13,,バンタム級,5分3R,162,石原夜叉坊,Team Alpha male Japan,計量結果 :60.7 Kg,,1538,宮口龍鳳,総合格闘技道場コブラ会,計量結果 :61.2 Kg,miyaguchi-ryuho,F1_LOSS_F2_WIN,score 0-3 (overrides opacity if needed),,,ud,判定 0-3,,［レフェリー］片岡 誠人 ［ジャッジ］ 鍋久保 雄太26-29 （1R 9-10／2R 8-10／3R 9-10） 安芸 佳孝27-28 （1R 9-10／2R 8-10／3R 10-9） 豊島 孝尚26-29 （1R 9-10／2R 8-10／3R 9-10） ＊青:宮口が3Rグランド状態での顔面へのキックで減点1
238,2025-11-22,PROFESSIONAL SHOOTO 2025 Vol.10 in OSAKA,プロフェッショナル修斗公式戦,,PRO_SHOOTO_MAINLINE,4407,12,,,5分3R,940,中村優作,TEAM FAUST,計量結果 :57.8 Kg,nakamura-yusaku,1453,打威致,有永道場TeamResolve,計量結果 :57.8 Kg,,F1_WIN_F2_LOSS,score 3-0 (overrides opacity if needed),,,ud,判定 3-0,,［レフェリー］鍋久保 雄太 ［ジャッジ］ 加納 学 30-27 （1R 10-9／2R 10-9／3R 10-9） 安芸 佳孝30-27 （1R 10-9／2R 10-9／3R 10-9） 豊島 孝尚30-27 （1R 10-9／2R 10-9／3R 10-9）
238,2025-11-22,PROFESSIONAL SHOOTO 2025 Vol.10 in OSAKA,プロフェッショナル修斗公式戦,,PRO_SHOOTO_MAINLINE,4405,11,,,3分3R,1877,惺也,OISHI GYM,計量結果 :67.3 Kg,,1879,森本現暉,猛者連精華支部華一門,計量結果 :67.5 Kg,,F1_LOSS_F2_WIN,score 0-3 (overrides opacity if needed),,,ud,判定 0-3,,［レフェリー］片岡 誠人 ［ジャッジ］ 加納 学 28-30 （1R 9-10／2R 9-10／3R 10-10） 鍋久保 雄太28-30 （1R 9-10／2R 9-10／3R 10-10） 豊島 孝尚28-30 （1R 9-10／2R 9-10／3R 10-10）
238,2025-11-22,PROFESSIONAL SHOOTO 2025 Vol.10 in OSAKA,プロフェッショナル修斗公式戦,,PRO_SHOOTO_MAINLINE,4408,10,,フライ級,5分3R,1753,梅筋毒一郎,総合格闘技道場コブラ会,計量結果 :56.6 Kg,,1635,杉本静弥,THE BLACKBELT JAPAN,計量結果 :56.4 Kg,,F1_LOSS_F2_WIN,opacity (single fighter dimmed),1,02:18,tko,TKO,スタンドパンチ→グランドパンチ,［レフェリー］鍋久保 雄太
238,2025-11-22,PROFESSIONAL SHOOTO 2025 Vol.10 in OSAKA,プロフェッショナル修斗公式戦,,PRO_SHOOTO_MAINLINE,4383,9,,フェザー級,5分3R,314,山本健斗デリカット,総合格闘技道場コブラ会,計量結果 :65.6 Kg,,1704,ヒカル,柔術&MMAアカデミーG-face,計量結果 :65.7 Kg,hikaru,F1_LOSS_F2_WIN,score 1-2 (overrides opacity if needed),,,ud,判定 1-2,,［レフェリー］片岡 誠人 ［ジャッジ］ 加納 学 28-29 （1R 9-10／2R 10-9／3R 9-10） 安芸 佳孝29-28 （1R 10-9／2R 10-9／3R 9-10） 鍋久保 雄太28-29 （1R 9-10／2R 10-9／3R 9-10）
238,2025-11-22,PROFESSIONAL SHOOTO 2025 Vol.10 in OSAKA,プロフェッショナル修斗公式戦,,PRO_SHOOTO_MAINLINE,4384,8,,女子スーパーアトム級,5分2R,1729,嶋屋澪,SISU,計量結果 :47.7 Kg,,1733,片山智絵,修斗GYM大阪,計量結果 :49.9 Kg,,F1_LOSS_F2_WIN,score 0-3 (overrides opacity if needed),,,ud,判定 0-3,,［レフェリー］鍋久保 雄太 ［ジャッジ］ 片岡 誠人18-20（1R 9-10／2R 9-10） 安芸 佳孝18-20（1R 9-10／2R 9-10） 豊島 孝尚18-20（1R 9-10／2R 9-10）
238,2025-11-22,PROFESSIONAL SHOOTO 2025 Vol.10 in OSAKA,プロフェッショナル修斗公式戦,,PRO_SHOOTO_MAINLINE,4386,7,,フライ級,5分2R,1810,龍城,修斗GYMS直心会,計量結果 :56.6 Kg,,1842,浅井大海,柔術&MMAアカデミーG-face,計量結果 :56.6 Kg,,DRAW,score tied 0-0,,,ud,判定 0-0,,［レフェリー］鍋久保 雄太 ［ジャッジ］ 加納 学 19-19（1R 10-9／2R 9-10） 安芸 佳孝19-19（1R 10-9／2R 9-10） 片岡 誠人19-19（1R 9-10／2R 10-9） ＊青：浅井が優勢ポイント0-3でトーナメント決勝に進出。決勝では鈴木 尊（FourRhombus）との対戦が決定。
238,2025-11-22,PROFESSIONAL SHOOTO 2025 Vol.10 in OSAKA,プロフェッショナル修斗公式戦,,PRO_SHOOTO_MAINLINE,4409,6,,バンタム級,5分2R,1680,中島陸,総合格闘技ゴンズジム,計量結果 :60.8 Kg,,1805,齋藤大樹,ピロクテテス新潟,計量結果 :60.6 Kg,,F1_WIN_F2_LOSS,opacity (single fighter dimmed),1,04:58,tko,TKO,グラウンドパンチ,［レフェリー］片岡 誠人
238,2025-11-22,PROFESSIONAL SHOOTO 2025 Vol.10 in OSAKA,プロフェッショナル修斗公式戦,,PRO_SHOOTO_MAINLINE,4410,5,,フライ級,5分2R,1866,三浦颯太,修斗GYM神戸,計量結果 :56.2 Kg,,1710,柴山海音,柔術&MMAアカデミーG-face,計量結果 :56.7 Kg,,F1_LOSS_F2_WIN,opacity (single fighter dimmed),1,01:36,submision,S,フロントチョーク,［レフェリー］片岡 誠人
238,2025-11-22,PROFESSIONAL SHOOTO 2025 Vol.10 in OSAKA,プロフェッショナル修斗公式戦,,PRO_SHOOTO_MAINLINE,4385,4,,フェザー級,5分2R,1509,グジユン,修斗GYM神戸,計量結果 :65.5 Kg,,1682,稲葉祥真,ASH,計量結果 :65.5 Kg,,F1_WIN_F2_LOSS,opacity (single fighter dimmed),1,03:54,submision,S,リアネイキッドチョーク,［レフェリー］片岡 誠人
238,2025-11-22,PROFESSIONAL SHOOTO 2025 Vol.10 in OSAKA,プロフェッショナル修斗公式戦,,PRO_SHOOTO_MAINLINE,4406,3,,,3分3R,1880,正木翔夢,OISHI GYM,計量結果 :54.6 Kg,,1881,大成,Team FreeStyle,計量結果 :55 Kg,,F1_WIN_F2_LOSS,opacity (single fighter dimmed),1,01:07,tko,TKO,,［レフェリー］鍋久保 雄太
238,2025-11-22,PROFESSIONAL SHOOTO 2025 Vol.10 in OSAKA,プロフェッショナル修斗公式戦,,PRO_SHOOTO_MAINLINE,4404,2,,,3分3R,1879,森本現暉,猛者連精華支部華一門,計量結果 :67.5 Kg,,1830,有馬伶弍,龍生塾,計量結果 :67.1 Kg,,F1_WIN_F2_LOSS,opacity (single fighter dimmed),3,01:48,ko,KO,,［レフェリー］片岡 誠人 ［ジャッジ］ 加納 学 1R 10-10／2R 10-8 鍋久保 雄太1R 10-10／2R 10-8 豊島 孝尚1R 10-10／2R 10-8
238,2025-11-22,PROFESSIONAL SHOOTO 2025 Vol.10 in OSAKA,プロフェッショナル修斗公式戦,,PRO_SHOOTO_MAINLINE,4403,1,,,3分3R,1877,惺也,OISHI GYM,計量結果 :67.3 Kg,,1878,狂介,道化倶楽部,計量結果 :67.4 Kg,,F1_WIN_F2_LOSS,score 3-0 (overrides opacity if needed),,,ud,判定 3-0,,［レフェリー］片岡 誠人 ［ジャッジ］ 加納 学 29-26 （1R 9-10／2R 10-8／3R 10-8） 鍋久保 雄太29-26 （1R 9-10／2R 10-8／3R 10-8） 豊島 孝尚30-26 （1R 10-10／2R 10-8／3R 10-8）
224,2025-11-16,PROFESSIONAL SHOOTO 2025 Vol.9,プロフェッショナル修斗公式戦,,PRO_SHOOTO_MAINLINE,4376,8,,フライ級,5分5R,959,関口祐冬,修斗GYM東京,計量結果 :56.6 Kg,,1493,亮我,総合格闘技ゴンズジム,計量結果 :56.6 Kg,ryoga,F1_LOSS_F2_WIN,opacity (single fighter dimmed),3,04:45,submision,S,リアネイキッドチョーク,＊青：亮我が第11代世界フライ級チャンピオンに決定。 ［レフェリー］豊永 稔 ［ジャッジ］ 片岡 誠人1R 9-10／2R 10-9 豊島 孝尚1R 9-10／2R 9-10 福田 正人1R 9-10／2R 10-9
224,2025-11-16,PROFESSIONAL SHOOTO 2025 Vol.9,プロフェッショナル修斗公式戦,,PRO_SHOOTO_MAINLINE,4381,7,,フライ級,5分3R,49,新井丈,和術慧舟會HEARTS,計量結果 :56.4 Kg,arai-jo,1167,田上こゆる,BLOWS,計量結果 :56.3 Kg,,F1_WIN_F2_LOSS,score 3-0 (overrides opacity if needed),,,ud,判定 3-0,,［レフェリー］福田 正人 ［ジャッジ］ 片岡 誠人29-28 （1R 9-10／2R 10-9／3R 10-9） 豊島 孝尚 29-28（1R 9-10／2R 10-9／3R 10-9） 豊永 稔30-27（1R 10-9／2R 10-9／3R 10-9）
224,2025-11-16,PROFESSIONAL SHOOTO 2025 Vol.9,プロフェッショナル修斗公式戦,,PRO_SHOOTO_MAINLINE,4375,6,,ウェルター級,5分3R,400,住村竜市朗,TEAM ONE,計量結果 :77 Kg,sumimura-ryuichiro,1885,森井翼,パラエストラ東大阪,計量結果 :76.9 Kg,,F1_WIN_F2_LOSS,opacity (single fighter dimmed),2,03:03,submision,TS,肩固め,［レフェリー］豊永 稔 ［ジャッジ］ 片岡 誠人1R 10-9 豊島 孝尚1R 10-9 福田 正人1R 10-9
224,2025-11-16,PROFESSIONAL SHOOTO 2025 Vol.9,プロフェッショナル修斗公式戦,,PRO_SHOOTO_MAINLINE,4399,5,,フェザー級,5分3R,1512,轟轟,総合格闘技道場コブラ会,計量結果 :65.4 Kg,,1665,シャランディ,TRIBE TOKYO M.M.A,計量結果 :65.7 Kg,,F1_WIN_F2_LOSS,score 3-0 (overrides opacity if needed),,,ud,判定 3-0,,［レフェリー］福田 正人 ［ジャッジ］ 片岡 誠人30-27 （1R 10-9／2R 10-9／3R 10-9） 豊島 孝尚30-27 （1R 10-9／2R 10-9／3R 10-9） 鍋鍋久保 雄太29-28 （1R 10-9／2R 9-10／3R 10-9？）
224,2025-11-16,PROFESSIONAL SHOOTO 2025 Vol.9,プロフェッショナル修斗公式戦,,PRO_SHOOTO_MAINLINE,4377,4,,ストロー級,5分2R,1098,旭那拳,THE BLACKBELT JAPAN,,,38,マッチョザバタフライ,総合格闘技道場コブラ会,,,F1_WIN_F2_LOSS,opacity (single fighter dimmed),,,nm,不戦,,＊青：マッチョ・ザ・バタフライが計量失格により不戦敗。
224,2025-11-16,PROFESSIONAL SHOOTO 2025 Vol.9,プロフェッショナル修斗公式戦,,PRO_SHOOTO_MAINLINE,4378,3,,ストロー級,5分2R,1632,黒部和沙,TRIBE TOKYO M.M.A,計量結果 :52.1 Kg,,1773,田口恵大,RISING SUN,計量結果 :51.9 Kg,,F1_WIN_F2_LOSS,opacity (single fighter dimmed),1,03:34,submision,S,リアネイキッドチョーク,［レフェリー］片岡 誠人
224,2025-11-16,PROFESSIONAL SHOOTO 2025 Vol.9,プロフェッショナル修斗公式戦,,PRO_SHOOTO_MAINLINE,4400,2,,フライ級,5分2R,1669,岡田嵐士,"リバーサルジム新宿Me,We",計量結果 :56.5 Kg,,1063,志賀竜太郎,TEAM SALT,計量結果 :56.5 Kg,,F1_WIN_F2_LOSS,score 3-0 (overrides opacity if needed),,,ud,判定 3-0,,［レフェリー］片岡 誠人 ［ジャッジ］ 福田 正人20-18（1R 10-9／2R 10-9） 鍋久保 雄太20-18（1R 10-9／2R 10-9） 豊永 稔20-18（1R 10-9／2R 10-9）
224,2025-11-16,PROFESSIONAL SHOOTO 2025 Vol.9,プロフェッショナル修斗公式戦,,PRO_SHOOTO_MAINLINE,4401,1,,バンタム級,5分2R,197,一條貴洋,ストライプル南相馬playground,計量結果 :61.1 Kg,,1547,藤田ムネノリ,SUBMIT MMA,計量結果 :61.1 Kg,,F1_LOSS_F2_WIN,score 0-3 (overrides opacity if needed),,,ud,判定 0-3,,［レフェリー］鍋久保 雄太 ［ジャッジ］ 片岡 誠人18-20（1R 9-10／2R 9-10） 豊島 孝尚18-20（1R 9-10／2R 9-10） 福田 正人18-20（1R 9-10／2R 9-10）
224,2025-11-16,PROFESSIONAL SHOOTO 2025 Vol.9,プロフェッショナル修斗公式戦,,PRO_SHOOTO_MAINLINE,4379,2,,フェザー級,5分2R,1681,垂水稔朗,FORCEGYM,計量結果 :65.7 Kg,,1783,辻純也,ISHITSUNA MMA GYM,計量結果 :65.7 Kg,,F1_LOSS_F2_WIN,score 0-3 (overrides opacity if needed),,,ud,判定 0-3,,［レフェリー］渡辺 明伸 ［ジャッジ］ 鍋久保 雄太18-20（1R 9-10／2R 9-10） 福田 正人18-20（1R 9-10／2R 9-10） 豊永 稔18-20（1R 9-10／2R 9-10） ＊青：辻がトーナメント決勝に進出。決勝では飯野雄斗（THE BLACKBELT JAPAN）との対戦が決定。
224,2025-11-16,PROFESSIONAL SHOOTO 2025 Vol.9,プロフェッショナル修斗公式戦,,PRO_SHOOTO_MAINLINE,4380,1,,フェザー級,5分2R,1797,飯野雄斗,THE BLACKBELT JAPAN,計量結果 :65.6 Kg,,1819,本松要,MASTER JAPAN YAMAGUCHI UBE,計量結果 :65.8 Kg,,F1_WIN_F2_LOSS,score 2-0 (overrides opacity if needed),,,ud,判定 2-0,,［レフェリー］渡辺 明伸 ［ジャッジ］ 鍋久保 雄太19-19（1R 10-9／2R 9-10） 福田 正人20-18（1R 10-9／2R 10-9） 豊永 稔20-18（1R 10-9／2R 10-9） ＊赤：飯野がトーナメント決勝に進出。決勝では辻 純也（ISHITSUNA MMA）との対戦が決定。
244,2025-10-26,FORCE 22,プロフェッショナル修斗公式戦,,FORCE_REGIONAL;PRO_SHOOTO_MAINLINE,4412,7,,フライ級,5分3R,1067,高岡宏気,FORCE GYM,計量結果 :56.6 Kg,takaoka-hiroki,1139,大竹陽,HAGANE GYM,計量結果 :56.7 Kg,,F1_WIN_F2_LOSS,opacity (single fighter dimmed),2,04:09,submision,S,リアネイキッドチョーク,［レフェリー］片岡 誠人 ［ジャッジ］ 鍋久保 雄太9-10 加藤 秀和 9-10 安芸 佳孝9-10
244,2025-10-26,FORCE 22,プロフェッショナル修斗公式戦,,FORCE_REGIONAL;PRO_SHOOTO_MAINLINE,4413,6,,バンタム級,5分2R,1678,魚山皓平,HOPE,計量結果 :61.0 Kg,,1726,小見山瞬,BURST,計量結果 :61.2 Kg,,F1_LOSS_F2_WIN,opacity (single fighter dimmed),1,03:16,submision,S,リアネイキッドチョーク,［レフェリー］鍋久保 雄太 ［ジャッジ］ 木村 拓茉 9-10 坂東 闘志也 9-10 安芸 佳孝9-10
244,2025-10-26,FORCE 22,プロフェッショナル修斗公式戦,,FORCE_REGIONAL;PRO_SHOOTO_MAINLINE,4414,5,,ライト級,5分2R,1706,ムクロック,SAND MMA,計量結果 :70.3 Kg,,1394,KENZO,BURST,計量結果 :70.1 Kg,,F1_LOSS_F2_WIN,score 0-3 (overrides opacity if needed),,,ud,判定 0-3,,［レフェリー］片岡 誠人 ［ジャッジ］ 坂東 闘志也 18-20（1R 9-10／2R 9-10） 加藤 秀和 18-20（1R 9-10／2R 9-10） 安芸 佳孝18-20（1R 9-10／2R 9-10）
244,2025-10-26,FORCE 22,プロフェッショナル修斗公式戦,,FORCE_REGIONAL;PRO_SHOOTO_MAINLINE,4415,4,,ストロー級,5分2R,1740,シン・ケンザン,MMA Zジム,計量結果 :52.1 Kg,,1882,出井海七斗,修斗GYM神戸,計量結果 :51.6 Kg,,F1_WIN_F2_LOSS,score 2-0 (overrides opacity if needed),,,ud,判定 2-0,,［レフェリー］片岡 誠人 ［ジャッジ］ 鍋久保 雄太20-18（1R 10-9／2R 10-9） 加藤 秀和 19-19（1R 9-10／2R 10-9） 木村 拓茉 20-18（1R 10-9／2R 10-9）
244,2025-10-26,FORCE 22,プロフェッショナル修斗公式戦,,FORCE_REGIONAL;PRO_SHOOTO_MAINLINE,4416,3,,フェザー級,5分2R,1782,山田稜真,Concilio,計量結果 :65.1 Kg,,1791,P助,修斗GYM神戸,計量結果 :65.7 Kg,,F1_WIN_F2_LOSS,score 1-0 (overrides opacity if needed),,,ud,判定 1-0,,［レフェリー］片岡 誠人 ［ジャッジ］ 鍋久保 雄太19-19（1R 9-10／2R 10-9） 加藤 秀和 20-18（1R 10-9／2R 10-9） 坂東 闘志也 19-19（1R 9-10／2R 10-9）
244,2025-10-26,FORCE 22,プロフェッショナル修斗公式戦,,FORCE_REGIONAL;PRO_SHOOTO_MAINLINE,4417,2,,,5分2R,1883,近藤世里菜,総合格闘技道場ARMS,計量結果 :58.8 Kg,,1732,KURUMI,MMAZジム,計量結果 :58.1 Kg,,F1_WIN_F2_LOSS,score 1-0 (overrides opacity if needed),,,ud,判定 1-0,,［レフェリー］鍋久保 雄太 ［ジャッジ］ 坂東 闘志也 19-19（1R 10-9／2R 9-10） 加藤 秀和 19-19（1R 10-9／2R 9-10） 木村 拓茉 19-18（1R 10-8／2R 9-10）
244,2025-10-26,FORCE 22,プロフェッショナル修斗公式戦,,FORCE_REGIONAL;PRO_SHOOTO_MAINLINE,4419,1,,フライ級,5分2R,1679,森貴史,MMA Zジム,計量結果 :56.6 Kg,,1598,下田洋介,095BJJ長崎柔術,計量結果 :56.3 Kg,,F1_LOSS_F2_WIN,score 1-2 (overrides opacity if needed),,,ud,判定 1-2,,［レフェリー］鍋久保 雄太 ［ジャッジ］ 片岡 誠人18-20（1R 9-10／2R 9-10） 坂東 闘志也 18-20（1R 9-10／2R 9-10） 木村 拓茉 20-18（1R 10-9／2R 10-9）
244,2025-10-26,FORCE 22,プロフェッショナル修斗公式戦,,FORCE_REGIONAL;PRO_SHOOTO_MAINLINE,4420,,,キッズ・ジュニア修斗,3分1R,1378,笠井遥月,MMA Zジム,計量結果 :38.5 Kg,,1884,新谷幸輝,TEAM AGENT,計量結果 :39.3 Kg,,F1_WIN_F2_LOSS,opacity (single fighter dimmed),1,00:55,submision,S,,［レフェリー］鍋久保 雄太
243,2025-10-19,Lemino修斗.2,【NTTdocomo　PRESENTS】プロフェッショナル修斗公式戦沖縄大会,,OKINAWA_REGIONAL;PRO_SHOOTO_MAINLINE,4387,10,,バンタム級,5分3R,1141,野瀬翔平,MASTER JAPAN FUKUOKA,計量結果 :61.2 Kg,nose-shohei,1873,シンバートルバットエルデネ,Team Tungaa Shandas,計量結果 :61.1 Kg,,F1_LOSS_F2_WIN,opacity (single fighter dimmed),1,01:20,submision,S,フロントスリーパーホールド,［レフェリー］福田 正人 ［ジャッジ］ 30-30 （1R 10-10／2R 10-10／3R 10-10） 30-30 （1R 10-10／2R 10-10／3R 10-10） 30-30 （1R 10-10／2R 10-10／3R 10-10）
243,2025-10-19,Lemino修斗.2,【NTTdocomo　PRESENTS】プロフェッショナル修斗公式戦沖縄大会,,OKINAWA_REGIONAL;PRO_SHOOTO_MAINLINE,4388,9,,ウェルター級,5分3R,1564,西條英成,THE BLACKBELT JAPAN沖縄,計量結果 :77.1 Kg,,1874,クルボンバトル,Prodigy Training Center,計量結果 :77 Kg,,F1_WIN_F2_LOSS,score 3-0 (overrides opacity if needed),,,ud,判定 3-0,,［レフェリー］豊永 稔 ［ジャッジ］ 豊永 稔30-27 （1R 10-9／2R 10-9／3R 10-9） 福田 正人30-27 （1R 10-9／2R 10-9／3R 10-9） 橋本 貴29-28（1R 10-9／2R 9-10／3R 10-9）
243,2025-10-19,Lemino修斗.2,【NTTdocomo　PRESENTS】プロフェッショナル修斗公式戦沖縄大会,,OKINAWA_REGIONAL;PRO_SHOOTO_MAINLINE,4389,8,,フライ級,5分3R,955,宮城友一,キックボクシングDROP,計量結果 :56.4 Kg,,1636,シモンスズキ,和術慧舟會HEARTS,計量結果 :56.6 Kg,,F1_LOSS_F2_WIN,score 0-3 (overrides opacity if needed),,,ud,判定 0-3,,［レフェリー］豊永 稔 ［ジャッジ］ 豊島 孝尚 28-29 （1R 9-10／2R 10-9／3R 9-10） 橋本 貴28-29 （1R 9-10／2R 10-9／3R 9-10） 福田 正人27-30 （1R 9-10／2R 9-10／3R 9-10）
243,2025-10-19,Lemino修斗.2,【NTTdocomo　PRESENTS】プロフェッショナル修斗公式戦沖縄大会,,OKINAWA_REGIONAL;PRO_SHOOTO_MAINLINE,4390,7,,ストロー級,5分3R,1302,畠山隆称,THE BLACKBELT JAPAN沖縄,計量結果 :51.8 Kg,,35,ニシダ☆ショー,BURST,計量結果 :52 Kg,,F1_WIN_F2_LOSS,score 3-0 (overrides opacity if needed),,,ud,判定 3-0,,［レフェリー］豊永 稔 ［ジャッジ］ 豊島 孝尚28-29 （1R 9-10／2R 9-10／3R 10-9） 橋本 貴29-28 （1R 9-10／2R 10-9／3R 10-9） 福田 正人30-27 （1R 10-9／2R 10-9／3R 10-9）
243,2025-10-19,Lemino修斗.2,【NTTdocomo　PRESENTS】プロフェッショナル修斗公式戦沖縄大会,,OKINAWA_REGIONAL;PRO_SHOOTO_MAINLINE,4391,6,,フェザー級,5分2R,15,内藤太尊,roots,計量結果 :65.6 Kg,,1309,工藤圭一郎,グランドスラム沖縄A・P・P,計量結果 :65.4 Kg,,F1_LOSS_F2_WIN,opacity (single fighter dimmed),1,00:34,tko,TKO,スタンドパンチ,［レフェリー］橋本 貴
243,2025-10-19,Lemino修斗.2,【NTTdocomo　PRESENTS】プロフェッショナル修斗公式戦沖縄大会,,OKINAWA_REGIONAL;PRO_SHOOTO_MAINLINE,4392,5,,ストロー級,5分2R,1398,梅木勇徳,THE BLACKBELT JAPAN,計量結果 :52.1 Kg,,1567,平良龍一,THE BLACKBELT JAPAN,計量結果 :52.2 Kg,,DRAW,score tied 0-0,,,ud,判定 0-0,,［レフェリー］福田 正人 ［ジャッジ］ 豊島 孝尚19-19（1R 10-9／2R 9-10） 橋本 貴19-19（1R 10-9／2R 9-10） 豊永 稔19-19（1R 10-9／2R 9-10）
243,2025-10-19,Lemino修斗.2,【NTTdocomo　PRESENTS】プロフェッショナル修斗公式戦沖縄大会,,OKINAWA_REGIONAL;PRO_SHOOTO_MAINLINE,4393,4,,バンタム級,5分2R,1237,ショージンミキ,Prodigy Training Center,計量結果 :59.9 Kg,,1755,水嶋敬志,THE BLACKBELT JAPAN,計量結果 :51.2 Kg,,F1_LOSS_F2_WIN,opacity (single fighter dimmed),1,01:25,submision,S,三角絞め,［レフェリー］福田 正人
243,2025-10-19,Lemino修斗.2,【NTTdocomo　PRESENTS】プロフェッショナル修斗公式戦沖縄大会,,OKINAWA_REGIONAL;PRO_SHOOTO_MAINLINE,4394,3,,フライ級,5分2R,1875,砂辺光久,reversaL Gym OKINAWA CROSS×LINE,計量結果 :56.4 Kg,,1863,福島祐貴,BURST,計量結果 :56.4 Kg,,F1_WIN_F2_LOSS,opacity (single fighter dimmed),1,04:41,submision,S,リアネイキッドチョーク,［レフェリー］福田 正人
243,2025-10-19,Lemino修斗.2,【NTTdocomo　PRESENTS】プロフェッショナル修斗公式戦沖縄大会,,OKINAWA_REGIONAL;PRO_SHOOTO_MAINLINE,4396,2,,フライ級,5分2R,129,輝龍,roots,計量結果 :56.5 Kg,,1400,小生隆弘,グランドスラム沖縄A・P・P,計量結果 :56.3 Kg,,F1_LOSS_F2_WIN,opacity (single fighter dimmed),1,02:01,tko,TKO,,［レフェリー］橋本 貴
243,2025-10-19,Lemino修斗.2,【NTTdocomo　PRESENTS】プロフェッショナル修斗公式戦沖縄大会,,OKINAWA_REGIONAL;PRO_SHOOTO_MAINLINE,4397,1,,ストロー級,5分2R,1817,黒瀬キョウヘイ,MASTER JAPAN YAMAGUCHI UBE,計量結果 :52.1 Kg,,1801,賢人,BJ MMA SCHOOL,計量結果 :52.2 Kg,,DRAW,score tied 0-0,,,ud,判定 0-0,,［レフェリー］橋本 貴 ［ジャッジ］ 豊島 孝尚19-19（1R 10-9／2R 9-10） 福田 正人19-19（1R 10-9／2R 9-10） 豊永 稔19-19（1R 10-9／2R 9-10） ＊青：賢人が優勢ポイント0-3 によりトーナメント決勝に進出。決勝では緑 真作（マスタージャパン福岡）との対戦が決定。
243,2025-10-19,Lemino修斗.2,【NTTdocomo　PRESENTS】プロフェッショナル修斗公式戦沖縄大会,,OKINAWA_REGIONAL;PRO_SHOOTO_MAINLINE,4398,,,キッズ・ジュニア修斗,4分1R,1876,髙松一喜,TOKYO INSTITUTE,計量結果 :60 Kg,,1802,通事安朋,THE BLACKBELT JAPAN,計量結果 :61 Kg,,F1_LOSS_F2_WIN,opacity (single fighter dimmed),1,01:14,submision,S,腕十字固め,［レフェリー］橋本 貴
223,2025-10-11,SHOOTO GIG TOKYO Vol.39,プロフェッショナル修斗公式戦,,GIG_UNDERCARD_SERIES;PRO_SHOOTO_MAINLINE,4347,10,,バンタム級,5分3R,1033,ジェイクムラタ,ZEEKジム,計量結果 :61.0 Kg,,1385,川北晏生,TRIBE TOKYO M.M.A,計量結果 :61.1 Kg,,F1_LOSS_F2_WIN,score 0-3 (overrides opacity if needed),,,ud,判定 0-3,,［レフェリー］片岡 誠人 ［ジャッジ］ 鍋久保 雄太 28-29（1R 9-10／2R 10-9／3R 9-10） 内田 龍介　 27-30（1R 9-10／2R 9-10／3R 9-10） 石川 喬也 　28-29（1R 9-10／2R 10-9／3R 9-10）
223,2025-10-11,SHOOTO GIG TOKYO Vol.39,プロフェッショナル修斗公式戦,,GIG_UNDERCARD_SERIES;PRO_SHOOTO_MAINLINE,4371,9,,バンタム級,5分3R,305,平川智也,マスタージャパン,計量結果 :61 Kg,,1337,青井心ニ,心技館,計量結果 :61.1 Kg,,F1_WIN_F2_LOSS,score 2-1 (overrides opacity if needed),,,ud,判定 2-1,,［レフェリー］鍋久保 雄太 ［ジャッジ］ 片岡 誠人 29-28（1R 10-9／2R 9-10／3R 10-9） 渡辺 明伸 29-28（1R 9-10／2R 10-9／3R 10-9） 石川 喬也 28-29（1R 9-10／2R 9-10／3R 10-9）
223,2025-10-11,SHOOTO GIG TOKYO Vol.39,プロフェッショナル修斗公式戦,,GIG_UNDERCARD_SERIES;PRO_SHOOTO_MAINLINE,4348,8,,ライト級,5分3R,642,結城大樹,MASTER JAPAN FUKUOKA,計量結果 :70 Kg,,1549,後藤亮,TRIBE TOKYO M.M.A,計量結果 :70.3 Kg,goto-ryo,F1_LOSS_F2_WIN,score 0-2 (overrides opacity if needed),,,ud,判定 0-2,,［レフェリー］鍋久保 雄太 ［ジャッジ］ 片岡 誠人 27-29（1R 10-9／2R 9-10／3R 8-10） 渡辺 明伸 28-29（1R 10-9／2R 9-10／3R 9-10） 石川 喬也 28-28（1R 10-9／2R 10-9／3R 8-10）
223,2025-10-11,SHOOTO GIG TOKYO Vol.39,プロフェッショナル修斗公式戦,,GIG_UNDERCARD_SERIES;PRO_SHOOTO_MAINLINE,4349,7,,フェザー級,5分3R,1671,島村裕,パラエストラ小岩,計量結果 :65.6 Kg,,1623,ネインデイネッシュ,MASTER JAPAN FUKUOKA,計量結果 :65.4 Kg,,F1_LOSS_F2_WIN,opacity (single fighter dimmed),2,02:35,tko,TKO,レフェリーストップ/グラウンドパンチ,［レフェリー］内田 龍介 ［ジャッジ］ 片岡 誠人　 1R 9-10 鍋久保 雄太 1R 9-10 石川 喬也　 1R 9-10
223,2025-10-11,SHOOTO GIG TOKYO Vol.39,プロフェッショナル修斗公式戦,,GIG_UNDERCARD_SERIES;PRO_SHOOTO_MAINLINE,4372,6,,ストロー級,5分2R,122,金内サイダー雄哉,THE BLACKBELT JAPAN,計量結果 :52.1 Kg,,1754,友利幸汰,パラエストラ小岩,計量結果 :51.8 Kg,,F1_LOSS_F2_WIN,opacity (single fighter dimmed),1,01:18,tko,TKO,レフェリーストップ/グラウンドパンチ,［レフェリー］内田 龍介
223,2025-10-11,SHOOTO GIG TOKYO Vol.39,プロフェッショナル修斗公式戦,,GIG_UNDERCARD_SERIES;PRO_SHOOTO_MAINLINE,4352,5,,ミドル級,5分2R,1864,松宮陸生,パラエストラ小岩,計量結果 :82 Kg,,1865,高橋宙斗,MMA空手道場鷹,計量結果 :83.3 Kg,,F1_LOSS_F2_WIN,score 0-3 (overrides opacity if needed),,,ud,判定 0-3,,［レフェリー］片岡 誠人 ［ジャッジ］ 鍋久保 雄太 18-20（1R 9-10／2R 9-10） 内田 龍介　 18-20（1R 9-10／2R 9-10） 渡辺 明伸　 18-20（1R 9-10／2R 9-10） ＊勝利した青：高橋がトーナメント決勝に進出。決勝では沙門（コンキリオ） との対戦が決定
223,2025-10-11,SHOOTO GIG TOKYO Vol.39,プロフェッショナル修斗公式戦,,GIG_UNDERCARD_SERIES;PRO_SHOOTO_MAINLINE,4351,4,,バンタム級,5分2R,1709,有松朋晃,MMA RANGERS GYM,計量結果 :61.1 Kg,,1808,福元大貴,リバーサルジム立川ALPHA,計量結果 :61.1 Kg,,F1_LOSS_F2_WIN,opacity (single fighter dimmed),1,03:46,submision,S,リアネイキッドチョーク,［レフェリー］片岡 誠人 ＊勝利した青：福元がトーナメント決勝に進出。決勝では中島 陸（総合格闘技ゴンズジム）と瀬戸口 怜久（パラエストラ小岩）の勝者との対戦が決定
223,2025-10-11,SHOOTO GIG TOKYO Vol.39,プロフェッショナル修斗公式戦,,GIG_UNDERCARD_SERIES;PRO_SHOOTO_MAINLINE,4350,3,,ストロー級,5分2R,1779,加藤皓己,roots,計量結果 :51.8 Kg,,1826,緑真作,MASTER JAPAN FUKUOKA,計量結果 :52.1 Kg,,DRAW,"note judge tallies [('19', '19'), ('19', '19'), ('19', '19')] -> favors1=0 favors2=0 ties=3 (even)",,,,,,［レフェリー］鍋久保 雄太 ［ジャッジ］ 片岡 誠人 19-19（1R 10-9／2R 9-10） 内田 龍介 19-19（1R 10-9／2R 9-10） 石川 喬也 19-19（1R 10-9／2R 9-10） ＊青：緑が優勢ポイント1-2 によりトーナメント決勝に進出。決勝では賢人（BJ MMA SCHOOL）と黒瀬 恭平（マスタージャパン山口宇部）の勝者との対戦が決定
223,2025-10-11,SHOOTO GIG TOKYO Vol.39,プロフェッショナル修斗公式戦,,GIG_UNDERCARD_SERIES;PRO_SHOOTO_MAINLINE,4373,2,,バンタム級,5分2R,232,松下祐介,パラエストラTB,計量結果 :61.1 Kg,,1776,菊西拓馬,URUSHI DOJO,計量結果 :60.7 Kg,,F1_WIN_F2_LOSS,opacity (single fighter dimmed),2,04:44,submision,S,肩固め,［レフェリー］内田 龍介 ［ジャッジ］ 片岡 誠人　 1R 10-9 鍋久保 雄太 1R 10-9 石川 喬也　 1R 10-9
223,2025-10-11,SHOOTO GIG TOKYO Vol.39,プロフェッショナル修斗公式戦,,GIG_UNDERCARD_SERIES;PRO_SHOOTO_MAINLINE,4374,1,,ライト級,5分2R,1236,井口雅仁,AACC,計量結果 :70.2 Kg,,1561,澤江優侍,フリー,計量結果 :70.2 Kg,,F1_LOSS_F2_WIN,opacity (single fighter dimmed),2,04:11,ko,KO,,［レフェリー］渡辺 明伸 ［ジャッジ］ 鍋久保 雄太 1R 9-10 内田 龍介　 1R 9-10 石川 喬也　 1R 10-9
222,2025-09-21,【第1部】PROFESSIONAL SHOOTO 2025 Vol.7,プロフェッショナル修斗公式戦,,PRO_SHOOTO_MAINLINE,4318,8,,ストロー級,5分5R,1167,田上こゆる,BLOWS,計量結果 :51.8 Kg,,41,山上幹臣,総合格闘技道場STF,計量結果 :42.1 Kg,,F1_WIN_F2_LOSS,opacity (single fighter dimmed),1,03:49,ko,KO,,※勝利した赤：田上が初防衛に成功。
222,2025-09-21,【第1部】PROFESSIONAL SHOOTO 2025 Vol.7,プロフェッショナル修斗公式戦,,PRO_SHOOTO_MAINLINE,4334,7,,ミドル級,5分3R,1350,岩﨑大河,大道塾/パラエストラ東京/NAUGHTY HOUSE,計量結果 :83.7 Kg,,1855,ジャン・ボム・ソク,Team HAN CLUB,計量結果 :83.4 Kg,,F1_WIN_F2_LOSS,opacity (single fighter dimmed),2,02:43,submision,S,リアネイキッドチョーク,［レフェリー］片岡 誠人 ［ジャッジ］ 鍋久保 雄太 10-9 松宮 智生　 10-9 渡辺 明伸　 10-9
222,2025-09-21,【第1部】PROFESSIONAL SHOOTO 2025 Vol.7,プロフェッショナル修斗公式戦,,PRO_SHOOTO_MAINLINE,4319,6,,女子アトム級,5分2R,1274,中村未来,マルスジム,計量結果 :47.4 Kg,,1850,青野ひかる,FIGHT LYNX,計量結果 :47.5 Kg,,F1_WIN_F2_LOSS,opacity (single fighter dimmed),2,04:46,submision,S,腕十字固め,［レフェリー］内田 龍介 ［ジャッジ］ 鍋久保 雄太 9-10 松宮 智生　 9-10 渡辺 明伸　 10-9
222,2025-09-21,【第1部】PROFESSIONAL SHOOTO 2025 Vol.7,プロフェッショナル修斗公式戦,,PRO_SHOOTO_MAINLINE,4321,5,,女子スーパーアトム級,5分2R,1793,村上彩,修斗GYM東京,計量結果 :49.5 Kg,,1729,嶋屋澪,SISU,計量結果 :48.7 Kg,,F1_WIN_F2_LOSS,score 3-0 (overrides opacity if needed),,,ud,判定 3-0,,［レフェリー］内田 龍介 ［ジャッジ］ 片岡 誠人 20-18（1R 10-9／2R 10-9） 松宮 智生 20-17（1R 10-8／2R 10-9） 渡辺 明伸 20-18（1R 10-9／2R 10-9）
222,2025-09-21,【第1部】PROFESSIONAL SHOOTO 2025 Vol.7,プロフェッショナル修斗公式戦,,PRO_SHOOTO_MAINLINE,4320,4,,女子スーパーアトム級,5分2R,1656,高本千代,高本道場,計量結果 :50 Kg,,1733,片山智絵,修斗GYM大阪,計量結果 :49.8 Kg,,F1_LOSS_F2_WIN,"note judge tallies [('19', '19'), ('18', '20'), ('19', '19')] -> favors1=0 favors2=1 ties=2",,,,,,［レフェリー］片岡 誠人 ［ジャッジ］ 松宮 智生 　19-19（1R 9-10／2R 10-9） 内田 龍介 　18-20（1R 9-10／2R 9-10） 鍋久保 雄太 19-19（1R 9-10／2R 10-9）
222,2025-09-21,【第1部】PROFESSIONAL SHOOTO 2025 Vol.7,プロフェッショナル修斗公式戦,,PRO_SHOOTO_MAINLINE,4331,3,,フェザー級,5分2R,1512,轟轟,総合格闘技道場コブラ会,計量結果 :65.7 Kg,,1184,ヨシイノウエ,パラエストラTB,計量結果 :65.8 Kg,,F1_WIN_F2_LOSS,opacity (single fighter dimmed),1,01:00,ko,KO,,［レフェリー］鍋久保 雄太
222,2025-09-21,【第1部】PROFESSIONAL SHOOTO 2025 Vol.7,プロフェッショナル修斗公式戦,,PRO_SHOOTO_MAINLINE,4332,2,,バンタム級,5分2R,1201,関根累,roots,計量結果 :61.1 Kg,,1486,勝呂駿,パラエストラTB,計量結果 :61 Kg,,F1_LOSS_F2_WIN,score 0-2 (overrides opacity if needed),,,ud,判定 0-2,,［レフェリー］鍋久保 雄太 ［ジャッジ］ 内田 龍介 19-19（1R 9-10／2R 10-9） 松宮 智生 18-20（1R 9-10／2R 9-10） 片岡 誠人 18-20（1R 9-10／2R 9-10）
222,2025-09-21,【第1部】PROFESSIONAL SHOOTO 2025 Vol.7,プロフェッショナル修斗公式戦,,PRO_SHOOTO_MAINLINE,4333,1,,ウェルター級,5分2R,1853,六郷海南人,roots,計量結果 :78.8 Kg,,1854,デソウザマルセル,総合格闘技道場STF,計量結果 :76.8 Kg,,F1_LOSS_F2_WIN,opacity (single fighter dimmed),1,00:38,ko,KO,,※青：マルセルがトーナメント決勝に進出。決勝では グラップラー脇（無所属）との対戦が決定 ［レフェリー］片岡 誠人
239,2025-09-21,【第2部】PROFESSIONAL SHOOTO 2025 Vol.8,プロフェッショナル修斗公式戦,,PRO_SHOOTO_MAINLINE,4322,7,,バンタム級,5分5R,1339,齋藤奨司,FIGHT FARM,計量結果 :60.9 Kg,saito-shoji,1548,永井奏多,TRIBE TOKYO M.M.A,計量結果 :61 Kg,nagai-kanata,F1_LOSS_F2_WIN,opacity (single fighter dimmed),3,03:24,submision,S,,※勝利した青：永井が第14代世界バンタム級王者に。 ［レフェリー］片岡 誠人 ［ジャッジ］ 鍋久保 雄太 1R 9-10／2R 9-10 内田 龍介　 1R 10-9／2R 9-10 石川 喬也　 1R 9-10／2R 9-10
239,2025-09-21,【第2部】PROFESSIONAL SHOOTO 2025 Vol.8,プロフェッショナル修斗公式戦,,PRO_SHOOTO_MAINLINE,4327,6,,フェザー級,5分3R,1249,上原平,リバーサルジム横浜グランドスラム,計量結果 :65.5 Kg,,701,たてお,ELEVEN,計量結果 :65.5 Kg,tateo,F1_LOSS_F2_WIN,score 1-2 (overrides opacity if needed),,,ud,判定 1-2,,※勝利した青：たておが第13代環太平洋フェザー級王者に。 ［レフェリー］鍋久保 雄太 ［ジャッジ］ 片岡 誠人 28-29（1R 10-9／2R 9-10／3R 9-10） 渡辺 明伸 29-28（1R 10-9／2R 9-10／3R 10-9） 石川 喬也 28-29（1R 10-9／2R 9-10／3R 9-10）
239,2025-09-21,【第2部】PROFESSIONAL SHOOTO 2025 Vol.8,プロフェッショナル修斗公式戦,,PRO_SHOOTO_MAINLINE,4328,5,,バンタム級,5分3R,1614,杉野光星,ALLIANCE,計量結果 :61.1 Kg,,1851,ザヒドアフメドフ,TEAM侍,計量結果 :60.1 Kg,,F1_WIN_F2_LOSS,opacity (single fighter dimmed),1,00:41,ko,KO,,［レフェリー］鍋久保 雄太
239,2025-09-21,【第2部】PROFESSIONAL SHOOTO 2025 Vol.8,プロフェッショナル修斗公式戦,,PRO_SHOOTO_MAINLINE,4325,4,,ストロー級,5分2R,1098,旭那拳,THE BLACKBELT JAPAN,計量結果 :52.2 Kg,,1713,友利琉偉,パラエストラ小岩,計量結果 :51.9 Kg,,F1_WIN_F2_LOSS,opacity (single fighter dimmed),1,04:55,submision,S,,［レフェリー］内田 龍介
239,2025-09-21,【第2部】PROFESSIONAL SHOOTO 2025 Vol.8,プロフェッショナル修斗公式戦,,PRO_SHOOTO_MAINLINE,4326,3,,ストロー級,5分2R,38,マッチョザバタフライ,総合格闘技道場コブラ会,計量結果 :52.2 Kg,,1773,田口恵大,RISING SUN,計量結果 :51.8 Kg,,F1_LOSS_F2_WIN,opacity (single fighter dimmed),2,02:20,tko,TKO,レフェリーストップ/グラウンドパンチ,［レフェリー］内田 龍介 ［ジャッジ］ 片岡 誠人　 1R 10-9 石川 喬也　 1R 10-9 鍋久保 雄太 1R 10-9
239,2025-09-21,【第2部】PROFESSIONAL SHOOTO 2025 Vol.8,プロフェッショナル修斗公式戦,,PRO_SHOOTO_MAINLINE,4329,2,,フェザー級,5分2R,1797,飯野雄斗,THE BLACKBELT JAPAN,計量結果 :65.6 Kg,,1781,齋藤優,フリー,計量結果 :65.7 Kg,,F1_WIN_F2_LOSS,opacity (single fighter dimmed),2,04:07,submision,S,リアネイキッドチョーク,※ 勝利した赤：飯野がトーナメント準決勝に進出。準決勝では本松 要（マスタージャパン山口宇部）との対戦が決定 ［レフェリー］片岡 誠人 ［ジャッジ］ 渡辺 明伸 1R 10-9 内田 龍介 1R 10-9 石川 喬也 1R 10-9
239,2025-09-21,【第2部】PROFESSIONAL SHOOTO 2025 Vol.8,プロフェッショナル修斗公式戦,,PRO_SHOOTO_MAINLINE,4330,1,,ストロー級,5分2R,1255,大城匡史,THE BLACKBELT JAPAN,計量結果 :52 Kg,,1852,漆田直輝,パラエストラ小岩,計量結果 :52.2 Kg,,F1_LOSS_F2_WIN,opacity (single fighter dimmed),1,04:28,submision,S,ヒールフック,［レフェリー］渡辺 明伸
241,2025-09-07,BORDER2025「The2nd」,プロフェッショナル修斗公式戦,大阪市平野区／コミュニティプラザ平野,BORDER;PRO_SHOOTO_MAINLINE,4353,9,,バンタム級,5分3R,127,奇天烈,修斗GYMS直心会,計量結果 :61 Kg,,1110,ガッツTakato,-,計量結果 :60.7 Kg,,F1_LOSS_F2_WIN,score 0-3 (overrides opacity if needed),,,ud,判定 0-3,,［レフェリー］片岡 誠人 ［ジャッジ］ 豊島 孝尚 27-30（1R 9-10／2R 9-10／3R 9-10） 安芸 佳孝 28-29（1R 10-9／2R 9-10／3R 9-10） 加納 学　 27-30（1R 9-10／2R 9-10／3R 9-10）
241,2025-09-07,BORDER2025「The2nd」,プロフェッショナル修斗公式戦,大阪市平野区／コミュニティプラザ平野,BORDER;PRO_SHOOTO_MAINLINE,4354,8,,フライ級,5分2R,1722,山本壮馬,パラエストラ和泉,計量結果 :56.7 Kg,,1383,井口翔太,修斗GYM神戸,計量結果 :56.6 Kg,,F1_LOSS_F2_WIN,"note judge tallies [('19', '19'), ('18', '20'), ('19', '19')] -> favors1=0 favors2=1 ties=2",,,,,,［レフェリー］片岡 誠人 ［ジャッジ］ 豊島 孝尚 19-19（1R 10-9／2R 9-10） 安芸 佳孝 18-20（1R 9-10／2R 9-10） 加納 学　 19-19（1R 10-9／2R 9-10）
241,2025-09-07,BORDER2025「The2nd」,プロフェッショナル修斗公式戦,大阪市平野区／コミュニティプラザ平野,BORDER;PRO_SHOOTO_MAINLINE,4355,7,,,3分2R,1120,ムテカツ,総合格闘技ゴンズジム,,,1680,中島陸,総合格闘技ゴンズジム,,,F1_LOSS_F2_WIN,opacity (single fighter dimmed),1,02:19,submision,S,リアネイキッドチョーク,［レフェリー］片岡 誠人
241,2025-09-07,BORDER2025「The2nd」,プロフェッショナル修斗公式戦,大阪市平野区／コミュニティプラザ平野,BORDER;PRO_SHOOTO_MAINLINE,4356,6,,フェザー級,5分2R,1747,大西佑磨,総合格闘技ゴンズジム,,,1162,加藤裕彦,SAI-GYM,,,F1_WIN_F2_LOSS,score 3-0 (overrides opacity if needed),,,ud,判定 3-0,,［レフェリー］片岡 誠人 ［ジャッジ］ 豊島 孝尚 20-18（1R 10-9／2R 10-9） 安芸 佳孝 20-18（1R 10-9／2R 10-9） 加納 学　 20-17（1R 10-9／2R 10-8）
241,2025-09-07,BORDER2025「The2nd」,プロフェッショナル修斗公式戦,大阪市平野区／コミュニティプラザ平野,BORDER;PRO_SHOOTO_MAINLINE,4357,5,,ストロー級,5分2R,1539,谷中たいち,格闘技吉田道場,計量結果 :51.9 Kg,,1754,友利幸汰,パラエストラ小岩,計量結果 :51.8 Kg,,F1_LOSS_F2_WIN,opacity (single fighter dimmed),1,04:53,tko,TKO,レフェリーストップ/グラウンドパンチ,［レフェリー］片岡 誠人
241,2025-09-07,BORDER2025「The2nd」,プロフェッショナル修斗公式戦,大阪市平野区／コミュニティプラザ平野,BORDER;PRO_SHOOTO_MAINLINE,4358,4,,バンタム級,5分2R,1268,岩佐和哉,MMA＆BJJ　BLOWS,計量結果 :60.6 Kg,,1459,小川隼人,修斗GYM神戸,計量結果 :61.0 Kg,,F1_WIN_F2_LOSS,score 3-0 (overrides opacity if needed),,,ud,判定 3-0,,［レフェリー］片岡 誠人 ［ジャッジ］ 豊島 孝尚 20-17（1R 10-8／2R 10-9） 安芸 佳孝 19-18（1R 10-8／2R 9-10） 加納 学　 20-18（1R 10-9／2R 10-9）
241,2025-09-07,BORDER2025「The2nd」,プロフェッショナル修斗公式戦,大阪市平野区／コミュニティプラザ平野,BORDER;PRO_SHOOTO_MAINLINE,4359,3,,フライ級,5分2R,1723,岡本一志,修斗GYMS直心会,計量結果 :56.3 Kg,,1866,三浦颯太,修斗GYM神戸,計量結果 :56.1 Kg,,F1_LOSS_F2_WIN,score 0-3 (overrides opacity if needed),,,ud,判定 0-3,,［レフェリー］片岡 誠人 ［ジャッジ］ 豊島 孝尚 18-20（1R 9-10／2R 9-10） 安芸 佳孝 18-20（1R 9-10／2R 9-10） 加納 学　 18-20（1R 9-10／2R 9-10）
241,2025-09-07,BORDER2025「The2nd」,プロフェッショナル修斗公式戦,大阪市平野区／コミュニティプラザ平野,BORDER;PRO_SHOOTO_MAINLINE,4360,2,,フライ級,5分2R,1786,田中和広,SISU MMA &BJJ,計量結果 :56.5 Kg,,1867,於久孝充,G-FREE,計量結果 :56.5 Kg,,F1_WIN_F2_LOSS,opacity (single fighter dimmed),2,02:59,submision,S,腕十字固め,［レフェリー］片岡 誠人 ［ジャッジ］ 豊島 孝尚 10-9 安芸 佳孝 10-9 加納 学　 10-9
241,2025-09-07,BORDER2025「The2nd」,プロフェッショナル修斗公式戦,大阪市平野区／コミュニティプラザ平野,BORDER;PRO_SHOOTO_MAINLINE,4361,1,,ライト級,5分2R,1868,山口裕也,柔術兄弟,計量結果 :68.8 Kg,,1869,石原海渡,C.K STYLES MMA,計量結果 :70.2 Kg,,F1_LOSS_F2_WIN,score 0-2 (overrides opacity if needed),,,ud,判定 0-2,,［レフェリー］片岡 誠人 ［ジャッジ］ 豊島 孝尚 18-20（1R 9-10／2R 9-10） 安芸 佳孝 19-19（1R 9-10／2R 10-9） 加納 学　 18-20（1R 9-10／2R 9-10）
242,2025-09-02,Lemino修斗１,【NTTdocomo　PRESENTS】 プロフェッショナル修斗公式戦後楽園大会,後楽園ホール,PRO_SHOOTO_MAINLINE,4362,7,,フェザー級,5分3R,169,岡田遼,パラエストラ千葉,計量結果 :65.8 Kg,,1870,弥益ドミネーター聡志,team SOS,計量結果 :65.6 Kg,,F1_WIN_F2_LOSS,opacity (single fighter dimmed),2,01:56,tko,TKO,レフェリーストップ/グラウンドパンチ,［レフェリー］豊永 稔 ［ジャッジ］ 片岡 誠人 10-9 植松 直哉 10-9 福田 正人 10-9
242,2025-09-02,Lemino修斗１,【NTTdocomo　PRESENTS】 プロフェッショナル修斗公式戦後楽園大会,後楽園ホール,PRO_SHOOTO_MAINLINE,4363,6,,フライ級,5分3R,1348,山内渉,FIGHT FARM,計量結果 :56.7 Kg,,1871,デウジヴァン・ソウザ,GRANOLA JIUJITSU TEAM,計量結果 :56.6 Kg,,F1_WIN_F2_LOSS,opacity (single fighter dimmed),1,03:19,tko,TKO,レフェリーストップ/グラウンドパンチ,［レフェリー］福田 正人
242,2025-09-02,Lemino修斗１,【NTTdocomo　PRESENTS】 プロフェッショナル修斗公式戦後楽園大会,後楽園ホール,PRO_SHOOTO_MAINLINE,4364,5,,ストロー級,5分3R,1176,当真佳直,reversaL Gym OKINAWA CROSS×LINE,計量結果 :52.0 Kg,,142,内藤頌貴,THE BLACKBELT JAPAN,計量結果 :52.1 Kg,,F1_WIN_F2_LOSS,score 3-0 (overrides opacity if needed),,,ud,判定 3-0,,［レフェリー］福田 正人 ［ジャッジ］ 片岡 誠人 30-27（1R 10-9／2R 10-9／3R 10-9） 豊永 稔　 30-27（1R 10-9／2R 10-9／3R 10-9） 植松 直哉 29-28（1R 10-9／2R 10-9／3R 9-10）
242,2025-09-02,Lemino修斗１,【NTTdocomo　PRESENTS】 プロフェッショナル修斗公式戦後楽園大会,後楽園ホール,PRO_SHOOTO_MAINLINE,4365,4,,フライ級,5分2R,1669,岡田嵐士,"リバーサルジム新宿Me,We",計量結果 :56.6 Kg,,1572,古賀優平,TRIBE TOKYO M.M.A,計量結果 :56.6 Kg,,F1_WIN_F2_LOSS,score 3-0 (overrides opacity if needed),,,ud,判定 3-0,,［レフェリー］片岡 誠人 ［ジャッジ］ 豊永 稔　 20-18（1R 10-9／2R 10-9） 植松 直哉 20-18（1R 10-9／2R 10-9） 福田 正人 20-18（1R 10-9／2R 10-9）
242,2025-09-02,Lemino修斗１,【NTTdocomo　PRESENTS】 プロフェッショナル修斗公式戦後楽園大会,後楽園ホール,PRO_SHOOTO_MAINLINE,4366,3,,,5分2R,1694,徳本望愛,THE BLACKBELT JAPAN,計量結果 :48.4 Kg,,1835,安田Kong詠美,BURST,計量結果 :48.5 Kg,,F1_WIN_F2_LOSS,opacity (single fighter dimmed),1,00:32,ko,KO,,［レフェリー］豊永 稔
242,2025-09-02,Lemino修斗１,【NTTdocomo　PRESENTS】 プロフェッショナル修斗公式戦後楽園大会,後楽園ホール,PRO_SHOOTO_MAINLINE,4367,2,,バンタム級,5分2R,1780,塚本竜馬,roots,計量結果 :51.1 Kg,,1800,下間英史,THE BLACKBELT JAPAN,計量結果 :51.2 Kg,,F1_LOSS_F2_WIN,opacity (single fighter dimmed),1,03:50,submision,S,リアネイキッドチョーク,［レフェリー］植松 直哉
242,2025-09-02,Lemino修斗１,【NTTdocomo　PRESENTS】 プロフェッショナル修斗公式戦後楽園大会,後楽園ホール,PRO_SHOOTO_MAINLINE,4368,1,,フェザー級,5分2R,1798,翔べ！ゆうすけ！,マスタージャパン,計量結果 :65.7 Kg,,1783,辻純也,ISHITSUNA MMA GYM,計量結果 :65.7 Kg,,F1_LOSS_F2_WIN,score 0-3 (overrides opacity if needed),,,ud,判定 0-3,,※2R、赤：翔べ！ゆうすけ！によるグラウンド状態での膝蹴りの反則のため減点1 ［レフェリー］植松 直哉 ［ジャッジ］ 豊永 稔 　　17-20（1R 9-10／2R 8-10） 鍋久保 雄太 17-20（1R 9-10／2R 8-10） 福田 正人　 17-20（1R 9-10／2R 8-10）
242,2025-09-02,Lemino修斗１,【NTTdocomo　PRESENTS】 プロフェッショナル修斗公式戦後楽園大会,後楽園ホール,PRO_SHOOTO_MAINLINE,4369,2,,キッズ・ジュニア修斗,4分1R,1137,長谷川凌生,THE BLACKBELT JAPAN,,,1872,窪田登馬,Splicing,,,F1_WIN_F2_LOSS,score 3-0 (overrides opacity if needed),,,ud,判定 3-0,,［レフェリー］鍋久保 雄太 ［ジャッジ］ 片岡 誠人 10-9 植松 直哉 10-9 福田 正人 10-9
242,2025-09-02,Lemino修斗１,【NTTdocomo　PRESENTS】 プロフェッショナル修斗公式戦後楽園大会,後楽園ホール,PRO_SHOOTO_MAINLINE,4370,1,,,4分1R,1803,河上純登,THE BLACKBELT JAPAN,,,1686,中坊一,心技館,,,F1_WIN_F2_LOSS,score 3-0 (overrides opacity if needed),,,ud,判定 3-0,,［レフェリー］鍋久保 雄太 ［ジャッジ］ 豊永 稔　 10-9 植松 直哉 10-9 福田 正人 10-9
240,2025-08-31,越後風神祭り15,プロフェッショナル修斗公式戦,,ECHIGO_REGIONAL;PRO_SHOOTO_MAINLINE,4335,12,,バンタム級,5分3R,197,一條貴洋,ストライプル南相馬playground,計量結果 :61 Kg,,1337,青井心ニ,心技館,計量結果 :61.1 Kg,,F1_LOSS_F2_WIN,opacity (single fighter dimmed),1,03:43,tko,TKO,レフェリーストップ/グラウンドパンチ,［レフェリー］片岡 誠人
240,2025-08-31,越後風神祭り15,プロフェッショナル修斗公式戦,,ECHIGO_REGIONAL;PRO_SHOOTO_MAINLINE,4336,11,,フェザー級,5分2R,669,久保村ヨシTERU,飛翔塾コンドル,計量結果 :65 Kg,,1561,澤江優侍,フリー,計量結果 :65.7 Kg,,F1_LOSS_F2_WIN,"note judge tallies [('18', '20'), ('19', '19'), ('19', '19')] -> favors1=0 favors2=1 ties=2",2,00:20,technical-ud,テクニカル判定,,※※偶発的なアクシデント（バッティング）により赤：久保村選手が出血し試合の続行が不可能となったため ［レフェリー］大内 敬 ［ジャッジ］ 藤石 義和 18-20（1R 9-10／2R 9-10） 佐藤 裕介 19-19（1R 9-10／2R 10-9） 片岡 誠人 19-19（1R 9-10／2R 10-9）
240,2025-08-31,越後風神祭り15,プロフェッショナル修斗公式戦,,ECHIGO_REGIONAL;PRO_SHOOTO_MAINLINE,4337,10,,ストロー級,5分2R,1737,大ちゃん,SAI-GYM,計量結果 :52.2 Kg,,1806,塩野谷容大,ファイティングラボ新潟,計量結果 :51.5 Kg,,F1_WIN_F2_LOSS,opacity (single fighter dimmed),1,00:39,submision,S,ヒールフック,［レフェリー］大内 敬
240,2025-08-31,越後風神祭り15,プロフェッショナル修斗公式戦,,ECHIGO_REGIONAL;PRO_SHOOTO_MAINLINE,4338,9,,フライ級,5分2R,1365,本多弥彦直樹,SAI-GYM,計量結果 :56.7 Kg,,1856,藤井愛斗,パラエストラ小岩,計量結果 :56.3 Kg,,DRAW,"note judge tallies [('19', '19'), ('19', '19'), ('19', '19')] -> favors1=0 favors2=0 ties=3 (even)",,,,,,［レフェリー］片岡 誠人 ［ジャッジ］ 藤石 義和 19-19（1R 10-9／2R 9-10） 佐藤 裕介 19-19（1R 10-9／2R 9-10） 遠藤 雄介 19-19（1R 10-9／2R 9-10）
240,2025-08-31,越後風神祭り15,プロフェッショナル修斗公式戦,,ECHIGO_REGIONAL;PRO_SHOOTO_MAINLINE,4339,8,,バンタム級,5分2R,1357,宮澤ゴリラ和郎,飛翔塾,計量結果 :60.5 Kg,,1055,藤木龍一郎,和術慧舟會AKZA,計量結果 :60.8 Kg,,F1_LOSS_F2_WIN,opacity (single fighter dimmed),1,02:00,tko,TKO,レフェリーストップ/グラウンドパンチ,［レフェリー］片岡 誠人
240,2025-08-31,越後風神祭り15,プロフェッショナル修斗公式戦,,ECHIGO_REGIONAL;PRO_SHOOTO_MAINLINE,4340,7,,フェザー級,5分2R,276,葛西達,ストロングウィル古川,計量結果 :65.8 Kg,,1857,塩津奏太,心技館,計量結果 :65.7 Kg,,DRAW,"note judge tallies [('19', '19'), ('19', '19'), ('19', '19')] -> favors1=0 favors2=0 ties=3 (even)",,,,,,［レフェリー］片岡 誠人 ［ジャッジ］ 大内 敬 19-19（1R 10-9／2R 9-10） 藤石 義和 19-19（1R 10-9／2R 9-10） 佐藤 裕介 19-19（1R 10-9／2R 9-10）
240,2025-08-31,越後風神祭り15,プロフェッショナル修斗公式戦,,ECHIGO_REGIONAL;PRO_SHOOTO_MAINLINE,4341,6,,フライ級,5分2R,1736,鈴木尊,FourRhombus,計量結果 :56.7 Kg,,1805,齋藤大樹,ピロクテテス新潟,計量結果 :56.4 Kg,,F1_WIN_F2_LOSS,opacity (single fighter dimmed),1,02:43,submision,TS,リアネイキッドチョーク,※ 勝利した赤：鈴木がトーナメント決勝に進出。決勝では龍城（修斗GYMS直心会）と浅井大海（柔術&MMAアカデミーG-face）の勝者との対戦が決定
240,2025-08-31,越後風神祭り15,プロフェッショナル修斗公式戦,,ECHIGO_REGIONAL;PRO_SHOOTO_MAINLINE,4342,5,,フライ級,5分2R,1560,蓮池勇太,飛翔塾,計量結果 :56.4 Kg,,78,ふじい☆ペリー,BURST,計量結果 :56.3 Kg,,F1_WIN_F2_LOSS,opacity (single fighter dimmed),2,03:20,tko,TKO,レフェリーストップ/グラウンドパンチ,［レフェリー］片岡 誠人 ［ジャッジ］ 大内 敬 10-9 藤石 義和 10-9 遠藤 雄介 10-9
240,2025-08-31,越後風神祭り15,プロフェッショナル修斗公式戦,,ECHIGO_REGIONAL;PRO_SHOOTO_MAINLINE,4343,4,,,3分3R,387,勇星,ピロクテテス新潟,計量結果 :63.3 Kg,,1858,清水和也,アルンジム,計量結果 :63.2 Kg,,F1_WIN_F2_LOSS,opacity (single fighter dimmed),1,02:38,ko,KO,,［レフェリー］片岡 誠人
240,2025-08-31,越後風神祭り15,プロフェッショナル修斗公式戦,,ECHIGO_REGIONAL;PRO_SHOOTO_MAINLINE,4344,3,,バンタム級,5分2R,1807,上杉隼哉,ブレイブハート,計量結果 :61.1 Kg,,1859,彬大,roots,計量結果 :61 Kg,,DRAW,"note judge tallies [('19', '19'), ('19', '19'), ('19', '19')] -> favors1=0 favors2=0 ties=3 (even)",,,,,,［レフェリー］大内 敬 ［ジャッジ］ 藤石 義和 19-19（1R 10-9／2R 9-10） 佐藤 裕介 19-19（1R 10-9／2R 9-10） 遠藤 雄介 19-19（1R 10-9／2R 9-10）
240,2025-08-31,越後風神祭り15,プロフェッショナル修斗公式戦,,ECHIGO_REGIONAL;PRO_SHOOTO_MAINLINE,4345,2,,,5分2R,1860,大貫瑠夏,-,計量結果 :62 Kg,,1861,渡邉陽大,ブレイブハート,計量結果 :61 Kg,,F1_LOSS_F2_WIN,opacity (single fighter dimmed),1,01:01,submision,S,腕十字固め,［レフェリー］大内 敬
240,2025-08-31,越後風神祭り15,プロフェッショナル修斗公式戦,,ECHIGO_REGIONAL;PRO_SHOOTO_MAINLINE,4346,1,,フライ級,5分2R,1862,井上颯人,心技館,計量結果 :56.7 Kg,,1863,福島祐貴,BURST,計量結果 :56.3 Kg,,F1_LOSS_F2_WIN,opacity (single fighter dimmed),1,02:58,tko,TKO,レフェリーストップ/グラウンドパンチ,［レフェリー］大内 敬
221,2025-07-21,PROFESSIONAL SHOOTO 2025 Vol.6,プロフェッショナル修斗公式戦,,PRO_SHOOTO_MAINLINE,4289,9,,ウェルター級,5分5R,402,ソーキ,NASCER DO SOL,計量結果 :76.7 Kg,,400,住村竜市朗,TEAM ONE,計量結果 :77 Kg,sumimura-ryuichiro,F1_LOSS_F2_WIN,score 0-3 (overrides opacity if needed),,,ud,判定 0-3,,※勝利した青：住村がウェルター級暫定王者に決定。 ※2R、青：住村によるローブローの反則のため減点1 ［レフェリー］片岡 誠人 ［ジャッジ］ 福田 正人　 45-49 （1R 9-10／2R 9- 9／3R 9-10／4R 9-10／5R 9-10） 橋本 貴　　 46-48 （1R 9-10／2R 9- 9／3R 9-10／4R 10-9／5R 9-10） 鍋久保 雄太 46-48 （1R 9-10／2R 9- 9／3R 9-10／4R 10-9／5R 9-10）
221,2025-07-21,PROFESSIONAL SHOOTO 2025 Vol.6,プロフェッショナル修斗公式戦,,PRO_SHOOTO_MAINLINE,4288,8,,女子ストロー級,5分5R,1716,パクボヒョン,WEST GYM,計量結果 :51.6 Kg,,1319,宝珠山桃花,赤崎道場A-SPIRIT,計量結果 :51.9 Kg,,F1_WIN_F2_LOSS,opacity (single fighter dimmed),4,01:38,tko,TKO,レフェリーストップ/グラウンドパンチ,×宝珠山 桃花（日本・同級2位／赤崎道場A-SPIRIT）51.9kg ※勝利した赤：パクが女子ストロー級級暫定王者に決定。 ※2R、赤：パクによるグランド状態での膝蹴りの反則のため減点1 ［レフェリー］福田 正人 ［ジャッジ］ 鍋久保 雄太 1R 10-9／2R 9-8／3R 10-8 内田 龍介　 1R 10-9／2R 9-9／3R 10-9 橋本 貴　　 1R 10-9／2R 9-8／3R 10-8
221,2025-07-21,PROFESSIONAL SHOOTO 2025 Vol.6,プロフェッショナル修斗公式戦,,PRO_SHOOTO_MAINLINE,4297,7,,フライ級,5分2R,1129,安芸柊斗,MMA Zジム,計量結果 :56.5 Kg,,1636,シモンスズキ,和術慧舟會HEARTS,計量結果 :56.5 Kg,,F1_LOSS_F2_WIN,opacity (single fighter dimmed),1,04:16,submision,S,リアネイキッドチョーク,［レフェリー］福田 正人
221,2025-07-21,PROFESSIONAL SHOOTO 2025 Vol.6,プロフェッショナル修斗公式戦,,PRO_SHOOTO_MAINLINE,4298,6,,ライト級,5分2R,1739,西尾真輔,総合格闘技宇留野道場,計量結果 :70.1 Kg,nishio-shinsuke,1707,シヴァエフ,"リバーサルジム新宿Me,We",計量結果 :70.2 Kg,,F1_LOSS_F2_WIN,opacity (single fighter dimmed),2,05:00,tko,TKO,レフェリーストップ/グラウンドパンチ,［レフェリー］片岡 誠人 ［ジャッジ］ 福田 正人 10-9 内田 龍介 10-9 松村 慶　 10-9
221,2025-07-21,PROFESSIONAL SHOOTO 2025 Vol.6,プロフェッショナル修斗公式戦,,PRO_SHOOTO_MAINLINE,4307,5,,バンタム級,5分3R,777,青柳洸志,修斗GYM神戸,計量結果 :61.1 Kg,,1483,中野剛貴,NAUGHTY HOUSE,計量結果 :60.9 Kg,,F1_LOSS_F2_WIN,opacity (single fighter dimmed),2,04:33,tko,TKO,レフェリーストップ/グラウンドパンチ,［レフェリー］橋本 貴 ［ジャッジ］ 片岡 誠人　 9-10 鍋久保 雄太 10-9 松村 慶　　 9-10
221,2025-07-21,PROFESSIONAL SHOOTO 2025 Vol.6,プロフェッショナル修斗公式戦,,PRO_SHOOTO_MAINLINE,4290,4,,ストロー級,5分2R,1632,黒部和沙,TRIBE TOKYO M.M.A,計量結果 :52.1 Kg,,38,マッチョザバタフライ,総合格闘技道場コブラ会,計量結果 :52.2 Kg,,F1_WIN_F2_LOSS,score 3-0 (overrides opacity if needed),,,ud,判定 3-0,,［レフェリー］鍋久保 雄太 ［ジャッジ］ 片岡 誠人 20-18（1R 10-9／2R 10-9） 橋本 貴　 20-18（1R 10-9／2R 10-9） 松村 慶　 20-18（1R 10-9／2R 10-9）
221,2025-07-21,PROFESSIONAL SHOOTO 2025 Vol.6,プロフェッショナル修斗公式戦,,PRO_SHOOTO_MAINLINE,4291,3,,ストロー級,5分2R,1773,田口恵大,RISING SUN,計量結果 :51.8 Kg,,1713,友利琉偉,パラエストラ小岩,計量結果 :52.1 Kg,,F1_LOSS_F2_WIN,opacity (single fighter dimmed),1,02:17,f,反則失格,,※ローブロー ［レフェリー］鍋久保 雄太
221,2025-07-21,PROFESSIONAL SHOOTO 2025 Vol.6,プロフェッショナル修斗公式戦,,PRO_SHOOTO_MAINLINE,4292,2,,女子スーパーアトム級,5分2R,1757,erika,THE BLACKBELT JAPAN,計量結果 :49.9 Kg,,1729,嶋屋澪,SISU,計量結果 :49.3 Kg,,F1_WIN_F2_LOSS,"note judge tallies [('20', '18'), ('19', '19'), ('19', '19')] -> favors1=1 favors2=0 ties=2",,,,,,［レフェリー］内田 龍介 ［ジャッジ］ 福田 正人　 20-18（1R 10-9／2R 10-9） 橋本 貴　　 19-19（1R 9-10／2R 10-9） 鍋久保 雄太 19-19（1R 9-10／2R 10-9）
221,2025-07-21,PROFESSIONAL SHOOTO 2025 Vol.6,プロフェッショナル修斗公式戦,,PRO_SHOOTO_MAINLINE,4293,1,,女子スーパーアトム級,5分2R,1793,村上彩,修斗GYM東京,計量結果 :49.2 Kg,,1733,片山智絵,修斗GYM大阪,計量結果 :49.8 Kg,,F1_WIN_F2_LOSS,opacity (single fighter dimmed),2,04:49,submision,S,腕十字固め,［レフェリー］内田 龍介 ［ジャッジ］ 福田 正人 10-9 橋本 貴　 10-9 松村 慶　 10-9
221,2025-07-21,PROFESSIONAL SHOOTO 2025 Vol.6,プロフェッショナル修斗公式戦,,PRO_SHOOTO_MAINLINE,4294,,,バンタム級,5分2R,1668,御前昂史,パラエストラ小岩,計量結果 :60.9 Kg,,1808,福元大貴,リバーサルジム立川ALPHA,計量結果 :61 Kg,,F1_LOSS_F2_WIN,opacity (single fighter dimmed),1,03:42,ko,KO,,［レフェリー］橋本 貴 ※ 福元がトーナメント準決勝に進出。準決勝では有松 朋晃（MMA rangersgym）との対戦が決定
237,2025-07-13,広島大会,プロフェッショナル修斗,,UNCLASSIFIED,4308,10,,フライ級,5分2R,1453,打威致,有永道場TeamResolve,,,1175,親川龍,THE BLACKBELT JAPAN,,,F1_WIN_F2_LOSS,opacity (single fighter dimmed),1,02:02,tko,TKO,レフェリーストップ/グラウンドパンチ,［レフェリー］片岡 誠人
237,2025-07-13,広島大会,プロフェッショナル修斗,,UNCLASSIFIED,4309,9,,フライ級,5分2R,1601,高宮諒,DESTINY JIU-JITSU,,,35,ニシダ☆ショー,BURST,,,F1_LOSS_F2_WIN,opacity (single fighter dimmed),1,01:22,submision,S,三角絞め,［レフェリー］岡田 剛史
237,2025-07-13,広島大会,プロフェッショナル修斗,,UNCLASSIFIED,4310,8,,バンタム級,5分2R,1725,八木祐輔,TKエスペランサ,,,1726,小見山瞬,BURST,,,F1_LOSS_F2_WIN,opacity (single fighter dimmed),1,02:12,submision,S,三角絞め,［レフェリー］片岡 誠人
237,2025-07-13,広島大会,プロフェッショナル修斗,,UNCLASSIFIED,4311,7,,,5分2R,1791,P助,修斗GYM神戸,,,1314,紀州,ASH,,,F1_WIN_F2_LOSS,"note judge tallies [('20', '18'), ('19', '19'), ('19', '19')] -> favors1=1 favors2=0 ties=2",,,,,,［レフェリー］岡田 剛史 ［ジャッジ］ 片岡 誠人 20-18（1R 10-9／2R 10-9） 宮崎 清孝 19-19（1R 10-9／2R 9-10） 加藤 秀和 19-19（1R 10-9／2R 9-10）
237,2025-07-13,広島大会,プロフェッショナル修斗,,UNCLASSIFIED,4312,6,,フライ級,5分2R,81,蒔田Gandhi伸吾,TKエスペランサ,,,1570,高橋佑太,BURST,,,F1_LOSS_F2_WIN,score 0-3 (overrides opacity if needed),,,ud,判定 0-3,,［レフェリー］片岡 誠人 ［ジャッジ］ 安芸 佳孝 18-20（1R 9-10／2R 9-10） 宮崎 清孝 18-20（1R 9-10／2R 9-10） 加藤 秀和 18-20（1R 9-10／2R 9-10）
237,2025-07-13,広島大会,プロフェッショナル修斗,,UNCLASSIFIED,4313,5,,フェザー級,5分2R,1624,健太エスペランサ,TKエスペランサ,,,1682,稲葉祥真,ASH,,,F1_LOSS_F2_WIN,score 0-3 (overrides opacity if needed),,,ud,判定 0-3,,［レフェリー］片岡 誠人 ［ジャッジ］ 安芸 佳孝 18-20（1R 9-10／2R 9-10） 宮崎 清孝 18-20（1R 9-10／2R 9-10） 加藤 秀和 18-20（1R 9-10／2R 9-10）
237,2025-07-13,広島大会,プロフェッショナル修斗,,UNCLASSIFIED,4314,4,,バンタム級,5分2R,1845,森本健介,毛利道場,,,1828,井上滉人,MMA IKUSU,,,F1_WIN_F2_LOSS,opacity (single fighter dimmed),1,00:50,submision,S,ヒールホールド,［レフェリー］片岡 誠人
237,2025-07-13,広島大会,プロフェッショナル修斗,,UNCLASSIFIED,4315,3,,,5分2R,1760,山下康一郎,CARPEDIEM,,,1394,KENZO,BURST,,,F1_LOSS_F2_WIN,score 0-2 (overrides opacity if needed),,,ud,判定 0-2,,［レフェリー］片岡 誠人 ［ジャッジ］ 岡田 剛史 19-19（1R 10-9／2R 9-10） 安芸 佳孝 18-20（1R 9-10／2R 9-10） 宮崎 清孝 18-20（1R 9-10／2R 9-10）
237,2025-07-13,広島大会,プロフェッショナル修斗,,UNCLASSIFIED,4316,2,,フェザー級,5分2R,1819,本松要,MASTER JAPAN YAMAGUCHI UBE,,,1847,深町拓海,グラップラーズギルド,,,F1_WIN_F2_LOSS,score 2-0 (overrides opacity if needed),,,ud,判定 2-0,,［レフェリー］岡田 剛史 ［ジャッジ］ 安芸 佳孝 20-18（1R 10-9／2R 10-9） 片岡 誠人 20-18（1R 10-9／2R 10-9） 加藤 秀和 19-19（1R 10-9／2R 9-10） ※ 勝利した赤：本松がトーナメント準決勝戦に進出。準決勝戦では飯野雄斗（THE BLACKBELT JAPAN 沖縄）と齋藤 優（無所属） の勝者との対戦が決定
237,2025-07-13,広島大会,プロフェッショナル修斗,,UNCLASSIFIED,4317,1,,ミドル級,5分2R,1848,SOKO,有永道場 Team Resolve,,,1849,沙門,Concilio,,,F1_LOSS_F2_WIN,opacity (single fighter dimmed),1,04:45,tko,TKO,レフェリーストップ/グラウンドパンチ,［レフェリー］岡田 剛史 ※ 勝利した青：沙門がトーナメント決勝戦に進出。決勝戦では松宮 睦生（パラエストラ小岩）と高橋 宙斗（MMA空手道場鷹） の勝者との対戦が決定
236,2025-06-22,高松大会,プロフェッショナル修斗,,UNCLASSIFIED,4299,8,,フライ級,5分3R,1067,高岡宏気,FORCE GYM,計量結果 :56.6 Kg,takaoka-hiroki,1493,亮我,総合格闘技ゴンズジム,計量結果 :56.7 Kg,ryoga,F1_LOSS_F2_WIN,score 0-3 (overrides opacity if needed),,,ud,判定 0-3,,［レフェリー］片岡 誠人 ［ジャッジ］ 鍋久保 雄太 27-30（1R 9-10／2R 9-10／3R 9-10） 加藤 秀和　 27-30（1R 9-10／2R 9-10／3R 9-10） 坂東 闘志也 27-30（1R 9-10／2R 9-10／3R 9-10）
236,2025-06-22,高松大会,プロフェッショナル修斗,,UNCLASSIFIED,4300,7,,フェザー級,5分2R,1515,松浦真実也,総合格闘技実業団トップティア,計量結果 :65.8 Kg,,1303,南風原吉良斗,THE BLACKBELT JAPAN,計量結果 :65.7 Kg,,F1_LOSS_F2_WIN,opacity (single fighter dimmed),1,01:53,submision,TS,三角締め,［レフェリー］鍋久保 雄太
236,2025-06-22,高松大会,プロフェッショナル修斗,,UNCLASSIFIED,4301,6,,フェザー級,5分2R,1681,垂水稔朗,FORCEGYM,計量結果 :65.7 Kg,,1747,大西佑磨,総合格闘技ゴンズジム,計量結果 :65.7 Kg,,F1_WIN_F2_LOSS,opacity (single fighter dimmed),1,00:53,tko,TKO,レフェリーストップ/グラウンドパンチ,［レフェリー］鍋久保 雄太 ※勝利した赤：垂水がトーナメント準決勝に進出。準決勝では篠原 勇介（マスタージャパン東京）と辻 純也（ISHITSUNA MMA） の勝者との対戦が決定
236,2025-06-22,高松大会,プロフェッショナル修斗,,UNCLASSIFIED,4302,5,,ライト級,5分2R,1616,おえゆうた,MMA Zジム,計量結果 :69.8 Kg,,1706,ムクロック,SAND MMA,計量結果 :69.8 Kg,,DRAW,score tied 0-0,,,ud,判定 0-0,,［レフェリー］片岡 誠人 ［ジャッジ］ 鍋久保 雄太 19-19（1R 10-9／2R 9-10） 加藤 秀和　 19-19（1R 10-9／2R 9-10） 木村 拓茉　 19-19（1R 10-9／2R 9-10）
236,2025-06-22,高松大会,プロフェッショナル修斗,,UNCLASSIFIED,4303,4,,フライ級,5分2R,1679,森貴史,MMA Zジム,計量結果 :56.5 Kg,,1842,浅井大海,柔術&MMAアカデミーG-face,計量結果 :56.5 Kg,,F1_LOSS_F2_WIN,score 0-2 (overrides opacity if needed),,,ud,判定 0-2,,［レフェリー］片岡 誠人 ［ジャッジ］ 坂東 闘志也 18-20（1R 9-10／2R 9-10） 加藤 秀和 　18-20（1R 9-10／2R 9-10） 木村 拓茉 　19-19（1R 9-10／2R 10-9） ※勝利した青：浅井がトーナメント準決勝に進出。準決勝では龍城（修斗GYMS直心会）との対戦が決定
236,2025-06-22,高松大会,プロフェッショナル修斗,,UNCLASSIFIED,4304,3,,バンタム級,5分2R,229,藤川智史,総合格闘技道場ARMS,計量結果 :61.2 Kg,,1843,KOKI,MMA RANGERS GYM,計量結果 :61.1 Kg,,F1_LOSS_F2_WIN,opacity (single fighter dimmed),2,00:30,tko,TKO,レフェリーストップ/グラウンドパンチ,［レフェリー］片岡 誠人 ［ジャッジ］ 坂東 闘志也 1R 10-9 安芸 佳孝 　1R 9-10 木村 拓茉 　1R 10-9
236,2025-06-22,高松大会,プロフェッショナル修斗,,UNCLASSIFIED,4305,2,,フライ級,5分2R,1645,神里昭吾,THE BLACKBELT JAPAN,計量結果 :56.7 Kg,,1710,柴山海音,柔術&MMAアカデミーG-face,計量結果 :56.6 Kg,,F1_LOSS_F2_WIN,opacity (single fighter dimmed),1,02:57,submision,S,リアネイキッドチョーク,［レフェリー］鍋久保 雄太
236,2025-06-22,高松大会,プロフェッショナル修斗,,UNCLASSIFIED,4306,1,,バンタム級,5分2R,1598,下田洋介,095BJJ長崎柔術,計量結果 :60.4 Kg,,1755,水嶋敬志,THE BLACKBELT JAPAN,計量結果 :61.1 Kg,,F1_LOSS_F2_WIN,opacity (single fighter dimmed),2,00:31,tko,TKO,,［レフェリー］鍋久保 雄太 ［ジャッジ］ 坂東 闘志也 1R 10-9 木村 拓茉 　1R 9-10 加藤 秀和 　1R 9-10
220,2025-06-14,COLORS Produce by SHOOTO Vol.5,プロフェッショナル修斗公式戦,,PRO_SHOOTO_MAINLINE,4281,9,,女子ストロー級,5分2R,1319,宝珠山桃花,赤崎道場A-SPIRIT,計量結果 :51.6 Kg,,1450,高田暖妃,FIGHTER`S FLOW,計量結果 :52 Kg,,F1_WIN_F2_LOSS,score 3-0 (overrides opacity if needed),,,ud,判定 3-0,,［レフェリー］片岡 誠人 ［ジャッジ］ 鍋久保 雄太 20-18（1R 10-9／2R 10-9） 豊島 孝尚 　20-18（1R 10-9／2R 10-9） 渡辺 明伸 　20-18（1R 10-9／2R 10-9）
220,2025-06-14,COLORS Produce by SHOOTO Vol.5,プロフェッショナル修斗公式戦,,PRO_SHOOTO_MAINLINE,4282,8,,女子スーパーアトム級,5分2R,1656,高本千代,高本道場,計量結果 :49.7 Kg,,1729,嶋屋澪,SISU,計量結果 :49.9 Kg,,F1_WIN_F2_LOSS,score 3-0 (overrides opacity if needed),,,ud,判定 3-0,,［レフェリー］片岡 誠人 ［ジャッジ］ 鍋久保 雄太 20-18（1R 10-9／2R 10-9） 豊島 孝尚 　20-18（1R 10-9／2R 10-9） 渡辺 明伸 　20-16（1R 10-8／2R 10-8）
220,2025-06-14,COLORS Produce by SHOOTO Vol.5,プロフェッショナル修斗公式戦,,PRO_SHOOTO_MAINLINE,4283,7,,女子アトム級,5分2R,920,ヒヤマNFC,NFC,計量結果 :47.4 Kg,,1694,徳本望愛,THE BLACKBELT JAPAN,計量結果 :47.4 Kg,,F1_LOSS_F2_WIN,opacity (single fighter dimmed),2,03:16,submision,S,腕十字固め,［レフェリー］片岡 誠人 ［ジャッジ］ 鍋久保 雄太 1R 9-10 豊島 孝尚 　1R 9-10 渡辺 明伸 　1R 9-10
220,2025-06-14,COLORS Produce by SHOOTO Vol.5,プロフェッショナル修斗公式戦,,PRO_SHOOTO_MAINLINE,4284,6,,トライアウト,3分2R,1833,te-a,AACC,計量結果 :60.2 Kg,,1834,鈴木舞,寒天ファイトスピリットジム,計量結果 :60.7 Kg,,F1_LOSS_F2_WIN,score 0-2 (overrides opacity if needed),,,ud,判定 0-2,,［レフェリー］鍋久保 雄太 ［ジャッジ］ 片岡 誠人 18-20（1R 9-10／2R 9-10） 渡辺 明伸 18-20（1R 9-10／2R 9-10） 豊島 孝尚 19-19（1R 10-9／2R 9-10）
220,2025-06-14,COLORS Produce by SHOOTO Vol.5,プロフェッショナル修斗公式戦,,PRO_SHOOTO_MAINLINE,4285,5,,トライアウト,3分2R,1835,安田Kong詠美,BURST,計量結果 :51.2 Kg,,1836,深井志保,N★TRUST,計量結果 :52 Kg,,F1_LOSS_F2_WIN,score 0-3 (overrides opacity if needed),,,ud,判定 0-3,,［レフェリー］渡辺 明伸 ［ジャッジ］ 片岡 誠人　 18-20（1R 9-10／2R 9-10） 鍋久保 雄太 18-20（1R 9-10／2R 9-10） 豊島 孝尚　 18-20（1R 9-10／2R 9-10）
220,2025-06-14,COLORS Produce by SHOOTO Vol.5,プロフェッショナル修斗公式戦,,PRO_SHOOTO_MAINLINE,4287,4,,グラップリング,8分1R,1730,植田咲,AACC,計量結果 :53.9 Kg,,1838,奥田愛加,N★TRUST,計量結果 :53.2 Kg,,F1_LOSS_F2_WIN,opacity (single fighter dimmed),1,04:14,submision,S,アームロック,［レフェリー］鍋久保 雄太
220,2025-06-14,COLORS Produce by SHOOTO Vol.5,プロフェッショナル修斗公式戦,,PRO_SHOOTO_MAINLINE,4286,3,,グラップリング,8分1R,1627,平田彩音,BURST,計量結果 :50.2 Kg,,1837,井上智子,ストライプル茨城,計量結果 :51 Kg,,F1_WIN_F2_LOSS,score 3-0 (overrides opacity if needed),,,ud,判定 3-0,,［レフェリー］鍋久保 雄太 ［ジャッジ］ 片岡 誠人 10-9 渡辺 明伸 10-9 豊島 孝尚 10-9
220,2025-06-14,COLORS Produce by SHOOTO Vol.5,プロフェッショナル修斗公式戦,,PRO_SHOOTO_MAINLINE,4295,2,,キッズ・ジュニア修斗,5分2R,1772,遠藤ジュリアン桜,リバーサルジム立川ALPHA,計量結果 :49.3 Kg,,1839,金美來,OOTA DOJO,計量結果 :50.1 Kg,,F1_LOSS_F2_WIN,opacity (single fighter dimmed),1,00:52,submision,S,リアネイキッドチョーク,［レフェリー］鍋久保 雄太
220,2025-06-14,COLORS Produce by SHOOTO Vol.5,プロフェッショナル修斗公式戦,,PRO_SHOOTO_MAINLINE,4296,1,,キッズ・ジュニアグラップリング,5分2R,1540,杉本越,AACC,計量結果 :34 Kg,,1840,大橋美歩,OOTA DOJO,計量結果 :35.9 Kg,,F1_WIN_F2_LOSS,score 3-0 (overrides opacity if needed),,,ud,判定 3-0,,［レフェリー］渡辺 明伸 ［ジャッジ］ 片岡 誠人　 10-9 鍋久保 雄太 10-9 豊島 孝尚　 10-9
228,2025-05-25,PROFESSIONAL SHOOTO 2025 Vol.5 in OSAKA,プロフェッショナル修斗公式戦,,PRO_SHOOTO_MAINLINE,4248,9,,バンタム級,5分5R,295,ダイキライトイヤー,修斗GYM神戸,計量結果 :61.1 Kg,,1548,永井奏多,TRIBE TOKYO M.M.A,計量結果 :61.1 Kg,nagai-kanata,F1_LOSS_F2_WIN,opacity (single fighter dimmed),1,04:52,tko,TKO,レフェリーストップ/グラウンドパンチ,※勝利した青：永井がバンタム級暫定王者に決定。 ［レフェリー］片岡 誠人
228,2025-05-25,PROFESSIONAL SHOOTO 2025 Vol.5 in OSAKA,プロフェッショナル修斗公式戦,,PRO_SHOOTO_MAINLINE,4255,8,,フェザー級,5分3R,1425,宇藤彰貴,総合格闘技道場ゴンズジム,計量結果 :65.4 Kg,,1809,パクジョンジュン,Team Geek MMA,計量結果 :65.3 Kg,,F1_LOSS_F2_WIN,opacity (single fighter dimmed),1,02:41,tko,TKO,レフェリーストップ/グラウンドパンチ,［レフェリー］鍋久保 雄太
228,2025-05-25,PROFESSIONAL SHOOTO 2025 Vol.5 in OSAKA,プロフェッショナル修斗公式戦,,PRO_SHOOTO_MAINLINE,4257,7,,フライ級,5分3R,1635,杉本静弥,THE BLACKBELT JAPAN,計量結果 :56.5 Kg,,1722,山本壮馬,パラエストラ和泉,計量結果 :56.6 Kg,,F1_WIN_F2_LOSS,opacity (single fighter dimmed),1,00:25,ko,KO,,［レフェリー］鍋久保 雄太
228,2025-05-25,PROFESSIONAL SHOOTO 2025 Vol.5 in OSAKA,プロフェッショナル修斗公式戦,,PRO_SHOOTO_MAINLINE,4256,6,,フェザー級,5分3R,1512,轟轟,総合格闘技道場コブラ会,計量結果 :65.6 Kg,,1509,グジユン,修斗GYM神戸,計量結果 :65.4 Kg,,F1_WIN_F2_LOSS,opacity (single fighter dimmed),1,04:03,submision,TS,リアネイキッドチョーク,［レフェリー］片岡 誠人
228,2025-05-25,PROFESSIONAL SHOOTO 2025 Vol.5 in OSAKA,プロフェッショナル修斗公式戦,,PRO_SHOOTO_MAINLINE,4260,5,,キックボクシング,3分3R,1812,小池翔,誠空会,計量結果 :92.5 Kg,,1813,伊藤叶人,吉塚道場,計量結果 :101.2 Kg,,F1_LOSS_F2_WIN,score 0-3 (overrides opacity if needed),,,ud,判定 0-3,,［レフェリー］片岡 誠人 ［ジャッジ］ 鍋久保 雄太 27-30（1R 10-10／2R 7-10／3R 10-10） 豊島 孝尚 　27-29（1R 9-10／2R 7-10／3R 10- 9） 朝武 孝雄 　27-29（1R 10-10／2R 7-10／3R 10- 9）
228,2025-05-25,PROFESSIONAL SHOOTO 2025 Vol.5 in OSAKA,プロフェッショナル修斗公式戦,,PRO_SHOOTO_MAINLINE,4261,4,,キックボクシング,3分3R,1814,THEROCKMFC,MFC MUAY THAI FIGHTER CLUB,計量結果 :57.7 Kg,,1506,白鳥光希,正道会館KCIEL,計量結果 :58.4 Kg,,F1_WIN_F2_LOSS,opacity (single fighter dimmed),2,02:24,tko,TKO,,［レフェリー］片岡 誠人 ［ジャッジ］ 鍋久保 雄太 1R 10- 9 豊島 孝尚　 1R 10-10 朝武 孝雄 　1R 10-10
228,2025-05-25,PROFESSIONAL SHOOTO 2025 Vol.5 in OSAKA,プロフェッショナル修斗公式戦,,PRO_SHOOTO_MAINLINE,4279,3,,,3分3R,1830,有馬伶弍,龍生塾,計量結果 :67.2 Kg,,1831,井原浩之,HADES WORKOUT GYM,計量結果 :67.3 Kg,,F1_WIN_F2_LOSS,score 3-0 (overrides opacity if needed),,,ud,判定 3-0,,［レフェリー］片岡 誠人 ［ジャッジ］ 豊島 孝尚 30-28（1R 10-8／2R 10-10／3R 10-10） 安芸 佳孝 30-27（1R 10-8／2R 10- 9／3R 10-10） 朝武 孝雄 30-27（1R 10-8／2R 10-10／3R 10- 9）
228,2025-05-25,PROFESSIONAL SHOOTO 2025 Vol.5 in OSAKA,プロフェッショナル修斗公式戦,,PRO_SHOOTO_MAINLINE,4258,2,,フライ級,5分2R,1810,龍城,修斗GYMS直心会,計量結果 :56.6 Kg,,1711,南裕人,volcano柔術&mma,計量結果 :56.6 Kg,,F1_WIN_F2_LOSS,opacity (single fighter dimmed),1,01:03,submision,S,アームロック,［レフェリー］鍋久保 雄太
228,2025-05-25,PROFESSIONAL SHOOTO 2025 Vol.5 in OSAKA,プロフェッショナル修斗公式戦,,PRO_SHOOTO_MAINLINE,4259,1,,バンタム級,5分2R,1680,中島陸,総合格闘技ゴンズジム,計量結果 :60.8 Kg,,1577,松岡琉之介,MASTER JAPAN FUKUOKA,計量結果 :60.9 Kg,,F1_WIN_F2_LOSS,opacity (single fighter dimmed),1,01:42,submision,S,リアネイキッドチョーク,［レフェリー］鍋久保 雄太
219,2025-05-18,【第1部】PROFESSIONAL SHOOTO 2025 Vol.3,プロフェッショナル修斗公式戦,東京・ニューピアホール,PRO_SHOOTO_MAINLINE,4229,6,,フライ級,5分3R,1179,中池武寛,パラエストラ小岩,計量結果 :56.5 Kg,,1669,岡田嵐士,"リバーサルジム新宿Me,We",計量結果 :56.4 Kg,,F1_WIN_F2_LOSS,opacity (single fighter dimmed),1,01:51,tko,TKO,レフェリーストップ/グラウンドパンチ,［レフェリー］片岡 誠人
219,2025-05-18,【第1部】PROFESSIONAL SHOOTO 2025 Vol.3,プロフェッショナル修斗公式戦,東京・ニューピアホール,PRO_SHOOTO_MAINLINE,4227,5,,,5分2R,1632,黒部和沙,TRIBE TOKYO M.M.A,計量結果 :52.2 Kg,,1713,友利琉偉,パラエストラ小岩,計量結果 :52.6 Kg,,F1_WIN_F2_LOSS,opacity (single fighter dimmed),1,04:24,tko,TKO,レフェリーストップ/グラウンドパンチ,［レフェリー］片岡 誠人
219,2025-05-18,【第1部】PROFESSIONAL SHOOTO 2025 Vol.3,プロフェッショナル修斗公式戦,東京・ニューピアホール,PRO_SHOOTO_MAINLINE,4226,4,,,5分2R,1098,旭那拳,THE BLACKBELT JAPAN,計量結果 :52.2 Kg,,1773,田口恵大,RISING SUN,計量結果 :51.8 Kg,,F1_WIN_F2_LOSS,opacity (single fighter dimmed),2,03:31,submision,S,リアネイキッドチョーク,［レフェリー］田澤 康宏 ［ジャッジ］ 鍋久保 雄太 1R 10-9 内田 龍介　 1R 10-9 豊島 孝尚　 1R 10-9
219,2025-05-18,【第1部】PROFESSIONAL SHOOTO 2025 Vol.3,プロフェッショナル修斗公式戦,東京・ニューピアホール,PRO_SHOOTO_MAINLINE,4230,3,,ストロー級,5分2R,80,牧ヶ谷篤,和術慧舟會群馬支部,計量結果 :51.9 Kg,,1754,友利幸汰,パラエストラ小岩,計量結果 :52.0 Kg,,F1_LOSS_F2_WIN,score 0-3 (overrides opacity if needed),,,ud,判定 0-3,,［レフェリー］田澤 康宏 ［ジャッジ］ 鍋久保 雄太 17-20（1R 8-10／2R 9-10） 内田 龍介 　18-20（1R 9-10／2R 9-10） 豊島 孝尚 　18-20（1R 9-10／2R 9-10）
219,2025-05-18,【第1部】PROFESSIONAL SHOOTO 2025 Vol.3,プロフェッショナル修斗公式戦,東京・ニューピアホール,PRO_SHOOTO_MAINLINE,4231,2,,バンタム級 1回戦,5分2R,1712,瀬戸口怜久,パラエストラ小岩,計量結果 :61.1 Kg,,1780,塚本竜馬,roots,計量結果 :61.0 Kg,,F1_WIN_F2_LOSS,opacity (single fighter dimmed),2,01:26,tko,TKO,レフェリーストップ/グラウンドパンチ,［レフェリー］鍋久保 雄太 ［ジャッジ］ 田澤 康宏 1R 10-9 内田 龍介 1R 10-9 豊島 孝尚 1R 10-9 ※ 赤・瀬戸口がトーナメント準決勝に進出。準決勝では中島 陸（兵庫／総合格闘技ゴンズジム）と山本 敦章（千葉／THE BLACKBELT JAPAN）の勝者との対戦が決定
219,2025-05-18,【第1部】PROFESSIONAL SHOOTO 2025 Vol.3,プロフェッショナル修斗公式戦,東京・ニューピアホール,PRO_SHOOTO_MAINLINE,4232,1,,フライ級,5分2R,1063,志賀竜太郎,TEAM SALT,計量結果 :56.6 Kg,,129,輝龍,roots,計量結果 :56.4 Kg,,F1_WIN_F2_LOSS,score 2-0 (overrides opacity if needed),,,ud,判定 2-0,,［レフェリー］鍋久保 雄太 ［ジャッジ］ 田澤 康宏 20-18（1R 10-9／2R 10-9） 内田 龍介 19-19（1R 10-9／2R 9-10） 豊島 孝尚 20-18（1R 10-9／2R 10-9）
219,2025-05-18,【第1部】PROFESSIONAL SHOOTO 2025 Vol.3,プロフェッショナル修斗公式戦,東京・ニューピアホール,PRO_SHOOTO_MAINLINE,4278,,,,5分2R,400,住村竜市朗,TEAM ONE,,sumimura-ryuichiro,1829,皇治,-,,kouzi,UNRESOLVED,"both dimmed, no score, no judge tallies, no note keyword match",,,,,,
219,2025-05-18,【第1部】PROFESSIONAL SHOOTO 2025 Vol.3,プロフェッショナル修斗公式戦,東京・ニューピアホール,PRO_SHOOTO_MAINLINE,4280,,,,5分3R,1350,岩﨑大河,大道塾/パラエストラ東京/NAUGHTY HOUSE,,,1794,アレクシスカンポス,マスタージャパン ベネズエラ,,,F1_LOSS_F2_WIN,opacity (single fighter dimmed),,,,,,計量失格 ※赤：岩﨑が規定時間までに計量を行うことが出来なかったため。
229,2025-05-18,【第2部】PROFESSIONAL SHOOTO 2025 Vol.4,プロフェッショナル修斗公式戦,東京・ニューピアホール,PRO_SHOOTO_MAINLINE,4249,6,,フェザー級,5分3R,1485,青井太一,心技館,計量結果 :65.7 Kg,aoi-taichi,162,石原夜叉坊,Team Alpha male Japan,計量結果 :65.4 Kg,,F1_WIN_F2_LOSS,opacity (single fighter dimmed),1,02:07,ko,KO,,［レフェリー］片岡 誠人
229,2025-05-18,【第2部】PROFESSIONAL SHOOTO 2025 Vol.4,プロフェッショナル修斗公式戦,東京・ニューピアホール,PRO_SHOOTO_MAINLINE,4263,5,,フライ級,5分3R,1636,シモンスズキ,和術慧舟會HEARTS,計量結果 :56.3 Kg,,1815,フィルダウスフェイジエフ,マスタージャパン ウズベキスタン,計量結果 :57.3 Kg,,F1_WIN_F2_LOSS,opacity (single fighter dimmed),1,03:33,submision,S,リアネイキッドチョーク,［レフェリー］片岡 誠人
229,2025-05-18,【第2部】PROFESSIONAL SHOOTO 2025 Vol.4,プロフェッショナル修斗公式戦,東京・ニューピアホール,PRO_SHOOTO_MAINLINE,4234,4,,バンタム級,5分3R,1612,堀内佑馬,タンタンファイトクラブ／チーム・オオヤマ,計量結果 :60.9 Kg,,1615,ライダーHIRO,シューティング宇留野道場,計量結果 :61.1 Kg,,F1_WIN_F2_LOSS,score 3-0 (overrides opacity if needed),,,ud,判定 3-0,,［レフェリー］鍋久保 雄太 ［ジャッジ］ 片岡 誠人 30-27（1R 10-9／2R 10-9 ／3R 10-9） 渡辺 明伸 30-27（1R 10-9／2R 10-9 ／3R 10-9） 豊島 孝尚 30-27（1R 10-9／2R 10-9 ／3R 10-9）
229,2025-05-18,【第2部】PROFESSIONAL SHOOTO 2025 Vol.4,プロフェッショナル修斗公式戦,東京・ニューピアホール,PRO_SHOOTO_MAINLINE,4225,3,,,5分2R,1793,村上彩,修斗GYM東京,計量結果 :49.2 Kg,,1757,erika,THE BLACKBELT JAPAN,計量結果 :49.8 Kg,,F1_LOSS_F2_WIN,score 0-2 (overrides opacity if needed),,,ud,判定 0-2,,［レフェリー］内田 龍介 ［ジャッジ］ 片岡 誠人 17-20（1R 9-10／2R 8-10） 渡辺 明伸 19-19（1R 10-9／2R 9-10） 豊島 孝尚 17-20（1R 9-10／2R 8-10）
229,2025-05-18,【第2部】PROFESSIONAL SHOOTO 2025 Vol.4,プロフェッショナル修斗公式戦,東京・ニューピアホール,PRO_SHOOTO_MAINLINE,4235,2,,,5分2R,1184,ヨシイノウエ,パラエストラTB,計量結果 :66.4 Kg,,1715,井上翔太,赤崎道場A-SPIRIT,計量結果 :66.9 Kg,,F1_WIN_F2_LOSS,opacity (single fighter dimmed),2,01:10,submision,S,スピニングチョーク,［レフェリー］内田 龍介 ［ジャッジ］ 渡辺 明伸 1R 10-9 片岡 誠人 1R 10-8 豊島 孝尚 1R 10-9
229,2025-05-18,【第2部】PROFESSIONAL SHOOTO 2025 Vol.4,プロフェッショナル修斗公式戦,東京・ニューピアホール,PRO_SHOOTO_MAINLINE,4262,1,,フライ級,5分2R,1398,梅木勇徳,THE BLACKBELT JAPAN,計量結果 :56.6 Kg,,1816,大竹塁,RISING SUN,計量結果 :56.5 Kg,,F1_LOSS_F2_WIN,score 0-2 (overrides opacity if needed),,,ud,判定 0-2,,［レフェリー］内田 龍介 ［ジャッジ］ 鍋久保 雄太 19-19（1R 9-10／2R 10-9） 片岡 誠人　 18-20（1R 9-10／2R 9-10） 豊島 孝尚　 18-20（1R 9-10／2R 9-10）
235,2025-05-11,TORAO35,プロフェッショナル修斗公式戦福岡大会,,TORAO_REGIONAL;PRO_SHOOTO_MAINLINE,4264,14,,バンタム級,5分3R,1141,野瀬翔平,MASTER JAPAN FUKUOKA,計量結果 :61.1 Kg,nose-shohei,130,加藤ケンジ,NeighborHood,計量結果 :60.9 Kg,,F1_WIN_F2_LOSS,opacity (single fighter dimmed),1,03:35,submision,S,肩固め,［レフェリー］片岡誠人
235,2025-05-11,TORAO35,プロフェッショナル修斗公式戦福岡大会,,TORAO_REGIONAL;PRO_SHOOTO_MAINLINE,4265,13,,バンタム級,5分3R,1185,野尻定由,MASTER JAPAN FUKUOKA,計量結果 :61 Kg,,1538,宮口龍鳳,総合格闘技道場コブラ会,計量結果 :61.2 Kg,miyaguchi-ryuho,F1_LOSS_F2_WIN,opacity (single fighter dimmed),1,04:41,ko,KO,,［レフェリー］片岡誠人
235,2025-05-11,TORAO35,プロフェッショナル修斗公式戦福岡大会,,TORAO_REGIONAL;PRO_SHOOTO_MAINLINE,4266,12,,ライト級,5分2R,642,結城大樹,MASTER JAPAN FUKUOKA,計量結果 :70 Kg,,1442,安海健人,ALMA FIGHT GYM BASE,計量結果 :70.3 Kg,,F1_WIN_F2_LOSS,score 1-0 (overrides opacity if needed),,,ud,判定 1-0,,［レフェリー］片岡誠人 ［ジャッジ］ 橋本　公一 19-19（1R 9-10／2R 10-9） 安芸　佳孝 19-19（1R 9-10／2R 10-9） 赤崎　勝久 20-18（1R 10-9／2R 10-9）
235,2025-05-11,TORAO35,プロフェッショナル修斗公式戦福岡大会,,TORAO_REGIONAL;PRO_SHOOTO_MAINLINE,4267,11,,フェザー級,5分2R,1447,磯城嶋一真,MASTER JAPAN FUKUOKA,計量結果 :65.6 Kg,,669,久保村ヨシTERU,飛翔塾コンドル,計量結果 :65.3 Kg,,F1_WIN_F2_LOSS,opacity (single fighter dimmed),1,01:36,tko,TKO,レフェリーストップ/グラウンドパンチ,［レフェリー］岡田剛史
235,2025-05-11,TORAO35,プロフェッショナル修斗公式戦福岡大会,,TORAO_REGIONAL;PRO_SHOOTO_MAINLINE,4268,10,,バンタム級,5分2R,1577,松岡琉之介,MASTER JAPAN FUKUOKA,計量結果 :61 Kg,,1599,アサシン秋雄,BLOWS OITA LIFE,計量結果 :60.7 Kg,,F1_WIN_F2_LOSS,score 3-0 (overrides opacity if needed),,,ud,判定 3-0,,［レフェリー］橋本公一 ［ジャッジ］ 加藤　秀和 20-18（1R 10-9／2R 10-9） 安芸　佳孝 20-18（1R 10-9／2R 10-9） 赤崎　勝久 20-17（1R 10-9／2R 10-8）
235,2025-05-11,TORAO35,プロフェッショナル修斗公式戦福岡大会,,TORAO_REGIONAL;PRO_SHOOTO_MAINLINE,4269,9,,ストロー級,5分2R,1817,黒瀬キョウヘイ,MASTER JAPAN YAMAGUCHI UBE,計量結果 :52 Kg,,1227,大城正也,T-REX柔術アカデミー,計量結果 :52.2 Kg,,F1_LOSS_F2_WIN,score 0-3 (overrides opacity if needed),,,ud,判定 0-3,,［レフェリー］橋本公一 ［ジャッジ］ 加藤　秀和 18-20（1R 9-10／2R 9-10） 安芸　佳孝 18-20（1R 9-10／2R 9-10） 赤崎　勝久 18-20（1R 9-10／2R 9-10）
235,2025-05-11,TORAO35,プロフェッショナル修斗公式戦福岡大会,,TORAO_REGIONAL;PRO_SHOOTO_MAINLINE,4270,8,,バンタム級,5分2R,1818,平賢二郎,ロータス福岡古賀道場,計量結果 :56.7 Kg,,1572,古賀優平,TRIBE TOKYO M.M.A,計量結果 :56.6 Kg,,F1_WIN_F2_LOSS,score 1-0 (overrides opacity if needed),,,ud,判定 1-0,,［レフェリー］岡田剛史 ［ジャッジ］ 加藤　秀和 19-19（1R 10-9／2R 9-10） 宮崎　清孝 20-18（1R 10-9／2R 10-9） 橋本　公一 19-19（1R 10-9／2R 9-10）
235,2025-05-11,TORAO35,プロフェッショナル修斗公式戦福岡大会,,TORAO_REGIONAL;PRO_SHOOTO_MAINLINE,4271,7,,フェザー級,5分2R,1819,本松要,MASTER JAPAN YAMAGUCHI UBE,計量結果 :65.5 Kg,,1647,諸石一砂,OMURA FIGHT BASE,計量結果 :65 Kg,,F1_WIN_F2_LOSS,opacity (single fighter dimmed),1,00:54,ko,KO,,［レフェリー］岡田剛史
235,2025-05-11,TORAO35,プロフェッショナル修斗公式戦福岡大会,,TORAO_REGIONAL;PRO_SHOOTO_MAINLINE,4272,6,,フライ級,5分2R,1601,高宮諒,DESTINY JIU-JITSU,計量結果 :56.5 Kg,,1400,小生隆弘,グランドスラム沖縄A・P・P,計量結果 :56.6 Kg,,F1_WIN_F2_LOSS,opacity (single fighter dimmed),2,00:19,ko,KO,,［レフェリー］橋本公一 ［ジャッジ］ 安芸　佳孝 1R 10-9 赤崎　勝久 1R 10-9 岡田　剛史 1R 10-9
235,2025-05-11,TORAO35,プロフェッショナル修斗公式戦福岡大会,,TORAO_REGIONAL;PRO_SHOOTO_MAINLINE,4273,5,,バンタム級,5分2R,1821,山口カケル,TEAM BANANA,計量結果 :60.9 Kg,,1822,河野慶樹,柔術&MMAアカデミーG-face,計量結果 :61.0 Kg,,F1_WIN_F2_LOSS,score 3-0 (overrides opacity if needed),,,ud,判定 3-0,,［レフェリー］橋本公一 ［ジャッジ］ 安芸　佳孝 20-18（1R 10-9／2R 10-9） 赤崎　勝久 20-18（1R 10-9／2R 10-9） 加藤　秀和 20-18（1R 10-9／2R 10-9）
235,2025-05-11,TORAO35,プロフェッショナル修斗公式戦福岡大会,,TORAO_REGIONAL;PRO_SHOOTO_MAINLINE,4274,4,,ライト級,5分2R,1823,はやぶさ,MMA RANGERS GYM,計量結果 :70.3 Kg,,1824,大地,有永道場Team Resolve,計量結果 :69.9 Kg,,F1_LOSS_F2_WIN,score 0-3 (overrides opacity if needed),,,ud,判定 0-3,,［レフェリー］片岡誠人 ［ジャッジ］ 安芸　佳孝 18-20（1R 9-10／2R 9-10） 赤崎　勝久 18-20（1R 9-10／2R 9-10） 加藤　秀和 18-20（1R 9-10／2R 9-10）
235,2025-05-11,TORAO35,プロフェッショナル修斗公式戦福岡大会,,TORAO_REGIONAL;PRO_SHOOTO_MAINLINE,4275,3,,ウェルター級,5分2R,1708,グラップラー脇,Leg Lock Academy,計量結果 :77 Kg,,1825,平尾大和,KAMIKAZE DOJO MMA,計量結果 :76.1 Kg,,F1_WIN_F2_LOSS,score 3-0 (overrides opacity if needed),,,ud,判定 3-0,,［レフェリー］片岡誠人 ［ジャッジ］ 安芸　佳孝 20-18（1R 10-9／2R 10-9） 赤崎　勝久 20-18（1R 10-9／2R 10-9） 加藤　秀和 20-18（1R 10-9／2R 10-9）
235,2025-05-11,TORAO35,プロフェッショナル修斗公式戦福岡大会,,TORAO_REGIONAL;PRO_SHOOTO_MAINLINE,4276,2,,ストロー級,5分2R,1826,緑真作,MASTER JAPAN FUKUOKA,計量結果 :52 Kg,,1827,佐野光輝,グラップラーズギルド,計量結果 :51.9 Kg,,F1_WIN_F2_LOSS,score 1-0 (overrides opacity if needed),,,ud,判定 1-0,,［レフェリー］岡田剛史 ［ジャッジ］ 安芸　佳孝 20-18（1R 10-9／2R 10-9） 赤崎　勝久 19-19（1R 9-10／2R 10-9） 加藤　秀和 19-19（1R 9-10／2R 10-9） ※優勢ポイント3-0で緑がトーナメント準決勝に進出。準決勝では加藤 皓己（神奈川／ROOTS）との対戦が決定。
235,2025-05-11,TORAO35,プロフェッショナル修斗公式戦福岡大会,,TORAO_REGIONAL;PRO_SHOOTO_MAINLINE,4277,1,,バンタム級,5分2R,1709,有松朋晃,MMA RANGERS GYM,計量結果 :61.1 Kg,,1828,井上滉人,MMA IKUSU,計量結果 :61.2 Kg,,F1_WIN_F2_LOSS,opacity (single fighter dimmed),1,03:53,submision,S,キムラロック,［レフェリー］岡田剛史 ※勝利した赤：有松がトーナメント2回戦に進出。2回戦では河野 慶樹（福岡／柔術＆MMAアカデミーG-Face）との対戦が決定
234,2025-04-27,越後風神祭り14,プロフェッショナル修斗公式戦,,ECHIGO_REGIONAL;PRO_SHOOTO_MAINLINE,4250,7,,フェザー級,5分2R,275,小川将貴,ピロクテテス新潟,計量結果 :65.8 Kg,,1561,澤江優侍,フリー,計量結果 :65.8 Kg,,F1_LOSS_F2_WIN,opacity (single fighter dimmed),2,00:41,tko,TKO,レフェリーストップ,※赤：小川の出血のため。 ［レフェリー］片岡誠人 ［ジャッジ］ 佐藤 裕介 1R 9-10 藤石 義和 1R 9-10 大内 敬 1R 9-10
234,2025-04-27,越後風神祭り14,プロフェッショナル修斗公式戦,,ECHIGO_REGIONAL;PRO_SHOOTO_MAINLINE,4251,6,,バンタム級,5分2R,197,一條貴洋,ストライプル南相馬playground,計量結果 :61.2 Kg,,1357,宮澤ゴリラ和郎,飛翔塾,計量結果 :61 Kg,,F1_WIN_F2_LOSS,opacity (single fighter dimmed),2,00:11,ko,KO,,［レフェリー］片岡誠人 ［ジャッジ］ 佐藤 裕介 1R 10-9 藤石 義和 1R 10-9 大内 敬 1R 10-9
234,2025-04-27,越後風神祭り14,プロフェッショナル修斗公式戦,,ECHIGO_REGIONAL;PRO_SHOOTO_MAINLINE,4252,5,,,5分2R,1563,隼吾,総合格闘技ジムBATTLE,計量結果 :56.5 Kg,,1322,一杉芳樹,駿東修闘クラブ,計量結果 :56.3 Kg,,F1_WIN_F2_LOSS,opacity (single fighter dimmed),1,03:48,tko,TKO,レフェリーストップ/グラウンドパンチ,［レフェリー］片岡誠人
234,2025-04-27,越後風神祭り14,プロフェッショナル修斗公式戦,,ECHIGO_REGIONAL;PRO_SHOOTO_MAINLINE,4253,3,,フライ級,3分2R,1805,齋藤大樹,ピロクテテス新潟,計量結果 :56.5 Kg,,1806,塩野谷容大,ファイティングラボ新潟,計量結果 :55.7 Kg,,F1_WIN_F2_LOSS,opacity (single fighter dimmed),1,02:31,tko,TKO,レフェリーストップ/グラウンドパンチ,［レフェリー］片岡誠人
234,2025-04-27,越後風神祭り14,プロフェッショナル修斗公式戦,,ECHIGO_REGIONAL;PRO_SHOOTO_MAINLINE,4254,2,,バンタム級,5分2R,1807,上杉隼哉,ブレイブハート,計量結果 :60.9 Kg,,1808,福元大貴,リバーサルジム立川ALPHA,計量結果 :61.0 Kg,,F1_LOSS_F2_WIN,opacity (single fighter dimmed),1,04:12,submision,S,リアネイキッドチョーク,※勝利した青：福元がトーナメント2回戦に進出。2回戦では御前 昂史（パラエストラ小岩）との対戦が決定 ［レフェリー］片岡誠人
233,2025-04-20,THE SHOOTO OKINAWA vol.12,【ｄドリームスポーツ＆スポーツマネジメントPRESENTS】 プロフェッショナル修斗公式戦沖縄大会,ミュージックタウン音市場,OKINAWA_REGIONAL;PRO_SHOOTO_MAINLINE,4236,9,,フライ級,5分3R,955,宮城友一,キックボクシングDROP,計量結果 :56.5 Kg,,35,ニシダ☆ショー,BURST,計量結果 :56.7 Kg,,F1_WIN_F2_LOSS,score 3-0 (overrides opacity if needed),,,ud,判定 3-0,,［レフェリー］片岡誠人 ［ジャッジ］ 豊永　稔　 30-27（1R 10-9／2R 10-9／3R 10-9） 福田　正人 30-27（1R 10-9／2R 10-9／3R 10-9） 小生　隆弘 30-27（1R 10-9／2R 10-9／3R 10-9）
233,2025-04-20,THE SHOOTO OKINAWA vol.12,【ｄドリームスポーツ＆スポーツマネジメントPRESENTS】 プロフェッショナル修斗公式戦沖縄大会,ミュージックタウン音市場,OKINAWA_REGIONAL;PRO_SHOOTO_MAINLINE,4237,8,,ストロー級,5分2R,1255,大城匡史,THE BLACKBELT JAPAN,計量結果 :52.2 Kg,,1168,児玉勇也,とらの子レスリングクラブ／トイカツ道場,計量結果 :52.1 Kg,,F1_WIN_F2_LOSS,opacity (single fighter dimmed),2,02:02,tko,TKO,レフェリーストップ/スタンドパンチ,［レフェリー］片岡誠人 ［ジャッジ］ 豊永　稔　 1R 9-10 福田　正人 1R 9-10 小生　隆弘 1R 9-10
233,2025-04-20,THE SHOOTO OKINAWA vol.12,【ｄドリームスポーツ＆スポーツマネジメントPRESENTS】 プロフェッショナル修斗公式戦沖縄大会,ミュージックタウン音市場,OKINAWA_REGIONAL;PRO_SHOOTO_MAINLINE,4238,7,,バンタム級,5分2R,1337,青井心ニ,心技館,計量結果 :61.2 Kg,,1306,波平コング,THE BLACKBELT JAPAN,計量結果 :60.8 Kg,,F1_WIN_F2_LOSS,opacity (single fighter dimmed),1,01:23,ko,KO,,［レフェリー］豊永稔
233,2025-04-20,THE SHOOTO OKINAWA vol.12,【ｄドリームスポーツ＆スポーツマネジメントPRESENTS】 プロフェッショナル修斗公式戦沖縄大会,ミュージックタウン音市場,OKINAWA_REGIONAL;PRO_SHOOTO_MAINLINE,4239,6,,グラップリング,5分1R,1208,黒部三奈,マスタージャパン,計量結果 :52.7 Kg,,1241,小生由紀,グランドスラム沖縄A・P・P,計量結果 :52.6 Kg,,F1_LOSS_F2_WIN,score 0-3 (overrides opacity if needed),,,ud,判定 0-3,,［レフェリー］福田正人 ［ジャッジ］ 片岡　誠人 9-10（1R 9-10） 豊永　稔　 9-10（1R 9-10） 島袋　零二 9-10（1R 9-10）
233,2025-04-20,THE SHOOTO OKINAWA vol.12,【ｄドリームスポーツ＆スポーツマネジメントPRESENTS】 プロフェッショナル修斗公式戦沖縄大会,ミュージックタウン音市場,OKINAWA_REGIONAL;PRO_SHOOTO_MAINLINE,4240,5,,ストロー級,5分2R,1740,シン・ケンザン,MMA Zジム,計量結果 :52.1 Kg,,1427,大田ノヒロ,THE BLACKBELT JAPAN,計量結果 :52.2 Kg,,F1_LOSS_F2_WIN,score 0-1 (overrides opacity if needed),,,ud,判定 0-1,,［レフェリー］豊永稔 ［ジャッジ］ 片岡　誠人 19-19（1R 9-10／2R 10-9） 福田　正人 19-19（1R 9-10／2R 10-9） 島袋　零二 18-19（1R 8-10／2R 10-9）
233,2025-04-20,THE SHOOTO OKINAWA vol.12,【ｄドリームスポーツ＆スポーツマネジメントPRESENTS】 プロフェッショナル修斗公式戦沖縄大会,ミュージックタウン音市場,OKINAWA_REGIONAL;PRO_SHOOTO_MAINLINE,4241,4,,フェザー級,5分2R,1797,飯野雄斗,THE BLACKBELT JAPAN,計量結果 :65.7 Kg,,1798,翔べ！ゆうすけ！,マスタージャパン,計量結果 :65.3 Kg,,F1_WIN_F2_LOSS,score 3-0 (overrides opacity if needed),,,ud,判定 3-0,,［レフェリー］福田正人 ［ジャッジ］ 片岡　誠人 20-18（1R 10-9／2R 10-9） 豊永　稔　 20-18（1R 10-9／2R 10-9） 島袋　零二 20-18（1R 10-9／2R 10-9）
233,2025-04-20,THE SHOOTO OKINAWA vol.12,【ｄドリームスポーツ＆スポーツマネジメントPRESENTS】 プロフェッショナル修斗公式戦沖縄大会,ミュージックタウン音市場,OKINAWA_REGIONAL;PRO_SHOOTO_MAINLINE,4242,3,,バンタム級,5分2R,1429,オガワワタル,MMA RANGERS GYM,計量結果 :61 Kg,,1799,吉田琉一郎,THE BLACKBELT JAPAN,計量結果 :61.1 Kg,,F1_WIN_F2_LOSS,opacity (single fighter dimmed),1,03:11,tko,TKO,レフェリーストップ/グラウンドパンチ,［レフェリー］福田正人
233,2025-04-20,THE SHOOTO OKINAWA vol.12,【ｄドリームスポーツ＆スポーツマネジメントPRESENTS】 プロフェッショナル修斗公式戦沖縄大会,ミュージックタウン音市場,OKINAWA_REGIONAL;PRO_SHOOTO_MAINLINE,4243,2,,バンタム級,5分2R,1349,植木令和新,シューティング宇留野道場,計量結果 :61 Kg,,1800,下間英史,THE BLACKBELT JAPAN,計量結果 :30.500000000 Kg,,F1_LOSS_F2_WIN,opacity (single fighter dimmed),1,02:05,submision,S,リアネイキッドチョーク,［レフェリー］豊永稔
233,2025-04-20,THE SHOOTO OKINAWA vol.12,【ｄドリームスポーツ＆スポーツマネジメントPRESENTS】 プロフェッショナル修斗公式戦沖縄大会,ミュージックタウン音市場,OKINAWA_REGIONAL;PRO_SHOOTO_MAINLINE,4244,1,,ストロー級,5分2R,1570,高橋佑太,BURST,計量結果 :52.1 Kg,,1801,賢人,BJ MMA SCHOOL,計量結果 :52.2 Kg,,F1_WIN_F2_LOSS,score 1-0 (overrides opacity if needed),,,ud,判定 1-0,,［レフェリー］福田正人 ［ジャッジ］ 片岡　誠人 19-19（1R 10-9／2R 9-10） 豊永　稔　 19-19（1R 10-9／2R 9-10） 小生　隆弘 20-18（1R 10-9／2R 10-9）
233,2025-04-20,THE SHOOTO OKINAWA vol.12,【ｄドリームスポーツ＆スポーツマネジメントPRESENTS】 プロフェッショナル修斗公式戦沖縄大会,ミュージックタウン音市場,OKINAWA_REGIONAL;PRO_SHOOTO_MAINLINE,4245,3,,キッズ・ジュニア修斗,4分1R,1742,田中仁,BURST,,,1802,通事安朋,THE BLACKBELT JAPAN,,,F1_WIN_F2_LOSS,opacity (single fighter dimmed),1,02:58,submision,TS,腕十字固め,［レフェリー］片岡誠人
233,2025-04-20,THE SHOOTO OKINAWA vol.12,【ｄドリームスポーツ＆スポーツマネジメントPRESENTS】 プロフェッショナル修斗公式戦沖縄大会,ミュージックタウン音市場,OKINAWA_REGIONAL;PRO_SHOOTO_MAINLINE,4246,2,,キッズ・ジュニア修斗,4分1R,1467,福万煌虎,BURST,,,1803,河上純登,THE BLACKBELT JAPAN,,,UNRESOLVED,"both dimmed, no score, no judge tallies, no note keyword match",,,,,,
233,2025-04-20,THE SHOOTO OKINAWA vol.12,【ｄドリームスポーツ＆スポーツマネジメントPRESENTS】 プロフェッショナル修斗公式戦沖縄大会,ミュージックタウン音市場,OKINAWA_REGIONAL;PRO_SHOOTO_MAINLINE,4247,1,,キッズ・ジュニア修斗,3分1R,1804,筒井拓登,BURST,,,1469,松根浩人,THE BLACKBELT JAPAN,,,F1_LOSS_F2_WIN,score 0-3 (overrides opacity if needed),,,ud,判定 0-3,,［レフェリー］片岡誠人 ［ジャッジ］ 豊永　稔　 9-10（1R 9-10） 福田　正人 9-10（1R 9-10） 島袋　零二 9-10（1R 9-10）
230,2025-04-13,BORDER2025「The1st」,プロフェッショナル修斗公式戦,大阪市平野区／コミュニティプラザ平野,BORDER;PRO_SHOOTO_MAINLINE,4216,9,,フライ級,5分3R,1493,亮我,総合格闘技ゴンズジム,計量結果 :56.7 Kg,ryoga,670,黒石大資,スカーフィスト,計量結果 :56.6 Kg,,F1_WIN_F2_LOSS,score 3-0 (overrides opacity if needed),,,ud,判定 3-0,,［レフェリー］片岡 誠人 ［ジャッジ］ 加納　学　 30-26（1R 10-9／2R 10-8／3R 10-9） 安芸　佳孝 30-27（1R 10-9／2R 10-9／3R 10-9） 豊島　孝尚 30-27（1R 10-9／2R 10-9／3R 10-9）
230,2025-04-13,BORDER2025「The1st」,プロフェッショナル修斗公式戦,大阪市平野区／コミュニティプラザ平野,BORDER;PRO_SHOOTO_MAINLINE,4217,8,,バンタム級,5分2R,1459,小川隼人,修斗GYM神戸,計量結果 :60.9 Kg,,1726,小見山瞬,BURST,計量結果 :61.1 Kg,,DRAW,score tied 0-0,,,ud,判定 0-0,,［レフェリー］片岡 誠人 ［ジャッジ］ 加納　学　 19-19（1R 9-10／2R 10-9） 安芸　佳孝 19-19（1R 9-10／2R 10-9） 豊島　孝尚 19-19（1R 9-10／2R 10-9）
230,2025-04-13,BORDER2025「The1st」,プロフェッショナル修斗公式戦,大阪市平野区／コミュニティプラザ平野,BORDER;PRO_SHOOTO_MAINLINE,4218,7,,,5分2R,1747,大西佑磨,総合格闘技ゴンズジム,計量結果 :65.8 Kg,,1682,稲葉祥真,ASH,計量結果 :65.4 Kg,,F1_WIN_F2_LOSS,score 2-0 (overrides opacity if needed),,,ud,判定 2-0,,※勝利した赤：大西がトーナメント2回戦に進出。2回戦では垂水 稔朗（香川／FORCEGYM）との対戦が決定 ［レフェリー］片岡 誠人 ［ジャッジ］ 加納　学　 19-19（1R 10-9／2R 9-10） 安芸　佳孝 20-18（1R 10-9／2R 10-9） 豊島　孝尚 20-18（1R 10-9／2R 10-9）
230,2025-04-13,BORDER2025「The1st」,プロフェッショナル修斗公式戦,大阪市平野区／コミュニティプラザ平野,BORDER;PRO_SHOOTO_MAINLINE,4219,6,,フライ級,5分2R,1810,龍城,修斗GYMS直心会,計量結果 :56.5 Kg,,1786,田中和広,SISU MMA &BJJ,計量結果 :56.3 Kg,,F1_WIN_F2_LOSS,opacity (single fighter dimmed),1,00:23,ko,KO,,※勝利した赤：龍城がトーナメント2回戦に進出。2回戦では浅井大海（柔術&MMAアカデミーG-face）と森貴史（MMA Zジム）の勝者との対戦が決定 ［レフェリー］片岡 誠人
230,2025-04-13,BORDER2025「The1st」,プロフェッショナル修斗公式戦,大阪市平野区／コミュニティプラザ平野,BORDER;PRO_SHOOTO_MAINLINE,4220,5,,フェザー級,5分2R,1788,ISODA,直心会生野道場TK68,計量結果 :65.5 Kg,,1624,健太エスペランサ,TKエスペランサ,計量結果 :65.7 Kg,,F1_WIN_F2_LOSS,score 3-0 (overrides opacity if needed),,,ud,判定 3-0,,［レフェリー］片岡 誠人 ［ジャッジ］ 加納　学　 20-18（1R 10-9／2R 10-9） 安芸　佳孝 20-18（1R 10-9／2R 10-9） 豊島　孝尚 20-18（1R 10-9／2R 10-9）
230,2025-04-13,BORDER2025「The1st」,プロフェッショナル修斗公式戦,大阪市平野区／コミュニティプラザ平野,BORDER;PRO_SHOOTO_MAINLINE,4221,4,,,5分2R,1789,北原蓮,修斗GYM神戸,計量結果 :70.2 Kg,,1790,原田直人,コブラ会EAST,計量結果 :70.2 Kg,,DRAW,score tied 0-0,,,ud,判定 0-0,,［レフェリー］片岡 誠人 ［ジャッジ］ 加納　学　 19-19（1R 9-10／2R 10-9） 安芸　佳孝 19-19（1R 9-10／2R 10-9） 豊島　孝尚 19-19（1R 9-10／2R 10-9）
230,2025-04-13,BORDER2025「The1st」,プロフェッショナル修斗公式戦,大阪市平野区／コミュニティプラザ平野,BORDER;PRO_SHOOTO_MAINLINE,4222,3,,ストロー級,5分2R,1539,谷中たいち,格闘技吉田道場,計量結果 :51.9 Kg,,78,ふじい☆ペリー,BURST,計量結果 :52.1 Kg,,F1_WIN_F2_LOSS,opacity (single fighter dimmed),1,04:53,submision,S,腕十字固め,［レフェリー］片岡 誠人
230,2025-04-13,BORDER2025「The1st」,プロフェッショナル修斗公式戦,大阪市平野区／コミュニティプラザ平野,BORDER;PRO_SHOOTO_MAINLINE,4223,2,,ライト級,5分2R,1791,P助,修斗GYM神戸,計量結果 :70.1 Kg,,1792,山﨑龍青,MMA＆BJJ　BLOWS,計量結果 :69.9 Kg,,F1_LOSS_F2_WIN,score 0-3 (overrides opacity if needed),,,ud,判定 0-3,,［レフェリー］片岡 誠人 ［ジャッジ］ 加納　学　 18-20（1R 9-10／2R 9-10） 安芸　佳孝 18-20（1R 9-10／2R 9-10） 豊島　孝尚 17-20（1R 8-10／2R 9-10）
230,2025-04-13,BORDER2025「The1st」,プロフェッショナル修斗公式戦,大阪市平野区／コミュニティプラザ平野,BORDER;PRO_SHOOTO_MAINLINE,4224,1,,フライ級,5分2R,1723,岡本一志,修斗GYMS直心会,計量結果 :56.5 Kg,,1611,木下皓介,GROUND CORE,計量結果 :56.7 Kg,,F1_WIN_F2_LOSS,opacity (single fighter dimmed),1,00:11,ko,KO,,［レフェリー］片岡 誠人
218,2025-03-23,SHOOTO GIG TOKYO Vol.38,プロフェッショナル修斗公式戦,,GIG_UNDERCARD_SERIES;PRO_SHOOTO_MAINLINE,4195,10,,フェザー級,5分3R,1249,上原平,リバーサルジム横浜グランドスラム,計量結果 :65.7 Kg,,1485,青井太一,心技館,計量結果 :65.7 Kg,aoi-taichi,F1_WIN_F2_LOSS,score 2-1 (overrides opacity if needed),,,ud,判定 2-1,,※勝利した赤：上原が初防衛に成功。 ［レフェリー］片岡誠人 ［ジャッジ］ 渡辺　明伸 27-30 （1R 9-10／2R 9-10／3R 9-10） 岡田　剛史 29-28 （1R 9-10／2R 10-9／3R 10-9） 鍋久保雄太 29-28 （1R 9-10／2R 10-9／3R 10-9）
218,2025-03-23,SHOOTO GIG TOKYO Vol.38,プロフェッショナル修斗公式戦,,GIG_UNDERCARD_SERIES;PRO_SHOOTO_MAINLINE,4201,9,,バンタム級,5分3R,1033,ジェイクムラタ,ZEEKジム,計量結果 :61.0 Kg,,1253,新井拓巳,ストライプル新百合ケ丘,計量結果 :61.0 Kg,,F1_WIN_F2_LOSS,opacity (single fighter dimmed),1,03:49,submision,S,キムラロック,［レフェリー］内田龍介
218,2025-03-23,SHOOTO GIG TOKYO Vol.38,プロフェッショナル修斗公式戦,,GIG_UNDERCARD_SERIES;PRO_SHOOTO_MAINLINE,4203,8,,バンタム級,5分2R,1069,榎本明,TRIBE TOKYO MMA,計量結果 :61.1 Kg,,1201,関根累,roots,計量結果 :61 Kg,,F1_WIN_F2_LOSS,score 2-0 (overrides opacity if needed),,,ud,判定 2-0,,［レフェリー］内田龍介 ［ジャッジ］ 片岡　誠人 20-18（1R 10-9／2R 10-9） 岡田　剛史 20-18（1R 10-9／2R 10-9） 鍋久保雄太 19-19（1R 9-10／2R 10-9）
218,2025-03-23,SHOOTO GIG TOKYO Vol.38,プロフェッショナル修斗公式戦,,GIG_UNDERCARD_SERIES;PRO_SHOOTO_MAINLINE,4207,7,,バンタム級,5分2R,1547,藤田ムネノリ,SUBMIT MMA,計量結果 :61.1 Kg,,1780,塚本竜馬,roots,計量結果 :61 Kg,,F1_WIN_F2_LOSS,opacity (single fighter dimmed),2,01:52,submision,S,リアネイキッドチョーク,［レフェリー］鍋久保雄太 ［ジャッジ］ 片岡　誠人 1R 10-9 岡田　剛史 1R 10-9 内田　龍介 1R 10-9
218,2025-03-23,SHOOTO GIG TOKYO Vol.38,プロフェッショナル修斗公式戦,,GIG_UNDERCARD_SERIES;PRO_SHOOTO_MAINLINE,4202,6,,フライ級,5分2R,1139,大竹陽,HAGANE GYM,計量結果 :56.7 Kg,,1635,杉本静弥,THE BLACKBELT JAPAN,計量結果 :56.3 Kg,,F1_LOSS_F2_WIN,opacity (single fighter dimmed),1,00:12,tko,TKO,レフェリーストップ/グラウンドパンチ,［レフェリー］鍋久保雄太
218,2025-03-23,SHOOTO GIG TOKYO Vol.38,プロフェッショナル修斗公式戦,,GIG_UNDERCARD_SERIES;PRO_SHOOTO_MAINLINE,4205,5,,フライ級,5分2R,1669,岡田嵐士,"リバーサルジム新宿Me,We",計量結果 :56.5 Kg,,1560,蓮池勇太,飛翔塾,計量結果 :56.3 Kg,,F1_WIN_F2_LOSS,score 3-0 (overrides opacity if needed),,,ud,判定 3-0,,［レフェリー］鍋久保雄太 ［ジャッジ］ 片岡　誠人 20-17（1R 10-8／2R 10-9） 岡田　剛史 20-17（1R 10-8／2R 10-9） 内田　龍介 20-17（1R 10-9／2R 10-8）
218,2025-03-23,SHOOTO GIG TOKYO Vol.38,プロフェッショナル修斗公式戦,,GIG_UNDERCARD_SERIES;PRO_SHOOTO_MAINLINE,4206,4,,ストロー級,5分2R,1398,梅木勇徳,THE BLACKBELT JAPAN,計量結果 :52.0 Kg,,1779,加藤皓己,roots,計量結果 :51.8 Kg,,F1_WIN_F2_LOSS,opacity (single fighter dimmed),1,02:21,submision,S,リアネイキッドチョーク,［レフェリー］内田龍介
218,2025-03-23,SHOOTO GIG TOKYO Vol.38,プロフェッショナル修斗公式戦,,GIG_UNDERCARD_SERIES;PRO_SHOOTO_MAINLINE,4204,3,,フェザー級,5分2R,1353,谷井翔太,ロデオスタイル/大道塾,計量結果 :65.7 Kg,,1659,歩生,パラエストラTB,計量結果 :65.5 Kg,,F1_LOSS_F2_WIN,opacity (single fighter dimmed),2,04:43,submision,S,三角絞め,［レフェリー］岡田剛史 ［ジャッジ］ 片岡　誠人 1R 9-10 内田　龍介 1R 10-9 鍋久保雄太 1R 9-10
218,2025-03-23,SHOOTO GIG TOKYO Vol.38,プロフェッショナル修斗公式戦,,GIG_UNDERCARD_SERIES;PRO_SHOOTO_MAINLINE,4208,2,,バンタム級,5分2R,1486,勝呂駿,パラエストラTB,計量結果 :60.9 Kg,,1516,山本敦章,THE BLACKBELT JAPAN,計量結果 :61 Kg,,F1_LOSS_F2_WIN,opacity (single fighter dimmed),2,02:17,submision,S,フロントチョーク,※勝利した青：山本がトーナメント2回戦に進出。2回戦では中島陸（総合格闘技ゴンズジム）との対戦が決定 ［レフェリー］岡田剛史 ［ジャッジ］ 片岡　誠人 1R 10-9 内田　龍介 1R 9-10 鍋久保雄太 1R 10-9
218,2025-03-23,SHOOTO GIG TOKYO Vol.38,プロフェッショナル修斗公式戦,,GIG_UNDERCARD_SERIES;PRO_SHOOTO_MAINLINE,4209,1,,フェザー級,5分2R,1781,齋藤優,フリー,計量結果 :65.6 Kg,,1782,山田稜真,Concilio,計量結果 :65 Kg,,F1_WIN_F2_LOSS,score 3-0 (overrides opacity if needed),,,ud,判定 3-0,,※勝利した赤：齋藤がトーナメント2回戦に進出。2回戦では飯野雄斗（THE BLACKBELT JAPAN 沖縄）との対戦が決定 ［レフェリー］片岡誠人 ［ジャッジ］ 渡辺　明伸 20-18（1R 10-9／2R 10-9） 内田　龍介 20-17（1R 10-9／2R 10-8） 鍋久保雄太 20-18（1R 10-9／2R 10-9）
218,2025-03-23,SHOOTO GIG TOKYO Vol.38,プロフェッショナル修斗公式戦,,GIG_UNDERCARD_SERIES;PRO_SHOOTO_MAINLINE,4211,,,フェザー級,5分2R,1783,辻純也,ISHITSUNA MMA GYM,計量結果 :65.8 Kg,,1784,今野龍季,THE BLACKBELT JAPAN,計量結果 :65.3 Kg,,F1_WIN_F2_LOSS,opacity (single fighter dimmed),1,02:37,submision,S,肩固め,※勝利した赤：辻がトーナメント2回戦に進出。2回戦では篠原勇介（マスタージャパン東京）との対戦が決定 ［レフェリー］渡辺明伸
217,2025-03-16,PROFESSIONAL SHOOTO 2025 Vol.2,プロフェッショナル修斗公式戦,後楽園ホール,PRO_SHOOTO_MAINLINE,4191,8,,フェザー級,5分5R,288,SASUKE,MASTER JAPAN,計量結果 :65.7 Kg,sasuke,1296,椿飛鳥,フリー,計量結果 :65.7 Kg,tsubaki-asuka,F1_WIN_F2_LOSS,opacity (single fighter dimmed),2,02:54,submision,TS,リアネイキッドチョーク,※赤：SASUKEが3度目の防衛に成功。 ［レフェリー］片岡誠人 ［ジャッジ］ 橋本　貴　 1R 10-9 鍋久保雄太 1R 10-9 内田　龍介 1R 10-9
217,2025-03-16,PROFESSIONAL SHOOTO 2025 Vol.2,プロフェッショナル修斗公式戦,後楽園ホール,PRO_SHOOTO_MAINLINE,4193,7,,バンタム級,5分3R,1148,藤井伸樹,ALLIANCE,計量結果 :61.0 Kg,,1548,永井奏多,TRIBE TOKYO M.M.A,計量結果 :61.0 Kg,nagai-kanata,F1_LOSS_F2_WIN,score 0-3 (overrides opacity if needed),,,ud,判定 0-3,,［レフェリー］内田龍介 ［ジャッジ］ 片岡　誠人 27-30（1R 9-10／2R 9-10／3R 9-10） 鍋久保雄太 27-30（1R 9-10／2R 9-10／3R 9-10） 岡田　剛史 28-29（1R 10-9／2R 9-10／3R 9-10）
217,2025-03-16,PROFESSIONAL SHOOTO 2025 Vol.2,プロフェッショナル修斗公式戦,後楽園ホール,PRO_SHOOTO_MAINLINE,4192,6,,女子ストロー級,5分3R,1716,パクボヒョン,WEST GYM,計量結果 :52.0 Kg,,1418,ソルト,マルスジム,計量結果 :52.0 Kg,,F1_WIN_F2_LOSS,score 3-0 (overrides opacity if needed),,,ud,判定 3-0,,［レフェリー］内田龍介 ［ジャッジ］ 片岡　誠人 29-28（1R 10-9／2R 10-9／3R 9-10） 鍋久保雄太 29-28（1R 10-9／2R 9-10／3R 10-9） 岡田　剛史 30-27（1R 10-9／2R 10-9／3R 10-9）
217,2025-03-16,PROFESSIONAL SHOOTO 2025 Vol.2,プロフェッショナル修斗公式戦,後楽園ホール,PRO_SHOOTO_MAINLINE,4196,5,,フェザー級,5分3R,1425,宇藤彰貴,総合格闘技道場ゴンズジム,計量結果 :65.7 Kg,,214,齋藤翼,総合格闘技道場津田沼道場/FIGHT FARM,計量結果 :65.7 Kg,,F1_WIN_F2_LOSS,opacity (single fighter dimmed),1,00:14,ko,KO,,［レフェリー］鍋久保雄太
217,2025-03-16,PROFESSIONAL SHOOTO 2025 Vol.2,プロフェッショナル修斗公式戦,後楽園ホール,PRO_SHOOTO_MAINLINE,4197,4,,バンタム級,5分3R,1385,川北晏生,TRIBE TOKYO M.M.A,計量結果 :61.1 Kg,,1614,杉野光星,ALLIANCE,計量結果 :61.1 Kg,,F1_LOSS_F2_WIN,score 0-3 (overrides opacity if needed),,,ud,判定 0-3,,［レフェリー］鍋久保雄太 ［ジャッジ］ 片岡　誠人 27-30（1R 9-10／2R 9-10／3R 9-10） 岡田　剛史 27-30（1R 9-10／2R 9-10／3R 9-10） 内田　龍介 27-30（1R 9-10／2R 9-10／3R 9-10）
217,2025-03-16,PROFESSIONAL SHOOTO 2025 Vol.2,プロフェッショナル修斗公式戦,後楽園ホール,PRO_SHOOTO_MAINLINE,4199,3,,フライ級,5分2R,1179,中池武寛,パラエストラ小岩,計量結果 :56.4 Kg,,1598,下田洋介,095BJJ長崎柔術,計量結果 :56.5 Kg,,F1_WIN_F2_LOSS,opacity (single fighter dimmed),1,02:06,submision,TS,フロントチョーク,［レフェリー］岡田剛史
217,2025-03-16,PROFESSIONAL SHOOTO 2025 Vol.2,プロフェッショナル修斗公式戦,後楽園ホール,PRO_SHOOTO_MAINLINE,4198,2,,フェザー級,5分2R,701,たてお,ELEVEN,計量結果 :65.6 Kg,tateo,1665,シャランディ,TRIBE TOKYO M.M.A,計量結果 :65.8 Kg,,DRAW,score tied 0-0,,,ud,判定 0-0,,［レフェリー］岡田剛史 ［ジャッジ］ 片岡　誠人 19-19（1R 10-9／2R 9-10） 鍋久保雄太 19-19（1R 10-9／2R 9-10） 橋本　貴　 19-19（1R 10-9／2R 9-10）
217,2025-03-16,PROFESSIONAL SHOOTO 2025 Vol.2,プロフェッショナル修斗公式戦,後楽園ホール,PRO_SHOOTO_MAINLINE,4194,1,,バンタム級,5分2R,1483,中野剛貴,NAUGHTY HOUSE,計量結果 :60.9 Kg,,232,松下祐介,パラエストラTB,計量結果 :61 Kg,,F1_WIN_F2_LOSS,score 3-0 (overrides opacity if needed),,,ud,判定 3-0,,［レフェリー］橋本貴 ［ジャッジ］ 片岡　誠人 20-18（1R 10-9／2R 10-9） 岡田　剛史 20-17（1R 10-8／2R 10-9） 内田　龍介 20-17（1R 10-9／2R 10-8）
217,2025-03-16,PROFESSIONAL SHOOTO 2025 Vol.2,プロフェッショナル修斗公式戦,後楽園ホール,PRO_SHOOTO_MAINLINE,4200,,,ライト級,5分2R,1734,手島響,パラエストラ綾瀬,計量結果 :70.3 Kg,,1549,後藤亮,TRIBE TOKYO M.M.A,計量結果 :70.3 Kg,goto-ryo,F1_LOSS_F2_WIN,score 0-3 (overrides opacity if needed),,,ud,判定 0-3,,［レフェリー］片岡誠人 ［ジャッジ］ 岡田　剛史 17-20（1R 9-10／2R 8-10） 橋本　貴　 17-20（1R 9-10／2R 8-10） 内田　龍介 17-20（1R 9-10／2R 8-10）
216,2025-01-19,PROFESSIONAL SHOOTO 2025 開幕戦,プロフェッショナル修斗公式戦,東京・後楽園ホール,PRO_SHOOTO_MAINLINE,4166,11,,フライ級,5分5R,959,関口祐冬,修斗GYM東京,計量結果 :56.6 Kg,,1129,安芸柊斗,MMA Zジム,計量結果 :56.5 Kg,,F1_WIN_F2_LOSS,opacity (single fighter dimmed),4,03:24,submision,S,スリーパーホールド,※勝利した赤：関口がフライ級暫定王者に決定。 ［レフェリー］豊永稔 ［サブレフェリー］ 豊島　孝尚 1R 9-10／2R 9-10／3R 10-9 福田　正人 1R 9-10／2R 9-10／3R 10-9 内田　龍介 1R 9-10／2R 9-10／3R 10-9
216,2025-01-19,PROFESSIONAL SHOOTO 2025 開幕戦,プロフェッショナル修斗公式戦,東京・後楽園ホール,PRO_SHOOTO_MAINLINE,4175,10,,ライト級,5分3R,1537,エフェヴィガ雄志,TRIBE TOKYO M.M.A,計量結果 :70.1 Kg,efeviga-yushi,1615,ライダーHIRO,シューティング宇留野道場,計量結果 :68 Kg,,F1_WIN_F2_LOSS,opacity (single fighter dimmed),1,04:33,submision,S,スリーパーホールド,［レフェリー］福田正人
216,2025-01-19,PROFESSIONAL SHOOTO 2025 開幕戦,プロフェッショナル修斗公式戦,東京・後楽園ホール,PRO_SHOOTO_MAINLINE,4167,9,,ストロー級,5分3R,1176,当真佳直,reversaL Gym OKINAWA CROSS×LINE,計量結果 :52.1 Kg,,41,山上幹臣,総合格闘技道場STF,計量結果 :52 Kg,,F1_LOSS_F2_WIN,score 1-2 (overrides opacity if needed),,,ud,判定 1-2,,［レフェリー］福田正人 ［サブレフェリー］ 豊永　稔　 28-29（1R 10-9／2R 9-10／3R 9-10） 豊島　孝尚 30-27（1R 10-9／2R 10-9／3R 10-9） 内田　龍介 28-29（1R 10-9／2R 9-10／3R 9-10）
216,2025-01-19,PROFESSIONAL SHOOTO 2025 開幕戦,プロフェッショナル修斗公式戦,東京・後楽園ホール,PRO_SHOOTO_MAINLINE,4168,8,,ストロー級,5分3R,1316,泰斗,MMA RANGERS GYM,計量結果 :52.1 Kg,,142,内藤頌貴,THE BLACKBELT JAPAN,計量結果 :52.1 Kg,,F1_LOSS_F2_WIN,score 0-3 (overrides opacity if needed),,,ud,判定 0-3,,［レフェリー］内田龍介 ［サブレフェリー］ 豊永　稔　 27-30（1R 9-10／2R 9-10／3R 9-10） 福田　正人 27-30（1R 9-10／2R 9-10／3R 9-10） 岡田　剛史 27-30（1R 9-10／2R 9-10／3R 9-10）
216,2025-01-19,PROFESSIONAL SHOOTO 2025 開幕戦,プロフェッショナル修斗公式戦,東京・後楽園ホール,PRO_SHOOTO_MAINLINE,4176,7,,バンタム級,5分3R,1658,人見礼王,修斗GYM東京,計量結果 :61.1 Kg,,1775,清水俊一,総合格闘技宇留野道場,計量結果 :60.8 Kg,,DRAW,"note judge tallies [('28', '28'), ('28', '28'), ('28', '28')] -> favors1=0 favors2=0 ties=3 (even)",,,,,,※3R 赤：人見のグラウンド状態での頭部への膝蹴りにより減点1 ［レフェリー］内田龍介 ［サブレフェリー］ 岡田　剛史 28-28（1R 10-9／2R 10-9／3R 8-10） 福田　正人 28-28（1R 10-9／2R 10-9／3R 8-10） 豊永　稔　 28-28（1R 10-9／2R 10-9／3R 8-10）
216,2025-01-19,PROFESSIONAL SHOOTO 2025 開幕戦,プロフェッショナル修斗公式戦,東京・後楽園ホール,PRO_SHOOTO_MAINLINE,4169,6,,フライ級,5分2R,1139,大竹陽,HAGANE GYM,計量結果 :56.7 Kg,,1493,亮我,総合格闘技ゴンズジム,計量結果 :56.6 Kg,ryoga,F1_LOSS_F2_WIN,opacity (single fighter dimmed),1,01:20,ko,KO,,［レフェリー］豊永稔
216,2025-01-19,PROFESSIONAL SHOOTO 2025 開幕戦,プロフェッショナル修斗公式戦,東京・後楽園ホール,PRO_SHOOTO_MAINLINE,4174,5,,ライト級,5分2R,1707,シヴァエフ,"リバーサルジム新宿Me,We",計量結果 :70 Kg,,1734,手島響,パラエストラ綾瀬,計量結果 :70.3 Kg,,F1_WIN_F2_LOSS,opacity (single fighter dimmed),2,00:21,tko,TKO,レフェリーストップ/グラウンドパンチ,※勝利した赤：シヴァエフが2024年度ライト級新人王に決定。 ［レフェリー］岡田剛史 ［サブレフェリー］ 豊永　稔　 1R 10-9 豊島　孝尚 1R 9-10 内田　龍介 1R 9-10
216,2025-01-19,PROFESSIONAL SHOOTO 2025 開幕戦,プロフェッショナル修斗公式戦,東京・後楽園ホール,PRO_SHOOTO_MAINLINE,4170,4,,ストロー級,5分2R,1773,田口恵大,RISING SUN,計量結果 :51.5 Kg,,1569,知名昴海,DROP,計量結果 :51.9 Kg,,F1_LOSS_F2_WIN,opacity (single fighter dimmed),2,03:47,f,反則失格,,※勝利した青：知名が2024年度ストロー級級新人王に決定。 ［レフェリー］岡田剛史 ［サブレフェリー］ 豊島　孝尚 1R 9-10 福田　正人 1R 10- 9 鍋久保雄太 1R 9-10
216,2025-01-19,PROFESSIONAL SHOOTO 2025 開幕戦,プロフェッショナル修斗公式戦,東京・後楽園ホール,PRO_SHOOTO_MAINLINE,4173,3,,フェザー級,5分2R,1704,ヒカル,柔術&MMAアカデミーG-face,計量結果 :65.4 Kg,hikaru,1659,歩生,パラエストラTB,計量結果 :65.6 Kg,,F1_WIN_F2_LOSS,score 3-0 (overrides opacity if needed),,,ud,判定 3-0,,※勝利した赤：ヒカルが2024年度フェザー級新人王に決定。 ［レフェリー］豊永稔 ［サブレフェリー］ 岡田　剛史 20-18（1R 10-9／2R 10-9） 豊島　孝尚 20-18（1R 10-9／2R 10-9） 鍋久保雄太 20-18（1R 10-9／2R 10-9）
216,2025-01-19,PROFESSIONAL SHOOTO 2025 開幕戦,プロフェッショナル修斗公式戦,東京・後楽園ホール,PRO_SHOOTO_MAINLINE,4171,2,,フライ級,5分2R,1636,シモンスズキ,和術慧舟會HEARTS,計量結果 :56.4 Kg,,1722,山本壮馬,パラエストラ和泉,計量結果 :56.6 Kg,,F1_WIN_F2_LOSS,score 3-0 (overrides opacity if needed),,,ud,判定 3-0,,※勝利した赤：シモンが2024年度フライ級新人王に決定。 ［レフェリー］鍋久保雄太 ［サブレフェリー］ 岡田　剛史 20-18（1R 10-9／2R 10-9） 福田　正人 20-18（1R 10-9／2R 10-9） 豊島　孝尚 20-18（1R 10-9／2R 10-9）
216,2025-01-19,PROFESSIONAL SHOOTO 2025 開幕戦,プロフェッショナル修斗公式戦,東京・後楽園ホール,PRO_SHOOTO_MAINLINE,4172,1,,バンタム級,5分2R,1538,宮口龍鳳,総合格闘技道場コブラ会,計量結果 :61.1 Kg,miyaguchi-ryuho,1738,恵真,リバーサルジム立川ALPHA,計量結果 :61.1 Kg,,F1_WIN_F2_LOSS,opacity (single fighter dimmed),1,00:32,tko,TKO,,×恵真（リバーサルジム立川ALPHA）61.1kg ※勝利した赤：宮口が2024年度バンタム級新人王に決定。 ［レフェリー］鍋久保雄太
216,2025-01-19,PROFESSIONAL SHOOTO 2025 開幕戦,プロフェッショナル修斗公式戦,東京・後楽園ホール,PRO_SHOOTO_MAINLINE,4177,2,,ウェルター級,5分2R,1564,西條英成,THE BLACKBELT JAPAN沖縄,計量結果 :77.1 Kg,,1706,ムクロック,SAND MMA,計量結果 :76.8 Kg,,F1_WIN_F2_LOSS,opacity (single fighter dimmed),1,01:51,submision,S,腕十字固め,［レフェリー］内田龍介
216,2025-01-19,PROFESSIONAL SHOOTO 2025 開幕戦,プロフェッショナル修斗公式戦,東京・後楽園ホール,PRO_SHOOTO_MAINLINE,4178,1,,バンタム級,5分2R,1668,御前昂史,パラエストラ小岩,計量結果 :61.1 Kg,,1776,菊西拓馬,URUSHI DOJO,計量結果 :61 Kg,,F1_LOSS_F2_WIN,opacity (single fighter dimmed),1,01:11,ko,KO,,［レフェリー］岡田剛史
216,2025-01-19,PROFESSIONAL SHOOTO 2025 開幕戦,プロフェッショナル修斗公式戦,東京・後楽園ホール,PRO_SHOOTO_MAINLINE,4190,,,,5分3R,1537,エフェヴィガ雄志,TRIBE TOKYO M.M.A,,efeviga-yushi,1739,西尾真輔,総合格闘技宇留野道場,,nishio-shinsuke,F1_WIN_F2_LOSS,opacity (single fighter dimmed),,,,,,不戦 ※青：西尾が規定時間までに計量を行うことが出来なかったため。 ※※勝利した赤：エフェヴィガが初防衛に成功。
214,2024-12-29,PROFESSIONAL SHOOTO 2024 FINAL in OSAKA,プロフェッショナル修斗公式戦,,PRO_SHOOTO_MAINLINE,4149,14,,ストロー級,5分5R,1167,田上こゆる,BLOWS,計量結果 :51.8 Kg,,1098,旭那拳,THE BLACKBELT JAPAN,計量結果 :52 Kg,,F1_WIN_F2_LOSS,score 3-0 (overrides opacity if needed),,,ud,判定 3-0,,※勝利した赤：田上が第11代世界ストロー級チャンピオンに決定。 ［レフェリー］片岡誠人 ［サブレフェリー］ 豊島　孝尚 50-45（1R 10-9／2R 10-9／3R 10-9／4R 10-9／5R 10-9） 岡田　剛史 50-45（1R 10-9／2R 10-9／3R 10-9／4R 10-9／5R 10-9） 鍋久保雄太 49-46（1R 10-9／2R 10-9／3R 10-9／4R 9-10／5R 10-9）
214,2024-12-29,PROFESSIONAL SHOOTO 2024 FINAL in OSAKA,プロフェッショナル修斗公式戦,,PRO_SHOOTO_MAINLINE,4114,13,,バンタム級,5分3R,1141,野瀬翔平,MASTER JAPAN FUKUOKA,計量結果 :61.1 Kg,nose-shohei,295,ダイキライトイヤー,修斗GYM神戸,計量結果 :61.2 Kg,,F1_LOSS_F2_WIN,score 1-2 (overrides opacity if needed),,,ud,判定 1-2,,※勝利した青：ダイキライトイヤーが第13代環太平洋バンタム級チャンピオンに決定。 ［レフェリー］岡田剛史 ［サブレフェリー］ 豊島　孝尚 29-28（1R 10-9／2R 10-9／3R 9-10） 鍋久保雄太 28-29（1R 10-9／2R 9-10／3R 9-10） 安芸　佳孝 28-29（1R 10-9／2R 9-10／3R 9-10）
214,2024-12-29,PROFESSIONAL SHOOTO 2024 FINAL in OSAKA,プロフェッショナル修斗公式戦,,PRO_SHOOTO_MAINLINE,4165,12,,フェザー級,5分3R,162,石原夜叉坊,Team Alpha male Japan,計量結果 :65.8 Kg,,1512,轟轟,総合格闘技道場コブラ会,計量結果 :65.8 Kg,,F1_WIN_F2_LOSS,opacity (single fighter dimmed),1,00:50,ko,KO,,［レフェリー］片岡誠人
214,2024-12-29,PROFESSIONAL SHOOTO 2024 FINAL in OSAKA,プロフェッショナル修斗公式戦,,PRO_SHOOTO_MAINLINE,4158,11,,,3分3R,1334,木下悦志,KICKLAB,計量結果 :51.4 Kg,,1504,伊藤琉之助,EX ARES,計量結果 :51.5 Kg,,F1_LOSS_F2_WIN,score 0-2 (overrides opacity if needed),,,ud,判定 0-2,,※勝利した青：伊藤がCKC2024-51.5kgトーナメント優勝。 ［レフェリー］片岡誠人 ［ジャッジ］ 豊島　孝尚 28-30（1R 10-10／2R 9-10／3R 9-10） 鍋久保雄太 29-29（1R 10- 9／2R 10-10／3R 9-10） 岡田　剛史 28-30（1R 10-10／2R 9-10／3R 9-10）
214,2024-12-29,PROFESSIONAL SHOOTO 2024 FINAL in OSAKA,プロフェッショナル修斗公式戦,,PRO_SHOOTO_MAINLINE,4159,10,,,3分3R,1506,白鳥光希,正道会館KCIEL,計量結果 :57.4 Kg,,1720,タカヤハーデスワークアウト,ハーデスワークアウトジム,計量結果 :57.3 Kg,,F1_WIN_F2_LOSS,"note judge tallies [('28', '28'), ('28', '26'), ('28', '28')] -> favors1=1 favors2=0 ties=2",,,,,,［レフェリー］片岡誠人 ［ジャッジ］ 豊島　孝尚 28-28（1R 10-10／2R 10-8／3R 8-10） 鍋久保雄太 28-26（1R 10- 9／2R 10-8／3R 8- 9） 岡田　剛史 28-28（1R 10-10／2R 10-8／3R 8-10）
214,2024-12-29,PROFESSIONAL SHOOTO 2024 FINAL in OSAKA,プロフェッショナル修斗公式戦,,PRO_SHOOTO_MAINLINE,4160,9,,,3分3R,1768,シンパヤックハマジム,HAMA・GYM,計量結果 :69.6 Kg,,1769,荒尾祐太,チーム吉鷹,計量結果 :69.5 Kg,,F1_WIN_F2_LOSS,score 3-0 (overrides opacity if needed),,,ud,判定 3-0,,［レフェリー］鍋久保雄太 ［ジャッジ］ 豊島　孝尚 30-28（1R 10-10／2R 10- 9／3R 10-9） 片岡　誠人 30-28（1R 10- 9／2R 10-10／3R 10-9） 岡田　剛史 30-28（1R 10-10／2R 10- 9／3R 10-9）
214,2024-12-29,PROFESSIONAL SHOOTO 2024 FINAL in OSAKA,プロフェッショナル修斗公式戦,,PRO_SHOOTO_MAINLINE,4150,8,,フェザー級,5分3R,314,山本健斗デリカット,総合格闘技道場コブラ会,計量結果 :65.7 Kg,,1485,青井太一,心技館,計量結果 :65.7 Kg,aoi-taichi,F1_LOSS_F2_WIN,opacity (single fighter dimmed),1,00:42,ko,KO,,［レフェリー］鍋久保雄太
214,2024-12-29,PROFESSIONAL SHOOTO 2024 FINAL in OSAKA,プロフェッショナル修斗公式戦,,PRO_SHOOTO_MAINLINE,4151,7,,フライ級,5分2R,1067,高岡宏気,FORCE GYM,計量結果 :56.6 Kg,takaoka-hiroki,112,渡辺健太郎,直心会生野道場TK68,計量結果 :56.1 Kg,,F1_WIN_F2_LOSS,score 2-0 (overrides opacity if needed),,,ud,判定 2-0,,［レフェリー］岡田剛史 ［サブレフェリー］ 鍋久保雄太 20-18（1R 10-9／2R 10-9） 片岡　誠人 20-18（1R 10-9／2R 10-9） 安芸　佳孝 19-19（1R 9-10／2R 10-9）
214,2024-12-29,PROFESSIONAL SHOOTO 2024 FINAL in OSAKA,プロフェッショナル修斗公式戦,,PRO_SHOOTO_MAINLINE,4152,6,,バンタム級,5分2R,777,青柳洸志,修斗GYM神戸,計量結果 :60.9 Kg,,223,西村大地,パラエストラ天満,計量結果 :61.1 Kg,,F1_WIN_F2_LOSS,opacity (single fighter dimmed),1,01:41,submision,S,フロントスリーパーホールド,［レフェリー］鍋久保雄太
214,2024-12-29,PROFESSIONAL SHOOTO 2024 FINAL in OSAKA,プロフェッショナル修斗公式戦,,PRO_SHOOTO_MAINLINE,4153,5,,バンタム級,5分2R,1337,青井心ニ,心技館,計量結果 :61.2 Kg,,1680,中島陸,総合格闘技ゴンズジム,計量結果 :61 Kg,,F1_WIN_F2_LOSS,"note judge tallies [('19', '19'), ('19', '18'), ('19', '19')] -> favors1=1 favors2=0 ties=2",,,,,,［レフェリー］鍋久保雄太 ［サブレフェリー］ 岡田　剛史 19-19（1R 10-9／2R 9-10） 片岡　誠人 19-18（1R 10-8／2R 9-10） 安芸　佳孝 19-19（1R 10-9／2R 9-10）
214,2024-12-29,PROFESSIONAL SHOOTO 2024 FINAL in OSAKA,プロフェッショナル修斗公式戦,,PRO_SHOOTO_MAINLINE,4154,4,,,5分2R,1404,Fukky,修斗GYM神戸,計量結果 :49.8 Kg,,1729,嶋屋澪,SISU,計量結果 :49.7 Kg,,DRAW,"note judge tallies [('19', '19'), ('19', '19'), ('19', '19')] -> favors1=0 favors2=0 ties=3 (even)",,,,,,［レフェリー］岡田剛史 ［サブレフェリー］ 豊島　孝尚 19-19（1R 10-9／2R 9-10） 鍋久保雄太 19-19（1R 10-9／2R 9-10） 片岡　誠人 19-19（1R 10-9／2R 9-10）
214,2024-12-29,PROFESSIONAL SHOOTO 2024 FINAL in OSAKA,プロフェッショナル修斗公式戦,,PRO_SHOOTO_MAINLINE,4157,3,,,3分3R,1504,伊藤琉之助,EX ARES,計量結果 :51.5 Kg,,1652,山口悠真,ジムファイターズ,計量結果 :51.4 Kg,,F1_WIN_F2_LOSS,score 3-0 (overrides opacity if needed),,,ud,判定 3-0,,※勝利した赤：伊藤が第11試合で行われるトーナメント決勝に進出。 ［レフェリー］岡田剛史 ［ジャッジ］ 豊島　孝尚 30-25（1R 10-8／2R 10-8／3R 10- 9） 鍋久保雄太 30-26（1R 10-8／2R 10-8／3R 10-10） 安芸　佳孝 29-26（1R 10-8／2R 9-8／3R 10-10）
214,2024-12-29,PROFESSIONAL SHOOTO 2024 FINAL in OSAKA,プロフェッショナル修斗公式戦,,PRO_SHOOTO_MAINLINE,4156,2,,,3分3R,1765,酒井柚樹,TEAM TEPPEN,計量結果 :51.2 Kg,,1334,木下悦志,KICKLAB,計量結果 :51.4 Kg,,F1_LOSS_F2_WIN,score 0-2 (overrides opacity if needed),,,ud,判定 0-2,,※勝利した青：木下が第11試合で行われるトーナメント決勝に進出。 ［レフェリー］鍋久保雄太 ［ジャッジ］ 豊島　孝尚 29-30（1R 10-10／2R 10-10／3R 9-10） 片岡　誠人 27-30（1R 9-10／2R 9-10／3R 9-10） 安芸　佳孝 30-30（1R 10-10／2R 10-10／3R 10-10）
214,2024-12-29,PROFESSIONAL SHOOTO 2024 FINAL in OSAKA,プロフェッショナル修斗公式戦,,PRO_SHOOTO_MAINLINE,4155,1,,フェザー級,5分2R,1681,垂水稔朗,FORCEGYM,計量結果 :65.7 Kg,,1682,稲葉祥真,ASH,計量結果 :65.7 Kg,,F1_LOSS_F2_WIN,opacity (single fighter dimmed),1,04:31,submision,S,腕十字固め,［レフェリー］片岡誠人
203,2024-12-15,COLORS Produce by SHOOTO Vol.4,プロフェッショナル修斗公式戦,東京・新宿FACE,PRO_SHOOTO_MAINLINE,4110,10,epsomsalt seacrystals Presents インフィニティリーグ2024,,5分2R,1627,平田彩音,BURST,,,1554,NOEL,AACC,,noel,F1_LOSS_F2_WIN,opacity (single fighter dimmed),1,04:55,submision,TS,スリーパーホールド,［レフェリー］片岡誠人
203,2024-12-15,COLORS Produce by SHOOTO Vol.4,プロフェッショナル修斗公式戦,東京・新宿FACE,PRO_SHOOTO_MAINLINE,4111,9,epsomsalt seacrystals Presents インフィニティリーグ2024,,5分2R,1464,パクソヨン,ROADジム・GUNSAN ROADジム,,,920,ヒヤマNFC,NFC,,,F1_WIN_F2_LOSS,opacity (single fighter dimmed),1,00:32,submision,S,腕十字固め,※勝利した赤：パクのインフィニティリーグ2024女子アトム級優勝が決定。 ［レフェリー］片岡誠人
203,2024-12-15,COLORS Produce by SHOOTO Vol.4,プロフェッショナル修斗公式戦,東京・新宿FACE,PRO_SHOOTO_MAINLINE,4130,8,,ストロー級,5分2R,1656,高本千代,高本道場,,,1171,杉本恵,AACC,,,DRAW,"note judge tallies [('19', '19'), ('19', '19'), ('19', '19')] -> favors1=0 favors2=0 ties=3 (even)",,,,,,［レフェリー］内田龍介 ［サブレフェリー］ 片岡　誠人 19-19（1R 10-9／2R 9-10） 出合　淳　 19-19（1R 10-9／2R 9-10） 安芸　佳孝 19-19（1R 10-9／2R 9-10）
203,2024-12-15,COLORS Produce by SHOOTO Vol.4,プロフェッショナル修斗公式戦,東京・新宿FACE,PRO_SHOOTO_MAINLINE,4129,7,,ストロー級,5分2R,1558,吉成はるか,パラエストラ小岩,,,1757,erika,THE BLACKBELT JAPAN,,,F1_LOSS_F2_WIN,score 0-3 (overrides opacity if needed),,,ud,判定 0-3,,［レフェリー］鍋久保雄太 ［サブレフェリー］ 片岡　誠人 18-20（1R 9-10／2R 9-10） 内田　龍介 18-20（1R 9-10／2R 9-10） 安芸　佳孝 18-20（1R 9-10／2R 9-10）
203,2024-12-15,COLORS Produce by SHOOTO Vol.4,プロフェッショナル修斗公式戦,東京・新宿FACE,PRO_SHOOTO_MAINLINE,4161,6,,ストロー級,5分2R,1450,高田暖妃,FIGHTER`S FLOW,,,1770,チョンチャヒョン,韓国・ユンジュチーム,,,F1_WIN_F2_LOSS,"note judge tallies [('20', '18'), ('19', '19'), ('19', '19')] -> favors1=1 favors2=0 ties=2",,,,,,［レフェリー］内田龍介 ［サブレフェリー］ 片岡　誠人 20-18（1R 10-9／2R 10-9） 鍋久保雄太 19-19（1R 10-9／2R 9-10） 安芸　佳孝 19-19（1R 10-9／2R 9-10）
203,2024-12-15,COLORS Produce by SHOOTO Vol.4,プロフェッショナル修斗公式戦,東京・新宿FACE,PRO_SHOOTO_MAINLINE,4132,5,,,8分1R,1583,藤野恵実,JAPAN TOP TEAM,,,1573,前澤智,リバーサルジム東京スタンドアウト,,,UNRESOLVED,"both dimmed, no score, no judge tallies, no note keyword match",,,,,,［レフェリー］内田龍介
203,2024-12-15,COLORS Produce by SHOOTO Vol.4,プロフェッショナル修斗公式戦,東京・新宿FACE,PRO_SHOOTO_MAINLINE,4131,4,,,5分2R,1763,愛日,パラエストラ小岩,,,1731,中尾あづき,AACC,,,F1_LOSS_F2_WIN,opacity (single fighter dimmed),1,01:15,tko,TKO,,※赤：愛日が規定ウェイトを通過出来なかった為、試合は参考試合として63.4kg契約にて実施。 ※※赤：愛日にはラウンド毎に1点減点。 ［レフェリー］鍋久保雄太
203,2024-12-15,COLORS Produce by SHOOTO Vol.4,プロフェッショナル修斗公式戦,東京・新宿FACE,PRO_SHOOTO_MAINLINE,4162,3,,,8分1R,1732,KURUMI,MMAZジム,,,1730,植田咲,AACC,,,UNRESOLVED,"both dimmed, no score, no judge tallies, no note keyword match",,,,,,［レフェリー］鍋久保雄太
203,2024-12-15,COLORS Produce by SHOOTO Vol.4,プロフェッショナル修斗公式戦,東京・新宿FACE,PRO_SHOOTO_MAINLINE,4163,2,,,4分1R,1771,小笠原颯希,X-TREME EBINA,,,1772,遠藤ジュリアン桜,リバーサルジム立川ALPHA,,,F1_LOSS_F2_WIN,opacity (single fighter dimmed),1,03:40,submision,TS,腕十字固め,［レフェリー］出合淳
203,2024-12-15,COLORS Produce by SHOOTO Vol.4,プロフェッショナル修斗公式戦,東京・新宿FACE,PRO_SHOOTO_MAINLINE,4164,1,,,4分1R,1541,吉村柚咲,X-TREAM EBINA,,,1378,笠井遥月,MMA Zジム,,,F1_WIN_F2_LOSS,opacity (single fighter dimmed),1,00:19,submision,TS,腕十字固め,［レフェリー］出合淳
212,2024-11-30,PROFESSIONAL SHOOTO 2024 Vol.8,プロフェッショナル修斗公式戦,東京・後楽園ホール,PRO_SHOOTO_MAINLINE,4091,6,,ミドル級,5分5R,1634,岡見勇信,EXFIGHT,計量結果 :83.8 Kg,,1633,キムジェヨン,NOVA MMA,計量結果 :83.6 Kg,,F1_WIN_F2_LOSS,score 3-0 (overrides opacity if needed),,,ud,判定 3-0,,勝利した赤：岡見が第6代世界ミドル級王者に。 ［レフェリー］豊永稔 ［サブレフェリー］ 福田　正人 48-47（1R 9-10／2R 9-10／3R 10-9／4R 10-9／5R 10-9） 出合　淳　 48-47（1R 9-10／2R 9-10／3R 10-9／4R 10-9／5R 10-9） 片岡　誠人 48-47（1R 9-10／2R 9-10／3R 10-9／4R 10-9／5R 10-9）
212,2024-11-30,PROFESSIONAL SHOOTO 2024 Vol.8,プロフェッショナル修斗公式戦,東京・後楽園ホール,PRO_SHOOTO_MAINLINE,4094,5,,ライト級,5分3R,1537,エフェヴィガ雄志,TRIBE TOKYO M.M.A,計量結果 :70.1 Kg,efeviga-yushi,1295,マックス・ザ・ボディ,BRAVE,計量結果 :70.1 Kg,,F1_WIN_F2_LOSS,opacity (single fighter dimmed),3,03:17,submision,S,スリーパーホールド,勝利した赤：エフェヴィガが第11代環太平洋ライト級王者に。 ［レフェリー］豊永稔 ［サブレフェリー］ 福田　正人 1R 10-9／2R 10-9 出合　淳　 1R 10-9／2R 10-9 片岡　誠人 1R 10-9／2R 10-9
212,2024-11-30,PROFESSIONAL SHOOTO 2024 Vol.8,プロフェッショナル修斗公式戦,東京・後楽園ホール,PRO_SHOOTO_MAINLINE,4096,4,2024年度新人王トーナメント,フライ級,5分2R,1179,中池武寛,パラエストラ小岩,計量結果 :55.8 Kg,,1636,シモンスズキ,和術慧舟會HEARTS,計量結果 :56.3 Kg,,F1_LOSS_F2_WIN,opacity (single fighter dimmed),1,04:37,tko,TKO,,※勝利した青：シモン・スズキがトーナメント決勝進出。決勝戦では山本 壮馬（パラエストラ和泉）との対戦が決定。 ［レフェリー］福田正人
212,2024-11-30,PROFESSIONAL SHOOTO 2024 Vol.8,プロフェッショナル修斗公式戦,東京・後楽園ホール,PRO_SHOOTO_MAINLINE,4099,3,,バンタム級,5分2R,305,平川智也,マスタージャパン,計量結果 :61.1 Kg,,1614,杉野光星,ALLIANCE,計量結果 :61.2 Kg,,F1_LOSS_F2_WIN,score 0-2 (overrides opacity if needed),,,ud,判定 0-2,,［レフェリー］福田正人 ［サブレフェリー］ 片岡　誠人 18-20（1R 9-10／2R 9-10） 豊永　稔　 18-20（1R 9-10／2R 9-10） 鍋久保雄太 19-19（1R 10-9／2R 9-10）
212,2024-11-30,PROFESSIONAL SHOOTO 2024 Vol.8,プロフェッショナル修斗公式戦,東京・後楽園ホール,PRO_SHOOTO_MAINLINE,4095,2,epsomsalt seacrystals Presents インフィニティリーグ2024,フライ級,5分2R,1423,須藤晃大,EXFIGHT,計量結果 :56.7 Kg,,1493,亮我,総合格闘技ゴンズジム,計量結果 :56.7 Kg,ryoga,F1_WIN_F2_LOSS,score 2-0 (overrides opacity if needed),,,ud,判定 2-0,,※勝利した赤：須藤のインフィニティリーグ2024フライ級優勝が決定。 ［レフェリー］片岡誠人 ［サブレフェリー］ 豊永　稔　 20-18（1R 10-9／2R 10-9） 出合　淳　 19-19（1R 9-10／2R 10-9） 福田　正人 20-18（1R 10-9／2R 10-9）
212,2024-11-30,PROFESSIONAL SHOOTO 2024 Vol.8,プロフェッショナル修斗公式戦,東京・後楽園ホール,PRO_SHOOTO_MAINLINE,4097,1,,フェザー級,5分2R,701,たてお,ELEVEN,計量結果 :65.7 Kg,tateo,1671,島村裕,パラエストラ小岩,計量結果 :65.8 Kg,,F1_WIN_F2_LOSS,score 3-0 (overrides opacity if needed),,,ud,判定 3-0,,［レフェリー］片岡誠人 ［サブレフェリー］ 豊永　稔　 20-18（1R 10-9／2R 10-9） 出合　淳　 20-18（1R 10-9／2R 10-9） 福田　正人 20-18（1R 10-9／2R 10-9）
215,2024-11-17,山口・KDDI維新ホール,プロフェッショナル修斗公式戦,山口・KDDI維新ホール,PRO_SHOOTO_MAINLINE,4116,12,,ウェルター級,5分3R,1452,墨吉涼太,誠流会館,,,402,ソーキ,NASCER DO SOL,,,F1_WIN_F2_LOSS,opacity (single fighter dimmed),1,03:47,ko,KO,,勝利した赤：墨吉が第7代環太平洋ウェルター級王者に。 ［レフェリー］片岡 誠人
215,2024-11-17,山口・KDDI維新ホール,プロフェッショナル修斗公式戦,山口・KDDI維新ホール,PRO_SHOOTO_MAINLINE,4117,11,,バンタム級,5分3R,1033,ジェイクムラタ,ZEEKジム,,,1185,野尻定由,MASTER JAPAN FUKUOKA,,,F1_WIN_F2_LOSS,score 2-1 (overrides opacity if needed),,,ud,判定 2-1,,［レフェリー］片岡誠人 ［サブレフェリー］ 橋本　公一 29-28（1R 10-9／2R 9-10／3R 10-9） 赤崎　勝久 30-27（1R 10-9／2R 10-9／3R 10-9） 安芸　佳孝 28-29（1R 10-9／2R 9-10／3R 9-10）
215,2024-11-17,山口・KDDI維新ホール,プロフェッショナル修斗公式戦,山口・KDDI維新ホール,PRO_SHOOTO_MAINLINE,4118,10,,ライト級,5分2R,250,田中半蔵,FUN’S,,,8,宇野薫,UNO DOJO,,uno-caol,UNRESOLVED,"both dimmed, no score, no judge tallies, no note keyword match",,,,,,［レフェリー］岡田剛史
215,2024-11-17,山口・KDDI維新ホール,プロフェッショナル修斗公式戦,山口・KDDI維新ホール,PRO_SHOOTO_MAINLINE,4119,9,,フライ級,5分2R,35,ニシダ☆ショー,BURST,,,1453,打威致,有永道場TeamResolve,,,UNRESOLVED,"both dimmed, no score, no judge tallies, no note keyword match",,,,,,［レフェリー］橋本公一 ※1R2’10”での偶発的なアクシデント（バッティング）により試合の続行が不可能になった為。
215,2024-11-17,山口・KDDI維新ホール,プロフェッショナル修斗公式戦,山口・KDDI維新ホール,PRO_SHOOTO_MAINLINE,4120,8,,フェザー級,5分2R,1447,磯城嶋一真,MASTER JAPAN FUKUOKA,,,1309,工藤圭一郎,グランドスラム沖縄A・P・P,,,DRAW,"note judge tallies [('19', '19'), ('19', '19'), ('19', '19')] -> favors1=0 favors2=0 ties=3 (even)",,,,,,［レフェリー］橋本公一 ［サブレフェリー］ 岡田　剛史 19-19（1R 10-9／2R 9-10） 安芸　佳孝 19-19（1R 10-9／2R 9-10） 加藤　秀和 19-19（1R 10-9／2R 9-10）
215,2024-11-17,山口・KDDI維新ホール,プロフェッショナル修斗公式戦,山口・KDDI維新ホール,PRO_SHOOTO_MAINLINE,4121,7,,バンタム級,5分2R,1579,矢野武蔵,パラエストラ愛媛,,,1414,HAMMERKATU,有永道場 Team Resolve,,,F1_LOSS_F2_WIN,"note judge tallies [('19', '19'), ('18', '20'), ('19', '19')] -> favors1=0 favors2=1 ties=2",,,,,,［レフェリー］片岡誠人 ［サブレフェリー］ 橋本　公一 19-19（1R 10-9／2R 9-10） 安芸　佳孝 18-20（1R 9-10／2R 9-10） 加藤　秀和 19-19（1R 10-9／2R 9-10）
215,2024-11-17,山口・KDDI維新ホール,プロフェッショナル修斗公式戦,山口・KDDI維新ホール,PRO_SHOOTO_MAINLINE,4122,6,,フライ級,5分2R,1454,若宮龍斗,KAMIKAZE DOJO MMA,,,1324,寺嶋直人,SUBMIT MMA,,,DRAW,"note judge tallies [('19', '19'), ('19', '19'), ('19', '19')] -> favors1=0 favors2=0 ties=3 (even)",,,,,,［レフェリー］片岡誠人 ［サブレフェリー］ 橋本　公一 19-19（1R 10-9／2R 9-10） 赤崎　勝久 19-19（1R 10-9／2R 9-10） 加藤　秀和 19-19（1R 10-9／2R 9-10）
215,2024-11-17,山口・KDDI維新ホール,プロフェッショナル修斗公式戦,山口・KDDI維新ホール,PRO_SHOOTO_MAINLINE,4123,5,,バンタム級,5分2R,1225,NφB-force,毛利道場,,,1304,藤谷敦史,MASTER JAPAN FUKUOKA,,,F1_LOSS_F2_WIN,opacity (single fighter dimmed),1,00:16,tko,TKO,レフェリーストップ/グラウンドパンチ,［レフェリー］橋本 公一
215,2024-11-17,山口・KDDI維新ホール,プロフェッショナル修斗公式戦,山口・KDDI維新ホール,PRO_SHOOTO_MAINLINE,4124,4,,ライト級,5分2R,1394,KENZO,BURST,,,1616,おえゆうた,MMA Zジム,,,DRAW,"note judge tallies [('19', '19'), ('19', '19'), ('19', '19')] -> favors1=0 favors2=0 ties=3 (even)",,,,,,［レフェリー］橋本公一 ［サブレフェリー］ 岡田　剛史 19-19（1R 10-9／2R 9-10） 赤崎　勝久 19-19（1R 10-9／2R 9-10） 加藤　秀和 19-19（1R 10-9／2R 9-10）
215,2024-11-17,山口・KDDI維新ホール,プロフェッショナル修斗公式戦,山口・KDDI維新ホール,PRO_SHOOTO_MAINLINE,4125,3,,バンタム級,5分2R,1349,植木令和新,シューティング宇留野道場,,,1577,松岡琉之介,MASTER JAPAN FUKUOKA,,,F1_LOSS_F2_WIN,opacity (single fighter dimmed),1,04:26,tko,TKO,レフェリーストップ/グラウンドパンチ,［レフェリー］橋本公一
215,2024-11-17,山口・KDDI維新ホール,プロフェッショナル修斗公式戦,山口・KDDI維新ホール,PRO_SHOOTO_MAINLINE,4126,2,,フライ級,5分2R,1723,岡本一志,修斗GYMS直心会,,,1601,高宮諒,DESTINY JIU-JITSU,,,F1_LOSS_F2_WIN,score 0-3 (overrides opacity if needed),,,ud,判定 0-3,,［レフェリー］ 岡田剛史 ［サブレフェリー］ 片岡　誠人 18-20（1R 9-10／2R 9-10） 赤崎　勝久 18-20（1R 9-10／2R 9-10） 加藤　秀和 18-20（1R 9-10／2R 9-10）
215,2024-11-17,山口・KDDI維新ホール,プロフェッショナル修斗公式戦,山口・KDDI維新ホール,PRO_SHOOTO_MAINLINE,4127,1,,ライト級,5分2R,1760,山下康一郎,CARPEDIEM,,,1707,シヴァエフ,"リバーサルジム新宿Me,We",,,F1_LOSS_F2_WIN,opacity (single fighter dimmed),2,01:43,ko,KO,,［レフェリー］ 岡田剛史 ［サブレフェリー］ 片岡　誠人 1R 9-10 赤崎　勝久 1R 8-10 加藤　秀和 1R 9-10
215,2024-11-17,山口・KDDI維新ホール,プロフェッショナル修斗公式戦,山口・KDDI維新ホール,PRO_SHOOTO_MAINLINE,4128,,,キッズ・ジュニア修斗,3分1R,1761,佐藤りの,毛利道場,,,1762,近藤玲汰,BURST,,,F1_LOSS_F2_WIN,opacity (single fighter dimmed),1,02:16,submision,S,腕十字固め,［レフェリー］ 岡田剛史
194,2024-11-10,沖縄・コザミュージックタウン音市場,プロフェッショナル修斗公式戦,沖縄・コザミュージックタウン音市場,OKINAWA_REGIONAL;PRO_SHOOTO_MAINLINE,4100,10,,ストロー級,5分2R,1302,畠山隆称,THE BLACKBELT JAPAN沖縄,計量結果 :52.2 Kg,,38,マッチョザバタフライ,総合格闘技道場コブラ会,計量結果 :52.2 Kg,,F1_WIN_F2_LOSS,opacity (single fighter dimmed),1,02:16,ko,KO,,［レフェリー］片岡誠人
194,2024-11-10,沖縄・コザミュージックタウン音市場,プロフェッショナル修斗公式戦,沖縄・コザミュージックタウン音市場,OKINAWA_REGIONAL;PRO_SHOOTO_MAINLINE,4101,9,,フライ級,5分2R,955,宮城友一,キックボクシングDROP,計量結果 :56.6 Kg,,1753,梅筋毒一郎,総合格闘技道場コブラ会,計量結果 :56.7 Kg,,F1_LOSS_F2_WIN,opacity (single fighter dimmed),2,00:42,ko,KO,,［レフェリー］福田正人 ［サブレフェリー］ 片岡　誠人 1R 9-10 豊永　稔　 1R 9-10 島袋　零二 1R 10-9
194,2024-11-10,沖縄・コザミュージックタウン音市場,プロフェッショナル修斗公式戦,沖縄・コザミュージックタウン音市場,OKINAWA_REGIONAL;PRO_SHOOTO_MAINLINE,4102,8,,ストロー級,5分2R,1632,黒部和沙,TRIBE TOKYO M.M.A,計量結果 :52.0 Kg,,1255,大城匡史,THE BLACKBELT JAPAN,計量結果 :52.1 Kg,,F1_WIN_F2_LOSS,opacity (single fighter dimmed),1,04:47,submision,S,スリーパーホールド,［レフェリー］豊永稔
194,2024-11-10,沖縄・コザミュージックタウン音市場,プロフェッショナル修斗公式戦,沖縄・コザミュージックタウン音市場,OKINAWA_REGIONAL;PRO_SHOOTO_MAINLINE,4103,7,,フライ級,5分2R,1722,山本壮馬,パラエストラ和泉,計量結果 :56.5 Kg,,1400,小生隆弘,グランドスラム沖縄A・P・P,計量結果 :56.7 Kg,,F1_WIN_F2_LOSS,opacity (single fighter dimmed),2,00:30,tko,TKO,,［レフェリー］豊永稔 ［サブレフェリー］ 片岡　誠人 1R 9-10 福田　正人 1R 10-9 島袋　零二 1R 10-9 ※ 勝利した赤： 山本がトーナメント決勝に進出。決勝では中池 武寛（パラエストラ小岩）とシモン 鈴木（和術慧舟會hearts）の勝者との対戦が決定
194,2024-11-10,沖縄・コザミュージックタウン音市場,プロフェッショナル修斗公式戦,沖縄・コザミュージックタウン音市場,OKINAWA_REGIONAL;PRO_SHOOTO_MAINLINE,4104,6,,ストロー級,5分2R,1569,知名昴海,DROP,計量結果 :52.0 Kg,,1713,友利琉偉,パラエストラ小岩,計量結果 :52.1 Kg,,F1_WIN_F2_LOSS,opacity (single fighter dimmed),1,05:00,submision,S,スリーパーホールド,［レフェリー］豊永稔 ※勝利した赤： 知名がトーナメント決勝に進出。決勝では田口 恵大（RISINGSUN）との対戦が決定
194,2024-11-10,沖縄・コザミュージックタウン音市場,プロフェッショナル修斗公式戦,沖縄・コザミュージックタウン音市場,OKINAWA_REGIONAL;PRO_SHOOTO_MAINLINE,4105,5,,ストロー級,5分2R,1570,高橋佑太,BURST,計量結果 :52.1 Kg,,1567,平良龍一,THE BLACKBELT JAPAN,計量結果 :52.2 Kg,,F1_LOSS_F2_WIN,opacity (single fighter dimmed),1,02:51,ko,KO,,［レフェリー］福田正人
194,2024-11-10,沖縄・コザミュージックタウン音市場,プロフェッショナル修斗公式戦,沖縄・コザミュージックタウン音市場,OKINAWA_REGIONAL;PRO_SHOOTO_MAINLINE,4106,4,,,5分2R,1427,大田ノヒロ,THE BLACKBELT JAPAN,計量結果 :52.2 Kg,,1754,友利幸汰,パラエストラ小岩,計量結果 :51.8 Kg,,F1_LOSS_F2_WIN,opacity (single fighter dimmed),1,03:42,ko,KO,,［レフェリー］福田正人
194,2024-11-10,沖縄・コザミュージックタウン音市場,プロフェッショナル修斗公式戦,沖縄・コザミュージックタウン音市場,OKINAWA_REGIONAL;PRO_SHOOTO_MAINLINE,4107,3,,バンタム級,5分2R,1516,山本敦章,THE BLACKBELT JAPAN,計量結果 :61.2 Kg,,1755,水嶋敬志,THE BLACKBELT JAPAN,計量結果 :60.9 Kg,,DRAW,"note judge tallies [('19', '19'), ('19', '19'), ('19', '19')] -> favors1=0 favors2=0 ties=3 (even)",,,,,,［レフェリー］片岡誠人 ［サブレフェリー］ 福田　正人 19-19（1R 9-10／2R 10-9） 豊永　稔　 19-19（1R 9-10／2R 10-9） 島袋　零二 19-19（1R 9-10／2R 10-9）
194,2024-11-10,沖縄・コザミュージックタウン音市場,プロフェッショナル修斗公式戦,沖縄・コザミュージックタウン音市場,OKINAWA_REGIONAL;PRO_SHOOTO_MAINLINE,4108,2,,ストロー級,5分2R,78,ふじい☆ペリー,BURST,計量結果 :52.1 Kg,,122,金内サイダー雄哉,THE BLACKBELT JAPAN,計量結果 :52.2 Kg,,F1_LOSS_F2_WIN,opacity (single fighter dimmed),1,00:45,submision,S,腕十字固め,［レフェリー］片岡誠人
194,2024-11-10,沖縄・コザミュージックタウン音市場,プロフェッショナル修斗公式戦,沖縄・コザミュージックタウン音市場,OKINAWA_REGIONAL;PRO_SHOOTO_MAINLINE,4109,1,,ストロー級,5分2R,1514,PINKY,THE BLACKBELT JAPAN,計量結果 :51.8 Kg,,1756,濱口浩大,BURST,計量結果 :51.7 Kg,,F1_LOSS_F2_WIN,score 1-2 (overrides opacity if needed),,,ud,判定 1-2,,［レフェリー］片岡誠人 ［サブレフェリー］ 福田　正人 19-18（1R 9-10／2R 10-8） 豊永　稔　 18-19（1R 9-10／2R   9-9） 島袋　零二 18-19（1R 9-10／2R   9-9） ※2R 青：濱口のグラウンド状態での頭部への蹴りにより減点1
193,2024-10-20,SHOOTO GIG TOKYO Vol.37,プロフェッショナル修斗公式戦,東京・新宿FACE,GIG_UNDERCARD_SERIES;PRO_SHOOTO_MAINLINE,4072,11,,ストロー級,5分3R,1566,根井博登,THE BLACKBELT JAPAN,,,1390,石原愼之介,MMA Zジム,,,F1_WIN_F2_LOSS,opacity (single fighter dimmed),1,00:20,submision,S,アンクルホールド,［レフェリー］片岡誠人
193,2024-10-20,SHOOTO GIG TOKYO Vol.37,プロフェッショナル修斗公式戦,東京・新宿FACE,GIG_UNDERCARD_SERIES;PRO_SHOOTO_MAINLINE,4073,10,,フライ級,5分2R,1129,安芸柊斗,MMA Zジム,,,1175,親川龍,THE BLACKBELT JAPAN,,,F1_WIN_F2_LOSS,score 3-0 (overrides opacity if needed),,,ud,判定 3-0,,［レフェリー］柴田旭 片岡　誠人 20-18（1R 10-9／2R 10-9） 内田　龍介 20-18（1R 10-9／2R 10-9） 出合　淳　 20-18（1R 10-9／2R 10-9）
193,2024-10-20,SHOOTO GIG TOKYO Vol.37,プロフェッショナル修斗公式戦,東京・新宿FACE,GIG_UNDERCARD_SERIES;PRO_SHOOTO_MAINLINE,4079,9,,バンタム級,5分3R,1548,永井奏多,TRIBE TOKYO M.M.A,,nagai-kanata,197,一條貴洋,ストライプル南相馬playground,,,F1_WIN_F2_LOSS,opacity (single fighter dimmed),1,02:34,ko,KO,,［レフェリー］柴田旭
193,2024-10-20,SHOOTO GIG TOKYO Vol.37,プロフェッショナル修斗公式戦,東京・新宿FACE,GIG_UNDERCARD_SERIES;PRO_SHOOTO_MAINLINE,4076,8,,フェザー級,5分2R,1402,浜松ヤマト,T-GRIP TOKYO,,,1665,シャランディ,TRIBE TOKYO M.M.A,,,F1_LOSS_F2_WIN,opacity (single fighter dimmed),1,01:03,submision,S,バギーチョーク,［レフェリー］内田龍介
193,2024-10-20,SHOOTO GIG TOKYO Vol.37,プロフェッショナル修斗公式戦,東京・新宿FACE,GIG_UNDERCARD_SERIES;PRO_SHOOTO_MAINLINE,4081,7,,バンタム級,5分2R,232,松下祐介,パラエストラTB,,,1357,宮澤ゴリラ和郎,飛翔塾,,,F1_WIN_F2_LOSS,opacity (single fighter dimmed),1,04:00,tko,TKO,レフェリーストップ／グラウンドパンチ,レフェリーストップ／グラウンドパンチ ［レフェリー］内田龍介
193,2024-10-20,SHOOTO GIG TOKYO Vol.37,プロフェッショナル修斗公式戦,東京・新宿FACE,GIG_UNDERCARD_SERIES;PRO_SHOOTO_MAINLINE,4074,6,,,5分2R,67,タイガー石井,とらの子レスリングクラブ,,,1398,梅木勇徳,THE BLACKBELT JAPAN,,,F1_WIN_F2_LOSS,score 2-0 (overrides opacity if needed),,,ud,判定 2-0,,［レフェリー］出合淳 ［サブレフェリー］ 片岡　誠人 19-19（1R 9-10／2R 10-9） 内田　龍介 20-18（1R 10-9／2R 10-9） 柴田　旭　 20-18（1R 10-9／2R 10-9）
193,2024-10-20,SHOOTO GIG TOKYO Vol.37,プロフェッショナル修斗公式戦,東京・新宿FACE,GIG_UNDERCARD_SERIES;PRO_SHOOTO_MAINLINE,4082,5,,フライ級,5分2R,129,輝龍,roots,,,1560,蓮池勇太,飛翔塾,,,F1_WIN_F2_LOSS,opacity (single fighter dimmed),2,01:35,tko,TKO,レフェリーストップ/グラウンドパンチ,レフェリーストップ/グラウンドパンチ ［レフェリー］出合淳 ［サブレフェリー］ 片岡　誠人 1R 10-9 内田　龍介 1R 10-9 柴田　旭　 1R 10-9
193,2024-10-20,SHOOTO GIG TOKYO Vol.37,プロフェッショナル修斗公式戦,東京・新宿FACE,GIG_UNDERCARD_SERIES;PRO_SHOOTO_MAINLINE,4080,4,,バンタム級,5分2R,1337,青井心ニ,心技館,,,1683,森本ユタカ,THE BLACKBELT JAPAN,,,F1_WIN_F2_LOSS,score 2-0 (overrides opacity if needed),,,ud,判定 2-0,,［レフェリー］内田龍介 ［サブレフェリー］ 片岡　誠人 19-19（1R 9-10／2R 10-9） 出合　淳　 20-18（1R 10-9／2R 10-9） 柴田　旭　 20-18（1R 10-9／2R 10-9）
193,2024-10-20,SHOOTO GIG TOKYO Vol.37,プロフェッショナル修斗公式戦,東京・新宿FACE,GIG_UNDERCARD_SERIES;PRO_SHOOTO_MAINLINE,4078,3,,フェザー級,5分2R,1714,松岡拓,OOTA DOJO,,,1659,歩生,パラエストラTB,,,F1_LOSS_F2_WIN,opacity (single fighter dimmed),1,01:35,submision,S,三角締め,［レフェリー］内田龍介 ※勝利した青：歩生がトーナメント決勝進出。決勝戦では高橋人（トライフォース高知）とヒカル（柔術&MMAアカデミーG-face）の勝者との対戦が決定。
193,2024-10-20,SHOOTO GIG TOKYO Vol.37,プロフェッショナル修斗公式戦,東京・新宿FACE,GIG_UNDERCARD_SERIES;PRO_SHOOTO_MAINLINE,4092,2,,バンタム級,5分2R,1668,御前昂史,パラエストラ小岩,,,1679,森貴史,MMA Zジム,,,F1_WIN_F2_LOSS,score 3-0 (overrides opacity if needed),,,ud,判定 3-0,,［レフェリー］片岡誠人 ［サブレフェリー］ 内田　龍介 20-18（1R 10-9／2R 10-9） 出合　淳　 20-18（1R 10-9／2R 10-9） 柴田　旭　 20-18（1R 10-9／2R 10-9）
193,2024-10-20,SHOOTO GIG TOKYO Vol.37,プロフェッショナル修斗公式戦,東京・新宿FACE,GIG_UNDERCARD_SERIES;PRO_SHOOTO_MAINLINE,4077,1,,ストロー級,5分2R,80,牧ヶ谷篤,和術慧舟會群馬支部,,,1746,小林良徳,修斗GYM東京,,,F1_LOSS_F2_WIN,opacity (single fighter dimmed),1,02:06,submision,S,膝十字固め,［レフェリー］片岡誠人
213,2024-09-29,BORDER2024「The1st」,プロフェッショナル修斗公式戦,大阪市平野区／コミュニティプラザ平野,BORDER;PRO_SHOOTO_MAINLINE,4083,8,,,5分2R,1120,ムテカツ,総合格闘技ゴンズジム,,,1587,老翁,ネックススポーツ,,,F1_WIN_F2_LOSS,score 3-0 (overrides opacity if needed),3,,ud,判定 3-0,,［レフェリー］片岡誠人 ［サブレフェリー］ 豊島孝尚 20-18（1R 10-9／2R 10-9） 安芸佳孝 20-18（1R 10-9／2R 10-9） 加納　学 20-18（1R 10-9／2R 10-9）
213,2024-09-29,BORDER2024「The1st」,プロフェッショナル修斗公式戦,大阪市平野区／コミュニティプラザ平野,BORDER;PRO_SHOOTO_MAINLINE,4084,7,,,5分2R,1747,大西佑磨,総合格闘技ゴンズジム,,,1748,片岡雄大,修斗GYM大阪,,,UNRESOLVED,"both dimmed, no score, no judge tallies, no note keyword match",,,,,,
213,2024-09-29,BORDER2024「The1st」,プロフェッショナル修斗公式戦,大阪市平野区／コミュニティプラザ平野,BORDER;PRO_SHOOTO_MAINLINE,4085,6,,バンタム級,5分2R,1099,亀井修真,直心会生野道場TK68,,,1726,小見山瞬,BURST,,,F1_LOSS_F2_WIN,score 0-3 (overrides opacity if needed),,,ud,判定 0-3,,※2R 赤：亀井のグラウンド状態での頭部への膝蹴りにより減点1 ［レフェリー］片岡誠人 ［サブレフェリー］ 豊島孝尚 17-20（1R 9-10／2R 8-10） 安芸佳孝 17-20（1R 9-10／2R 8-10） 加納　学 17-20（1R 9-10／2R 8-10）
213,2024-09-29,BORDER2024「The1st」,プロフェッショナル修斗公式戦,大阪市平野区／コミュニティプラザ平野,BORDER;PRO_SHOOTO_MAINLINE,4086,5,,フェザー級,5分2R,1140,後藤陽駆,シューティングジム大阪,,,1682,稲葉祥真,ASH,,,F1_LOSS_F2_WIN,"note judge tallies [('18', '20'), ('19', '19'), ('19', '19')] -> favors1=0 favors2=1 ties=2",,,,,,［レフェリー］片岡誠人 ［サブレフェリー］ 豊島孝尚 18-20（1R 9-10／2R 9-10） 安芸佳孝 19-19（1R 10-9／2R 9-10） 加納学　 19-19（1R 10-9／2R 9-10）
213,2024-09-29,BORDER2024「The1st」,プロフェッショナル修斗公式戦,大阪市平野区／コミュニティプラザ平野,BORDER;PRO_SHOOTO_MAINLINE,4087,4,2024年度新人王トーナメント,,5分2R,1722,山本壮馬,パラエストラ和泉,,,1749,岩橋拓哉,28,,,F1_WIN_F2_LOSS,opacity (single fighter dimmed),1,03:25,ko,KO,,※ 勝利した赤：山本がトーナメント準決勝に進出。準決勝では小生（グランドスラム沖縄A・P・P）との対戦が決定 ［レフェリー］片岡誠人
213,2024-09-29,BORDER2024「The1st」,プロフェッショナル修斗公式戦,大阪市平野区／コミュニティプラザ平野,BORDER;PRO_SHOOTO_MAINLINE,4088,3,2024年度新人王トーナメント 2回戦,フライ級,5分2R,1710,柴山海音,柔術&MMAアカデミーG-face,,,1400,小生隆弘,グランドスラム沖縄A・P・P,,,F1_LOSS_F2_WIN,opacity (single fighter dimmed),1,04:55,submision,S,腕ひしぎ十字固め,※勝利した青：小生がトーナメント準決勝に進出。準決勝では山本（パラエストラ和泉）との対戦が決定 ［レフェリー］片岡誠人
213,2024-09-29,BORDER2024「The1st」,プロフェッショナル修斗公式戦,大阪市平野区／コミュニティプラザ平野,BORDER;PRO_SHOOTO_MAINLINE,4089,2,,フライ級,5分2R,1611,木下皓介,GROUND CORE,,,1750,継谷碧,修斗GYM神戸,,,F1_LOSS_F2_WIN,opacity (single fighter dimmed),2,03:07,submision,S,三角絞め,［レフェリー］片岡誠人 ［サブレフェリー］ 豊島孝尚 1R 8-10 安芸佳孝 1R 9-10 加納学　 1R 9-10
213,2024-09-29,BORDER2024「The1st」,プロフェッショナル修斗公式戦,大阪市平野区／コミュニティプラザ平野,BORDER;PRO_SHOOTO_MAINLINE,4090,1,,バンタム級,5分2R,1680,中島陸,総合格闘技ゴンズジム,,,1268,岩佐和哉,MMA＆BJJ　BLOWS,,,F1_WIN_F2_LOSS,opacity (single fighter dimmed),1,04:45,submision,S,三角絞め,［レフェリー］片岡誠人
192,2024-09-22,PROFESSIONAL SHOOTO 2024 Vol.7,プロフェッショナル修斗公式戦,東京・後楽園ホール,PRO_SHOOTO_MAINLINE,4042,10,環太平洋バンタム級チャンピオン決定トーナメント,バンタム級,5分3R,1141,野瀬翔平,MASTER JAPAN FUKUOKA,計量結果 :61.1 Kg,nose-shohei,1658,人見礼王,修斗GYM東京,計量結果 :61.1 Kg,,F1_WIN_F2_LOSS,opacity (single fighter dimmed),2,02:53,submision,S,チキンウィングアームロック,［レフェリー］片岡誠人 ［サブレフェリー］ 出合　淳　 1R 9-10 渡辺　明伸 1R 10-9 内田　龍介 1R 9-10 ※勝利した赤：野瀬がトーナメント決勝戦進出。決勝ではダイキ・ライトイヤー（修斗GYM神戸）との対戦が決定。
192,2024-09-22,PROFESSIONAL SHOOTO 2024 Vol.7,プロフェッショナル修斗公式戦,東京・後楽園ホール,PRO_SHOOTO_MAINLINE,4041,9,環太平洋バンタム級チャンピオン決定トーナメント,バンタム級,5分3R,1385,川北晏生,TRIBE TOKYO M.M.A,,,295,ダイキライトイヤー,修斗GYM神戸,,,UNRESOLVED,"both dimmed, no score, no judge tallies, no note keyword match",,,,,,
192,2024-09-22,PROFESSIONAL SHOOTO 2024 Vol.7,プロフェッショナル修斗公式戦,東京・後楽園ホール,PRO_SHOOTO_MAINLINE,4044,8,,ウェルター級,5分3R,400,住村竜市朗,TEAM ONE,計量結果 :77.0 Kg,sumimura-ryuichiro,1564,西條英成,THE BLACKBELT JAPAN沖縄,計量結果 :77.0 Kg,,F1_WIN_F2_LOSS,score 3-0 (overrides opacity if needed),,,ud,判定 3-0,,［レフェリー］内田龍介 ［サブレフェリー］ 片岡　誠人 30-27（1R 10-9／2R 10-9／3R 10-9） 渡辺　明伸 29-28（1R 9-10／2R 10-9／3R 10-9） 出合　淳　 30-27（1R 10-9／2R 10-9／3R 10-9）
192,2024-09-22,PROFESSIONAL SHOOTO 2024 Vol.7,プロフェッショナル修斗公式戦,東京・後楽園ホール,PRO_SHOOTO_MAINLINE,4043,7,,ライト級,5分3R,1295,マックス・ザ・ボディ,BRAVE,計量結果 :69.6 Kg,,1739,西尾真輔,総合格闘技宇留野道場,計量結果 :70.2 Kg,nishio-shinsuke,F1_LOSS_F2_WIN,opacity (single fighter dimmed),1,00:36,ko,KO,,［レフェリー］内田　龍介
192,2024-09-22,PROFESSIONAL SHOOTO 2024 Vol.7,プロフェッショナル修斗公式戦,東京・後楽園ホール,PRO_SHOOTO_MAINLINE,4050,6,,ストロー級,5分3R,1632,黒部和沙,TRIBE TOKYO M.M.A,計量結果 :51.8 Kg,,41,山上幹臣,総合格闘技道場STF,計量結果 :52.1 Kg,,F1_LOSS_F2_WIN,opacity (single fighter dimmed),1,02:16,submision,S,,［レフェリー］内田龍介
192,2024-09-22,PROFESSIONAL SHOOTO 2024 Vol.7,プロフェッショナル修斗公式戦,東京・後楽園ホール,PRO_SHOOTO_MAINLINE,4051,5,,ストロー級,5分2R,142,内藤頌貴,THE BLACKBELT JAPAN,計量結果 :52.1 Kg,,1227,大城正也,T-REX柔術アカデミー,計量結果 :51.7 Kg,,F1_WIN_F2_LOSS,opacity (single fighter dimmed),1,02:54,ko,KO,,［レフェリー］鍋久保雄太
192,2024-09-22,PROFESSIONAL SHOOTO 2024 Vol.7,プロフェッショナル修斗公式戦,東京・後楽園ホール,PRO_SHOOTO_MAINLINE,4047,4,epsomsalt seacrystals Presents インフィニティリーグ2024,女子アトム級,5分2R,1464,パクソヨン,ROADジム・GUNSAN ROADジム,計量結果 :47.4 Kg,,1554,NOEL,AACC,計量結果 :47.6 Kg,noel,F1_WIN_F2_LOSS,score 3-0 (overrides opacity if needed),,,ud,判定 3-0,,※勝利した赤：パクが2Pを獲得。（累計4P） ［レフェリー］出合淳 ［サブレフェリー］ 片岡　誠人 20-18（1R 10-9／2R 10-9） 鍋久保雄太 20-18（1R 10-9／2R 10-9） 内田　龍介 20-18（1R 10-9／2R 10-9）
192,2024-09-22,PROFESSIONAL SHOOTO 2024 Vol.7,プロフェッショナル修斗公式戦,東京・後楽園ホール,PRO_SHOOTO_MAINLINE,4046,3,epsomsalt seacrystals Presents インフィニティリーグ2024,女子アトム級,5分2R,1627,平田彩音,BURST,計量結果 :47.1 Kg,,920,ヒヤマNFC,NFC,計量結果 :47.4 Kg,,F1_WIN_F2_LOSS,opacity (single fighter dimmed),1,00:33,ko,KO,,※勝利した赤：平田が4Pを獲得。（累計4P） ［レフェリー］出合淳
192,2024-09-22,PROFESSIONAL SHOOTO 2024 Vol.7,プロフェッショナル修斗公式戦,東京・後楽園ホール,PRO_SHOOTO_MAINLINE,4045,2,epsomsalt seacrystals Presents インフィニティリーグ2024,フライ級,5分2R,1139,大竹陽,HAGANE GYM,計量結果 :56.7 Kg,,158,ヤックル真吾,T-REX柔術アカデミー,計量結果 :56.5 Kg,,F1_WIN_F2_LOSS,opacity (single fighter dimmed),1,03:38,tko,TKO,,※勝利した赤：大竹が4Pを獲得。（累計7P） ［レフェリー］内田龍
192,2024-09-22,PROFESSIONAL SHOOTO 2024 Vol.7,プロフェッショナル修斗公式戦,東京・後楽園ホール,PRO_SHOOTO_MAINLINE,4048,1,,バンタム級,5分2R,305,平川智也,マスタージャパン,計量結果 :61.1 Kg,,1253,新井拓巳,ストライプル新百合ケ丘,計量結果 :61.2 Kg,,DRAW,"note judge tallies [('19', '19'), ('19', '19'), ('19', '19')] -> favors1=0 favors2=0 ties=3 (even)",,,,,,［レフェリー］片岡誠人 ［サブレフェリー］ 鍋久保雄太 19-19（1R 10-9／2R 9-10） 出合　淳　 19-19（1R 10-9／2R 9-10） 渡辺　明伸 19-19（1R 10-9／2R 9-10）
192,2024-09-22,PROFESSIONAL SHOOTO 2024 Vol.7,プロフェッショナル修斗公式戦,東京・後楽園ホール,PRO_SHOOTO_MAINLINE,4049,,2024年度新人王トーナメント 1回戦,ライト級,5分2R,1734,手島響,パラエストラ綾瀬,計量結果 :70.2 Kg,,1575,直島弘昌,修斗GYM神戸,計量結果 :69.8 Kg,,F1_WIN_F2_LOSS,opacity (single fighter dimmed),2,00:21,ko,KO,,※勝利した赤：手島がトーナメント決勝進出。決勝ではシヴァエフとの対戦が決定。 ［レフェリー］片岡誠人 ［サブレフェリー］ 出合　淳　 1R 10-9 鍋久保雄太 1R 10-9 渡辺　明伸 1R 10-8
191,2024-09-08,香川・高松シンボルタワー展示場,プロフェッショナル修斗公式戦,香川・高松シンボルタ,PRO_SHOOTO_MAINLINE,4063,7,,フライ級,5分3R,1067,高岡宏気,FORCE GYM,計量結果 :56.6 Kg,takaoka-hiroki,955,宮城友一,キックボクシングDROP,計量結果 :56.4 Kg,,F1_WIN_F2_LOSS,score 3-0 (overrides opacity if needed),,,ud,判定 3-0,,
191,2024-09-08,香川・高松シンボルタワー展示場,プロフェッショナル修斗公式戦,香川・高松シンボルタ,PRO_SHOOTO_MAINLINE,4064,6,,フライ級,5分2R,153,堀川55滉介,TEAM一領具足,計量結果 :56.6 Kg,,1383,井口翔太,修斗GYM神戸,計量結果 :56.4 Kg,,DRAW,score tied 0-0,,,ud,判定 0-0,,
191,2024-09-08,香川・高松シンボルタワー展示場,プロフェッショナル修斗公式戦,香川・高松シンボルタ,PRO_SHOOTO_MAINLINE,4065,5,,バンタム級,5分2R,1579,矢野武蔵,パラエストラ愛媛,計量結果 :61.2 Kg,,1547,藤田ムネノリ,SUBMIT MMA,計量結果 :61.1 Kg,,F1_WIN_F2_LOSS,opacity (single fighter dimmed),2,00:41,submision,S,フロントスリーパーホールド,
191,2024-09-08,香川・高松シンボルタワー展示場,プロフェッショナル修斗公式戦,香川・高松シンボルタ,PRO_SHOOTO_MAINLINE,4066,4,,フェザー級,5分2R,1681,垂水稔朗,FORCEGYM,計量結果 :65.7 Kg,,1181,一水浩二,近田道場,計量結果 :65.3 Kg,,F1_WIN_F2_LOSS,opacity (single fighter dimmed),1,02:21,tko,TKO,グラウンドパンチ,※レフェリーストップ ※※グラウンドパンチ
191,2024-09-08,香川・高松シンボルタワー展示場,プロフェッショナル修斗公式戦,香川・高松シンボルタ,PRO_SHOOTO_MAINLINE,4067,3,,バンタム級,5分2R,1678,魚山皓平,HOPE,計量結果 :61.0 Kg,,1306,波平コング,THE BLACKBELT JAPAN,計量結果 :60.9 Kg,,F1_WIN_F2_LOSS,opacity (single fighter dimmed),2,04:31,ko,KO,,
191,2024-09-08,香川・高松シンボルタワー展示場,プロフェッショナル修斗公式戦,香川・高松シンボルタ,PRO_SHOOTO_MAINLINE,4068,2,,フライ級,5分2R,1679,森貴史,MMA Zジム,計量結果 :56.4 Kg,,1711,南裕人,volcano柔術&mma,計量結果 :56.6 Kg,,F1_WIN_F2_LOSS,score 1-0 (overrides opacity if needed),,,ud,判定 1-0,,
191,2024-09-08,香川・高松シンボルタワー展示場,プロフェッショナル修斗公式戦,香川・高松シンボルタ,PRO_SHOOTO_MAINLINE,4069,1,,ストロー級,5分2R,1740,シン・ケンザン,MMA Zジム,計量結果 :51.6 Kg,,1570,高橋佑太,BURST,計量結果 :51.9 Kg,,F1_WIN_F2_LOSS,score 3-0 (overrides opacity if needed),,,ud,判定 3-0,,
191,2024-09-08,香川・高松シンボルタワー展示場,プロフェッショナル修斗公式戦,香川・高松シンボルタ,PRO_SHOOTO_MAINLINE,4070,2,,キッズ・ジュニア修斗,4分1R,1741,糸井一八,MMAZジム,計量結果 :54.0 Kg,,1742,田中仁,BURST,計量結果 :53.0 Kg,,F1_LOSS_F2_WIN,opacity (single fighter dimmed),,01:41,submision,S,三角絞め,
191,2024-09-08,香川・高松シンボルタワー展示場,プロフェッショナル修斗公式戦,香川・高松シンボルタ,PRO_SHOOTO_MAINLINE,4071,1,,キッズ・ジュニア修斗,3分1R,1743,岡本依知佳,TEAM AGENT,計量結果 :39.0 Kg,,1744,辻佑海,TRINITY-SUNS,計量結果 :38.6 Kg,,F1_WIN_F2_LOSS,opacity (single fighter dimmed),,01:04,submision,S,腕ひしぎ十字固め,
211,2024-09-01,越後風神祭り13,プロフェッショナル修斗公式戦,新潟・東区プラザ,ECHIGO_REGIONAL;PRO_SHOOTO_MAINLINE,4056,7,,フェザー級,5分2R,1561,澤江優侍,フリー,計量結果 :65.8 Kg,,1485,青井太一,心技館,計量結果 :65.7 Kg,aoi-taichi,F1_LOSS_F2_WIN,opacity (single fighter dimmed),1,00:56,tko,TKO,ボディへの膝蹴り,［レフェリー］片岡 誠人
211,2024-09-01,越後風神祭り13,プロフェッショナル修斗公式戦,新潟・東区プラザ,ECHIGO_REGIONAL;PRO_SHOOTO_MAINLINE,4057,6,,フェザー級,5分2R,1162,加藤裕彦,SAI-GYM,計量結果 :65.7 Kg,,1362,櫻庭泰裕,ANSWER FIGHT,計量結果 :65.6 Kg,,DRAW,score tied 0-0,,,ud,判定 0-0,,［レフェリー］大内 敬 ［サブレフェリー］ 佐藤 裕介19-19（1R 9-10／2R 10-9） 藤石 義和19-19（1R 9-10／2R 10-9） 小林 孝秀19-19（1R 9-10／2R 10-9）
211,2024-09-01,越後風神祭り13,プロフェッショナル修斗公式戦,新潟・東区プラザ,ECHIGO_REGIONAL;PRO_SHOOTO_MAINLINE,4058,5,,フェザー級,5分2R,275,小川将貴,ピロクテテス新潟,計量結果 :65.6 Kg,,1562,椿馨,Katana Gym,計量結果 :65.6 Kg,,F1_WIN_F2_LOSS,score 1-0 (overrides opacity if needed),,,ud,判定 1-0,,［レフェリー］大内 敬 ［サブレフェリー］ 佐藤 裕介19-19（1R 10-9／2R 9-10） 藤石 義和19-19（1R 10-9／2R 9-10） 小林 孝秀20-18（1R 10-9／2R 10-9）
211,2024-09-01,越後風神祭り13,プロフェッショナル修斗公式戦,新潟・東区プラザ,ECHIGO_REGIONAL;PRO_SHOOTO_MAINLINE,4059,4,,フライ級,5分2R,1365,本多弥彦直樹,SAI-GYM,計量結果 :56.7 Kg,,1736,鈴木尊,FourRhombus,計量結果 :56.2 Kg,,F1_LOSS_F2_WIN,opacity (single fighter dimmed),1,01:22,submision,S,スリーパーホールド,［レフェリー］大内 敬
211,2024-09-01,越後風神祭り13,プロフェッショナル修斗公式戦,新潟・東区プラザ,ECHIGO_REGIONAL;PRO_SHOOTO_MAINLINE,4060,3,,ストロー級,5分2R,1177,シューティングガイコツ,THE BLACKBELT JAPAN,計量結果 :52.1 Kg,,1737,大ちゃん,SAI-GYM,計量結果 :52.2 Kg,,F1_LOSS_F2_WIN,opacity (single fighter dimmed),1,04:06,submision,S,スリーパーホールド,［レフェリー］片岡 誠人
211,2024-09-01,越後風神祭り13,プロフェッショナル修斗公式戦,新潟・東区プラザ,ECHIGO_REGIONAL;PRO_SHOOTO_MAINLINE,4061,2,,ライト級,5分2R,1420,メイヘム和成,パラエストラ小岩,計量結果 :69.7 Kg,,1161,磯部雄太,駿東修闘クラブ,計量結果 :69.9 Kg,,F1_WIN_F2_LOSS,score 1-0 (overrides opacity if needed),,,ud,判定 1-0,,［レフェリー］片岡 誠人 ［サブレフェリー］ 佐藤 裕介20-18（1R 10-9／2R 10-9） 藤石 義和19-19（1R 10-9／2R 9-10） 小林 孝秀19-19（1R 10-9／2R 9-10）
211,2024-09-01,越後風神祭り13,プロフェッショナル修斗公式戦,新潟・東区プラザ,ECHIGO_REGIONAL;PRO_SHOOTO_MAINLINE,4062,1,,バンタム級,5分2R,1357,宮澤ゴリラ和郎,飛翔塾,計量結果 :60.1 Kg,,1738,恵真,リバーサルジム立川ALPHA,計量結果 :61.0 Kg,,DRAW,score tied 1-1,,,ud,判定 1-1,,※優勢ポイント2-1で恵真がトーナメント決勝進出。次戦では佐々木 健吾（ノースキングジム）と宮口 龍鳳（総合格闘技道場コブラ会）の勝者との対戦が決定。 ［レフェリー］片岡 誠人 ［サブレフェリー］ 佐藤 裕介 19-19（1R 9-10／2R 10-9） 藤石 義和 18-20（1R 9-10／2R 9-10） 小林 孝秀 20-18（1R 10-9／2R 10-9）
205,2024-08-03,COLORS Produce by SHOOTO Vol.3,プロフェッショナル修斗公式戦,東京・新宿FACE,PRO_SHOOTO_MAINLINE,4031,10,世界女子アトム級チャンピオン決定戦,女子アトム級,5分5R,1557,ジェニーファン,AACC,計量結果 :47.3 Kg,,1527,古賀愛蘭,BURST,計量結果 :47.6 Kg,,F1_LOSS_F2_WIN,score 1-2 (overrides opacity if needed),,,ud,判定 1-2,,勝利した青：古賀が第2代世界女子アトム級王者に。 ［レフェリー］片岡誠人 ［サブレフェリー］ 鍋久保雄太 48-47（1R 9-10／2R 10-9／3R 10-9／4R 10-9／5R 9-10） 出合　淳　 47-48（1R 9-10／2R 9-10／3R 10-9／4R 10-9／5R 9-10） 浦　僚克　 47-48（1R 9-10／2R 9-10／3R 10-9／4R 10-9／5R 9-10）
205,2024-08-03,COLORS Produce by SHOOTO Vol.3,プロフェッショナル修斗公式戦,東京・新宿FACE,PRO_SHOOTO_MAINLINE,4010,9,,女子ストロー級,5分2R,1536,渡辺彩華,AACC/IDEA ASAKUSA,計量結果 :52.0 Kg,,1716,パクボヒョン,WEST GYM,計量結果 :51.3 Kg,,F1_LOSS_F2_WIN,score 0-3 (overrides opacity if needed),,,ud,判定 0-3,,［レフェリー］片岡誠人 ［サブレフェリー］ 鍋久保雄太 26-30（1R 9-10／2R 9-10／3R 8-10） 出合　淳　 27-30（1R 9-10／2R 9-10／3R 9-10） 浦　僚克　 27-30（1R 9-10／2R 9-10／3R 9-10）
205,2024-08-03,COLORS Produce by SHOOTO Vol.3,プロフェッショナル修斗公式戦,東京・新宿FACE,PRO_SHOOTO_MAINLINE,4011,8,epsomsalt seacrystals Presents インフィニティリーグ2024,女子アトム級,5分2R,1627,平田彩音,BURST,計量結果 :47.2 Kg,,1464,パクソヨン,ROADジム・GUNSAN ROADジム,計量結果 :47.4 Kg,,F1_LOSS_F2_WIN,score 0-2 (overrides opacity if needed),,,ud,判定 0-2,,※勝利した青：パクが2Pを獲得。（累計2P） ［レフェリー］鍋久保雄太 ［サブレフェリー］ 片岡誠人 18-20（1R 9-10／2R 9-10） 出合　淳 18-20（1R 9-10／2R 9-10） 浦　僚克 19-19（1R 10-9／2R 9-10）
205,2024-08-03,COLORS Produce by SHOOTO Vol.3,プロフェッショナル修斗公式戦,東京・新宿FACE,PRO_SHOOTO_MAINLINE,4012,7,epsomsalt seacrystals Presents インフィニティリーグ2024,女子アトム級,5分2R,920,ヒヤマNFC,NFC,計量結果 :47.3 Kg,,1554,NOEL,AACC,計量結果 :47.2 Kg,noel,F1_LOSS_F2_WIN,score 0-3 (overrides opacity if needed),,,ud,判定 0-3,,NOEL（AACC）※プロデビュー戦 ※勝利した青：NOELが2Pを獲得。（累計2P） ［レフェリー］鍋久保雄太 ［サブレフェリー］ 片岡誠人 18-20（1R 9-10／2R 9-10） 出合　淳 18-20（1R 9-10／2R 9-10） 浦　僚克 18-20（1R 9-10／2R 9-10）
205,2024-08-03,COLORS Produce by SHOOTO Vol.3,プロフェッショナル修斗公式戦,東京・新宿FACE,PRO_SHOOTO_MAINLINE,4033,6,,女子ストロー級,8分1R,1208,黒部三奈,マスタージャパン,計量結果 :51.8 Kg,,1574,杉内由紀,ポゴナさいたま,計量結果 :50.3 Kg,,F1_LOSS_F2_WIN,opacity (single fighter dimmed),1,02:43,submision,S,腕十時固め,［レフェリー］出合　淳
205,2024-08-03,COLORS Produce by SHOOTO Vol.3,プロフェッショナル修斗公式戦,東京・新宿FACE,PRO_SHOOTO_MAINLINE,4034,5,,グラップリング,8分1R,1727,中山有加,Yawara,計量結果 :64.5 Kg,,1728,カロリーナ・デ・アモリン・クワハラ,Infight Japan,計量結果 :60.6 Kg,,DRAW,note text mentions draw,,,,,,時間切れ引き分け ［レフェリー］出合　淳
205,2024-08-03,COLORS Produce by SHOOTO Vol.3,プロフェッショナル修斗公式戦,東京・新宿FACE,PRO_SHOOTO_MAINLINE,4032,4,,女子ストロー級,5分2R,1319,宝珠山桃花,赤崎道場A-SPIRIT,計量結果 :51.9 Kg,,1656,高本千代,高本道場,計量結果 :52.1 Kg,,F1_WIN_F2_LOSS,score 1-0 (overrides opacity if needed),,,ud,判定 1-0,,［レフェリー］出合　淳 ［サブレフェリー］ 片岡誠人　 20-18（1R 10-9／2R 10-9） 鍋久保雄太 19-19（1R 9-10／2R 10-9） 浦　僚克　 19-19（1R 9-10／2R 10-9）
205,2024-08-03,COLORS Produce by SHOOTO Vol.3,プロフェッショナル修斗公式戦,東京・新宿FACE,PRO_SHOOTO_MAINLINE,4035,3,,トライアウト,3分2R,1729,嶋屋澪,SISU,計量結果 :51.8 Kg,,1730,植田咲,AACC,計量結果 :51.6 Kg,,F1_WIN_F2_LOSS,opacity (single fighter dimmed),2,01:28,tko,TKO,,［レフェリー］鍋久保雄太 ［ジャッジ］ A：片岡誠人 1R 10-9 B：出合　淳 1R 10-9 C：浦　僚克 1R 10-9
205,2024-08-03,COLORS Produce by SHOOTO Vol.3,プロフェッショナル修斗公式戦,東京・新宿FACE,PRO_SHOOTO_MAINLINE,4036,2,,トライアウト,3分2R,1731,中尾あづき,AACC,計量結果 :60.7 Kg,,1732,KURUMI,MMAZジム,計量結果 :60.2 Kg,,F1_WIN_F2_LOSS,opacity (single fighter dimmed),1,03:00,tko,TKO,,※青：植木側セコンドによる棄権。 ［レフェリー］鍋久保雄太 ［ジャッジ］ A：片岡誠人 1R 10-9 B：出合　淳 1R 10-9 C：浦　僚克 1R 10-9
205,2024-08-03,COLORS Produce by SHOOTO Vol.3,プロフェッショナル修斗公式戦,東京・新宿FACE,PRO_SHOOTO_MAINLINE,4040,1,,トライアウト,3分2R,1694,徳本望愛,THE BLACKBELT JAPAN,計量結果 :47.6 Kg,,1733,片山智絵,修斗GYM大阪,計量結果 :50.8 Kg,,F1_LOSS_F2_WIN,score 0-1 (overrides opacity if needed),,,ud,判定 0-1,,［レフェリー］片岡誠人 ［ジャッジ］ A：鍋久保雄太 19-19（1R 10-9／2R 9-10） B：出合　淳　 19-19（1R 9-10／2R 10-9） C：浦　僚克　 18-20（1R 9-10／2R 9-10）
202,2024-07-28,PROFESSIONAL SHOOTO 2024 Vol.6 in OSAKA 第1部,プロフェッショナル修斗公式戦,,PRO_SHOOTO_MAINLINE,4037,7,CKC2024-63kgトーナメント,,3分3R,1717,山﨑一央,TEAM TEPPEN,,,1718,陽勇,TEAM3K,,,F1_LOSS_F2_WIN,opacity (single fighter dimmed),1,01:46,ko,KO,,［レフェリー］片岡誠人
202,2024-07-28,PROFESSIONAL SHOOTO 2024 Vol.6 in OSAKA 第1部,プロフェッショナル修斗公式戦,,PRO_SHOOTO_MAINLINE,4019,6,,フェザー級,5分3R,255,TOMA,直心会TK68,,toma,1623,ネインデイネッシュ,MASTER JAPAN FUKUOKA,,,F1_WIN_F2_LOSS,opacity (single fighter dimmed),2,01:15,ko,KO,,［レフェリー］片岡誠人 ［サブレフェリー］ 岡田剛史 1R 10-9 豊島孝尚 1R 10-9 安芸佳孝 1R 9-10
202,2024-07-28,PROFESSIONAL SHOOTO 2024 Vol.6 in OSAKA 第1部,プロフェッショナル修斗公式戦,,PRO_SHOOTO_MAINLINE,4020,5,,フェザー級,5分3R,314,山本健斗デリカット,総合格闘技道場コブラ会,,,1515,松浦真実也,総合格闘技実業団トップティア,,,F1_WIN_F2_LOSS,score 3-0 (overrides opacity if needed),,,ud,判定 3-0,,［レフェリー］岡田剛史 ［サブレフェリー］ 片岡誠人 29-28（1R 9-10／2R 10-9／3R 10-9） 豊島孝尚 29-28（1R 9-10／2R 10-9／3R 10-9） 安芸佳孝 29-28（1R 9-10／2R 10-9／3R 10-9）
202,2024-07-28,PROFESSIONAL SHOOTO 2024 Vol.6 in OSAKA 第1部,プロフェッショナル修斗公式戦,,PRO_SHOOTO_MAINLINE,4021,4,,フェザー級,5分2R,1425,宇藤彰貴,総合格闘技道場ゴンズジム,,,669,久保村ヨシTERU,飛翔塾コンドル,,,F1_WIN_F2_LOSS,opacity (single fighter dimmed),2,03:53,ko,KO,,［レフェリー］岡田剛史 ［サブレフェリー］ 片岡誠人 1R 10-9 豊島孝尚 1R 10-9 安芸佳孝 1R 10-9
202,2024-07-28,PROFESSIONAL SHOOTO 2024 Vol.6 in OSAKA 第1部,プロフェッショナル修斗公式戦,,PRO_SHOOTO_MAINLINE,4022,3,,バンタム級,5分2R,1724,谷口武,修斗GYM神戸,,,1709,有松朋晃,MMA RANGERS GYM,,,F1_WIN_F2_LOSS,opacity (single fighter dimmed),2,04:13,ko,KO,,［レフェリー］岡田剛史 ［サブレフェリー］ 片岡誠人 1R 10-9 豊島孝尚 1R 10-9 安芸佳孝 1R 10-9
202,2024-07-28,PROFESSIONAL SHOOTO 2024 Vol.6 in OSAKA 第1部,プロフェッショナル修斗公式戦,,PRO_SHOOTO_MAINLINE,4014,2,CKC2024-63kgトーナメント,CKC,3分3R,1718,陽勇,TEAM3K,,,127,奇天烈,修斗GYMS直心会,,,F1_WIN_F2_LOSS,opacity (single fighter dimmed),1,02:16,ko,KO,,［レフェリー］片岡誠人
202,2024-07-28,PROFESSIONAL SHOOTO 2024 Vol.6 in OSAKA 第1部,プロフェッショナル修斗公式戦,,PRO_SHOOTO_MAINLINE,4013,1,CKC2024-63kgトーナメント,CKC,3分3R,1594,吉岡龍輝,及川道場,,,1717,山﨑一央,TEAM TEPPEN,,,F1_LOSS_F2_WIN,score 0-2 (overrides opacity if needed),,,ud,判定 0-2,,［レフェリー］片岡誠人 ［ジャッジ］ 岡田剛史 30-30（1R 10-10／2R 10-10／3R 10-10） 豊島孝尚 29-30（1R 10-10／2R 9-10／3R 10-10） 山本諭志 28-29（1R 9-10／2R 10-9／3R 9-10）
206,2024-07-28,PROFESSIONAL SHOOTO 2024 Vol.6 in OSAKA 第2部,プロフェッショナル修斗公式戦,,PRO_SHOOTO_MAINLINE,4038,6,世界ライト級チャンピオン決定戦,ライト級,5分5R,1056,キャプテン☆アフリカ,総合格闘技道場コブラ会,,captain-africa,247,大尊伸光,野田ボディビル同好会,,,F1_WIN_F2_LOSS,opacity (single fighter dimmed),1,02:03,submision,S,,※勝利した赤：アフリカが第15代世界ライト級王者に。 ［レフェリー］片岡誠人
206,2024-07-28,PROFESSIONAL SHOOTO 2024 Vol.6 in OSAKA 第2部,プロフェッショナル修斗公式戦,,PRO_SHOOTO_MAINLINE,4039,5,epsomsalt seacrystals Presents インフィニティリーグ2024,フライ級,5分2R,158,ヤックル真吾,T-REX柔術アカデミー,,,1493,亮我,総合格闘技ゴンズジム,,ryoga,F1_LOSS_F2_WIN,score 0-3 (overrides opacity if needed),,,ud,判定 0-3,,［レフェリー］岡田剛史 ［サブレフェリー］ 片岡誠人 17-20（1R 8-10／2R 9-10） 豊島孝尚 17-20（1R 8-10／2R 9-10） 安芸佳孝 18-20（1R 9-10／2R 9-10）
206,2024-07-28,PROFESSIONAL SHOOTO 2024 Vol.6 in OSAKA 第2部,プロフェッショナル修斗公式戦,,PRO_SHOOTO_MAINLINE,4017,4,,フライ級,5分3R,1129,安芸柊斗,MMA Zジム,,,223,西村大地,パラエストラ天満,,,F1_WIN_F2_LOSS,opacity (single fighter dimmed),1,00:48,tko,TKO,レフェリーストップ,［レフェリー］岡田剛史
206,2024-07-28,PROFESSIONAL SHOOTO 2024 Vol.6 in OSAKA 第2部,プロフェッショナル修斗公式戦,,PRO_SHOOTO_MAINLINE,4018,3,2024年度新人王トーナメント,フライ級 1回戦,5分2R,1722,山本壮馬,パラエストラ和泉,,,1723,岡本一志,修斗GYMS直心会,,,F1_WIN_F2_LOSS,score 2-1 (overrides opacity if needed),,,ud,判定 2-1,,※勝利した赤：山本がトーナメント進出。次戦では岩橋 拓哉（総合格闘技道場コブラ会）との対戦が決定。 ［レフェリー］岡田剛史 ［サブレフェリー］ 片岡誠人 20-18（1R 10-9／2R 10-9） 豊島孝尚 20-18（1R 10-9／2R 10-9） 山本諭志 18-20（1R 9-10／2R 9-10）
206,2024-07-28,PROFESSIONAL SHOOTO 2024 Vol.6 in OSAKA 第2部,プロフェッショナル修斗公式戦,,PRO_SHOOTO_MAINLINE,4015,2,,新空手道連盟,3分3R,1721,Jinya,KICK LAB,,,1720,タカヤハーデスワークアウト,ハーデスワークアウトジム,,,F1_WIN_F2_LOSS,score 3-0 (overrides opacity if needed),,,ud,判定 3-0,,［レフェリー］ ［ジャッジ］ 岡田剛史 30-27（1R 10-10／2R 10-8／3R 10-9） 豊島孝尚 30-26（1R 10-9／2R 10-8／3R 10-9） 山本諭志 30-27（1R 10-10／2R 10-8／3R 10-9）
206,2024-07-28,PROFESSIONAL SHOOTO 2024 Vol.6 in OSAKA 第2部,プロフェッショナル修斗公式戦,,PRO_SHOOTO_MAINLINE,4016,1,,新空手道連盟,3分3R,1653,阿部優心,TEAM TEPPEN,,,1719,斗眞,REMAKE,,,F1_WIN_F2_LOSS,score 3-0 (overrides opacity if needed),,,ud,判定 3-0,,［レフェリー］片岡誠人 ［ジャッジ］ 岡田剛史 30-27（1R 10-9／2R 10-9／3R 10-9） 豊島孝尚 30-27（1R 10-9／2R 10-9／3R 10-9） 山本諭志 30-27（1R 10-9／2R 10-9／3R 10-9）
188,2024-07-21,PROFESSIONAL SHOOTO 2024 Vol.5,プロフェッショナル修斗公式戦,東京・後楽園ホール,PRO_SHOOTO_MAINLINE,3999,11,世界バンタム級チャンピオン決定戦,バンタム級,5分5R,1148,藤井伸樹,ALLIANCE,計量結果 :60.8 Kg,,1339,齋藤奨司,FIGHT FARM,計量結果 :60.9 Kg,saito-shoji,F1_LOSS_F2_WIN,score 1-2 (overrides opacity if needed),,,ud,判定 1-2,,※勝利した青：齋藤が第13代世界バンタム級王者に。 ［レフェリー］片岡誠人 ［サブレフェリー］ 福田正人　 45-50（1R 9-10／2R 9-10／3R 9-10／4R 9-10／5R 9-10） 田澤康宏　 49-46（1R 10-9／2R 10-9／3R 9-10／4R 10-9／5R 10-9） 鍋久保雄太 47-48（1R 9-10／2R 10-9／3R 9-10／4R 10-9／5R 9-10）
188,2024-07-21,PROFESSIONAL SHOOTO 2024 Vol.5,プロフェッショナル修斗公式戦,東京・後楽園ホール,PRO_SHOOTO_MAINLINE,4000,10,環太平洋フェザー級チャンピオン決定戦,フェザー級,5分5R,1369,竹原魁晟,THE BLACKBELT JAPAN,,,1249,上原平,リバーサルジム横浜グランドスラム,計量結果 :65.6 Kg,,F1_LOSS_F2_WIN,opacity (single fighter dimmed),,,nm,不戦,,※赤：竹原が規定時間までに計量を行うことが出来なかったため。 ※※青：上原が第12代環太平洋フェザー級王者に。
188,2024-07-21,PROFESSIONAL SHOOTO 2024 Vol.5,プロフェッショナル修斗公式戦,東京・後楽園ホール,PRO_SHOOTO_MAINLINE,4001,9,,フェザー級,5分3R,1296,椿飛鳥,フリー,計量結果 :65.7 Kg,tsubaki-asuka,701,たてお,ELEVEN,計量結果 :65.5 Kg,tateo,F1_WIN_F2_LOSS,score 2-1 (overrides opacity if needed),,,ud,判定 2-1,,［レフェリー］福田正人 ［サブレフェリー］ 片岡誠人　 29-28（1R 10-9／2R 9-10／3R 10-9） 田澤康宏　 28-29（1R 10-9／2R 9-10／3R 9-10） 鍋久保雄太 29-28（1R 10-9／2R 10-9／3R 9-10）
188,2024-07-21,PROFESSIONAL SHOOTO 2024 Vol.5,プロフェッショナル修斗公式戦,東京・後楽園ホール,PRO_SHOOTO_MAINLINE,4002,8,epsomsalt seacrystals Presents インフィニティリーグ2024,フライ級,5分2R,1139,大竹陽,HAGANE GYM,計量結果 :56.6 Kg,,1423,須藤晃大,EXFIGHT,計量結果 :56.5 Kg,,F1_LOSS_F2_WIN,score 0-3 (overrides opacity if needed),,,ud,判定 0-3,,※勝利した青：須藤が2Pを獲得。（累計9P） ［レフェリー］福田正人 ［サブレフェリー］ 片岡誠人　 18-20（1R 9-10／2R 9-10） 田澤康宏　 18-20（1R 9-10／2R 9-10） 鍋久保雄太 18-20（1R 9-10／2R 9-10）
188,2024-07-21,PROFESSIONAL SHOOTO 2024 Vol.5,プロフェッショナル修斗公式戦,東京・後楽園ホール,PRO_SHOOTO_MAINLINE,4005,7,2024年度新人王トーナメント,フライ級,5分2R,1179,中池武寛,パラエストラ小岩,計量結果 :56.0 Kg,,1560,蓮池勇太,飛翔塾,計量結果 :56.2 Kg,,F1_WIN_F2_LOSS,opacity (single fighter dimmed),1,03:30,submision,S,スリーパーホールド,※勝利した赤：中池がトーナメント準決勝戦進出。準決勝ではシモン・スズキ（和術慧舟會HARTS）との対戦が決定。 ［レフェリー］福田正人
188,2024-07-21,PROFESSIONAL SHOOTO 2024 Vol.5,プロフェッショナル修斗公式戦,東京・後楽園ホール,PRO_SHOOTO_MAINLINE,4004,6,,フェザー級,5分2R,329,児山佳宏,THE BLACKBELT JAPAN,計量結果 :65.6 Kg,,1671,島村裕,パラエストラ小岩,計量結果 :65.6 Kg,,DRAW,score tied 0-0,,,ud,判定 0-0,,［レフェリー］田澤康宏 ［サブレフェリー］ 片岡誠人 19-19（1R 9-10／2R 10-9） 福田正人 19-19（1R 9-10／2R 10-9） 出合　淳 19-19（1R 9-10／2R 10-9）
188,2024-07-21,PROFESSIONAL SHOOTO 2024 Vol.5,プロフェッショナル修斗公式戦,東京・後楽園ホール,PRO_SHOOTO_MAINLINE,4003,5,,バンタム級,5分2R,130,加藤ケンジ,NeighborHood,計量結果 :61.0 Kg,,1658,人見礼王,修斗GYM東京,計量結果 :61.1 Kg,,F1_LOSS_F2_WIN,opacity (single fighter dimmed),1,00:34,ko,KO,,［レフェリー］田澤康宏
188,2024-07-21,PROFESSIONAL SHOOTO 2024 Vol.5,プロフェッショナル修斗公式戦,東京・後楽園ホール,PRO_SHOOTO_MAINLINE,4006,4,,フライ級,5分2R,1636,シモンスズキ,和術慧舟會HEARTS,計量結果 :55.9 Kg,,1669,岡田嵐士,"リバーサルジム新宿Me,We",計量結果 :56.5 Kg,,F1_LOSS_F2_WIN,score 0-2 (overrides opacity if needed),,,ud,判定 0-2,,［レフェリー］田澤康宏 ［サブレフェリー］ 片岡誠人 18-19（1R 10-9／2R 8-10） 福田正人 18-19（1R 10-9／2R 8-10） 出合　淳 19-19（1R 10-9／2R 9-10）
188,2024-07-21,PROFESSIONAL SHOOTO 2024 Vol.5,プロフェッショナル修斗公式戦,東京・後楽園ホール,PRO_SHOOTO_MAINLINE,4008,3,,ストロー級,5分2R,80,牧ヶ谷篤,和術慧舟會群馬支部,計量結果 :51.6 Kg,,1713,友利琉偉,パラエストラ小岩,計量結果 :51.9 Kg,,F1_LOSS_F2_WIN,score 0-2 (overrides opacity if needed),,,ud,判定 0-2,,［レフェリー］出合　淳 ［サブレフェリー］ 片岡誠人 18-20（1R 9-10／2R 9-10） 福田正人 19-19（1R 9-10／2R 10-9） 田澤康宏 18-20（1R 9-10／2R 9-10）
188,2024-07-21,PROFESSIONAL SHOOTO 2024 Vol.5,プロフェッショナル修斗公式戦,東京・後楽園ホール,PRO_SHOOTO_MAINLINE,4009,2,2024年度新人王トーナメント,フェザー級,5分2R,1714,松岡拓,OOTA DOJO,計量結果 :65.5 Kg,,1715,井上翔太,赤崎道場A-SPIRIT,計量結果 :65.5 Kg,,F1_WIN_F2_LOSS,score 3-0 (overrides opacity if needed),,,ud,判定 3-0,,※勝利した赤：松岡がトーナメント準決勝戦進出。準決勝では歩生（パラエストラTB）との対戦が決定。 ［レフェリー］鍋久保雄太 ［サブレフェリー］ 片岡誠人 20-18（1R 10-9／2R 10-9） 福田正人 20-18（1R 10-9／2R 10-9） 田澤康宏 20-18（1R 10-9／2R 10-9）
188,2024-07-21,PROFESSIONAL SHOOTO 2024 Vol.5,プロフェッショナル修斗公式戦,東京・後楽園ホール,PRO_SHOOTO_MAINLINE,4007,1,,バンタム級,5分2R,1483,中野剛貴,NAUGHTY HOUSE,計量結果 :60.8 Kg,,1712,瀬戸口怜久,パラエストラ小岩,計量結果 :61.0 Kg,,F1_WIN_F2_LOSS,opacity (single fighter dimmed),,,,,,［レフェリー］片岡誠人 ［サブレフェリー］ 福田正人　 20-18（1R 10-9／2R 10-9） 田澤康宏　 20-18（1R 10-9／2R 10-9） 鍋久保雄太 20-18（1R 10-9／2R 10-9）
207,2024-07-14,TORAO33,ネッツトヨタ広島 present,広島県広島市/BLUE LIVE HIROSHIMA,TORAO_REGIONAL,4023,8,,フライ級,5分2R,112,渡辺健太郎,直心会生野道場TK68,計量結果 :56.4 Kg,,1453,打威致,有永道場TeamResolve,計量結果 :56.6 Kg,,F1_LOSS_F2_WIN,opacity (single fighter dimmed),1,00:59,ko,KO,,［レフェリー］片岡誠人
207,2024-07-14,TORAO33,ネッツトヨタ広島 present,広島県広島市/BLUE LIVE HIROSHIMA,TORAO_REGIONAL,4024,7,,闘裸男,5分2R,8,宇野薫,UNO DOJO,計量結果 :70.2 Kg,uno-caol,204,岡田剛史,TKエスペランサ,計量結果 :69.8 Kg,,F1_WIN_F2_LOSS,opacity (single fighter dimmed),1,03:32,submision,S,スリーパーホールド,［レフェリー］片岡誠人
207,2024-07-14,TORAO33,ネッツトヨタ広島 present,広島県広島市/BLUE LIVE HIROSHIMA,TORAO_REGIONAL,4025,6,,,5分3R,1110,ガッツTakato,-,計量結果 :61.0 Kg,,1221,神田T800周一,KTC MMA,計量結果 :61.1 Kg,,F1_LOSS_F2_WIN,score 0-3 (overrides opacity if needed),,,ud,判定 0-3,,［レフェリー］片岡誠人 ［サブレフェリー］ 橋本公一 28-29（1R 10-9／2R 9-10／3R 9-10） 安芸佳孝 28-29（1R 10-9／2R 9-10／3R 9-10） 加藤秀和 27-30（1R 9-10／2R 9-10／3R 9-10）
207,2024-07-14,TORAO33,ネッツトヨタ広島 present,広島県広島市/BLUE LIVE HIROSHIMA,TORAO_REGIONAL,4026,5,2024年度新人王トーナメント,ライト級,5分2R,1394,KENZO,BURST,計量結果 :69.9 Kg,,1707,シヴァエフ,"リバーサルジム新宿Me,We",計量結果 :70.2 Kg,,F1_LOSS_F2_WIN,opacity (single fighter dimmed),2,01:25,tko,TKO,レフェリーストップ,※勝利した青：シヴァエフがトーナメント決勝戦進出。 ［レフェリー］片岡誠人 ［サブレフェリー］ 橋本公一 1R 9-10 安芸佳孝 1R 9-10 加藤秀和 1R 9-10
207,2024-07-14,TORAO33,ネッツトヨタ広島 present,広島県広島市/BLUE LIVE HIROSHIMA,TORAO_REGIONAL,4027,4,,,5分2R,1570,高橋佑太,BURST,計量結果 :55.0 Kg,,81,蒔田Gandhi伸吾,TKエスペランサ,計量結果 :54.8 Kg,,F1_LOSS_F2_WIN,score 0-1 (overrides opacity if needed),,,ud,判定 0-1,,［レフェリー］片岡誠人 ［サブレフェリー］ 橋本公一 19-19（1R 9-10／2R 10-9） 安芸佳孝 18-20（1R 9-10／2R 9-10） 加藤秀和 19-19（1R 10-9／2R 9-10）
207,2024-07-14,TORAO33,ネッツトヨタ広島 present,広島県広島市/BLUE LIVE HIROSHIMA,TORAO_REGIONAL,4028,3,,バンタム級,5分2R,1599,アサシン秋雄,BLOWS OITA LIFE,計量結果 :60.6 Kg,,1624,健太エスペランサ,TKエスペランサ,計量結果 :61.1 Kg,,F1_WIN_F2_LOSS,score 1-0 (overrides opacity if needed),,,ud,判定 1-0,,［レフェリー］橋本公一 ［サブレフェリー］ 大内　敬 19-19（1R 9-10／2R 10-9） 安芸佳孝 19-19（1R 9-10／2R 10-9） 加藤秀和 19-18（1R 9-10／2R 10-8）
207,2024-07-14,TORAO33,ネッツトヨタ広島 present,広島県広島市/BLUE LIVE HIROSHIMA,TORAO_REGIONAL,4029,2,,フライ級,5分2R,78,ふじい☆ペリー,BURST,計量結果 :56.2 Kg,,1725,八木祐輔,TKエスペランサ,計量結果 :56.6 Kg,,F1_LOSS_F2_WIN,opacity (single fighter dimmed),1,04:30,submision,S,スリーパーホールド,［レフェリー］橋本公一
207,2024-07-14,TORAO33,ネッツトヨタ広島 present,広島県広島市/BLUE LIVE HIROSHIMA,TORAO_REGIONAL,4030,1,2024年度 新人王トーナメント,バンタム級,5分2R,1726,小見山瞬,BURST,計量結果 :61.1 Kg,,1538,宮口龍鳳,総合格闘技道場コブラ会,計量結果 :61.1 Kg,miyaguchi-ryuho,F1_LOSS_F2_WIN,opacity (single fighter dimmed),1,04:17,tko,TKO,レフェリーストップ,勝利した青：宮口がトーナメント準決勝戦進出。準決勝では佐々木健吾（ノースキングジム）との対戦が決定。 ［レフェリー］橋本公一
185,2024-05-26,TORAO32,プロフェッショナル修斗公式戦福岡大会,福岡・アクロス福岡,TORAO_REGIONAL;PRO_SHOOTO_MAINLINE,3985,12,,バンタム級,5分3R,1185,野尻定由,MASTER JAPAN FUKUOKA,計量結果 :61.1 Kg,,1447,磯城嶋一真,MASTER JAPAN FUKUOKA,計量結果 :61.1 Kg,,F1_WIN_F2_LOSS,opacity (single fighter dimmed),3,03:32,submision,S,アームロック,［レフェリー］片岡誠人 ［サブレフェリー］ 安芸佳孝 1R 10-9／2R 10-9 岡田剛史 1R 10-9／2R 10-9 橋本公一 1R 10-9／2R 10-9
185,2024-05-26,TORAO32,プロフェッショナル修斗公式戦福岡大会,福岡・アクロス福岡,TORAO_REGIONAL;PRO_SHOOTO_MAINLINE,3986,11,,女子ストロー級,5分2R,1319,宝珠山桃花,赤崎道場A-SPIRIT,計量結果 :52.0 Kg,,1558,吉成はるか,パラエストラ小岩,計量結果 :52.2 Kg,,F1_WIN_F2_LOSS,score 3-0 (overrides opacity if needed),,,ud,判定 3-0,,［レフェリー］片岡誠人 ［サブレフェリー］ 安芸佳孝 20-18（1R 10-9／2R 10-9） 岡田剛史 20-18（1R 10-9／2R 10-9） 橋本公一 20-18（1R 10-9／2R 10-9）
185,2024-05-26,TORAO32,プロフェッショナル修斗公式戦福岡大会,福岡・アクロス福岡,TORAO_REGIONAL;PRO_SHOOTO_MAINLINE,3987,10,,フェザー級,5分2R,1647,諸石一砂,OMURA FIGHT BASE,計量結果 :65.9 Kg,,1623,ネインデイネッシュ,MASTER JAPAN FUKUOKA,計量結果 :65.7 Kg,,F1_LOSS_F2_WIN,opacity (single fighter dimmed),1,04:35,submision,S,腕十字固め,［レフェリー］岡田剛史
185,2024-05-26,TORAO32,プロフェッショナル修斗公式戦福岡大会,福岡・アクロス福岡,TORAO_REGIONAL;PRO_SHOOTO_MAINLINE,3988,9,,ストロー級,5分2R,1390,石原愼之介,MMA Zジム,計量結果 :51.9 Kg,,1316,泰斗,MMA RANGERS GYM,計量結果 :52.1 Kg,,DRAW,score tied 1-1,,,ud,判定 1-1,,［レフェリー］岡田剛史 ［サブレフェリー］ 片岡誠人 19-19（1R 9-10／2R 10-9） 宮崎清孝 18-20（1R 9-10／2R 9-10） 加藤秀和 20-18（1R 10-9／2R 10-9）
185,2024-05-26,TORAO32,プロフェッショナル修斗公式戦福岡大会,福岡・アクロス福岡,TORAO_REGIONAL;PRO_SHOOTO_MAINLINE,3989,8,,フライ級,5分2R,1454,若宮龍斗,KAMIKAZE DOJO MMA,計量結果 :56.6 Kg,,1635,杉本静弥,THE BLACKBELT JAPAN,計量結果 :56.7 Kg,,F1_LOSS_F2_WIN,opacity (single fighter dimmed),2,01:52,tko,TKO,レフェリーストップ,［レフェリー］岡田剛史 ［サブレフェリー］ 片岡誠人 1R 10-9 宮崎清孝 1R 10-8 加藤秀和 1R 10-8
185,2024-05-26,TORAO32,プロフェッショナル修斗公式戦福岡大会,福岡・アクロス福岡,TORAO_REGIONAL;PRO_SHOOTO_MAINLINE,3990,7,,ストロー級,5分2R,1227,大城正也,T-REX柔術アカデミー,計量結果 :52.0 Kg,,1398,梅木勇徳,THE BLACKBELT JAPAN,計量結果 :52.1 Kg,,F1_WIN_F2_LOSS,score 2-0 (overrides opacity if needed),,,ud,判定 2-0,,［レフェリー］片岡誠人 ［サブレフェリー］ 岡田剛史 20-18（1R 10-9／2R 10-9） 宮崎清孝 19-19（1R 10-9／2R 9-10） 赤崎勝久 20-18（1R 10-9／2R 10-9）
185,2024-05-26,TORAO32,プロフェッショナル修斗公式戦福岡大会,福岡・アクロス福岡,TORAO_REGIONAL;PRO_SHOOTO_MAINLINE,3991,6,,フライ級,5分2R,1572,古賀優平,TRIBE TOKYO M.M.A,計量結果 :56.2 Kg,,1456,永留惇平,MMA RANGERS GYM,計量結果 :59.8 Kg,,F1_WIN_F2_LOSS,score 3-0 (overrides opacity if needed),,,ud,判定 3-0,,※青：永留が規定ウェイトを通過出来なかった為、試合は参考試合として59.8kg契約にて実施。 青：永留はラウンド毎に1点減点。 ［レフェリー］片岡誠人 ［サブレフェリー］ 岡田剛史 19-17（1R 10-8／2R 9-9） 宮崎清孝 20-16（1R 10-8／2R 10-8） 赤崎勝久 20-16（1R 10-8／2R 10-8）
185,2024-05-26,TORAO32,プロフェッショナル修斗公式戦福岡大会,福岡・アクロス福岡,TORAO_REGIONAL;PRO_SHOOTO_MAINLINE,3992,5,,フライ級,5分2R,1601,高宮諒,DESTINY JIU-JITSU,計量結果 :56.6 Kg,,1598,下田洋介,095BJJ長崎柔術,計量結果 :56.5 Kg,,F1_LOSS_F2_WIN,score 0-1 (overrides opacity if needed),,,ud,判定 0-1,,［レフェリー］橋本公一 ［サブレフェリー］ 安芸佳孝 19-19（1R 9-10／2R 10-9） 宮崎清孝 19-19（1R 9-10／2R 10-9） 赤崎勝久 19-20（1R 9-10／2R 10-10）
185,2024-05-26,TORAO32,プロフェッショナル修斗公式戦福岡大会,福岡・アクロス福岡,TORAO_REGIONAL;PRO_SHOOTO_MAINLINE,3993,4,2024年度新人王トーナメント,フェザー級,5分2R,1704,ヒカル,柔術&MMAアカデミーG-face,計量結果 :65.6 Kg,hikaru,1377,清水洸志,MMA RENGERS GYM,計量結果 :67.9 Kg,,F1_WIN_F2_LOSS,score 3-0 (overrides opacity if needed),,,ud,判定 3-0,,※青：清水が規定ウェイトを通過出来なかった為（68.3kg>69.7kg>68.1kg>68.0kg>67.9kg）、赤：ヒカルがトーナメント準決勝進出。 準決勝戦では高橋人（トライフォース高知）との対戦が決定。 試合は参考試合として67.9kg契約にて実施。青：清水はラウンド毎に1点減点。 ［レフェリー］片岡誠人 ［サブレフェリー］ 安芸佳孝 20-16（1R 10-8／2R 10-8） 大内　敬 20-16（1R 10-8／2R 10-8） 赤崎勝久 20-16（1R 10-8／2R 10-8）
185,2024-05-26,TORAO32,プロフェッショナル修斗公式戦福岡大会,福岡・アクロス福岡,TORAO_REGIONAL;PRO_SHOOTO_MAINLINE,3994,3,2024年度新人王トーナメント,ライト級,5分2R,1706,ムクロック,SAND MMA,計量結果 :69.8 Kg,,1707,シヴァエフ,"リバーサルジム新宿Me,We",計量結果 :70.3 Kg,,F1_LOSS_F2_WIN,score 0-3 (overrides opacity if needed),,,ud,判定 0-3,,※勝利した青：シヴァエフがトーナメント準決勝進出。準決勝戦ではKENZO（BURST）との対戦が決定。 ［レフェリー］岡田剛史 ［サブレフェリー］ 安芸佳孝 18-20（1R 9-10／2R 9-10） 大内　敬 18-20（1R 9-10／2R 9-10） 橋本公一 18-20（1R 9-10／2R 9-10）
185,2024-05-26,TORAO32,プロフェッショナル修斗公式戦福岡大会,福岡・アクロス福岡,TORAO_REGIONAL;PRO_SHOOTO_MAINLINE,3995,2,,バンタム級,5分2R,1304,藤谷敦史,MASTER JAPAN FUKUOKA,計量結果 :61.0 Kg,,1599,アサシン秋雄,BLOWS OITA LIFE,計量結果 :60.9 Kg,,F1_WIN_F2_LOSS,score 3-0 (overrides opacity if needed),,,ud,判定 3-0,,［レフェリー］岡田剛史 ［サブレフェリー］ 安芸佳孝 20-18（1R 10-9／2R 10-9） 大内　敬 20-18（1R 10-9／2R 10-9） 橋本公一 20-18（1R 10-9／2R 10-9）
185,2024-05-26,TORAO32,プロフェッショナル修斗公式戦福岡大会,福岡・アクロス福岡,TORAO_REGIONAL;PRO_SHOOTO_MAINLINE,3996,1,,ライト級,5分2R,1455,深見弦汰,赤崎道場A-SPIRIT,計量結果 :70.1 Kg,,1708,グラップラー脇,Leg Lock Academy,計量結果 :70.2 Kg,,F1_WIN_F2_LOSS,score 2-0 (overrides opacity if needed),,,ud,判定 2-0,,［レフェリー］橋本公一 ［サブレフェリー］ 安芸佳孝 20-18（1R 10-9／2R 10-9） 大内　敬 20-18（1R 10-9／2R 10-9） 岡田剛史 20-20（1R 10-9／2R 9-10）
185,2024-05-26,TORAO32,プロフェッショナル修斗公式戦福岡大会,福岡・アクロス福岡,TORAO_REGIONAL;PRO_SHOOTO_MAINLINE,3997,2,,バンタム級,5分2R,1577,松岡琉之介,MASTER JAPAN FUKUOKA,計量結果 :61.2 Kg,,1709,有松朋晃,MMA RANGERS GYM,計量結果 :60.9 Kg,,F1_LOSS_F2_WIN,score 0-3 (overrides opacity if needed),,,ud,判定 0-3,,［レフェリー］橋本公一 ［サブレフェリー］ 安芸佳孝 18-20（1R 9-10／2R 9-10） 大内　敬 18-20（1R 9-10／2R 9-10） 岡田剛史 17-20（1R 9-10／2R 8-10）
185,2024-05-26,TORAO32,プロフェッショナル修斗公式戦福岡大会,福岡・アクロス福岡,TORAO_REGIONAL;PRO_SHOOTO_MAINLINE,3998,1,,フライ級,5分2R,1710,柴山海音,柔術&MMAアカデミーG-face,計量結果 :56.8 Kg,,1711,南裕人,volcano柔術&mma,計量結果 :56.3 Kg,,F1_WIN_F2_LOSS,opacity (single fighter dimmed),1,03:38,submision,S,スリーパーホールド,［レフェリー］岡田剛史
184,2024-05-19,【第1部】PROFESSIONAL SHOOTO 2024 Vol.4,プロフェッショナル修斗公式戦,ニューピアホール,PRO_SHOOTO_MAINLINE,3970,8,世界女子ストロー級チャンピオン決定戦,女子ストロー級,5分5R,1583,藤野恵実,JAPAN TOP TEAM,計量結果 :52.0 Kg,,1171,杉本恵,AACC,計量結果 :51.6 Kg,,F1_WIN_F2_LOSS,opacity (single fighter dimmed),3,03:43,tko,TKO,レフェリーストップ,※勝利した赤：藤野が初代女子ストロー級王者に。 ［レフェリー］片岡誠人 ［サブレフェリー］ 福田正人 1R 10-9／2R 10-9 田澤康宏 1R 9-10／2R 10-9 橋本　貴 1R 10-9／2R 10-9
184,2024-05-19,【第1部】PROFESSIONAL SHOOTO 2024 Vol.4,プロフェッショナル修斗公式戦,ニューピアホール,PRO_SHOOTO_MAINLINE,3971,7,,ストロー級,5分3R,1098,旭那拳,THE BLACKBELT JAPAN,計量結果 :52.2 Kg,,1167,田上こゆる,BLOWS,計量結果 :51.8 Kg,,F1_LOSS_F2_WIN,opacity (single fighter dimmed),1,01:52,ko,KO,,［レフェリー］田澤康宏
184,2024-05-19,【第1部】PROFESSIONAL SHOOTO 2024 Vol.4,プロフェッショナル修斗公式戦,ニューピアホール,PRO_SHOOTO_MAINLINE,3972,6,,フライ級,5分3R,959,関口祐冬,修斗GYM東京,計量結果 :56.7 Kg,,147,石井逸人,TRIBE TOKYO M.M.A,計量結果 :56.7 Kg,,F1_WIN_F2_LOSS,opacity (single fighter dimmed),2,03:12,tko,TKO,レフェリーストップ,［レフェリー］福田正人 ［サブレフェリー］ 片岡誠人 1R 9-10 田澤康宏 1R 9-10 橋本　貴 1R 9-10
184,2024-05-19,【第1部】PROFESSIONAL SHOOTO 2024 Vol.4,プロフェッショナル修斗公式戦,ニューピアホール,PRO_SHOOTO_MAINLINE,3982,5,,フェザー級,5分3R,214,齋藤翼,総合格闘技道場津田沼道場/FIGHT FARM,計量結果 :65.7 Kg,,1485,青井太一,心技館,計量結果 :65.7 Kg,aoi-taichi,F1_WIN_F2_LOSS,score 3-0 (overrides opacity if needed),,,ud,判定 3-0,,［レフェリー］橋本　貴 ［サブレフェリー］ 片岡誠人 29-28（1R 9-10／2R 10-9／3R 10-9） 福田正人 29-28（1R 9-10／2R 10-9／3R 10-9） 田澤康宏 29-28（1R 9-10／2R 10-9／3R 10-9）
184,2024-05-19,【第1部】PROFESSIONAL SHOOTO 2024 Vol.4,プロフェッショナル修斗公式戦,ニューピアホール,PRO_SHOOTO_MAINLINE,3973,4,epsomsalt seacrystals Presents インフィニティリーグ2024,,5分2R,158,ヤックル真吾,T-REX柔術アカデミー,計量結果 :56.4 Kg,,1423,須藤晃大,EXFIGHT,計量結果 :56.6 Kg,,F1_LOSS_F2_WIN,opacity (single fighter dimmed),1,00:19,ko,KO,,※1Rで勝利した青：須藤が4点を獲得。（累計4P） ［レフェリー］鍋久保雄太
184,2024-05-19,【第1部】PROFESSIONAL SHOOTO 2024 Vol.4,プロフェッショナル修斗公式戦,ニューピアホール,PRO_SHOOTO_MAINLINE,3983,2,,,5分2R,1442,安海健人,ALMA FIGHT GYM BASE,計量結果 :72.9 Kg,,1392,山下康一朗,CARPEDIEM,計量結果 :72.7 Kg,,DRAW,score tied 0-0,,,ud,判定 0-0,,［レフェリー］橋本　貴 ［サブレフェリー］ 福田正人 19-19（1R 9-10／2R 10-9） 田澤康宏 19-19（1R 9-10／2R 10-9） 出合　淳 19-19（1R 9-10／2R 10-9）
184,2024-05-19,【第1部】PROFESSIONAL SHOOTO 2024 Vol.4,プロフェッショナル修斗公式戦,ニューピアホール,PRO_SHOOTO_MAINLINE,3984,1,,フライ級,5分2R,1177,シューティングガイコツ,THE BLACKBELT JAPAN,計量結果 :56.6 Kg,,1669,岡田嵐士,"リバーサルジム新宿Me,We",計量結果 :56.5 Kg,,F1_LOSS_F2_WIN,opacity (single fighter dimmed),2,02:32,submision,S,スリーパーホールド,［レフェリー］片岡誠人 ［サブレフェリー］ 福田正人 1R 8-10 田澤康宏 1R 8-10 出合　淳 1R 9-10
204,2024-05-19,【第2部】修斗×YFU 7対7 日中対抗戦,プロフェッショナル修斗公式戦,ニューピアホール,PRO_SHOOTO_MAINLINE,3975,7,,フェザー級,5分3R,288,SASUKE,MASTER JAPAN,計量結果 :65.8 Kg,sasuke,1702,ジョングウェンパン,Team YFU,計量結果 :65.7 Kg,,F1_WIN_F2_LOSS,opacity (single fighter dimmed),1,03:02,submision,S,膝十字固め,［レフェリー］片岡誠人
204,2024-05-19,【第2部】修斗×YFU 7対7 日中対抗戦,プロフェッショナル修斗公式戦,ニューピアホール,PRO_SHOOTO_MAINLINE,3976,6,,ライト級,5分3R,1537,エフェヴィガ雄志,TRIBE TOKYO M.M.A,計量結果 :69.8 Kg,efeviga-yushi,1701,アーイージアコアーケンビエコァ,-,計量結果 :69.9 Kg,,F1_WIN_F2_LOSS,opacity (single fighter dimmed),2,02:31,tko,TKO,膝十字固め,［レフェリー］片岡誠人
204,2024-05-19,【第2部】修斗×YFU 7対7 日中対抗戦,プロフェッショナル修斗公式戦,ニューピアホール,PRO_SHOOTO_MAINLINE,3977,5,,女子ストロー級,5分3R,1418,ソルト,マルスジム,計量結果 :52.1 Kg,,1700,ハイライウーシャアモー,Team YFU,計量結果 :52.1 Kg,,F1_LOSS_F2_WIN,score 1-2 (overrides opacity if needed),,,ud,判定 1-2,,［レフェリー］田澤康宏 ［サブレフェリー］ 片岡誠人　 29-28（1R 9-10／2R 10-9／3R 10-9） 橋本　貴　 28-29（1R 9-10／2R 9-10／3R 10-9） 鍋久保雄太 28-29（1R 9-10／2R 9-10／3R 10-9）
204,2024-05-19,【第2部】修斗×YFU 7対7 日中対抗戦,プロフェッショナル修斗公式戦,ニューピアホール,PRO_SHOOTO_MAINLINE,3978,4,,バンタム級,5分3R,1385,川北晏生,TRIBE TOKYO M.M.A,計量結果 :61.0 Kg,,1698,ドウガーシュエ,-,計量結果 :61.1 Kg,,F1_WIN_F2_LOSS,score 2-1 (overrides opacity if needed),,,ud,判定 2-1,,［レフェリー］福田正人 ［サブレフェリー］ 片岡誠人 28-29（1R 9-10／2R 10-9／3R 9-10） 田澤康宏 29-28（1R 9-10／2R 10-9／3R 10-9） 橋本　貴 29-28（1R 9-10／2R 10-9／3R 10-9）
204,2024-05-19,【第2部】修斗×YFU 7対7 日中対抗戦,プロフェッショナル修斗公式戦,ニューピアホール,PRO_SHOOTO_MAINLINE,3979,3,,ウェルター級,5分3R,1564,西條英成,THE BLACKBELT JAPAN沖縄,計量結果 :77.0 Kg,,1695,ジャンシイジェン,-,計量結果 :77.3 Kg,,F1_WIN_F2_LOSS,opacity (single fighter dimmed),1,04:33,tko,TKO,レフェリーストップ,※青：ジャンが契約体重である77.1kgまで体重を落とす事ができなかったが 対戦相手である赤：西條が試合を希望したため、ジャンの最終計量結果である 77.3kgに契約体重を変更し試合を実施。 青：ジャンは毎ラウンド減点1。 ［レフェリー］橋本　貴
204,2024-05-19,【第2部】修斗×YFU 7対7 日中対抗戦,プロフェッショナル修斗公式戦,ニューピアホール,PRO_SHOOTO_MAINLINE,3980,2,,フライ級,5分3R,1179,中池武寛,パラエストラ小岩,計量結果 :56.4 Kg,,1703,ロジュンヨン,Team YFU,計量結果 :56.4 Kg,,F1_WIN_F2_LOSS,opacity (single fighter dimmed),2,02:51,tko,TKO,レフェリーストップ,［レフェリー］福田正人 ［サブレフェリー］ 片岡誠人 1R 10-9 橋本　貴 1R 10-9 出合　淳 1R 10-9
204,2024-05-19,【第2部】修斗×YFU 7対7 日中対抗戦,プロフェッショナル修斗公式戦,ニューピアホール,PRO_SHOOTO_MAINLINE,3981,1,,女子ストロー級,5分3R,1626,新谷琴美,TEAM AGENT,計量結果 :52.1 Kg,,1699,リーグワーンジェン,-,計量結果 :51.6 Kg,,F1_LOSS_F2_WIN,score 0-3 (overrides opacity if needed),,,ud,判定 0-3,,［レフェリー］片岡誠人 ［サブレフェリー］ 福田正人 27-30（1R 9-10／2R 9-10／3R 9-10） 田澤康宏 27-30（1R 9-10／2R 9-10／3R 9-10） 出合　淳 28-29（1R 9-10／2R 10-9／3R 9-10）
183,2024-04-29,新潟・新潟LOT,プロフェッショナル修斗公式戦,新潟・新潟LOT,PRO_SHOOTO_MAINLINE,4179,8,,フェザー級,5分2R,1361,岡田達磨,SAI-GYM,計量結果 :65.6 Kg,,1561,澤江優侍,フリー,計量結果 :65.8 Kg,,F1_LOSS_F2_WIN,opacity (single fighter dimmed),2,00:21,ko,KO,,［レフェリー］片岡誠人 ［サブレフェリー］ 大内　敬 1R 10-8 佐藤裕介 1R 10-9 藤石義和 1R 10-9
183,2024-04-29,新潟・新潟LOT,プロフェッショナル修斗公式戦,新潟・新潟LOT,PRO_SHOOTO_MAINLINE,4180,7,,フェザー級,5分2R,669,久保村ヨシTERU,飛翔塾コンドル,計量結果 :65.6 Kg,,1120,ムテカツ,総合格闘技ゴンズジム,計量結果 :65.7 Kg,,F1_WIN_F2_LOSS,score 3-0 (overrides opacity if needed),,,ud,判定 3-0,,［レフェリー］大内　敬 ［サブレフェリー］ 片岡誠人 20-18（1R 10-9／2R 10-9） 佐藤裕介 20-18（1R 10-9／2R 10-9） 藤石義和 20-18（1R 10-9／2R 10-9
183,2024-04-29,新潟・新潟LOT,プロフェッショナル修斗公式戦,新潟・新潟LOT,PRO_SHOOTO_MAINLINE,4181,6,,ライト級,5分2R,1060,モリシマン,STYLE PLUS GYM,計量結果 :70 Kg,,1494,畑田智洋,ピロクテテス新潟,計量結果 :69.9 Kg,,F1_WIN_F2_LOSS,opacity (single fighter dimmed),1,03:11,submision,S,アンクルホールド,［レフェリー］大内　敬
183,2024-04-29,新潟・新潟LOT,プロフェッショナル修斗公式戦,新潟・新潟LOT,PRO_SHOOTO_MAINLINE,4182,5,,フェザー級,5分2R,1163,須貝THEYAMANBA,ピロクテテス新潟,計量結果 :65.6 Kg,,1362,櫻庭泰裕,ANSWER FIGHT,計量結果 :65.2 Kg,,DRAW,"note judge tallies [('19', '19'), ('19', '19'), ('19', '19')] -> favors1=0 favors2=0 ties=3 (even)",,,,,,［レフェリー］大内　敬 ［サブレフェリー］ 片岡誠人 19-19（1R 9-10／2R 10-9） 佐藤裕介 19-19（1R 9-10／2R 10-9） 小島邦裕 19-19（1R 9-10／2R 10-9）
183,2024-04-29,新潟・新潟LOT,プロフェッショナル修斗公式戦,新潟・新潟LOT,PRO_SHOOTO_MAINLINE,4183,4,,フェザー級,5分2R,1162,加藤裕彦,SAI-GYM,計量結果 :65.8 Kg,,1777,サカイロック,ALMA FIGHT GYM SHUKO,計量結果 :65.4 Kg,,F1_WIN_F2_LOSS,opacity (single fighter dimmed),1,00:59,ko,KO,,［レフェリー］片岡誠人
183,2024-04-29,新潟・新潟LOT,プロフェッショナル修斗公式戦,新潟・新潟LOT,PRO_SHOOTO_MAINLINE,4184,3,,フライ級,5分2R,1365,本多弥彦直樹,SAI-GYM,計量結果 :56.5 Kg,,1560,蓮池勇太,飛翔塾,計量結果 :56.5 Kg,,F1_LOSS_F2_WIN,opacity (single fighter dimmed),1,04:03,tko,TKO,,※レフェリーストップ ※※ボディーへの蹴り ※※※勝利した青：蓮池がトーナメント進出。中池 武寛（パラエストラ小岩）との対戦が決定。 ［レフェリー］片岡誠人
183,2024-04-29,新潟・新潟LOT,プロフェッショナル修斗公式戦,新潟・新潟LOT,PRO_SHOOTO_MAINLINE,4185,2,,フェザー級,5分2R,275,小川将貴,ピロクテテス新潟,,,1562,椿馨,Katana Gym,計量結果 :65.3 Kg,,F1_LOSS_F2_WIN,opacity (single fighter dimmed),,,ud,判定 -,,※赤：小川が規定の時間までに計量を行うことが出来なかった為。
183,2024-04-29,新潟・新潟LOT,プロフェッショナル修斗公式戦,新潟・新潟LOT,PRO_SHOOTO_MAINLINE,4186,1,,バンタム級,5分2R,1621,江口諒,SAI-GYM,計量結果 :60.8 Kg,,1357,宮澤ゴリラ和郎,飛翔塾,計量結果 :60.9 Kg,,F1_LOSS_F2_WIN,opacity (single fighter dimmed),2,02:25,tko,TKO,,※勝利した青：宮澤がトーナメント準決勝進出。準決勝戦では恵真（リバーサルジム立川ALPHA）との対戦が決定。 ［レフェリー］片岡誠人 ［サブレフェリー］ 大内　敬 1R 10-9 佐藤裕介 1R 10-9 藤石義和 1R 10-9
183,2024-04-29,新潟・新潟LOT,プロフェッショナル修斗公式戦,新潟・新潟LOT,PRO_SHOOTO_MAINLINE,4187,,,フライ級,5分2R,1563,隼吾,総合格闘技ジムBATTLE,計量結果 :56.5 Kg,,1736,鈴木尊,FourRhombus,計量結果 :56.4 Kg,,F1_LOSS_F2_WIN,opacity (single fighter dimmed),1,00:46,submision,S,スリーパーホールド,［レフェリー］片岡誠人
183,2024-04-29,新潟・新潟LOT,プロフェッショナル修斗公式戦,新潟・新潟LOT,PRO_SHOOTO_MAINLINE,4188,,,,5分2R,1773,田口恵大,RISING SUN,計量結果 :52.1 Kg,,1778,TAKUMI,Bushi-Doo武士道,計量結果 :52 Kg,,F1_WIN_F2_LOSS,score 3-0 (overrides opacity if needed),,,ud,判定 3-0,,※勝利した赤：田口がトーナメント決勝に進出。 ［レフェリー］片岡誠人 ［サブレフェリー］ 大内　敬 20-17（1R 10-8／2R 10-9） 小島邦裕 20-16（1R 10-8／2R 10-8） 藤石義和 20-16（1R 10-8／2R 10-8）
182,2024-04-14,THE SHOOTO OKINAWA vol.10,プロフェッショナル修斗公式戦沖縄大会,沖縄・コザミュージックタウン音市場,OKINAWA_REGIONAL;PRO_SHOOTO_MAINLINE,3958,9,,ストロー級,5分3R,1176,当真佳直,reversaL Gym OKINAWA CROSS×LINE,計量結果 :52.1 Kg,,1566,根井博登,THE BLACKBELT JAPAN,計量結果 :51.8 Kg,,F1_WIN_F2_LOSS,score 3-0 (overrides opacity if needed),,,ud,判定 3-0,,［レフェリー］豊永　稔 ［サブレフェリー］ 福田正人 30-27（1R 10-9／2R 10-9／3R 10-9） 小島邦裕 29-28（1R 10-9／2R 10-9／3R 10-9） 島袋零二 30-27（1R 10-9／2R 10-9／3R 9-10）
182,2024-04-14,THE SHOOTO OKINAWA vol.10,プロフェッショナル修斗公式戦沖縄大会,沖縄・コザミュージックタウン音市場,OKINAWA_REGIONAL;PRO_SHOOTO_MAINLINE,3959,8,,フェザー級,5分3R,15,内藤太尊,roots,計量結果 :65.2 Kg,,1425,宇藤彰貴,総合格闘技道場ゴンズジム,計量結果 :65.6 Kg,,F1_LOSS_F2_WIN,opacity (single fighter dimmed),1,01:12,tko,TKO,レフェリーストップ,［レフェリー］豊永　稔
182,2024-04-14,THE SHOOTO OKINAWA vol.10,プロフェッショナル修斗公式戦沖縄大会,沖縄・コザミュージックタウン音市場,OKINAWA_REGIONAL;PRO_SHOOTO_MAINLINE,3960,7,,ストロー級,5分2R,1302,畠山隆称,THE BLACKBELT JAPAN沖縄,計量結果 :52.1 Kg,,80,牧ヶ谷篤,和術慧舟會群馬支部,計量結果 :52.0 Kg,,F1_WIN_F2_LOSS,score 3-0 (overrides opacity if needed),,,ud,判定 3-0,,［レフェリー］福田正人 ［サブレフェリー］ 豊永　稔 20-18（1R 10-9／2R 10-9） 小島邦裕 20-18（1R 10-9／2R 10-9） 島袋零二 20-18（1R 10-9／2R 10-9）
182,2024-04-14,THE SHOOTO OKINAWA vol.10,プロフェッショナル修斗公式戦沖縄大会,沖縄・コザミュージックタウン音市場,OKINAWA_REGIONAL;PRO_SHOOTO_MAINLINE,3961,6,,ウェルター級,5分2R,1564,西條英成,THE BLACKBELT JAPAN沖縄,計量結果 :76.9 Kg,,1689,アイエティケビン,パラエストラ綾瀬,計量結果 :76.8 Kg,,F1_WIN_F2_LOSS,opacity (single fighter dimmed),1,03:13,submision,S,スリーパーホールド,［レフェリー］福田正人
182,2024-04-14,THE SHOOTO OKINAWA vol.10,プロフェッショナル修斗公式戦沖縄大会,沖縄・コザミュージックタウン音市場,OKINAWA_REGIONAL;PRO_SHOOTO_MAINLINE,3962,5,,フェザー級,5分3R,1303,南風原吉良斗,THE BLACKBELT JAPAN,計量結果 :65.6 Kg,,1420,メイヘム和成,パラエストラ小岩,計量結果 :65.2 Kg,,F1_WIN_F2_LOSS,opacity (single fighter dimmed),1,00:44,submision,S,スリーパーホールド,［レフェリー］福田正人
182,2024-04-14,THE SHOOTO OKINAWA vol.10,プロフェッショナル修斗公式戦沖縄大会,沖縄・コザミュージックタウン音市場,OKINAWA_REGIONAL;PRO_SHOOTO_MAINLINE,3963,4,,ストロー級,5分2R,1133,木村旬志,ゼロ戦クラブ,計量結果 :52.2 Kg,,1255,大城匡史,THE BLACKBELT JAPAN,計量結果 :52.1 Kg,,DRAW,score tied 0-0,,,ud,判定 0-0,,［レフェリー］豊永　稔 ［サブレフェリー］ 福田正人 19-19（1R 9-10／2R 10-9） 小島邦裕 19-19（1R 9-10／2R 10-9） 島袋零二 19-19（1R 9-10／2R 10-9）
182,2024-04-14,THE SHOOTO OKINAWA vol.10,プロフェッショナル修斗公式戦沖縄大会,沖縄・コザミュージックタウン音市場,OKINAWA_REGIONAL;PRO_SHOOTO_MAINLINE,3964,3,,ストロー級,5分2R,78,ふじい☆ペリー,BURST,,,1569,知名昴海,DROP,,,F1_LOSS_F2_WIN,opacity (single fighter dimmed),1,02:27,submision,S,ネックストレッチ,［レフェリー］福田正人
182,2024-04-14,THE SHOOTO OKINAWA vol.10,プロフェッショナル修斗公式戦沖縄大会,沖縄・コザミュージックタウン音市場,OKINAWA_REGIONAL;PRO_SHOOTO_MAINLINE,3965,2,,ストロー級,5分2R,1427,大田ノヒロ,THE BLACKBELT JAPAN,計量結果 :51.5 Kg,,1570,高橋佑太,BURST,計量結果 :52.1 Kg,,F1_WIN_F2_LOSS,score 1-0 (overrides opacity if needed),,,ud,判定 1-0,,［レフェリー］福田正人 ［サブレフェリー］ 豊永　稔 19-19（1R 10-9／2R 9-10） 大内　敬 19-19（1R 9-10／2R 10-9） 島袋零二 20-18（1R 10-9／2R 10-9）
182,2024-04-14,THE SHOOTO OKINAWA vol.10,プロフェッショナル修斗公式戦沖縄大会,沖縄・コザミュージックタウン音市場,OKINAWA_REGIONAL;PRO_SHOOTO_MAINLINE,3966,1,2024年度新人王トーナメント,,5分2R,1690,松本ごだい,BURST,計量結果 :56.2 Kg,,1400,小生隆弘,グランドスラム沖縄A・P・P,計量結果 :56.6 Kg,,F1_LOSS_F2_WIN,opacity (single fighter dimmed),1,04:51,tko,TKO,レフェリーストップ,※勝利した青：小生がトーナメント進出。 ［レフェリー］福田正人
182,2024-04-14,THE SHOOTO OKINAWA vol.10,プロフェッショナル修斗公式戦沖縄大会,沖縄・コザミュージックタウン音市場,OKINAWA_REGIONAL;PRO_SHOOTO_MAINLINE,3967,3,,,3分2R,1516,山本敦章,THE BLACKBELT JAPAN,計量結果 :61.1 Kg,,1693,武田昂大,リバーサルジム東京スタンドアウト,計量結果 :60.9 Kg,,F1_WIN_F2_LOSS,score 2-0 (overrides opacity if needed),,,ud,判定 2-0,,［レフェリー］豊永　稔 ［ジャッジ］ A：福田正人 20-18（1R 10-9／2R 10-9） B：大内　敬 19-19（1R 9-10／2R 10-9） C：島袋零二 20-20（1R 9-10／2R 10-9）
182,2024-04-14,THE SHOOTO OKINAWA vol.10,プロフェッショナル修斗公式戦沖縄大会,沖縄・コザミュージックタウン音市場,OKINAWA_REGIONAL;PRO_SHOOTO_MAINLINE,3968,2,,アマチュア修斗,3分2R,1691,藤崎陽平,有永道場 Team Resolve,計量結果 :65.3 Kg,,1692,神田篤社,Theパラエストラ沖縄コザ,計量結果 :65.5 Kg,,F1_LOSS_F2_WIN,score 0-3 (overrides opacity if needed),,,ud,判定 0-3,,［レフェリー］福田正人 ［ジャッジ］ A：福田正人 17-20（1R 9-10／2R 8-10） B：大内　敬 17-20（1R 9-10／2R 8-10） C：島袋零二 17-20（1R 9-10／2R 9-10）
182,2024-04-14,THE SHOOTO OKINAWA vol.10,プロフェッショナル修斗公式戦沖縄大会,沖縄・コザミュージックタウン音市場,OKINAWA_REGIONAL;PRO_SHOOTO_MAINLINE,3969,1,,アマチュア修斗,3分2R,1631,高田双葉,BURST,計量結果 :48.4 Kg,,1694,徳本望愛,THE BLACKBELT JAPAN,計量結果 :49.2 Kg,,F1_LOSS_F2_WIN,score 0-3 (overrides opacity if needed),,,ud,判定 0-3,,［レフェリー］豊永　稔 ［ジャッジ］ A：福田正人 18-20（1R 9-10／2R 9-10） B：大内　敬 18-20（1R 9-10／2R 9-10） C：島袋零二 18-20（1R 9-10／2R 9-10）
181,2024-04-07,SHOOTO GIG TOKYO Vol.36,プロフェッショナル修斗公式戦,東京・新宿FACE,GIG_UNDERCARD_SERIES;PRO_SHOOTO_MAINLINE,3933,9,,ストロー級,5分2R,30,澤田龍人,AACC×剛毅會,計量結果 :51.9 Kg,,1632,黒部和沙,TRIBE TOKYO M.M.A,計量結果 :52 Kg,,F1_LOSS_F2_WIN,opacity (single fighter dimmed),1,03:38,submision,S,ネックストレッチ,［レフェリー］片岡誠人
181,2024-04-07,SHOOTO GIG TOKYO Vol.36,プロフェッショナル修斗公式戦,東京・新宿FACE,GIG_UNDERCARD_SERIES;PRO_SHOOTO_MAINLINE,3935,8,,バンタム級,5分2R,232,松下祐介,パラエストラTB,計量結果 :61.1 Kg,,1548,永井奏多,TRIBE TOKYO M.M.A,計量結果 :61.2 Kg,nagai-kanata,F1_LOSS_F2_WIN,score 0-3 (overrides opacity if needed),,,ud,判定 0-3,,［レフェリー］鍋久保雄太 ［サブレフェリー］ 片岡誠人 18-20（1R 9-10／2R 9-10） 岡田剛史 18-20（1R 9-10／2R 9-10） 出合　淳 18-20（1R 9-10／2R 9-10）
181,2024-04-07,SHOOTO GIG TOKYO Vol.36,プロフェッショナル修斗公式戦,東京・新宿FACE,GIG_UNDERCARD_SERIES;PRO_SHOOTO_MAINLINE,3934,7,,バンタム級,5分2R,1615,ライダーHIRO,シューティング宇留野道場,計量結果 :61.0 Kg,,1069,榎本明,TRIBE TOKYO MMA,計量結果 :61.0 Kg,,F1_LOSS_F2_WIN,opacity (single fighter dimmed),2,02:25,tko,TKO,,［レフェリー］鍋久保雄太 ［サブレフェリー］ 渡辺恭介 1R 9-10 岡田剛史 1R 9-10 出合　淳 1R 9-10
181,2024-04-07,SHOOTO GIG TOKYO Vol.36,プロフェッショナル修斗公式戦,東京・新宿FACE,GIG_UNDERCARD_SERIES;PRO_SHOOTO_MAINLINE,3936,6,,バンタム級,5分2R,1055,藤木龍一郎,和術慧舟會AKZA,計量結果 :60.9 Kg,,1110,ガッツTakato,-,計量結果 :61.1 Kg,,F1_LOSS_F2_WIN,score 0-3 (overrides opacity if needed),,,ud,判定 0-3,,［レフェリー］岡田剛史 ［サブレフェリー］ 鍋久保雄太 18-20（1R 9-10／2R 9-10） 片岡誠人　 18-20（1R 9-10／2R 9-10） 出合　淳　 18-20（1R 9-10／2R 9-10）
181,2024-04-07,SHOOTO GIG TOKYO Vol.36,プロフェッショナル修斗公式戦,東京・新宿FACE,GIG_UNDERCARD_SERIES;PRO_SHOOTO_MAINLINE,3939,5,,フライ級,5分2R,81,蒔田Gandhi伸吾,TKエスペランサ,計量結果 :56.5 Kg,,1179,中池武寛,パラエストラ小岩,計量結果 :57.5 Kg,,F1_LOSS_F2_WIN,opacity (single fighter dimmed),1,00:38,ko,KO,,［レフェリー］片岡誠人
181,2024-04-07,SHOOTO GIG TOKYO Vol.36,プロフェッショナル修斗公式戦,東京・新宿FACE,GIG_UNDERCARD_SERIES;PRO_SHOOTO_MAINLINE,3937,4,,バンタム級,5分2R,1253,新井拓巳,ストライプル新百合ケ丘,計量結果 :60.9 Kg,,1337,青井心ニ,心技館,計量結果 :61.2 Kg,,F1_WIN_F2_LOSS,opacity (single fighter dimmed),1,01:46,tko,TKO,グラウンドパンチ,※レフェリーストップ ［レフェリー］片岡誠人
181,2024-04-07,SHOOTO GIG TOKYO Vol.36,プロフェッショナル修斗公式戦,東京・新宿FACE,GIG_UNDERCARD_SERIES;PRO_SHOOTO_MAINLINE,3955,3,,,5分2R,197,一條貴洋,ストライプル南相馬playground,計量結果 :63.4 Kg,,1353,谷井翔太,ロデオスタイル/大道塾,計量結果 :63.4 Kg,,F1_LOSS_F2_WIN,score 0-3 (overrides opacity if needed),,,ud,判定 0-3,,［レフェリー］出合　淳 ［サブレフェリー］ 片岡誠人　 17-20（1R 9-10／2R 8-10） 鍋久保雄太 17-20（1R 9-10／2R 8-10） 渡辺恭介　 17-20（1R 9-10／2R 8-10）
181,2024-04-07,SHOOTO GIG TOKYO Vol.36,プロフェッショナル修斗公式戦,東京・新宿FACE,GIG_UNDERCARD_SERIES;PRO_SHOOTO_MAINLINE,3956,2,,バンタム級,5分2R,1547,藤田ムネノリ,SUBMIT MMA,計量結果 :62.9 Kg,,1683,森本ユタカ,THE BLACKBELT JAPAN,計量結果 :61.5 Kg,,F1_WIN_F2_LOSS,opacity (single fighter dimmed),2,04:30,tko,TKO,グラウンドパンチ,※レフェリーストップ ［レフェリー］出合　淳 ［サブレフェリー］ 片岡誠人　 1R 10-9 鍋久保雄太 1R 10-9 渡辺恭介　 1R 10-9
181,2024-04-07,SHOOTO GIG TOKYO Vol.36,プロフェッショナル修斗公式戦,東京・新宿FACE,GIG_UNDERCARD_SERIES;PRO_SHOOTO_MAINLINE,3940,1,,フェザー級,5分2R,1094,伊集龍皇,パラエストラ小岩,計量結果 :65.5 Kg,,1624,健太エスペランサ,TKエスペランサ,計量結果 :65.7 Kg,,F1_WIN_F2_LOSS,opacity (single fighter dimmed),1,01:44,submision,S,腕十字固め,［レフェリー］片岡誠人
181,2024-04-07,SHOOTO GIG TOKYO Vol.36,プロフェッショナル修斗公式戦,東京・新宿FACE,GIG_UNDERCARD_SERIES;PRO_SHOOTO_MAINLINE,3953,5,,キッズ・ジュニア修斗,4分1R,1684,鈴木孝征,心技館,計量結果 :39.6 Kg,,1685,北村璃希,フォーランバス,計量結果 :36.0 Kg,,F1_LOSS_F2_WIN,opacity (single fighter dimmed),,02:09,submision,TS,腕十字固め,［レフェリー］片岡誠人
181,2024-04-07,SHOOTO GIG TOKYO Vol.36,プロフェッショナル修斗公式戦,東京・新宿FACE,GIG_UNDERCARD_SERIES;PRO_SHOOTO_MAINLINE,3954,5,,キッズ・ジュニア修斗,4分1R,1686,中坊一,心技館,計量結果 :40.9 Kg,,1687,佐久間風我,フォーランバス,計量結果 :43.3 Kg,,F1_LOSS_F2_WIN,score 0-3 (overrides opacity if needed),,,ud,判定 0-3,,［レフェリー］出合　淳 ［ジャッジ］ 片岡誠人　 1R 9-10 鍋久保雄太 1R 9-10 渡辺恭介　 1R 9-10
181,2024-04-07,SHOOTO GIG TOKYO Vol.36,プロフェッショナル修斗公式戦,東京・新宿FACE,GIG_UNDERCARD_SERIES;PRO_SHOOTO_MAINLINE,3957,,,トライアウト,3分2R,1660,樋口幹太,FIGHT FARM,計量結果 :56.6 Kg,,1688,矢野博之,修斗GYM東京,計量結果 :56.4 Kg,,F1_LOSS_F2_WIN,score 0-3 (overrides opacity if needed),,,ud,判定 0-3,,［レフェリー］片岡誠人 ［ジャッジ］ A：岡田剛史 18-20（1R 9-10／2R 9-10） B：出合　淳 18-20（1R 9-10／2R 9-10） C：渡辺恭介 18-20（1R 9-10／2R 9-10）
180,2024-03-24,FORCE 19,プロフェッショナル修斗公式戦,香川県高松市/高松シンボルタワー 展示場,FORCE_REGIONAL;PRO_SHOOTO_MAINLINE,3944,7,,フライ級,5分2R,1067,高岡宏気,FORCE GYM,計量結果 :56.5 Kg,takaoka-hiroki,1063,志賀竜太郎,TEAM SALT,計量結果 :56.4 Kg,,F1_WIN_F2_LOSS,opacity (single fighter dimmed),2,01:38,tko,TKO,レフリーストップ,［レフェリー］吉田元貴 ［サブレフェリー］ 片岡誠人　 1R 10-9 鍋久保雄太 1R 10-9 加藤秀和　 1R 10-9
180,2024-03-24,FORCE 19,プロフェッショナル修斗公式戦,香川県高松市/高松シンボルタワー 展示場,FORCE_REGIONAL;PRO_SHOOTO_MAINLINE,3945,6,,フライ級,5分2R,153,堀川55滉介,TEAM一領具足,計量結果 :56.0 Kg,,1645,神里昭吾,THE BLACKBELT JAPAN,計量結果 :56.3 Kg,,F1_WIN_F2_LOSS,opacity (single fighter dimmed),2,02:00,submision,S,スリーパーホールド,［レフェリー］吉田元貴 ［サブレフェリー］ 片岡誠人　 1R 10-9 鍋久保雄太 1R 10-9 加藤秀和　 1R 10-9
180,2024-03-24,FORCE 19,プロフェッショナル修斗公式戦,香川県高松市/高松シンボルタワー 展示場,FORCE_REGIONAL;PRO_SHOOTO_MAINLINE,3946,5,,ストロー級,5分2R,1390,石原愼之介,MMA Zジム,計量結果 :52.0 Kg,,1539,谷中たいち,格闘技吉田道場,計量結果 :51.9 Kg,,F1_WIN_F2_LOSS,score 3-0 (overrides opacity if needed),,,ud,判定 3-0,,［レフェリー］片岡誠人 ［サブレフェリー］ 吉田元貴　 20-18（1R 10-9／2R 10-9） 鍋久保雄太 20-18（1R 10-9／2R 10-9） 加藤秀和　 20-18（1R 10-9／2R 10-9）
180,2024-03-24,FORCE 19,プロフェッショナル修斗公式戦,香川県高松市/高松シンボルタワー 展示場,FORCE_REGIONAL;PRO_SHOOTO_MAINLINE,3947,4,,バンタム級,5分2R,1579,矢野武蔵,パラエストラ愛媛,計量結果 :61.2 Kg,,1306,波平コング,THE BLACKBELT JAPAN,計量結果 :60.7 Kg,,F1_WIN_F2_LOSS,score 3-0 (overrides opacity if needed),,,ud,判定 3-0,,［レフェリー］片岡誠人 ［サブレフェリー］ 吉田元貴　 20-18（1R 10-9／2R 10-9） 鍋久保雄太 20-18（1R 10-9／2R 10-9） 加藤秀和　 20-18（1R 10-9／2R 10-9）
180,2024-03-24,FORCE 19,プロフェッショナル修斗公式戦,香川県高松市/高松シンボルタワー 展示場,FORCE_REGIONAL;PRO_SHOOTO_MAINLINE,3948,3,,ストロー級,5分2R,1217,里見拓磨,MMA Zジム,計量結果 :52.0 Kg,,1177,シューティングガイコツ,THE BLACKBELT JAPAN,計量結果 :51.9 Kg,,F1_WIN_F2_LOSS,opacity (single fighter dimmed),2,01:56,tko,TKO,,［レフェリー］片岡誠人 ［サブレフェリー］ 吉田元貴　 1R 10-9 鍋久保雄太 1R 10-9 加藤秀和　 1R 10-9
180,2024-03-24,FORCE 19,プロフェッショナル修斗公式戦,香川県高松市/高松シンボルタワー 展示場,FORCE_REGIONAL;PRO_SHOOTO_MAINLINE,3949,2,,,5分2R,1678,魚山皓平,HOPE,計量結果 :62.7 Kg,,1538,宮口龍鳳,総合格闘技道場コブラ会,計量結果 :63.0 Kg,miyaguchi-ryuho,F1_LOSS_F2_WIN,opacity (single fighter dimmed),1,02:29,ko,KO,,［レフェリー］鍋久保雄太
180,2024-03-24,FORCE 19,プロフェッショナル修斗公式戦,香川県高松市/高松シンボルタワー 展示場,FORCE_REGIONAL;PRO_SHOOTO_MAINLINE,3950,1,,バンタム級,5分2R,1679,森貴史,MMA Zジム,計量結果 :61.1 Kg,,1680,中島陸,総合格闘技ゴンズジム,計量結果 :61.2 Kg,,F1_LOSS_F2_WIN,opacity (single fighter dimmed),1,02:29,tko,TKO,レフリーストップ,［レフェリー］鍋久保雄太
180,2024-03-24,FORCE 19,プロフェッショナル修斗公式戦,香川県高松市/高松シンボルタワー 展示場,FORCE_REGIONAL;PRO_SHOOTO_MAINLINE,3951,,,トライアウト,3分2R,1681,垂水稔朗,FORCEGYM,計量結果 :69.8 Kg,,1682,稲葉祥真,ASH,計量結果 :69.9 Kg,,F1_LOSS_F2_WIN,score 1-2 (overrides opacity if needed),,,ud,判定 1-2,,［レフェリー］片岡誠人 ［ジャッジ］ A：安芸佳孝 18-20（1R 9-10／2R 9-10） B：吉田元貴 18-20（1R 9-10／2R 9-10） C：加藤秀和 20-18（1R 10-9／2R 10-9）
179,2024-03-23,東京・後楽園ホール,プロフェッショナル修斗公式戦,東京・後楽園ホール,PRO_SHOOTO_MAINLINE,3930,7,,ライト級,5分3R,1537,エフェヴィガ雄志,TRIBE TOKYO M.M.A,計量結果 :69.8 Kg,efeviga-yushi,1672,キムミンヒュン,TEAM FINISH,計量結果 :70.3 Kg,,F1_WIN_F2_LOSS,opacity (single fighter dimmed),1,03:21,submision,S,スリーパーホールド,［レフェリー］片岡誠人
179,2024-03-23,東京・後楽園ホール,プロフェッショナル修斗公式戦,東京・後楽園ホール,PRO_SHOOTO_MAINLINE,3926,6,,フェザー級,5分3R,642,結城大樹,MASTER JAPAN FUKUOKA,計量結果 :65.6 Kg,,1296,椿飛鳥,フリー,計量結果 :65.6 Kg,tsubaki-asuka,F1_LOSS_F2_WIN,score 0-3 (overrides opacity if needed),,,ud,判定 0-3,,［レフェリー］柴田　旭 ［サブレフェリー］ 出合　淳　 28-29（1R 9-10／2R 10-9／3R 9-10） 片岡誠人　 28-29（1R 9-10／2R 10-9／3R 9-10） 鍋久保雄太 28-29（1R 9-10／2R 10-9／3R 9-10）
179,2024-03-23,東京・後楽園ホール,プロフェッショナル修斗公式戦,東京・後楽園ホール,PRO_SHOOTO_MAINLINE,3927,5,,バンタム級,5分3R,305,平川智也,マスタージャパン,計量結果 :61.1 Kg,,1385,川北晏生,TRIBE TOKYO M.M.A,計量結果 :61.0 Kg,,F1_LOSS_F2_WIN,opacity (single fighter dimmed),2,01:02,submision,TS,フロントスリーパーホールド,［レフェリー］片岡誠人 ［サブレフェリー］ 出合　淳 1R 10-9 柴田　旭 1R 10-9 北原史寛 1R 10-9
179,2024-03-23,東京・後楽園ホール,プロフェッショナル修斗公式戦,東京・後楽園ホール,PRO_SHOOTO_MAINLINE,3943,5,,,5分2R,1249,上原平,リバーサルジム横浜グランドスラム,,,266,リオン武,ライジングサン,,,NO_CONTEST,note text explicitly states no decision (勝敗なし),,,,,,勝敗なし。
179,2024-03-23,東京・後楽園ホール,プロフェッショナル修斗公式戦,東京・後楽園ホール,PRO_SHOOTO_MAINLINE,3931,4,,,5分2R,329,児山佳宏,THE BLACKBELT JAPAN,計量結果 :67.6 Kg,,1515,松浦真実也,総合格闘技実業団トップティア,計量結果 :68.0 Kg,,F1_LOSS_F2_WIN,opacity (single fighter dimmed),1,02:12,tko,TKO,グラウンドパンチ,※レフェリーストップ ［レフェリー］出合　淳
179,2024-03-23,東京・後楽園ホール,プロフェッショナル修斗公式戦,東京・後楽園ホール,PRO_SHOOTO_MAINLINE,3932,3,epsomsalt seacrystals Presents インフィニティリーグ2024,フライ級,5分2R,1340,片山将宏,TRIBE TOKYO M.M.A,計量結果 :57.25 Kg,,1139,大竹陽,HAGANE GYM,計量結果 :56.7 Kg,,F1_LOSS_F2_WIN,opacity (single fighter dimmed),1,04:22,tko,TKO,レフェリーストップ,※青：大竹が3Pを獲得。（累計3P） ※※当初の契約体重を超過した赤：片山に全ラウンド減点1とした上で-57.25kg契約にて試合を実施。 ［レフェリー］柴田　旭
179,2024-03-23,東京・後楽園ホール,プロフェッショナル修斗公式戦,東京・後楽園ホール,PRO_SHOOTO_MAINLINE,3928,2,,フェザー級,5分2R,1671,島村裕,パラエストラ小岩,計量結果 :65.6 Kg,,1485,青井太一,心技館,計量結果 :65.8 Kg,aoi-taichi,F1_LOSS_F2_WIN,opacity (single fighter dimmed),1,04:21,ko,KO,,［レフェリー］片岡誠人
179,2024-03-23,東京・後楽園ホール,プロフェッショナル修斗公式戦,東京・後楽園ホール,PRO_SHOOTO_MAINLINE,3929,1,,バンタム級,5分2R,1483,中野剛貴,NAUGHTY HOUSE,計量結果 :61.0 Kg,,1658,人見礼王,修斗GYM東京,計量結果 :61.1 Kg,,F1_LOSS_F2_WIN,opacity (single fighter dimmed),2,02:35,ko,KO,,［レフェリー］出合　淳 ［サブレフェリー］ 小島邦裕 1R 9-10 柴田　旭 1R 9-10 片岡誠人 1R 9-10
179,2024-03-23,東京・後楽園ホール,プロフェッショナル修斗公式戦,東京・後楽園ホール,PRO_SHOOTO_MAINLINE,3941,,,キッズ・ジュニア修斗,3分1R,1673,遠藤隼斗,心技舘さがみ野道場,計量結果 :35.8 Kg,,1674,松川瑛大,HAGANE GYM,計量結果 :37.3 Kg,,F1_WIN_F2_LOSS,score 3-0 (overrides opacity if needed),,,ud,判定 3-0,,［レフェリー］片岡誠人 ［ジャッジ］ A：小島邦裕 10-9 B：柴田　旭 10-9 C：北原史寛 10-9
179,2024-03-23,東京・後楽園ホール,プロフェッショナル修斗公式戦,東京・後楽園ホール,PRO_SHOOTO_MAINLINE,3942,,,キッズ・ジュニア修斗,3分1R,1675,大貫吏翔,心技館,計量結果 :30.6 Kg,,1676,佐久間丈,フォーランバス,計量結果 :28.5 Kg,,F1_LOSS_F2_WIN,opacity (single fighter dimmed),1,01:19,submision,TS,腕十字固め,［レフェリー］小島邦裕
200,2024-03-02,修斗Live!Tokyo,プロフェッショナル修斗公式戦,配信専用大会,PRO_SHOOTO_MAINLINE,3918,6,,バンタム級,5分2R,197,一條貴洋,ストライプル南相馬playground,計量結果 :60.9 Kg,,1050,小林佳純,HAGANE GYM,計量結果 :61.2 Kg,,F1_LOSS_F2_WIN,score 0-3 (overrides opacity if needed),,,ud,判定 0-3,,［レフェリー］出合　淳 ［サブレフェリー］ 小島邦裕　 17-20（1R 9-10／2R 8-10） 鍋久保雄太 18-20（1R 9-10／2R 9-10） 北原史寛　 18-20（1R 9-10／2R 9-10）
200,2024-03-02,修斗Live!Tokyo,プロフェッショナル修斗公式戦,配信専用大会,PRO_SHOOTO_MAINLINE,3919,5,,フライ級,5分2R,1322,一杉芳樹,駿東修闘クラブ,計量結果 :56.6 Kg,,1544,前田壮吉,リバーサルジム横浜グランドスラム,計量結果 :56.5 Kg,,F1_LOSS_F2_WIN,opacity (single fighter dimmed),1,04:09,tko,TKO,レフェリーストップ,［レフェリー］片岡誠人
200,2024-03-02,修斗Live!Tokyo,プロフェッショナル修斗公式戦,配信専用大会,PRO_SHOOTO_MAINLINE,3920,4,,,5分2R,1420,メイヘム和成,パラエストラ小岩,計量結果 :66.5 Kg,,1665,シャランディ,TRIBE TOKYO M.M.A,計量結果 :66.9 Kg,,F1_LOSS_F2_WIN,opacity (single fighter dimmed),1,02:08,submision,S,スリーパーホールド,［レフェリー］出合　淳
200,2024-03-02,修斗Live!Tokyo,プロフェッショナル修斗公式戦,配信専用大会,PRO_SHOOTO_MAINLINE,3921,3,,ストロー級,5分2R,1227,大城正也,T-REX柔術アカデミー,計量結果 :52.0 Kg,,1666,肥沼大治,RISING SUN,計量結果 :51.8 Kg,,F1_WIN_F2_LOSS,score 2-0 (overrides opacity if needed),,,ud,判定 2-0,,［レフェリー］鍋久保雄太 ［サブレフェリー］ 出合　淳 20-18（1R 10-9／2R 10-9） 小島邦裕 20-18（1R 10-9／2R 10-9） 渡辺恭介 19-19（1R 9-10／2R 10-9）
200,2024-03-02,修斗Live!Tokyo,プロフェッショナル修斗公式戦,配信専用大会,PRO_SHOOTO_MAINLINE,3922,2,,トライアウト,3分2R,1667,本田壮一,HAGANE GYM,,,1668,御前昂史,パラエストラ小岩,,,F1_LOSS_F2_WIN,opacity (single fighter dimmed),1,02:29,tko,TKO,レフェリーストップ,［レフェリー］鍋久保雄太
200,2024-03-02,修斗Live!Tokyo,プロフェッショナル修斗公式戦,配信専用大会,PRO_SHOOTO_MAINLINE,3923,1,,トライアウト,3分2R,1669,岡田嵐士,"リバーサルジム新宿Me,We",計量結果 :61.0 Kg,,1670,中村悠磨,和術慧舟會HEARTS,計量結果 :61.2 Kg,,F1_WIN_F2_LOSS,opacity (single fighter dimmed),2,02:24,submision,S,スリーパーホールド,［レフェリー］片岡誠人 ［ジャッジ］ A：渡辺恭介　 1R 9-10 B：出合　淳　 1R 9-10 C：鍋久保雄太 1R 9-10
178,2024-01-28,PROFESSIONAL SHOOTO 2024 Vol.1 - 2部,プロフェッショナル修斗公式戦,ニューピアホール,PRO_SHOOTO_MAINLINE,3908,8,環太平洋バンタム級チャンピオンシップ,バンタム級,5分3R,1148,藤井伸樹,ALLIANCE,計量結果 :61.0 Kg,,1500,須藤拓真,X-TREAM EBINA,計量結果 :61.0 Kg,,F1_WIN_F2_LOSS,score 3-0 (overrides opacity if needed),,,ud,判定 3-0,,※勝利した赤：藤井が初防衛に成功。 ［レフェリー］福田正人 ［サブレフェリー］ 片岡誠人 29-28（1R 9-10／2R 10-9／3R 10-9） 田澤康宏 30-27（1R 10-9／2R 10-9／3R 10-9） 岡田剛史 30-27（1R 10-9／2R 10-9／3R 10-9）
178,2024-01-28,PROFESSIONAL SHOOTO 2024 Vol.1 - 2部,プロフェッショナル修斗公式戦,ニューピアホール,PRO_SHOOTO_MAINLINE,3909,7,epsomsalt seacrystals Presents インフィニティリーグ,女子ストロー級,5分2R,1583,藤野恵実,JAPAN TOP TEAM,計量結果 :52.2 Kg,,1558,吉成はるか,パラエストラ小岩,計量結果 :52.0 Kg,,F1_WIN_F2_LOSS,opacity (single fighter dimmed),2,03:09,tko,TKO,レフェリーストップ,※勝利した赤：藤野が勝ち点3Pを獲得（累計10P）、インフィニティリーグ2023女子ストロー級優勝が決定。 ［レフェリー］田澤康宏 ［サブレフェリー］ 福田　正人 1R 10-8 鍋久保雄太 1R 10-8 片岡　誠人 1R 10-9
178,2024-01-28,PROFESSIONAL SHOOTO 2024 Vol.1 - 2部,プロフェッショナル修斗公式戦,ニューピアホール,PRO_SHOOTO_MAINLINE,3910,6,epsomsalt seacrystals Presents インフィニティリーグ,女子ストロー級,5分2R,1319,宝珠山桃花,赤崎道場A-SPIRIT,計量結果 :52.2 Kg,,1171,杉本恵,AACC,計量結果 :51.7 Kg,,F1_LOSS_F2_WIN,score 0-3 (overrides opacity if needed),,,ud,判定 0-3,,※勝利した青：杉本が勝ち点2Pを獲得。（累計7P） ［レフェリー］田澤康宏 ［サブレフェリー］ 福田　正人 18-20（1R 9-10／2R 9-10） 岡田　剛史 18-20（1R 9-10／2R 9-10） 鍋久保雄太 18-20（1R 9-10／2R 9-10）
178,2024-01-28,PROFESSIONAL SHOOTO 2024 Vol.1 - 2部,プロフェッショナル修斗公式戦,ニューピアホール,PRO_SHOOTO_MAINLINE,3912,5,,バンタム級,5分2R,1094,伊集龍皇,パラエストラ小岩,計量結果 :62.0 Kg,,1547,藤田ムネノリ,SUBMIT MMA,計量結果 :61.0 Kg,,F1_WIN_F2_LOSS,opacity (single fighter dimmed),2,04:40,submision,S,三角締め,※当初の契約体重を超過した赤：伊集に全ラウンド減点1とした上で62.0kg契約にて試合を実施。 ［レフェリー］福田正人 ［サブレフェリー］ 岡田剛史 1R 9-9 田澤康宏 1R 9-9 片岡誠人 1R 9-9
178,2024-01-28,PROFESSIONAL SHOOTO 2024 Vol.1 - 2部,プロフェッショナル修斗公式戦,ニューピアホール,PRO_SHOOTO_MAINLINE,3913,4,,ストロー級,5分2R,1632,黒部和沙,TRIBE TOKYO M.M.A,計量結果 :51.8 Kg,,1427,大田ノヒロ,THE BLACKBELT JAPAN,計量結果 :52.2 Kg,,F1_WIN_F2_LOSS,opacity (single fighter dimmed),1,01:13,submision,S,スリーパーホールド,［レフェリー］福田正人
178,2024-01-28,PROFESSIONAL SHOOTO 2024 Vol.1 - 2部,プロフェッショナル修斗公式戦,ニューピアホール,PRO_SHOOTO_MAINLINE,3914,3,,フェザー級,5分2R,1361,岡田達磨,SAI-GYM,計量結果 :65.7 Kg,,1562,椿馨,Katana Gym,計量結果 :65.5 Kg,,DRAW,score tied 0-0,,,ud,判定 0-0,,［レフェリー］片岡誠人 ［サブレフェリー］ 岡田　剛史 19-19（1R 9-10／2R 10-9） 田澤　康宏 19-19（1R 9-10／2R 10-9） 鍋久保雄太 19-19（1R 9-10／2R 10-9）
178,2024-01-28,PROFESSIONAL SHOOTO 2024 Vol.1 - 2部,プロフェッショナル修斗公式戦,ニューピアホール,PRO_SHOOTO_MAINLINE,3915,2,,フェザー級,5分2R,1162,加藤裕彦,SAI-GYM,計量結果 :66.7 Kg,,1485,青井太一,心技館,計量結果 :66.8 Kg,aoi-taichi,F1_LOSS_F2_WIN,opacity (single fighter dimmed),2,02:33,tko,TKO,レフェリーストップ,［レフェリー］片岡誠人 ［サブレフェリー］ 福田　正人 1R 9-10 田澤　康宏 1R 9-10 鍋久保雄太 1R 9-10
178,2024-01-28,PROFESSIONAL SHOOTO 2024 Vol.1 - 2部,プロフェッショナル修斗公式戦,ニューピアホール,PRO_SHOOTO_MAINLINE,3916,1,,トライアウト,3分2R,1660,樋口幹太,FIGHT FARM,計量結果 :57.8 Kg,,1661,宇佐美泰生,修斗GYM東京,計量結果 :57.8 Kg,,F1_LOSS_F2_WIN,opacity (single fighter dimmed),1,,tko,TKO,レフェリーストップ,［レフェリー］岡田剛史
178,2024-01-28,PROFESSIONAL SHOOTO 2024 Vol.1 - 2部,プロフェッショナル修斗公式戦,ニューピアホール,PRO_SHOOTO_MAINLINE,3917,,,トライアウト,3分2R,1662,鈴木真生,MMA RANGERS GYM,計量結果 :56.2 Kg,,1663,堀澤義紀,有永道場 Team Resolve,計量結果 :55.6 Kg,,F1_WIN_F2_LOSS,opacity (single fighter dimmed),2,02:36,tko,TKO,レフェリーストップ,［レフェリー］岡田剛史 ［ジャッジ］ A：片岡誠人 1R 10-9 B：福田正人 1R 10-9 C：出合　淳 1R 10-9
199,2024-01-28,PROFESSIONAL SHOOTO 2024 Vol.1 - 1部,プロフェッショナル修斗公式戦,ニューピアホール,PRO_SHOOTO_MAINLINE,3898,9,,フェザー級,5分3R,255,TOMA,直心会TK68,計量結果 :65.6 Kg,toma,214,齋藤翼,総合格闘技道場津田沼道場/FIGHT FARM,計量結果 :65.8 Kg,,F1_WIN_F2_LOSS,opacity (single fighter dimmed),3,02:41,tko,TKO,,［レフェリー］片岡誠人 ［サブレフェリー］ 福田正人 1R 10-9／2R 10-9 岡田剛史 1R 10-9／2R 10-9 田澤康宏 1R 10-9／2R 10-9
199,2024-01-28,PROFESSIONAL SHOOTO 2024 Vol.1 - 1部,プロフェッショナル修斗公式戦,ニューピアホール,PRO_SHOOTO_MAINLINE,3899,8,,フライ級,5分3R,959,関口祐冬,修斗GYM東京,計量結果 :56.6 Kg,,158,ヤックル真吾,T-REX柔術アカデミー,計量結果 :56.6 Kg,,F1_WIN_F2_LOSS,score 3-0 (overrides opacity if needed),,,ud,判定 3-0,,［レフェリー］福田正人 ［サブレフェリー］ 岡田剛史 30-26（1R 10-9／2R 10-9／3R 10-8） 出合　淳 30-27（1R 10-9／2R 10-9／3R 10-9） 田澤康宏 30-27（1R 10-9／2R 10-9／3R 10-9）
199,2024-01-28,PROFESSIONAL SHOOTO 2024 Vol.1 - 1部,プロフェッショナル修斗公式戦,ニューピアホール,PRO_SHOOTO_MAINLINE,3900,7,,フライ級,5分3R,955,宮城友一,キックボクシングDROP,計量結果 :56.3 Kg,,1657,鈴木崇矢,格闘DREAMERS,計量結果 :56.6 Kg,suzuki-takaya,F1_LOSS_F2_WIN,opacity (single fighter dimmed),1,00:04,ko,KO,,［レフェリー］福田正人
199,2024-01-28,PROFESSIONAL SHOOTO 2024 Vol.1 - 1部,プロフェッショナル修斗公式戦,ニューピアホール,PRO_SHOOTO_MAINLINE,3901,6,,バンタム級,5分2R,1548,永井奏多,TRIBE TOKYO M.M.A,計量結果 :61.1 Kg,nagai-kanata,1414,HAMMERKATU,有永道場 Team Resolve,計量結果 :61.0 Kg,,F1_WIN_F2_LOSS,score 3-0 (overrides opacity if needed),,,ud,判定 3-0,,［レフェリー］岡田剛史 ［サブレフェリー］ 片岡誠人 20-18（1R 10-9／2R 10-9） 福田正人 20-18（1R 10-9／2R 10-9） 出合　淳 20-18（1R 10-9／2R 10-9）
199,2024-01-28,PROFESSIONAL SHOOTO 2024 Vol.1 - 1部,プロフェッショナル修斗公式戦,ニューピアホール,PRO_SHOOTO_MAINLINE,3903,5,新人王決定トーナメント,フライ級,5分2R,1493,亮我,総合格闘技ゴンズジム,計量結果 :56.5 Kg,ryoga,1456,永留惇平,MMA RANGERS GYM,,,UNRESOLVED,"both dimmed, no score, no judge tallies, no note keyword match",,,,,,
199,2024-01-28,PROFESSIONAL SHOOTO 2024 Vol.1 - 1部,プロフェッショナル修斗公式戦,ニューピアホール,PRO_SHOOTO_MAINLINE,3905,4,新人王決定トーナメント,フェザー級,5分2R,1515,松浦真実也,総合格闘技実業団トップティア,計量結果 :65.8 Kg,,1623,ネインデイネッシュ,MASTER JAPAN FUKUOKA,計量結果 :65.7 Kg,,F1_LOSS_F2_WIN,opacity (single fighter dimmed),2,00:14,tko,TKO,レフェリーストップ,※勝利したネインが2023年度フェザー級新人王に決定。 ［レフェリー］田澤康宏 ［サブレフェリー］ 片岡誠人 1R 10-9 二瓶浩一 1R 10-9 出合　淳 1R 10-9
199,2024-01-28,PROFESSIONAL SHOOTO 2024 Vol.1 - 1部,プロフェッショナル修斗公式戦,ニューピアホール,PRO_SHOOTO_MAINLINE,3904,3,新人王トーナメント,バンタム級,5分2R,1497,JAM,Theパラエストラ沖縄,計量結果 :61.0 Kg,,1447,磯城嶋一真,MASTER JAPAN FUKUOKA,計量結果 :61.1 Kg,,DRAW,score tied 1-1,,,ud,判定 1-1,,※延長戦(1-2)に勝利した赤青：磯城嶋が2023年度バンタム級新人王に決定。 ［レフェリー］田澤康宏 ［サブレフェリー］ 福田正人 18-20（1R 9-10／2R 9-10／EXR 9-10） 二瓶浩一 19-19（1R 9-10／2R 10-9／EXR 9-10） 出合　淳 19-19（1R 9-10／2R 10-9／EXR 10-9）
199,2024-01-28,PROFESSIONAL SHOOTO 2024 Vol.1 - 1部,プロフェッショナル修斗公式戦,ニューピアホール,PRO_SHOOTO_MAINLINE,3902,2,新人王トーナメント,ストロー級,5分2R,1566,根井博登,THE BLACKBELT JAPAN,計量結果 :52.1 Kg,,1413,麻生LegLock祐弘,有永道場 Team Resolve,計量結果 :51.6 Kg,,F1_WIN_F2_LOSS,opacity (single fighter dimmed),1,02:06,tko,TKO,レフェリーストップ,※勝利した赤：根井が2023年度ストロー級新人王に決定。 ［レフェリー］片岡誠人
199,2024-01-28,PROFESSIONAL SHOOTO 2024 Vol.1 - 1部,プロフェッショナル修斗公式戦,ニューピアホール,PRO_SHOOTO_MAINLINE,3906,1,新人王決定トーナメント,ライト級,5分2R,1509,グジユン,修斗GYM神戸,計量結果 :69.9 Kg,,1511,嵯峨ゴーレム健史,TKエスペランサ,計量結果 :70.1 Kg,,F1_WIN_F2_LOSS,score 3-0 (overrides opacity if needed),,,ud,判定 3-0,,※勝利した赤：グが2023年度ライト級新人王に決定。 ［レフェリー］片岡誠人 ［サブレフェリー］ 福田正人 20-18（1R 10-9／2R 10-9） 二瓶浩一 20-18（1R 10-9／2R 10-9） 田澤康宏 20-18（1R 10-9／2R 10-9）
199,2024-01-28,PROFESSIONAL SHOOTO 2024 Vol.1 - 1部,プロフェッショナル修斗公式戦,ニューピアホール,PRO_SHOOTO_MAINLINE,3907,,新人王トーナメント,ウェルター級,5分2R,1564,西條英成,THE BLACKBELT JAPAN沖縄,,,1452,墨吉涼太,誠流会館,,,UNRESOLVED,"both dimmed, no score, no judge tallies, no note keyword match",,,,,,
177,2023-12-17,PROFESSIONAL SHOOTO 2023 Vol.9 in OSAKA,プロフェッショナル修斗公式戦,阿倍野区民センター・大ホール,PRO_SHOOTO_MAINLINE,3878,7,,バンタム級,5分3R,777,青柳洸志,修斗GYM神戸,計量結果 :61.1 Kg,,127,奇天烈,修斗GYMS直心会,計量結果 :61.1 Kg,,F1_WIN_F2_LOSS,score 3-0 (overrides opacity if needed),,,ud,判定 3-0,,［レフェリー］片岡誠人 ［サブレフェリー］ 吉田元貴 29-28（1R 10-9／2R 10-9／3R 9-10） 岡田剛史 30-27（1R 10-9／2R 10-9／3R 10-9） 小島邦裕 30-27（1R 10-9／2R 10-9／3R 10-9）
177,2023-12-17,PROFESSIONAL SHOOTO 2023 Vol.9 in OSAKA,プロフェッショナル修斗公式戦,阿倍野区民センター・大ホール,PRO_SHOOTO_MAINLINE,3882,6,,Stand up,3分3R,1594,吉岡龍輝,及川道場,計量結果 :62.8 Kg,,1591,成尾拓輝,究道会館,計量結果 :63.0 Kg,,F1_WIN_F2_LOSS,opacity (single fighter dimmed),2,02:45,ko,KO,,［レフェリー］吉田元貴
177,2023-12-17,PROFESSIONAL SHOOTO 2023 Vol.9 in OSAKA,プロフェッショナル修斗公式戦,阿倍野区民センター・大ホール,PRO_SHOOTO_MAINLINE,3879,5,,バンタム級,5分2R,1101,前川大輔,総合格闘技道場コブラ会,計量結果 :61.2 Kg,,1337,青井心ニ,心技館,計量結果 :61.1 Kg,,DRAW,score tied 1-1,,,ud,判定 1-1,,［レフェリー］吉田元貴 ［サブレフェリー］ 片岡誠人 19-19（1R 9-10／2R 10-9） 岡田剛史 20-20（1R 10-9／2R 10-9） 小島邦裕 20-20（1R 9-10／2R 9-10）
177,2023-12-17,PROFESSIONAL SHOOTO 2023 Vol.9 in OSAKA,プロフェッショナル修斗公式戦,阿倍野区民センター・大ホール,PRO_SHOOTO_MAINLINE,3880,4,,フェザー級,5分2R,669,久保村ヨシTERU,飛翔塾コンドル,計量結果 :65.6 Kg,,1512,轟轟,総合格闘技道場コブラ会,計量結果 :65.8 Kg,,F1_LOSS_F2_WIN,opacity (single fighter dimmed),1,02:06,ko,KO,,［レフェリー］岡田剛史
177,2023-12-17,PROFESSIONAL SHOOTO 2023 Vol.9 in OSAKA,プロフェッショナル修斗公式戦,阿倍野区民センター・大ホール,PRO_SHOOTO_MAINLINE,3881,3,,ヘビー級,5分2R,1650,大番高明,パラエストラ広島,計量結果 :116.7 Kg,,1651,土井淳,修斗GYM大阪,計量結果 :110.8 Kg,,F1_WIN_F2_LOSS,opacity (single fighter dimmed),2,03:18,tko,TKO,,［レフェリー］片岡誠人 ［サブレフェリー］ 吉田元貴 1R 10-9 岡田剛史 1R 10-9 小島邦裕 1R 9-10
177,2023-12-17,PROFESSIONAL SHOOTO 2023 Vol.9 in OSAKA,プロフェッショナル修斗公式戦,阿倍野区民センター・大ホール,PRO_SHOOTO_MAINLINE,3883,2,,Stand up,3分3R,1652,山口悠真,ジムファイターズ,計量結果 :51.7 Kg,,1653,阿部優心,TEAM TEPPEN,計量結果 :51.6 Kg,,F1_WIN_F2_LOSS,score 1-0 (overrides opacity if needed),,,ud,判定 1-0,,［レフェリー］吉田元貴
177,2023-12-17,PROFESSIONAL SHOOTO 2023 Vol.9 in OSAKA,プロフェッショナル修斗公式戦,阿倍野区民センター・大ホール,PRO_SHOOTO_MAINLINE,3884,1,,Stand up,3分3R,1654,中納佑介,9+nineplus lab.,計量結果 :68.0 Kg,,1655,外岡一真,全真会館,計量結果 :67.0 Kg,,F1_WIN_F2_LOSS,opacity (single fighter dimmed),1,02:21,tko,TKO,レフェリーストップ,［レフェリー］片岡誠人
170,2023-12-03,山口大会「TORAO31」,プロフェッショナル修斗公式戦,山口県山口市/KDDI維新ホール,TORAO_REGIONAL;PRO_SHOOTO_MAINLINE,3885,12,,フェザー級,5分2R,642,結城大樹,MASTER JAPAN FUKUOKA,計量結果 :65.7 Kg,,1361,岡田達磨,SAI-GYM,計量結果 :65.6 Kg,,F1_WIN_F2_LOSS,score 2-0 (overrides opacity if needed),,,ud,判定 2-0,,［レフェリー］片岡誠人 ［サブレフェリー］ 加藤秀和 19-19（1R 10-9／2R 9-10） 小島邦裕 20-18（1R 10-9／2R 10-9） 吉田元貴 20-18（1R 10-9／2R 10-9）
170,2023-12-03,山口大会「TORAO31」,プロフェッショナル修斗公式戦,山口県山口市/KDDI維新ホール,TORAO_REGIONAL;PRO_SHOOTO_MAINLINE,3886,11,,フェザー級,5分2R,1212,毛利昭彦,毛利道場,計量結果 :65.8 Kg,,329,児山佳宏,THE BLACKBELT JAPAN,計量結果 :65.7 Kg,,F1_LOSS_F2_WIN,score 0-2 (overrides opacity if needed),,,ud,判定 0-2,,［レフェリー］片岡誠人 ［サブレフェリー］ 加藤秀和 19-19（1R 9-10／2R 10-9） 小島邦裕 18-20（1R 9-10／2R 9-10） 吉田元貴 18-20（1R 9-10／2R 9-10）
170,2023-12-03,山口大会「TORAO31」,プロフェッショナル修斗公式戦,山口県山口市/KDDI維新ホール,TORAO_REGIONAL;PRO_SHOOTO_MAINLINE,3887,10,,バンタム級,5分3R,1141,野瀬翔平,MASTER JAPAN FUKUOKA,計量結果 :61.3 Kg,nose-shohei,1221,神田T800周一,KTC MMA,計量結果 :61.1 Kg,,F1_WIN_F2_LOSS,opacity (single fighter dimmed),1,03:10,submision,S,チキンウイングアームロック,［レフェリー］吉田元貴
170,2023-12-03,山口大会「TORAO31」,プロフェッショナル修斗公式戦,山口県山口市/KDDI維新ホール,TORAO_REGIONAL;PRO_SHOOTO_MAINLINE,3888,9,,ウェルター級,5分2R,402,ソーキ,NASCER DO SOL,計量結果 :77.0 Kg,,1452,墨吉涼太,誠流会館,計量結果 :77.0 Kg,,F1_LOSS_F2_WIN,score 0-3 (overrides opacity if needed),,,ud,判定 0-3,,［レフェリー］吉田元貴 ［サブレフェリー］ 加藤秀和 18-20（1R 9-10／2R 9-10） 宮崎清孝 18-20（1R 9-10／2R 9-10） 片岡誠人 18-20（1R 9-10／2R 9-10）
170,2023-12-03,山口大会「TORAO31」,プロフェッショナル修斗公式戦,山口県山口市/KDDI維新ホール,TORAO_REGIONAL;PRO_SHOOTO_MAINLINE,3889,8,,バンタム級,5分3R,624,國頭武,BURST,計量結果 :61.2 Kg,,1185,野尻定由,MASTER JAPAN FUKUOKA,計量結果 :61.1 Kg,,F1_WIN_F2_LOSS,score 3-0 (overrides opacity if needed),,,ud,判定 3-0,,［レフェリー］吉田元貴 ［サブレフェリー］ 橋本公一 29-28（1R 10-9／2R 9-10／3R 10-9） 宮崎清孝 29-28（1R 10-9／2R 9-10／3R 10-9） 小島邦裕 29-28（1R 10-9／2R 9-10／3R 10-9）
170,2023-12-03,山口大会「TORAO31」,プロフェッショナル修斗公式戦,山口県山口市/KDDI維新ホール,TORAO_REGIONAL;PRO_SHOOTO_MAINLINE,3890,7,新人王決定トーナメント,フライ級,5分2R,1454,若宮龍斗,KAMIKAZE DOJO MMA,計量結果 :56.6 Kg,,1456,永留惇平,MMA RANGERS GYM,計量結果 :56.9 Kg,,F1_LOSS_F2_WIN,opacity (single fighter dimmed),1,04:38,submision,S,フロントスリーパーホールド,※勝利した青：永留がトーナメント決勝戦進出。決勝では亮我（総合格闘技ゴンズジム）との対戦が決定。 ［レフェリー］片岡誠人
170,2023-12-03,山口大会「TORAO31」,プロフェッショナル修斗公式戦,山口県山口市/KDDI維新ホール,TORAO_REGIONAL;PRO_SHOOTO_MAINLINE,3891,6,,フライ級,5分2R,35,ニシダ☆ショー,BURST,計量結果 :56.5 Kg,,1622,江木伸成,LEOS JIU JITSU ACADEMY,計量結果 :56.7 Kg,,F1_WIN_F2_LOSS,score 1-0 (overrides opacity if needed),,,ud,判定 1-0,,［レフェリー］片岡誠人 ［サブレフェリー］ 橋本公一 19-19（1R 10-9／2R 9-10） 宮崎清孝 20-18（1R 10-9／2R 10-9） 小島邦裕 19-19（1R 10-9／2R 9-10）
170,2023-12-03,山口大会「TORAO31」,プロフェッショナル修斗公式戦,山口県山口市/KDDI維新ホール,TORAO_REGIONAL;PRO_SHOOTO_MAINLINE,3892,5,,闘裸男,5分2R,1527,古賀愛蘭,BURST,計量結果 :51.3 Kg,,1656,高本千代,高本道場,計量結果 :52.0 Kg,,F1_WIN_F2_LOSS,score 3-0 (overrides opacity if needed),,,ud,判定 3-0,,［レフェリー］吉田元貴 ［サブレフェリー］ 橋本公一 20-18（1R 10-9／2R 10-9） 赤崎勝久 20-18（1R 10-9／2R 10-9） 小島邦裕 20-18（1R 10-9／2R 10-9）
170,2023-12-03,山口大会「TORAO31」,プロフェッショナル修斗公式戦,山口県山口市/KDDI維新ホール,TORAO_REGIONAL;PRO_SHOOTO_MAINLINE,3893,4,,バンタム級,5分2R,1414,HAMMERKATU,有永道場 Team Resolve,計量結果 :61.0 Kg,,229,藤川智史,総合格闘技道場ARMS,計量結果 :61.2 Kg,,F1_WIN_F2_LOSS,opacity (single fighter dimmed),2,00:48,ko,KO,,［レフェリー］橋本公一 ［サブレフェリー］ 吉田元貴 1R 9-10 赤崎勝久 1R 10-9 小島邦裕 1R 9-10
170,2023-12-03,山口大会「TORAO31」,プロフェッショナル修斗公式戦,山口県山口市/KDDI維新ホール,TORAO_REGIONAL;PRO_SHOOTO_MAINLINE,3894,3,,闘裸男,5分2R,1532,上瀬あかり,毛利道場,計量結果 :47.3 Kg,,920,ヒヤマNFC,NFC,計量結果 :47.3 Kg,,F1_WIN_F2_LOSS,opacity (single fighter dimmed),1,02:01,submision,S,スリーパーホールド,［レフェリー］吉田元貴
170,2023-12-03,山口大会「TORAO31」,プロフェッショナル修斗公式戦,山口県山口市/KDDI維新ホール,TORAO_REGIONAL;PRO_SHOOTO_MAINLINE,3895,2,新人王トーナメント,バンタム級,5分2R,1547,藤田ムネノリ,SUBMIT MMA,計量結果 :61.3 Kg,,1447,磯城嶋一真,MASTER JAPAN FUKUOKA,計量結果 :61.2 Kg,,F1_LOSS_F2_WIN,score 0-2 (overrides opacity if needed),,,ud,判定 0-2,,※勝利した青：磯城嶋がトーナメント決勝戦進出。決勝ではJAM（Theパラエストラ沖縄那覇）との対戦が決定。 ［レフェリー］橋本公一 ［サブレフェリー］ 吉田元貴 18-20（1R 9-10／2R 9-10） 赤崎勝久 19-19（1R 9-10／2R 10-9） 加藤秀和 18-20（1R 9-10／2R 9-10）
170,2023-12-03,山口大会「TORAO31」,プロフェッショナル修斗公式戦,山口県山口市/KDDI維新ホール,TORAO_REGIONAL;PRO_SHOOTO_MAINLINE,3896,1,新人王トーナメント,ストロー級,5分2R,1413,麻生LegLock祐弘,有永道場 Team Resolve,計量結果 :52.0 Kg,,1398,梅木勇徳,THE BLACKBELT JAPAN,計量結果 :52.1 Kg,,F1_WIN_F2_LOSS,score 3-0 (overrides opacity if needed),,,ud,判定 3-0,,※勝利した赤：麻生がトーナメント決勝戦進出。決勝では根井博登（パラエストラ千葉）との対戦が決定。 ［レフェリー］吉田元貴 ［サブレフェリー］ 橋本公一 20-18（1R 10-9／2R 10-9） 赤崎勝久 20-18（1R 10-9／2R 10-9） 加藤秀和 20-18（1R 10-9／2R 10-9）
170,2023-12-03,山口大会「TORAO31」,プロフェッショナル修斗公式戦,山口県山口市/KDDI維新ホール,TORAO_REGIONAL;PRO_SHOOTO_MAINLINE,3897,,,キッズ・ジュニア修斗,4分1R,1581,山本あやめ,セコンドアウト,計量結果 :46.8 Kg,,1580,森下瑠亜那,TKエスペランサ,計量結果 :46.8 Kg,,F1_WIN_F2_LOSS,score 2-1 (overrides opacity if needed),,,ud,判定 2-1,,［レフェリー］片岡誠人 ［ジャッジ］ A：村井貴史 10-9 B：赤崎勝久 10-9 C：吉田元貴 9-10
171,2023-12-02,FIGHT&MOSH,プロフェショナル修斗公式戦,,UNCLASSIFIED,3845,7,世界フェザー級チャンピオンシップ,フェザー級,5分5R,288,SASUKE,MASTER JAPAN,計量結果 :65.6 Kg,sasuke,250,田中半蔵,FUN’S,計量結果 :65.7 Kg,,F1_WIN_F2_LOSS,opacity (single fighter dimmed),3,01:07,tko,TKO,レフェリーストップ,※赤：SASUKEが二度目の防衛に成功。 ［レフェリー］豊永　稔 ［サブレフェリー］ 片岡誠人 1R 10-9／2R 10-9 柴田　旭 1R 10-9／2R 10-9 岡田剛史 1R 10-9／2R 10-9
171,2023-12-02,FIGHT&MOSH,プロフェショナル修斗公式戦,,UNCLASSIFIED,3844,6,,ミドル級,5分3R,1634,岡見勇信,EXFIGHT,計量結果 :83.7 Kg,,1633,キムジェヨン,NOVA MMA,計量結果 :83.6 Kg,,F1_WIN_F2_LOSS,score 2-1 (overrides opacity if needed),,,ud,判定 2-1,,［レフェリー］片岡誠人 ［サブレフェリー］ 豊永　稔 28-29（1R 9-10／2R 10-9／2R 9-10） 岡田剛史 29-28（1R 10-9／2R 10-9／2R 9-10） 田澤康宏 29-28（1R 10-9／2R 10-9／2R 9-10）
171,2023-12-02,FIGHT&MOSH,プロフェショナル修斗公式戦,,UNCLASSIFIED,3864,5,,,5分2R,109,マモル,STGY,,,1643,漆谷康宏&清水清隆&佐藤ルミナ,-,,,NO_CONTEST,note text explicitly states no decision (勝敗なし),,,,,,※勝敗なし
171,2023-12-02,FIGHT&MOSH,プロフェショナル修斗公式戦,,UNCLASSIFIED,3842,4,,,5分3R,266,リオン武,ライジングサン,計量結果 :67.9 Kg,,15,内藤太尊,roots,計量結果 :67.6 Kg,,F1_WIN_F2_LOSS,opacity (single fighter dimmed),2,02:31,ko,KO,,［レフェリー］岡田剛史
171,2023-12-02,FIGHT&MOSH,プロフェショナル修斗公式戦,,UNCLASSIFIED,3843,3,,フライ級,5分3R,29,猿丸ジュンジ,修斗GYM東京,計量結果 :56.6 Kg,,1129,安芸柊斗,MMA Zジム,計量結果 :56.5 Kg,,F1_WIN_F2_LOSS,opacity (single fighter dimmed),1,01:18,tko,TKO,レフェリーストップ,［レフェリー］柴田　旭
171,2023-12-02,FIGHT&MOSH,プロフェショナル修斗公式戦,,UNCLASSIFIED,3862,2,,フライ級,5分3R,142,内藤頌貴,THE BLACKBELT JAPAN,計量結果 :56.5 Kg,,147,石井逸人,TRIBE TOKYO M.M.A,計量結果 :56.6 Kg,,F1_LOSS_F2_WIN,opacity (single fighter dimmed),2,03:16,submision,TS,三角締め,［レフェリー］田澤康宏 ［サブレフェリー］ 豊永　稔 1R 9-10 柴田　旭 1R 9-10 岡田剛史 1R 9-10
171,2023-12-02,FIGHT&MOSH,プロフェショナル修斗公式戦,,UNCLASSIFIED,3863,1,新人王決定トーナメント,フェザー級,5分2R,1485,青井太一,心技館,計量結果 :65.6 Kg,aoi-taichi,1623,ネインデイネッシュ,MASTER JAPAN FUKUOKA,計量結果 :65.8 Kg,,F1_LOSS_F2_WIN,score 0-3 (overrides opacity if needed),,,ud,判定 0-3,,※勝利した青：ネインがトーナメント決勝戦進出。決勝戦では松浦 真実也（総合格闘技実業団トップティア）との対戦が決定。 ［レフェリー］片岡誠人 ［サブレフェリー］ 豊永　稔 18-20（1R 9-10／2R 9-10） 柴田　旭 18-20（1R 9-10／2R 9-10） 田澤康宏 18-20（1R 9-10／2R 9-10）
176,2023-12-02,COLORS Produce by SHOOTO Vol.2 “FIGHT&MOSH”,プロフェッショナル修斗公式戦,,PRO_SHOOTO_MAINLINE,3855,7,世界女子アトム級チャンピオンシップ,女子アトム級,5分5R,1327,澤田千優,AACC,計量結果 :47.4 Kg,chihiro-sawada,1274,中村未来,マルスジム,計量結果 :47.4 Kg,,F1_WIN_F2_LOSS,opacity (single fighter dimmed),1,04:57,submision,S,腕十字固め,※赤：澤田が初防衛に成功。 ［レフェリー］片岡誠人
176,2023-12-02,COLORS Produce by SHOOTO Vol.2 “FIGHT&MOSH”,プロフェッショナル修斗公式戦,,PRO_SHOOTO_MAINLINE,3856,6,,,5分2R,1418,ソルト,マルスジム,計量結果 :53.9 Kg,,1637,ホジュギョン,TEAM J,計量結果 :53.9 Kg,,F1_WIN_F2_LOSS,opacity (single fighter dimmed),1,02:37,tko,TKO,レフェリーストップ,［レフェリー］豊永　稔
176,2023-12-02,COLORS Produce by SHOOTO Vol.2 “FIGHT&MOSH”,プロフェッショナル修斗公式戦,,PRO_SHOOTO_MAINLINE,3857,5,,,5分3R,1642,KAREN,THE BLACKBELT JAPAN,計量結果 :51.6 Kg,,1464,パクソヨン,ROADジム・GUNSAN ROADジム,計量結果 :51.1 Kg,,F1_WIN_F2_LOSS,opacity (single fighter dimmed),1,04:44,tko,TKO,レフェリーストップ,［レフェリー］柴田　旭
176,2023-12-02,COLORS Produce by SHOOTO Vol.2 “FIGHT&MOSH”,プロフェッショナル修斗公式戦,,PRO_SHOOTO_MAINLINE,3858,4,,女子アトム級,5分2R,1627,平田彩音,BURST,計量結果 :47.1 Kg,,1639,MIYU,DFC Team LEOS,計量結果 :46.7 Kg,,F1_WIN_F2_LOSS,opacity (single fighter dimmed),2,03:09,tko,TKO,レフェリーストップ,［レフェリー］岡田剛史 ［サブレフェリー］ 片岡誠人 1R 10-9 柴田　旭 1R 10-9 田澤康宏 1R 10-9
176,2023-12-02,COLORS Produce by SHOOTO Vol.2 “FIGHT&MOSH”,プロフェッショナル修斗公式戦,,PRO_SHOOTO_MAINLINE,3859,3,新人王決定トーナメント,女子アトム級,5分2R,1489,川西茉夕,BURST,計量結果 :47.4 Kg,,1484,天天さくら,総合格闘技ジムBATTLE,計量結果 :47.2 Kg,,F1_WIN_F2_LOSS,opacity (single fighter dimmed),1,04:06,submision,S,腕十字固め,※赤：川西が2023年度新人王決定トーナメント女子アトム級優勝。 ［レフェリー］豊永　稔
176,2023-12-02,COLORS Produce by SHOOTO Vol.2 “FIGHT&MOSH”,プロフェッショナル修斗公式戦,,PRO_SHOOTO_MAINLINE,3860,2,,グラップリング,8分1R,1573,前澤智,リバーサルジム東京スタンドアウト,計量結果 :49.9 Kg,,1640,山田海南江,IGLOO,計量結果 :49.8 Kg,,F1_LOSS_F2_WIN,opacity (single fighter dimmed),1,03:05,submision,S,アームロック,［レフェリー］田澤康宏
176,2023-12-02,COLORS Produce by SHOOTO Vol.2 “FIGHT&MOSH”,プロフェッショナル修斗公式戦,,PRO_SHOOTO_MAINLINE,3861,1,,グラップリング,8分1R,1502,緒方亜香里,AACC,計量結果 :81.6 Kg,,1641,奥谷晴加,藤田柔術,計量結果 :81.9 Kg,,F1_WIN_F2_LOSS,opacity (single fighter dimmed),1,00:45,submision,S,アームロック,［レフェリー］岡田剛史
169,2023-11-19,PROFESSIONAL SHOOTO 2023 Vol.7,プロフェッショナル修斗公式戦,東京・後楽園ホール,PRO_SHOOTO_MAINLINE,3840,10,世界フライ級チャンピオン決定戦,フライ級,5分5R,1348,山内渉,FIGHT FARM,計量結果 :56.6 Kg,,49,新井丈,和術慧舟會HEARTS,計量結果 :56.6 Kg,arai-jo,F1_LOSS_F2_WIN,opacity (single fighter dimmed),3,02:55,tko,TKO,グラウンドパンチ,※レフェリーストップ ※※グラウンドパンチ ※※※勝利した青：新井が第9代世界フライ級チャンピオンに決定。 ［レフェリー］福田正人 ［サブレフェリー］ 出合　淳 1R 9-10／2R 10-9 柴田　旭 1R 9-10／2R 10-9 橋本　貴 1R 9-10／2R 10-9
169,2023-11-19,PROFESSIONAL SHOOTO 2023 Vol.7,プロフェッショナル修斗公式戦,東京・後楽園ホール,PRO_SHOOTO_MAINLINE,3841,9,,フェザー級,5分3R,1609,オーディン,格闘DREAMERS,計量結果 :65.5 Kg,,8,宇野薫,UNO DOJO,計量結果 :65.7 Kg,uno-caol,F1_WIN_F2_LOSS,opacity (single fighter dimmed),2,00:56,ko,KO,,［レフェリー］福田正人 ［サブレフェリー］ 鍋久保雄太 1R 10-9 柴田　旭　 1R 10-9 橋本　貴　 1R 10-9
169,2023-11-19,PROFESSIONAL SHOOTO 2023 Vol.7,プロフェッショナル修斗公式戦,東京・後楽園ホール,PRO_SHOOTO_MAINLINE,3853,8,epsomsalt seacrystals Presents インフィニティリーグ,女子ストロー級,5分2R,1583,藤野恵実,JAPAN TOP TEAM,計量結果 :52.0 Kg,,1171,杉本恵,AACC,計量結果 :52.0 Kg,,F1_WIN_F2_LOSS,score 1-0 (overrides opacity if needed),,,ud,判定 1-0,,※引き分けにより両者が勝ち点1Pを獲得。（藤野：累計7P／杉本：累計5P） ［レフェリー］柴田　旭 ［サブレフェリー］ 福田正人　 19-19（1R 10-9／2R 9-10） 鍋久保雄太 20-18（1R 10-9／2R 10-9） 橋本　貴　 19-19（1R 10-9／2R 9-10）
169,2023-11-19,PROFESSIONAL SHOOTO 2023 Vol.7,プロフェッショナル修斗公式戦,東京・後楽園ホール,PRO_SHOOTO_MAINLINE,3854,7,epsomsalt seacrystals Presents インフィニティリーグ,女子ストロー級,5分2R,1558,吉成はるか,パラエストラ小岩,計量結果 :52.0 Kg,,1559,エンゼル☆志穂,GSB多治見,計量結果 :51.9 Kg,,F1_WIN_F2_LOSS,opacity (single fighter dimmed),2,04:36,submision,S,ストレートアームバー,※勝利した赤：吉成が勝ち点3Pを獲得。（累計3P） ［レフェリー］福田正人 ［サブレフェリー］ 鍋久保雄太 1R 10-9 出合　淳　 1R 10-9 橋本　貴　 1R 10-9
169,2023-11-19,PROFESSIONAL SHOOTO 2023 Vol.7,プロフェッショナル修斗公式戦,東京・後楽園ホール,PRO_SHOOTO_MAINLINE,3852,6,epsomsalt sea crystals Presentsインフィニティリーグ,フェザー級,5分2R,1369,竹原魁晟,THE BLACKBELT JAPAN,計量結果 :65.8 Kg,,1402,浜松ヤマト,T-GRIP TOKYO,計量結果 :65.6 Kg,,F1_WIN_F2_LOSS,opacity (single fighter dimmed),1,00:38,ko,KO,,※勝利した赤：竹原が勝ち点4Pを獲得。（累計10P） ※※赤：竹原のインフィニティリーグ2023フェザー級優勝が決定。 ［レフェリー］柴田　旭
169,2023-11-19,PROFESSIONAL SHOOTO 2023 Vol.7,プロフェッショナル修斗公式戦,東京・後楽園ホール,PRO_SHOOTO_MAINLINE,3846,5,,バンタム級,5分2R,1615,ライダーHIRO,シューティング宇留野道場,計量結果 :60.4 Kg,,1385,川北晏生,TRIBE TOKYO M.M.A,計量結果 :61.0 Kg,,F1_LOSS_F2_WIN,opacity (single fighter dimmed),2,03:34,submision,S,フロント・スリーパーホールド,［レフェリー］橋本　貴 ［サブレフェリー］ 福田正人 1R 9-10 出合　淳 1R 9-10 柴田　旭 1R 9-10
169,2023-11-19,PROFESSIONAL SHOOTO 2023 Vol.7,プロフェッショナル修斗公式戦,東京・後楽園ホール,PRO_SHOOTO_MAINLINE,3849,4,,バンタム級,5分2R,1621,江口諒,SAI-GYM,計量結果 :60.8 Kg,,1636,シモンスズキ,和術慧舟會HEARTS,計量結果 :60.7 Kg,,DRAW,score tied 0-0,,,ud,判定 0-0,,［レフェリー］橋本　貴 ［サブレフェリー］ 鍋久保雄太 19-19（1R 9-10／2R 10-9） 出合　淳　 19-19（1R 9-10／2R 10-9） 橋本　貴　 19-19（1R 9-10／2R 10-9）
169,2023-11-19,PROFESSIONAL SHOOTO 2023 Vol.7,プロフェッショナル修斗公式戦,東京・後楽園ホール,PRO_SHOOTO_MAINLINE,3850,3,,フライ級,5分2R,1365,本多弥彦直樹,SAI-GYM,計量結果 :56.4 Kg,,1179,中池武寛,パラエストラ小岩,計量結果 :56.2 Kg,,F1_LOSS_F2_WIN,opacity (single fighter dimmed),1,01:32,tko,TKO,グラウンドパンチ,※レフェリーストップ ［レフェリー］柴田　旭
169,2023-11-19,PROFESSIONAL SHOOTO 2023 Vol.7,プロフェッショナル修斗公式戦,東京・後楽園ホール,PRO_SHOOTO_MAINLINE,3847,2,,フライ級,5分2R,1139,大竹陽,HAGANE GYM,計量結果 :56.6 Kg,,1635,杉本静弥,THE BLACKBELT JAPAN,計量結果 :56.4 Kg,,DRAW,score tied 0-0,,,ud,判定 0-0,,［レフェリー］柴田　旭 ［サブレフェリー］ 鍋久保雄太 19-19（1R 9-10／2R 10-9） 出合　淳　 19-19（1R 9-10／2R 10-9） 橋本　貴　 19-19（1R 9-10／2R 10-9）
169,2023-11-19,PROFESSIONAL SHOOTO 2023 Vol.7,プロフェッショナル修斗公式戦,東京・後楽園ホール,PRO_SHOOTO_MAINLINE,3848,1,,ライト級,5分2R,1537,エフェヴィガ雄志,TRIBE TOKYO M.M.A,計量結果 :70.1 Kg,efeviga-yushi,1140,後藤陽駆,シューティングジム大阪,計量結果 :70.1 Kg,,F1_WIN_F2_LOSS,opacity (single fighter dimmed),1,00:21,ko,KO,,［レフェリー］出合　淳
169,2023-11-19,PROFESSIONAL SHOOTO 2023 Vol.7,プロフェッショナル修斗公式戦,東京・後楽園ホール,PRO_SHOOTO_MAINLINE,3851,,,バンタム級,5分2R,1081,Jセロウ若林,SAI-GYM,計量結果 :60.9 Kg,,1483,中野剛貴,NAUGHTY HOUSE,計量結果 :61.0 Kg,,F1_LOSS_F2_WIN,score 0-3 (overrides opacity if needed),,,ud,判定 0-3,,［レフェリー］鍋久保雄太 ［サブレフェリー］ 出合　淳 18-20（1R 9-10／2R 9-10） 柴田　旭 18-20（1R 9-10／2R 9-10） 橋本　貴 18-20（1R 9-10／2R 9-10）
168,2023-11-12,THE SHOOTO OKINAWA vol.9,プロフェッショナル修斗公式戦沖縄大会,沖縄・コザミュージックタウン音市場,OKINAWA_REGIONAL;PRO_SHOOTO_MAINLINE,3865,11,,ストロー級,5分3R,1098,旭那拳,THE BLACKBELT JAPAN,計量結果 :52.1 Kg,,1316,泰斗,MMA RANGERS GYM,計量結果 :52.1 Kg,,F1_WIN_F2_LOSS,score 3-0 (overrides opacity if needed),,,ud,判定 3-0,,［レフェリー］豊永　稔 ［サブレフェリー］ 福田正人 29-28（1R 10-9／2R 10-9／3R 9-10） 島袋零二 30-27（1R 10-9／2R 10-9／3R 10-9） 小生隆弘 29-28（1R 10-9／2R 10-9／3R 9-10）
168,2023-11-12,THE SHOOTO OKINAWA vol.9,プロフェッショナル修斗公式戦沖縄大会,沖縄・コザミュージックタウン音市場,OKINAWA_REGIONAL;PRO_SHOOTO_MAINLINE,3866,10,,ストロー級,5分3R,1176,当真佳直,reversaL Gym OKINAWA CROSS×LINE,計量結果 :52.1 Kg,,38,マッチョザバタフライ,総合格闘技道場コブラ会,計量結果 :52.2 Kg,,F1_WIN_F2_LOSS,score 3-0 (overrides opacity if needed),,,ud,判定 3-0,,［レフェリー］豊永　稔 ［サブレフェリー］ 福田正人 30-25（1R 10-9／2R 10-8／3R 10-8） 島袋零二 30-27（1R 10-9／2R 10-9／3R 10-9） 小生隆弘 30-26（1R 10-9／2R 10-9／3R 10-8）
168,2023-11-12,THE SHOOTO OKINAWA vol.9,プロフェッショナル修斗公式戦沖縄大会,沖縄・コザミュージックタウン音市場,OKINAWA_REGIONAL;PRO_SHOOTO_MAINLINE,3867,9,,,5分2R,1302,畠山隆称,THE BLACKBELT JAPAN沖縄,計量結果 :53.7 Kg,,81,蒔田Gandhi伸吾,TKエスペランサ,計量結果 :53.7 Kg,,F1_WIN_F2_LOSS,opacity (single fighter dimmed),1,03:22,tko,TKO,グラウンドパンチ,※レフェリーストップ ［レフェリー］福田正人
168,2023-11-12,THE SHOOTO OKINAWA vol.9,プロフェッショナル修斗公式戦沖縄大会,沖縄・コザミュージックタウン音市場,OKINAWA_REGIONAL;PRO_SHOOTO_MAINLINE,3868,8,,,5分1R,1303,南風原吉良斗,THE BLACKBELT JAPAN,,,1644,峯岸零弥,パラエストラ小岩,,,F1_LOSS_F2_WIN,score 0-3 (overrides opacity if needed),,,ud,判定 0-3,,※青：峯岸が修斗グラップリングトーナメント優勝 ［レフェリー］小生隆弘 ［ジャッジ］ A：豊永　稔 9-10 B：島袋零二 9-10 C：福田正人 9-10
168,2023-11-12,THE SHOOTO OKINAWA vol.9,プロフェッショナル修斗公式戦沖縄大会,沖縄・コザミュージックタウン音市場,OKINAWA_REGIONAL;PRO_SHOOTO_MAINLINE,3869,7,,バンタム級,5分2R,197,一條貴洋,ストライプル南相馬playground,計量結果 :61.0 Kg,,566,緒方史朗,パラエストラ松戸,計量結果 :60.8 Kg,,F1_WIN_F2_LOSS,opacity (single fighter dimmed),2,02:26,submision,S,スリーパーホールド,［レフェリー］福田正人 ［サブレフェリー］ 豊永　稔 1R 9-10 島袋零二 1R 10-9 小生隆弘 1R 10-9
168,2023-11-12,THE SHOOTO OKINAWA vol.9,プロフェッショナル修斗公式戦沖縄大会,沖縄・コザミュージックタウン音市場,OKINAWA_REGIONAL;PRO_SHOOTO_MAINLINE,3870,6,,ウェルター級,5分2R,390,加藤正憲,C.K STYLES MMA,計量結果 :76.7 Kg,,1564,西條英成,THE BLACKBELT JAPAN沖縄,計量結果 :77.1 Kg,,F1_LOSS_F2_WIN,score 0-3 (overrides opacity if needed),,,ud,判定 0-3,,［レフェリー］福田正人 ［サブレフェリー］ 豊永　稔 18-20（1R 9-10／2R 9-10） 島袋零二 18-20（1R 9-10／2R 9-10） 小生隆弘 18-20（1R 9-10／2R 9-10）
168,2023-11-12,THE SHOOTO OKINAWA vol.9,プロフェッショナル修斗公式戦沖縄大会,沖縄・コザミュージックタウン音市場,OKINAWA_REGIONAL;PRO_SHOOTO_MAINLINE,3871,5,新人王トーナメント,バンタム級,5分2R,1459,小川隼人,修斗GYM神戸,計量結果 :61.0 Kg,,1497,JAM,Theパラエストラ沖縄,計量結果 :60.8 Kg,,F1_LOSS_F2_WIN,score 0-3 (overrides opacity if needed),,,ud,判定 0-3,,※勝利した青：JAMがトーナメント決勝戦進出。 ［レフェリー］小生隆弘 ［サブレフェリー］ 豊永　稔 18-20（1R 9-10／2R 9-10） 島袋零二 18-20（1R 9-10／2R 9-10） 福田正人 18-20（1R 9-10／2R 9-10）
168,2023-11-12,THE SHOOTO OKINAWA vol.9,プロフェッショナル修斗公式戦沖縄大会,沖縄・コザミュージックタウン音市場,OKINAWA_REGIONAL;PRO_SHOOTO_MAINLINE,3872,4,新人王決定トーナメント,フライ級,5分2R,1493,亮我,総合格闘技ゴンズジム,計量結果 :56.5 Kg,ryoga,1645,神里昭吾,THE BLACKBELT JAPAN,計量結果 :56.5 Kg,,F1_WIN_F2_LOSS,opacity (single fighter dimmed),2,03:26,tko,TKO,グラウンドパンチ,※レフェリーストップ ※※勝利した赤：亮我がトーナメント決勝戦進出。 ［レフェリー］小生隆弘 ［サブレフェリー］ 豊永　稔 1R 10-9 島袋零二 1R 10-9 福田正人 1R 10-9
168,2023-11-12,THE SHOOTO OKINAWA vol.9,プロフェッショナル修斗公式戦沖縄大会,沖縄・コザミュージックタウン音市場,OKINAWA_REGIONAL;PRO_SHOOTO_MAINLINE,3873,3,,ストロー級,5分2R,1427,大田ノヒロ,THE BLACKBELT JAPAN,計量結果 :52.1 Kg,,1646,ホイワイクワン,修斗GYM香港,計量結果 :51.2 Kg,,F1_WIN_F2_LOSS,opacity (single fighter dimmed),1,03:38,tko,TKO,グラウンドパンチ,※レフェリーストップ ［レフェリー］小生隆弘
168,2023-11-12,THE SHOOTO OKINAWA vol.9,プロフェッショナル修斗公式戦沖縄大会,沖縄・コザミュージックタウン音市場,OKINAWA_REGIONAL;PRO_SHOOTO_MAINLINE,3874,2,,ストロー級,5分2R,1255,大城匡史,THE BLACKBELT JAPAN,計量結果 :52.2 Kg,,1382,三輪勇気,修斗GYM神戸,計量結果 :51.6 Kg,,F1_WIN_F2_LOSS,score 3-0 (overrides opacity if needed),,,ud,判定 3-0,,［レフェリー］福田正人 ［サブレフェリー］ 豊永　稔 20-18（1R 10-9／2R 10-9） 島袋零二 20-18（1R 10-9／2R 10-9） 大内　敬 20-18（1R 10-9／2R 10-9）
168,2023-11-12,THE SHOOTO OKINAWA vol.9,プロフェッショナル修斗公式戦沖縄大会,沖縄・コザミュージックタウン音市場,OKINAWA_REGIONAL;PRO_SHOOTO_MAINLINE,3875,1,,フェザー級,5分2R,1309,工藤圭一郎,グランドスラム沖縄A・P・P,計量結果 :65.7 Kg,,1647,諸石一砂,OMURA FIGHT BASE,計量結果 :65.6 Kg,,F1_LOSS_F2_WIN,opacity (single fighter dimmed),1,02:38,tko,TKO,レフェリーストップ,［レフェリー］豊永　稔
168,2023-11-12,THE SHOOTO OKINAWA vol.9,プロフェッショナル修斗公式戦沖縄大会,沖縄・コザミュージックタウン音市場,OKINAWA_REGIONAL;PRO_SHOOTO_MAINLINE,3876,2,,,5分1R,1303,南風原吉良斗,THE BLACKBELT JAPAN,計量結果 :70.2 Kg,,1648,新垣勇樹,シマジリアンズ,計量結果 :68.5 Kg,,F1_WIN_F2_LOSS,score 3-0 (overrides opacity if needed),,,ud,判定 3-0,,※勝利した赤：南風原がグラップリングトーナメント決勝戦進出。 ［レフェリー］小生隆弘 ［ジャッジ］ A：豊永　稔 10-9 B：島袋零二 10-9 C：福田正人 10-9
168,2023-11-12,THE SHOOTO OKINAWA vol.9,プロフェッショナル修斗公式戦沖縄大会,沖縄・コザミュージックタウン音市場,OKINAWA_REGIONAL;PRO_SHOOTO_MAINLINE,3877,1,,,5分1R,1644,峯岸零弥,パラエストラ小岩,計量結果 :69.8 Kg,,1649,平留航,カルペディエム那覇,計量結果 :70.2 Kg,,F1_WIN_F2_LOSS,opacity (single fighter dimmed),1,04:41,submision,S,腕十字固め,※勝利した赤：峯岸がグラップリングトーナメント決勝戦進出。 ［レフェリー］小生隆弘
167,2023-10-21,SHOOTO GIG TOKYO Vol.35,プロフェッショナル修斗公式戦,東京・新宿FACE,GIG_UNDERCARD_SERIES;PRO_SHOOTO_MAINLINE,3814,11,,フェザー級,5分3R,214,齋藤翼,総合格闘技道場津田沼道場/FIGHT FARM,計量結果 :65.5 Kg,,1296,椿飛鳥,フリー,計量結果 :65.5 Kg,tsubaki-asuka,F1_LOSS_F2_WIN,score 1-2 (overrides opacity if needed),,,ud,判定 1-2,,［レフェリー］片岡誠人 ［サブレフェリー］ 福田正人 28-29（1R 10-9／2R 9-10／3R 9-10） 出合　淳 28-29（1R 10-9／2R 9-10／3R 9-10） 田澤康宏 29-28（1R 10-9／2R 9-10／3R 10-9）
167,2023-10-21,SHOOTO GIG TOKYO Vol.35,プロフェッショナル修斗公式戦,東京・新宿FACE,GIG_UNDERCARD_SERIES;PRO_SHOOTO_MAINLINE,3815,10,,フライ級,5分3R,955,宮城友一,キックボクシングDROP,計量結果 :56.5 Kg,,1340,片山将宏,TRIBE TOKYO M.M.A,計量結果 :56.5 Kg,,F1_WIN_F2_LOSS,opacity (single fighter dimmed),1,02:58,submision,S,スリーパーホールド,［レフェリー］田澤康宏
167,2023-10-21,SHOOTO GIG TOKYO Vol.35,プロフェッショナル修斗公式戦,東京・新宿FACE,GIG_UNDERCARD_SERIES;PRO_SHOOTO_MAINLINE,3816,9,,バンタム級,5分2R,1069,榎本明,TRIBE TOKYO MMA,計量結果 :61.0 Kg,,1253,新井拓巳,ストライプル新百合ケ丘,計量結果 :61.1 Kg,,F1_LOSS_F2_WIN,score 0-3 (overrides opacity if needed),,,ud,判定 0-3,,※2R、赤：榎本に度重なる場外逃避行為により減点1。 ［レフェリー］福田正人 ［サブレフェリー］ 鍋久保雄太 18-19（1R 10-9／2R 8-10） 出合　淳　 18-19（1R 10-9／2R 8-10） 田澤　康宏 17-19（1R 9-10／2R 8-10）
167,2023-10-21,SHOOTO GIG TOKYO Vol.35,プロフェッショナル修斗公式戦,東京・新宿FACE,GIG_UNDERCARD_SERIES;PRO_SHOOTO_MAINLINE,3818,8,,フライ級,5分2R,1398,梅木勇徳,THE BLACKBELT JAPAN,計量結果 :56.4 Kg,,1349,植木令和新,シューティング宇留野道場,計量結果 :56.7 Kg,,F1_WIN_F2_LOSS,opacity (single fighter dimmed),1,02:03,submision,S,フロントスリーパーホールド,［レフェリー］福田正人
167,2023-10-21,SHOOTO GIG TOKYO Vol.35,プロフェッショナル修斗公式戦,東京・新宿FACE,GIG_UNDERCARD_SERIES;PRO_SHOOTO_MAINLINE,3817,7,,バンタム級,5分2R,1050,小林佳純,HAGANE GYM,計量結果 :61.2 Kg,,1548,永井奏多,TRIBE TOKYO M.M.A,計量結果 :61.0 Kg,nagai-kanata,F1_LOSS_F2_WIN,score 0-3 (overrides opacity if needed),,,ud,判定 0-3,,［レフェリー］福田正人 ［サブレフェリー］ 鍋久保雄太 18-20（1R 9-10／2R 9-10） 出合　淳　 18-20（1R 9-10／2R 9-10） 田澤　康宏 18-20（1R 9-10／2R 9-10）
167,2023-10-21,SHOOTO GIG TOKYO Vol.35,プロフェッショナル修斗公式戦,東京・新宿FACE,GIG_UNDERCARD_SERIES;PRO_SHOOTO_MAINLINE,3834,6,,バンタム級,5分2R,1110,ガッツTakato,-,計量結果 :61.0 Kg,,1337,青井心ニ,心技館,計量結果 :61.1 Kg,,F1_WIN_F2_LOSS,score 3-0 (overrides opacity if needed),,,ud,判定 3-0,,［レフェリー］田澤康宏 ［サブレフェリー］ 片岡　誠人 20-18（1R 10-9／2R 10-9） 鍋久保雄太 20-18（1R 10-9／2R 10-9） 出合　淳　 20-18（1R 10-9／2R 10-9）
167,2023-10-21,SHOOTO GIG TOKYO Vol.35,プロフェッショナル修斗公式戦,東京・新宿FACE,GIG_UNDERCARD_SERIES;PRO_SHOOTO_MAINLINE,3836,5,,フライ級,5分2R,129,輝龍,roots,計量結果 :56.6 Kg,,1324,寺嶋直人,SUBMIT MMA,計量結果 :56.6 Kg,,F1_LOSS_F2_WIN,opacity (single fighter dimmed),1,01:23,ko,KO,,［レフェリー］片岡誠人
167,2023-10-21,SHOOTO GIG TOKYO Vol.35,プロフェッショナル修斗公式戦,東京・新宿FACE,GIG_UNDERCARD_SERIES;PRO_SHOOTO_MAINLINE,3837,4,,バンタム級,5分2R,1201,関根累,roots,計量結果 :60.9 Kg,,1547,藤田ムネノリ,SUBMIT MMA,計量結果 :61.0 Kg,,F1_LOSS_F2_WIN,opacity (single fighter dimmed),2,03:53,submision,S,肩固め,［レフェリー］片岡誠人 ［サブレフェリー］ 鍋久保雄太 1R 9-10 田澤　康宏 1R 9-10 出合　淳　 1R 9-10
167,2023-10-21,SHOOTO GIG TOKYO Vol.35,プロフェッショナル修斗公式戦,東京・新宿FACE,GIG_UNDERCARD_SERIES;PRO_SHOOTO_MAINLINE,3835,3,,ストロー級,5分2R,1566,根井博登,THE BLACKBELT JAPAN,計量結果 :52.1 Kg,,1632,黒部和沙,TRIBE TOKYO M.M.A,計量結果 :51.8 Kg,,F1_LOSS_F2_WIN,score 0-1 (overrides opacity if needed),,,ud,判定 0-1,,［レフェリー］田澤康宏 ［サブレフェリー］ 片岡誠人 17-20（1R 9-10／2R 8-10） 福田正人 19-19（1R 10-9／2R 9-10） 出合　淳 19-19（1R 10-9／2R 9-10）
167,2023-10-21,SHOOTO GIG TOKYO Vol.35,プロフェッショナル修斗公式戦,東京・新宿FACE,GIG_UNDERCARD_SERIES;PRO_SHOOTO_MAINLINE,3838,2,,フライ級,5分2R,1544,前田壮吉,リバーサルジム横浜グランドスラム,計量結果 :56.6 Kg,,1572,古賀優平,TRIBE TOKYO M.M.A,計量結果 :56.4 Kg,,F1_LOSS_F2_WIN,opacity (single fighter dimmed),1,02:37,tko,TKO,,［レフェリー］鍋久保雄太
167,2023-10-21,SHOOTO GIG TOKYO Vol.35,プロフェッショナル修斗公式戦,東京・新宿FACE,GIG_UNDERCARD_SERIES;PRO_SHOOTO_MAINLINE,3839,1,新人王決定トーナメント  2回戦,フェザー級,5分2R,1485,青井太一,心技館,計量結果 :65.1 Kg,aoi-taichi,1562,椿馨,Katana Gym,計量結果 :65.7 Kg,,F1_WIN_F2_LOSS,score 3-0 (overrides opacity if needed),,,ud,判定 3-0,,※勝利した青：青井がトーナメント準決勝戦進出。準決勝ではネイン・デイネッシュ（MMA RANGERS GYM）との対戦が決定。 ［レフェリー］出合　淳 ［サブレフェリー］ 鍋久保雄太 18-20（1R 9-10／2R 9-10） 福田　正人 18-20（1R 9-10／2R 9-10） 田澤　康宏 18-20（1R 9-10／2R 9-10）
166,2023-09-24,PROFESSIONAL SHOOTO 2023 Vol.6,プロフェッショナル修斗公式戦,東京・後楽園ホール,PRO_SHOOTO_MAINLINE,3782,9,,フライ級,5分3R,147,石井逸人,TRIBE TOKYO M.M.A,,,1612,堀内佑馬,タンタンファイトクラブ／チーム・オオヤマ,,,UNRESOLVED,"both dimmed, no score, no judge tallies, no note keyword match",,,,,,
166,2023-09-24,PROFESSIONAL SHOOTO 2023 Vol.6,プロフェッショナル修斗公式戦,東京・後楽園ホール,PRO_SHOOTO_MAINLINE,3783,8,,ミドル級,5分3R,1350,岩﨑大河,大道塾/パラエストラ東京/NAUGHTY HOUSE,計量結果 :83.7 Kg,,1613,キムウンス,WINNERS MMA,計量結果 :83.7 Kg,,F1_WIN_F2_LOSS,score 3-0 (overrides opacity if needed),,,ud,判定 3-0,,［レフェリー］片岡誠人 ［サブレフェリー］ 大内　敬 30-26（1R 10-9／2R 10-8／3R 10-9） 内田龍介 30-27（1R 10-9／2R 10-9／3R 10-9） 出合　淳 30-27（1R 10-9／2R 10-9／3R 10-9）
166,2023-09-24,PROFESSIONAL SHOOTO 2023 Vol.6,プロフェッショナル修斗公式戦,東京・後楽園ホール,PRO_SHOOTO_MAINLINE,3789,7,,バンタム級,5分3R,305,平川智也,マスタージャパン,計量結果 :60.9 Kg,,1615,ライダーHIRO,シューティング宇留野道場,計量結果 :60.7 Kg,,F1_WIN_F2_LOSS,score 3-0 (overrides opacity if needed),,,ud,判定 3-0,,［レフェリー］内田龍介 ［サブレフェリー］ 片岡誠人 29-28（1R 9-10／2R 10-9／3R 10-9） 松根良太 29-27（1R 9-10／2R 10-9／3R 10-8） 出合　淳 29-28（1R 9-10／2R 10-9／3R 10-9）
166,2023-09-24,PROFESSIONAL SHOOTO 2023 Vol.6,プロフェッショナル修斗公式戦,東京・後楽園ホール,PRO_SHOOTO_MAINLINE,3788,6,,フライ級,5分3R,1159,内田タケル,THE BLACKBELT JAPAN,計量結果 :56.5 Kg,uchida-takeru,1139,大竹陽,HAGANE GYM,計量結果 :56.6 Kg,,F1_WIN_F2_LOSS,opacity (single fighter dimmed),1,02:46,submision,S,スリーパーホールド,［レフェリー］内田龍介
166,2023-09-24,PROFESSIONAL SHOOTO 2023 Vol.6,プロフェッショナル修斗公式戦,東京・後楽園ホール,PRO_SHOOTO_MAINLINE,3784,5,epsomsalt seacrystals Presents インフィニティリーグ,女子ストロー級,5分2R,1319,宝珠山桃花,赤崎道場A-SPIRIT,計量結果 :51.8 Kg,,1583,藤野恵実,JAPAN TOP TEAM,計量結果 :52.0 Kg,,F1_LOSS_F2_WIN,score 0-2 (overrides opacity if needed),,,ud,判定 0-2,,※勝利した青：藤野が2Pを獲得。（累計6P） ［レフェリー］片岡誠人 ［サブレフェリー］ 大内　敬 19-19（1R 10-9／2R 9-10） 内田龍介 18-20（1R 9-10／2R 9-10） 出合　淳 18-20（1R 9-10／2R 9-10）
166,2023-09-24,PROFESSIONAL SHOOTO 2023 Vol.6,プロフェッショナル修斗公式戦,東京・後楽園ホール,PRO_SHOOTO_MAINLINE,3785,4,epsomsalt seacrystals Presents インフィニティリーグ,女子ストロー級,5分2R,1171,杉本恵,AACC,計量結果 :51.5 Kg,,1559,エンゼル☆志穂,GSB多治見,計量結果 :51.7 Kg,,F1_WIN_F2_LOSS,score 3-0 (overrides opacity if needed),,,ud,判定 3-0,,※勝利した赤：杉本が2Pを獲得。（累計4P） ［レフェリー］大内　敬 ［サブレフェリー］ 片岡誠人 20-16（1R 10-8／2R 10-8） 松根良太 20-18（1R 10-9／2R 10-9） 内田龍介 20-17（1R 10-8／2R 10-9）
166,2023-09-24,PROFESSIONAL SHOOTO 2023 Vol.6,プロフェッショナル修斗公式戦,東京・後楽園ホール,PRO_SHOOTO_MAINLINE,3786,3,epsomsalt sea crystals Presentsインフィニティリーグ,フェザー級,5分2R,1249,上原平,リバーサルジム横浜グランドスラム,計量結果 :65.8 Kg,,1355,磯部鉄心,パラエストラ松戸,計量結果 :65.8 Kg,,F1_WIN_F2_LOSS,score 3-0 (overrides opacity if needed),,,ud,判定 3-0,,※勝利した赤：上原が2Pを獲得。（累計7P） ［レフェリー］片岡誠人 ［サブレフェリー］ 小島邦裕 20-18（1R 10-9／2R 10-9） 大内　敬 20-18（1R 10-9／2R 10-9） 出合　淳 20-18（1R 10-9／2R 10-9）
166,2023-09-24,PROFESSIONAL SHOOTO 2023 Vol.6,プロフェッショナル修斗公式戦,東京・後楽園ホール,PRO_SHOOTO_MAINLINE,3790,2,,フェザー級,5分2R,329,児山佳宏,THE BLACKBELT JAPAN,計量結果 :65.6 Kg,,1420,メイヘム和成,パラエストラ小岩,計量結果 :65.6 Kg,,F1_WIN_F2_LOSS,score 2-0 (overrides opacity if needed),,,ud,判定 2-0,,［レフェリー］片岡誠人 ［サブレフェリー］ 小島邦裕 19-19（1R 9-10／2R 10-9） 内田龍介 20-18（1R 10-9／2R 10-9） 出合　淳 20-18（1R 10-9／2R 10-9）
166,2023-09-24,PROFESSIONAL SHOOTO 2023 Vol.6,プロフェッショナル修斗公式戦,東京・後楽園ホール,PRO_SHOOTO_MAINLINE,3791,1,,バンタム級,5分2R,1353,谷井翔太,ロデオスタイル/大道塾,計量結果 :60.9 Kg,,1614,杉野光星,ALLIANCE,計量結果 :61.1 Kg,,F1_LOSS_F2_WIN,score 0-3 (overrides opacity if needed),,,ud,判定 0-3,,［レフェリー］内田龍介 ［サブレフェリー］ 大内　敬 17-20（1R 8-10／2R 9-10） 松根良太 17-20（1R 8-10／2R 9-10） 出合　淳 18-20（1R 9-10／2R 9-10）
166,2023-09-24,PROFESSIONAL SHOOTO 2023 Vol.6,プロフェッショナル修斗公式戦,東京・後楽園ホール,PRO_SHOOTO_MAINLINE,3792,,新人王決定トーナメント 2回戦,フライ級,5分2R,1610,大石航輔,トライデントジム,計量結果 :60.9 Kg,,1568,新里昭吾,Theパラエストラ沖縄コザ,計量結果 :61.1 Kg,,F1_LOSS_F2_WIN,opacity (single fighter dimmed),2,04:07,submision,S,スリーパーホールド,※勝利した青：神里がトーナメント準決勝戦進出。準決勝では亮我（総合格闘技ゴンズジム）との対戦が決定。 ［レフェリー］内田龍介
165,2023-09-17,FORCE 18,プロフェッショナル修斗公式戦,香川・高松シンボルタワー展示場,FORCE_REGIONAL;PRO_SHOOTO_MAINLINE,3793,8,,フライ級,5分2R,1067,高岡宏気,FORCE GYM,計量結果 :56.5 Kg,takaoka-hiroki,1585,加マーク納,総合格闘技道場コブラ会,計量結果 :56.6 Kg,,F1_LOSS_F2_WIN,score 0-3 (overrides opacity if needed),,,ud,判定 0-3,,［レフェリー］片岡誠人 ［サブレフェリー］ 福田正人 18-20（1R 9-10／2R 9-10） 吉田元貴 18-20（1R 9-10／2R 9-10） 加藤秀和 18-20（1R 9-10／2R 9-10）
165,2023-09-17,FORCE 18,プロフェッショナル修斗公式戦,香川・高松シンボルタワー展示場,FORCE_REGIONAL;PRO_SHOOTO_MAINLINE,3794,7,,フライ級,5分2R,153,堀川55滉介,TEAM一領具足,計量結果 :56.6 Kg,,1493,亮我,総合格闘技ゴンズジム,計量結果 :56.5 Kg,ryoga,DRAW,score tied 0-0,,,ud,判定 0-0,,［レフェリー］片岡誠人 ［サブレフェリー］ 福田正人 19-19（1R 10-9／2R 9-10） 安芸佳孝 19-19（1R 10-9／2R 9-10） 加藤秀和 19-19（1R 10-9／2R 9-10）
165,2023-09-17,FORCE 18,プロフェッショナル修斗公式戦,香川・高松シンボルタワー展示場,FORCE_REGIONAL;PRO_SHOOTO_MAINLINE,3795,6,,バンタム級,5分2R,1306,波平コング,THE BLACKBELT JAPAN,計量結果 :61.0 Kg,,295,ダイキライトイヤー,修斗GYM神戸,計量結果 :61.1 Kg,,F1_LOSS_F2_WIN,opacity (single fighter dimmed),1,01:52,submision,TS,三角絞め,［レフェリー］片岡誠人
165,2023-09-17,FORCE 18,プロフェッショナル修斗公式戦,香川・高松シンボルタワー展示場,FORCE_REGIONAL;PRO_SHOOTO_MAINLINE,3796,5,新人王決定トーナメント,フェザー級,5分2R,1515,松浦真実也,総合格闘技実業団トップティア,計量結果 :65.7 Kg,,1425,宇藤彰貴,総合格闘技道場ゴンズジム,計量結果 :65.4 Kg,,F1_WIN_F2_LOSS,opacity (single fighter dimmed),1,03:00,submision,S,スリーパーホールド,※勝利した赤：松浦がトーナメント決勝戦進出。 ［レフェリー］福田正人
165,2023-09-17,FORCE 18,プロフェッショナル修斗公式戦,香川・高松シンボルタワー展示場,FORCE_REGIONAL;PRO_SHOOTO_MAINLINE,3798,4,,ストロー級,5分2R,1390,石原愼之介,MMA Zジム,計量結果 :51.8 Kg,,1177,シューティングガイコツ,THE BLACKBELT JAPAN,計量結果 :51.9 Kg,,F1_WIN_F2_LOSS,score 2-0 (overrides opacity if needed),,,ud,判定 2-0,,［レフェリー］福田正人 ［サブレフェリー］ 片岡誠人 20-18（1R 10-9／2R 10-9） 吉田元貴 19-19（1R 10-9／2R 9-10） 加藤秀和 20-18（1R 10-9／2R 10-9）
165,2023-09-17,FORCE 18,プロフェッショナル修斗公式戦,香川・高松シンボルタワー展示場,FORCE_REGIONAL;PRO_SHOOTO_MAINLINE,3799,3,,バンタム級,5分2R,1579,矢野武蔵,パラエストラ愛媛,計量結果 :61.2 Kg,,1497,JAM,Theパラエストラ沖縄,計量結果 :60.8 Kg,,F1_WIN_F2_LOSS,opacity (single fighter dimmed),1,04:03,submision,S,フロントスリーパーホールド,［レフェリー］福田正人
165,2023-09-17,FORCE 18,プロフェッショナル修斗公式戦,香川・高松シンボルタワー展示場,FORCE_REGIONAL;PRO_SHOOTO_MAINLINE,3800,2,,ライト級,5分2R,1616,おえゆうた,MMA Zジム,計量結果 :69.7 Kg,,1512,轟轟,総合格闘技道場コブラ会,計量結果 :69.6 Kg,,F1_LOSS_F2_WIN,opacity (single fighter dimmed),2,04:58,submision,S,スリーパーホールド,［レフェリー］福田正人 ［サブレフェリー］ 片岡誠人 1R 9-10 吉田元貴 1R 9-10 加藤秀和 1R 9-10
165,2023-09-17,FORCE 18,プロフェッショナル修斗公式戦,香川・高松シンボルタワー展示場,FORCE_REGIONAL;PRO_SHOOTO_MAINLINE,3801,1,,ストロー級,5分2R,1217,里見拓磨,MMA Zジム,計量結果 :51.6 Kg,,1133,木村旬志,ゼロ戦クラブ,計量結果 :52.1 Kg,,F1_WIN_F2_LOSS,opacity (single fighter dimmed),2,01:14,tko,TKO,レフェリーストップ,［レフェリー］吉田元貴 ［サブレフェリー］ 片岡誠人 1R 10-9 福田正人 1R 10-9 加藤秀和 1R 10-8
165,2023-09-17,FORCE 18,プロフェッショナル修斗公式戦,香川・高松シンボルタワー展示場,FORCE_REGIONAL;PRO_SHOOTO_MAINLINE,3802,2,,キッズ・ジュニア修斗,3分1R,1617,黒川瑠友,MMAZジム,計量結果 :38.9 Kg,,1618,江﨑俊介,総合格闘技ゴンズジム,計量結果 :38.6 Kg,,F1_LOSS_F2_WIN,opacity (single fighter dimmed),1,02:33,submision,TS,腕十字固め,［レフェリー］吉田元貴
165,2023-09-17,FORCE 18,プロフェッショナル修斗公式戦,香川・高松シンボルタワー展示場,FORCE_REGIONAL;PRO_SHOOTO_MAINLINE,3803,1,,キッズ・ジュニア修斗,3分1R,1619,木地谷維志,MMAZジム,計量結果 :29.9 Kg,,1620,大城秀馬,総合格闘技道場コブラ会,計量結果 :29.5 Kg,,F1_WIN_F2_LOSS,opacity (single fighter dimmed),1,00:58,tko,TKO,レフェリーストップ,［レフェリー］吉田元貴
164,2023-09-03,越後風神祭り11,プロフェッショナル修斗公式戦,万代島多目的広場 『大かま』,ECHIGO_REGIONAL;PRO_SHOOTO_MAINLINE,3804,11,,フェザー級,5分2R,255,TOMA,直心会TK68,計量結果 :65.8 Kg,toma,1361,岡田達磨,SAI-GYM,計量結果 :65.4 Kg,,F1_WIN_F2_LOSS,opacity (single fighter dimmed),2,02:36,tko,TKO,グラウンドパンチ,※レフェリーストップ ［レフェリー］片岡誠人 ［サブレフェリー］ 大内　敬 1R 9-10 佐藤裕介 1R 9-10 小島邦裕 1R 9-10
164,2023-09-03,越後風神祭り11,プロフェッショナル修斗公式戦,万代島多目的広場 『大かま』,ECHIGO_REGIONAL;PRO_SHOOTO_MAINLINE,3805,10,,フェザー級,5分2R,275,小川将貴,ピロクテテス新潟,計量結果 :65.6 Kg,,1184,ヨシイノウエ,パラエストラTB,計量結果 :65.6 Kg,,F1_LOSS_F2_WIN,score 0-3 (overrides opacity if needed),,,ud,判定 0-3,,［レフェリー］片岡誠人 ［サブレフェリー］ 大内　敬 18-20（1R 9-10／2R 9-10） 佐藤裕介 18-20（1R 9-10／2R 9-10） 小島邦裕 18-20（1R 9-10／2R 9-10）
164,2023-09-03,越後風神祭り11,プロフェッショナル修斗公式戦,万代島多目的広場 『大かま』,ECHIGO_REGIONAL;PRO_SHOOTO_MAINLINE,3806,9,,フェザー級,5分2R,669,久保村ヨシTERU,飛翔塾コンドル,計量結果 :65.7 Kg,,1362,櫻庭泰裕,ANSWER FIGHT,計量結果 :65.6 Kg,,F1_WIN_F2_LOSS,score 3-0 (overrides opacity if needed),,,ud,判定 3-0,,［レフェリー］大内　敬 ［サブレフェリー］ 片岡誠人 20-18（1R 10-9／2R 10-9） 佐藤裕介 20-18（1R 10-9／2R 10-9） 小島邦裕 20-18（1R 10-9／2R 10-9）
164,2023-09-03,越後風神祭り11,プロフェッショナル修斗公式戦,万代島多目的広場 『大かま』,ECHIGO_REGIONAL;PRO_SHOOTO_MAINLINE,3807,8,,バンタム級,5分2R,1081,Jセロウ若林,SAI-GYM,計量結果 :61.0 Kg,,232,松下祐介,パラエストラTB,計量結果 :61.2 Kg,,F1_LOSS_F2_WIN,opacity (single fighter dimmed),2,04:50,tko,TKO,,［レフェリー］大内　敬 ［サブレフェリー］ 片岡誠人 1R 9-10 佐藤裕介 1R 9-10 小島邦裕 1R 9-10
164,2023-09-03,越後風神祭り11,プロフェッショナル修斗公式戦,万代島多目的広場 『大かま』,ECHIGO_REGIONAL;PRO_SHOOTO_MAINLINE,3808,7,,ライト級,5分2R,1494,畑田智洋,ピロクテテス新潟,計量結果 :69.8 Kg,,1161,磯部雄太,駿東修闘クラブ,計量結果 :70.1 Kg,,F1_WIN_F2_LOSS,opacity (single fighter dimmed),2,01:35,tko,TKO,,［レフェリー］片岡誠人 ［サブレフェリー］ 大内　敬 1R 9-10 佐藤裕介 1R 9-10 小島邦裕 1R 10-9
164,2023-09-03,越後風神祭り11,プロフェッショナル修斗公式戦,万代島多目的広場 『大かま』,ECHIGO_REGIONAL;PRO_SHOOTO_MAINLINE,3809,6,,フェザー級,5分2R,1162,加藤裕彦,SAI-GYM,計量結果 :65.7 Kg,,1561,澤江優侍,フリー,計量結果 :65.7 Kg,,DRAW,score tied 0-0,,,ud,判定 0-0,,［レフェリー］片岡誠人 ［サブレフェリー］ 大内　敬 19-19（1R 9-10／2R 10-9） 藤石義和 19-19（1R 9-10／2R 10-9） 小島邦裕 19-19（1R 9-10／2R 10-9）
164,2023-09-03,越後風神祭り11,プロフェッショナル修斗公式戦,万代島多目的広場 『大かま』,ECHIGO_REGIONAL;PRO_SHOOTO_MAINLINE,3810,5,,バンタム級,5分2R,1337,青井心ニ,心技館,計量結果 :61.0 Kg,,1621,江口諒,SAI-GYM,計量結果 :60.8 Kg,,F1_WIN_F2_LOSS,opacity (single fighter dimmed),1,00:32,submision,TS,フロントスリーパーホールド,［レフェリー］大内　敬
164,2023-09-03,越後風神祭り11,プロフェッショナル修斗公式戦,万代島多目的広場 『大かま』,ECHIGO_REGIONAL;PRO_SHOOTO_MAINLINE,3811,4,,フライ級,5分2R,1560,蓮池勇太,飛翔塾,計量結果 :56.4 Kg,,1563,隼吾,総合格闘技ジムBATTLE,計量結果 :56.5 Kg,,F1_LOSS_F2_WIN,opacity (single fighter dimmed),2,02:43,tko,TKO,グラウンドパンチ,※レフェリーストップ ［レフェリー］大内　敬 ［サブレフェリー］ 片岡誠人 1R 10-9 藤石義和 1R 9-10 小島邦裕 1R 9-10
164,2023-09-03,越後風神祭り11,プロフェッショナル修斗公式戦,万代島多目的広場 『大かま』,ECHIGO_REGIONAL;PRO_SHOOTO_MAINLINE,3812,3,,フライ級,5分2R,1322,一杉芳樹,駿東修闘クラブ,計量結果 :56.5 Kg,,1365,本多弥彦直樹,SAI-GYM,計量結果 :56.6 Kg,,F1_LOSS_F2_WIN,opacity (single fighter dimmed),2,04:51,submision,S,フロントスリーパーホールド,［レフェリー］片岡誠人 ［サブレフェリー］ 大内　敬 1R 8-10 藤石義和 1R 8-10 小島邦裕 1R 8-10
164,2023-09-03,越後風神祭り11,プロフェッショナル修斗公式戦,万代島多目的広場 『大かま』,ECHIGO_REGIONAL;PRO_SHOOTO_MAINLINE,3813,1,,フェザー級,5分2R,720,YOKOSAI,SAI-GYM,計量結果 :65.7 Kg,,1120,ムテカツ,総合格闘技ゴンズジム,計量結果 :65.6 Kg,,F1_WIN_F2_LOSS,opacity (single fighter dimmed),1,01:59,tko,TKO,グラウンドパンチ,※レフェリーストップ ［レフェリー］片岡誠人
163,2023-08-20,広島大会「TORAO30」,プロフェッショナル修斗公式戦,広島・BLUELIVE広島,TORAO_REGIONAL;PRO_SHOOTO_MAINLINE,3819,7,,バンタム級,5分2R,1221,神田T800周一,KTC MMA,計量結果 :61.1 Kg,,624,國頭武,BURST,計量結果 :61.0 Kg,,F1_WIN_F2_LOSS,score 2-1 (overrides opacity if needed),,,ud,判定 2-1,,［レフェリー］岡田剛史 ［サブレフェリー］ 安芸佳孝 28-29（1R 9-10／2R 10-9／3R 9-10） 小島邦裕 29-28（1R 10-9／2R 10-9／3R 9-10） 加藤秀和 29-28（1R 10-9／2R 10-9／3R 9-10）
163,2023-08-20,広島大会「TORAO30」,プロフェッショナル修斗公式戦,広島・BLUELIVE広島,TORAO_REGIONAL;PRO_SHOOTO_MAINLINE,3820,6,,バンタム級,5分2R,35,ニシダ☆ショー,BURST,,,1622,江木伸成,LEOS JIU JITSU ACADEMY,,,F1_LOSS_F2_WIN,opacity (single fighter dimmed),1,00:49,submision,S,ヒールホールド,［レフェリー］岡田剛史
163,2023-08-20,広島大会「TORAO30」,プロフェッショナル修斗公式戦,広島・BLUELIVE広島,TORAO_REGIONAL;PRO_SHOOTO_MAINLINE,3821,5,,フライ級,5分2R,1226,わっしょい内田,パーソナルスタイルス,計量結果 :56.7 Kg,,81,蒔田Gandhi伸吾,TKエスペランサ,計量結果 :56.6 Kg,,F1_WIN_F2_LOSS,score 1-0 (overrides opacity if needed),,,ud,判定 1-0,,［レフェリー］片岡誠人 ［サブレフェリー］ 安芸佳孝 19-19（1R 10-9／2R 9-10） 小島邦裕 19-19（1R 10-9／2R 9-10） 加藤秀和 19-18（1R 10-8／2R 9-10）
163,2023-08-20,広島大会「TORAO30」,プロフェッショナル修斗公式戦,広島・BLUELIVE広島,TORAO_REGIONAL;PRO_SHOOTO_MAINLINE,3822,4,新人王決定トーナメント,フライ級,5分2R,1454,若宮龍斗,KAMIKAZE DOJO MMA,計量結果 :56.5 Kg,,1601,高宮諒,DESTINY JIU-JITSU,計量結果 :56.5 Kg,,F1_WIN_F2_LOSS,opacity (single fighter dimmed),1,01:11,tko,TKO,,勝利した赤：若宮がトーナメント準決勝進出。 ［レフェリー］片岡誠人
163,2023-08-20,広島大会「TORAO30」,プロフェッショナル修斗公式戦,広島・BLUELIVE広島,TORAO_REGIONAL;PRO_SHOOTO_MAINLINE,3823,3,,ライト級,5分2R,1412,貞永大輔,MASTER JAPAN FUKUOKA,計量結果 :70.2 Kg,,1511,嵯峨ゴーレム健史,TKエスペランサ,計量結果 :70.2 Kg,,F1_LOSS_F2_WIN,opacity (single fighter dimmed),1,04:33,submision,S,V1アームロック,［レフェリー］片岡誠人
163,2023-08-20,広島大会「TORAO30」,プロフェッショナル修斗公式戦,広島・BLUELIVE広島,TORAO_REGIONAL;PRO_SHOOTO_MAINLINE,3824,2,新人王決定トーナメント,フェザー級,5分2R,1623,ネインデイネッシュ,MASTER JAPAN FUKUOKA,計量結果 :65.7 Kg,,1624,健太エスペランサ,TKエスペランサ,計量結果 :65.5 Kg,,F1_WIN_F2_LOSS,opacity (single fighter dimmed),2,02:12,tko,TKO,,※勝利した赤：ネインがトーナメント準決勝進出。 ［レフェリー］片岡誠人 ［サブレフェリー］ 安芸佳孝 1R 10-9 小島邦裕 1R 10-9 加藤秀和 1R 10-9
163,2023-08-20,広島大会「TORAO30」,プロフェッショナル修斗公式戦,広島・BLUELIVE広島,TORAO_REGIONAL;PRO_SHOOTO_MAINLINE,3825,1,新人王トーナメント,ストロー級,5分2R,1570,高橋佑太,BURST,計量結果 :52.0 Kg,,1413,麻生LegLock祐弘,有永道場 Team Resolve,計量結果 :51.9 Kg,,F1_LOSS_F2_WIN,opacity (single fighter dimmed),1,00:17,submision,S,ヒールホールド,※勝利した青：麻生がトーナメント準決勝進出。準決勝では梅木 勇徳（パラエストラ千葉）との対戦が決定。 ［レフェリー］片岡誠人
175,2023-08-20,広島大会「TORAO | colors」,プロフェッショナル修斗公式戦,広島県広島市/BLUE LIVE HIROSHIMA,TORAO_REGIONAL;PRO_SHOOTO_MAINLINE,3826,7,,,5分2R,1527,古賀愛蘭,BURST,計量結果 :48.0 Kg,,1464,パクソヨン,ROADジム・GUNSAN ROADジム,計量結果 :47.8 Kg,,F1_WIN_F2_LOSS,score 3-0 (overrides opacity if needed),,,ud,判定 3-0,,［レフェリー］片岡誠人 ［サブレフェリー］ 安芸佳孝 20-17（1R 10-8／2R 10-9） 小島邦裕 20-17（1R 10-9／2R 10-8） 加藤秀和 20-17（1R 10-9／2R 10-8）
175,2023-08-20,広島大会「TORAO | colors」,プロフェッショナル修斗公式戦,広島県広島市/BLUE LIVE HIROSHIMA,TORAO_REGIONAL;PRO_SHOOTO_MAINLINE,3827,6,,女子,5分2R,1489,川西茉夕,BURST,計量結果 :48.6 Kg,,1625,キムユジョン,Road FC Team Genius,計量結果 :48.9 Kg,,F1_WIN_F2_LOSS,score 3-0 (overrides opacity if needed),,,ud,判定 3-0,,［レフェリー］片岡誠人 ［サブレフェリー］ 安芸佳孝 20-18（1R 10-9／2R 10-9） 小島邦裕 20-18（1R 10-9／2R 10-9） 加藤秀和 20-17（1R 10-8／2R 10-9）
175,2023-08-20,広島大会「TORAO | colors」,プロフェッショナル修斗公式戦,広島県広島市/BLUE LIVE HIROSHIMA,TORAO_REGIONAL;PRO_SHOOTO_MAINLINE,3828,5,,女子アトム級,5分2R,1626,新谷琴美,TEAM AGENT,計量結果 :47.2 Kg,,1188,原田よき,赤崎道場A-SPIRIT,計量結果 :47.1 Kg,,F1_WIN_F2_LOSS,score 3-0 (overrides opacity if needed),,,ud,判定 3-0,,［レフェリー］片岡誠人 ［サブレフェリー］ 安芸佳孝 20-18（1R 10-9／2R 10-9） 小島邦裕 20-18（1R 10-9／2R 10-9） 加藤秀和 20-18（1R 10-9／2R 10-9）
175,2023-08-20,広島大会「TORAO | colors」,プロフェッショナル修斗公式戦,広島県広島市/BLUE LIVE HIROSHIMA,TORAO_REGIONAL;PRO_SHOOTO_MAINLINE,3829,4,,女子アトム級,5分2R,1627,平田彩音,BURST,計量結果 :47.2 Kg,,920,ヒヤマNFC,NFC,計量結果 :47.5 Kg,,F1_WIN_F2_LOSS,score 2-0 (overrides opacity if needed),,,ud,判定 2-0,,［レフェリー］岡田剛史 ［サブレフェリー］ 安芸佳孝 20-18（1R 10-9／2R 10-9） 小島邦裕 20-17（1R 10-8／2R 10-9） 加藤秀和 19-19（1R 10-9／2R 9-10）
175,2023-08-20,広島大会「TORAO | colors」,プロフェッショナル修斗公式戦,広島県広島市/BLUE LIVE HIROSHIMA,TORAO_REGIONAL;PRO_SHOOTO_MAINLINE,3830,3,,女子,5分2R,1626,新谷琴美,TEAM AGENT,計量結果 :55.5 Kg,,1628,神田麻梨乃,LEOS JIU JITSU ACADEMY,計量結果 :55.7 Kg,,F1_LOSS_F2_WIN,opacity (single fighter dimmed),,,ud,判定 -,,［レフェリー］岡田剛史
175,2023-08-20,広島大会「TORAO | colors」,プロフェッショナル修斗公式戦,広島県広島市/BLUE LIVE HIROSHIMA,TORAO_REGIONAL;PRO_SHOOTO_MAINLINE,3831,2,,ストロー級,5分2R,1450,高田暖妃,FIGHTER`S FLOW,計量結果 :52.0 Kg,,1629,幸田來弥,LEOS JIU JITSU ACADEMY,計量結果 :51.2 Kg,,UNRESOLVED,"both dimmed, no score, no judge tallies, no note keyword match",,,ud,判定 -,,［レフェリー］岡田剛史
175,2023-08-20,広島大会「TORAO | colors」,プロフェッショナル修斗公式戦,広島県広島市/BLUE LIVE HIROSHIMA,TORAO_REGIONAL;PRO_SHOOTO_MAINLINE,3832,1,,アマチュア修斗,3分2R,1554,NOEL,AACC,計量結果 :48.5 Kg,noel,1630,伊東侑姫,トリニティサンズ,計量結果 :49.3 Kg,,F1_WIN_F2_LOSS,opacity (single fighter dimmed),1,01:24,submision,TS,フロントスリーパーホールド,［レフェリー］岡田剛史
175,2023-08-20,広島大会「TORAO | colors」,プロフェッショナル修斗公式戦,広島県広島市/BLUE LIVE HIROSHIMA,TORAO_REGIONAL;PRO_SHOOTO_MAINLINE,3833,,,キッズ・ジュニア修斗,4分1R,1631,高田双葉,BURST,計量結果 :46.9 Kg,,1580,森下瑠亜那,TKエスペランサ,計量結果 :46.7 Kg,,F1_WIN_F2_LOSS,opacity (single fighter dimmed),1,02:17,submision,S,腕十字固め,［レフェリー］片岡誠人
162,2023-07-23,PROFESSIONAL SHOOTO 2023 Vol.5,プロフェッショナル修斗公式戦,東京・後楽園ホール,PRO_SHOOTO_MAINLINE,3737,10,世界ストロー級チャンピオンシップ,ストロー級,5分5R,49,新井丈,和術慧舟會HEARTS,計量結果 :52.0 Kg,arai-jo,1129,安芸柊斗,MMA Zジム,計量結果 :52.0 Kg,,F1_WIN_F2_LOSS,opacity (single fighter dimmed),1,04:41,tko,TKO,グラウンドパンチ,※レフェリーストップ ※※勝利した王者：新井が初防衛に成功。 ［レフェリー］片岡誠人
162,2023-07-23,PROFESSIONAL SHOOTO 2023 Vol.5,プロフェッショナル修斗公式戦,東京・後楽園ホール,PRO_SHOOTO_MAINLINE,3780,9,,バンタム級,5分3R,1148,藤井伸樹,ALLIANCE,計量結果 :60.8 Kg,,179,竹中大地,パラエストラ和泉,計量結果 :61.0 Kg,,F1_LOSS_F2_WIN,score 0-3 (overrides opacity if needed),,,ud,判定 0-3,,［レフェリー］豊永　稔 ［サブレフェリー］ 小島邦裕 28-29（1R 9-10／2R 9-10／3R 10-9） 柴田　旭 28-29（1R 9-10／2R 9-10／3R 10-9） 豊島孝尚 28-29（1R 9-10／2R 9-10／3R 10-9）
162,2023-07-23,PROFESSIONAL SHOOTO 2023 Vol.5,プロフェッショナル修斗公式戦,東京・後楽園ホール,PRO_SHOOTO_MAINLINE,3774,8,,フライ級,5分3R,1348,山内渉,FIGHT FARM,計量結果 :56.7 Kg,,158,ヤックル真吾,T-REX柔術アカデミー,計量結果 :56.5 Kg,,F1_WIN_F2_LOSS,opacity (single fighter dimmed),1,01:10,ko,KO,,［レフェリー］片岡誠人
162,2023-07-23,PROFESSIONAL SHOOTO 2023 Vol.5,プロフェッショナル修斗公式戦,東京・後楽園ホール,PRO_SHOOTO_MAINLINE,3775,7,,フライ級,5分3R,959,関口祐冬,修斗GYM東京,計量結果 :56.5 Kg,,142,内藤頌貴,THE BLACKBELT JAPAN,計量結果 :56.6 Kg,,F1_WIN_F2_LOSS,score 3-0 (overrides opacity if needed),,,ud,判定 3-0,,［レフェリー］柴田　旭 ［サブレフェリー］ 豊永　稔 29-28（1R 9-10／2R 10-9／3R 10-9） 小島邦裕 29-28（1R 9-10／2R 10-9／3R 10-9） 豊島孝尚 29-28（1R 9-10／2R 10-9／3R 10-9）
162,2023-07-23,PROFESSIONAL SHOOTO 2023 Vol.5,プロフェッショナル修斗公式戦,東京・後楽園ホール,PRO_SHOOTO_MAINLINE,3776,6,,バンタム級,5分3R,130,加藤ケンジ,NeighborHood,計量結果 :61.1 Kg,,1299,チョウスソン,NAUGHTY HOUSE,計量結果 :61.1 Kg,,F1_LOSS_F2_WIN,opacity (single fighter dimmed),3,04:17,ko,KO,,［レフェリー］柴田　旭 ［サブレフェリー］ 片岡誠人 1R 9-10／2R 10-9 小島邦裕 1R 10-9／2R 10-9 渡辺恭介 1R 9-10／2R 10-9
162,2023-07-23,PROFESSIONAL SHOOTO 2023 Vol.5,プロフェッショナル修斗公式戦,東京・後楽園ホール,PRO_SHOOTO_MAINLINE,3777,5,,フェザー級,5分2R,642,結城大樹,MASTER JAPAN FUKUOKA,計量結果 :65.6 Kg,,1609,オーディン,格闘DREAMERS,計量結果 :65.6 Kg,,F1_LOSS_F2_WIN,score 0-2 (overrides opacity if needed),,,ud,判定 0-2,,［レフェリー］豊永　稔 ［サブレフェリー］ 片岡誠人 18-20（1R 9-10／2R 9-10） 小島邦裕 18-20（1R 9-10／2R 9-10） 豊島孝尚 19-19（1R 10-9／2R 9-10）
162,2023-07-23,PROFESSIONAL SHOOTO 2023 Vol.5,プロフェッショナル修斗公式戦,東京・後楽園ホール,PRO_SHOOTO_MAINLINE,3738,4,epsomsalt seacrystals Presents インフィニティリーグ,女子ストロー級,5分2R,1583,藤野恵実,JAPAN TOP TEAM,計量結果 :52.0 Kg,,1559,エンゼル☆志穂,GSB多治見,計量結果 :51.8 Kg,,F1_WIN_F2_LOSS,opacity (single fighter dimmed),1,03:06,submision,S,スリーパーホールド,※勝利した赤：藤野が4Pを獲得。（累計4P） ［レフェリー］豊永　稔
162,2023-07-23,PROFESSIONAL SHOOTO 2023 Vol.5,プロフェッショナル修斗公式戦,東京・後楽園ホール,PRO_SHOOTO_MAINLINE,3739,3,epsomsalt seacrystals Presents インフィニティリーグ,女子ストロー級,5分2R,1319,宝珠山桃花,赤崎道場A-SPIRIT,計量結果 :51.9 Kg,,1558,吉成はるか,パラエストラ小岩,計量結果 :51.9 Kg,,F1_WIN_F2_LOSS,score 2-0 (overrides opacity if needed),,,ud,判定 2-0,,※勝利した赤：宝珠山が3Pを獲得。（累計7P） ［レフェリー］片岡誠人 ［サブレフェリー］ 渡辺恭介 19-19（1R 10-9／2R 9-10） 柴田　旭 20-18（1R 10-9／2R 10-9） 小島邦裕 20-18（1R 10-9／2R 10-9）
162,2023-07-23,PROFESSIONAL SHOOTO 2023 Vol.5,プロフェッショナル修斗公式戦,東京・後楽園ホール,PRO_SHOOTO_MAINLINE,3740,2,epsomsalt sea crystals Presentsインフィニティリーグ,フェザー級,5分2R,1402,浜松ヤマト,T-GRIP TOKYO,計量結果 :65.6 Kg,,1355,磯部鉄心,パラエストラ松戸,計量結果 :65.8 Kg,,F1_WIN_F2_LOSS,score 2-0 (overrides opacity if needed),,,ud,判定 2-0,,※勝利した赤：浜松が3Pを獲得。（累計7P） ［レフェリー］柴田　旭 ［サブレフェリー］ 豊永　稔 19-19（1R 9-10／2R 10-9） 片岡誠人 20-18（1R 10-9／2R 10-9） 豊島孝尚 20-18（1R 10-9／2R 10-9）
162,2023-07-23,PROFESSIONAL SHOOTO 2023 Vol.5,プロフェッショナル修斗公式戦,東京・後楽園ホール,PRO_SHOOTO_MAINLINE,3741,1,epsomsalt sea crystals Presentsインフィニティリーグ,フェザー級,5分2R,1249,上原平,リバーサルジム横浜グランドスラム,計量結果 :65.6 Kg,,1313,CHAN龍,MMA Zジム,,,F1_WIN_F2_LOSS,opacity (single fighter dimmed),,,,,,※青：CHAN-龍が前日計量に出頭せず、試合出場の意思を確認できなかった為。 ※※勝利した赤：上原が3Pを獲得。（累計5P）
162,2023-07-23,PROFESSIONAL SHOOTO 2023 Vol.5,プロフェッショナル修斗公式戦,東京・後楽園ホール,PRO_SHOOTO_MAINLINE,3778,1,新人王決定トーナメント 1回戦,フライ級,5分2R,1610,大石航輔,トライデントジム,計量結果 :56.6 Kg,,1611,木下皓介,GROUND CORE,計量結果 :56.4 Kg,,F1_WIN_F2_LOSS,score 1-0 (overrides opacity if needed),,,ud,判定 1-0,,※優勢ポイント3Pにより大石がトーナメント進出。トーナメント第二戦では神里 昭吾（Theパラエストラ沖縄）との対戦が決定。 ［レフェリー］片岡誠人 ［サブレフェリー］ 豊永　稔 20-18（1R 10-9／2R 10-9） 小島邦裕 19-19（1R 10-9／2R 9-10） 豊島孝尚 19-19（1R 10-9／2R 9-10）
162,2023-07-23,PROFESSIONAL SHOOTO 2023 Vol.5,プロフェッショナル修斗公式戦,東京・後楽園ホール,PRO_SHOOTO_MAINLINE,3781,2,,ストロー級,5分2R,1566,根井博登,THE BLACKBELT JAPAN,計量結果 :52.0 Kg,,1217,里見拓磨,MMA Zジム,計量結果 :51.9 Kg,,F1_WIN_F2_LOSS,score 3-0 (overrides opacity if needed),,,ud,判定 3-0,,［レフェリー］柴田　旭 ［サブレフェリー］ 豊永　稔 20-18（1R 10-9／2R 10-9） 片岡誠人 20-18（1R 10-9／2R 10-9） 渡辺恭介 20-18（1R 10-9／2R 10-9）
161,2023-06-18,PROFESSIONAL SHOOTO 2023 Vol.4 in OSAKA,プロフェッショナル修斗公式戦,メルパルクホールOSAKA,PRO_SHOOTO_MAINLINE,3742,15,,,5分3R,1167,田上こゆる,BLOWS,,,67,タイガー石井,とらの子レスリングクラブ,,,F1_WIN_F2_LOSS,opacity (single fighter dimmed),2,02:49,tko,TKO,レフェリーストップ,［サブレフェリー］ 岡田剛史 1R 10-9 豊島孝尚 1R 10-9 山本諭志 1R 10-9
161,2023-06-18,PROFESSIONAL SHOOTO 2023 Vol.4 in OSAKA,プロフェッショナル修斗公式戦,メルパルクホールOSAKA,PRO_SHOOTO_MAINLINE,3743,14,,フライ級,5分2R,1067,高岡宏気,FORCE GYM,,takaoka-hiroki,1426,和田教良,ガイオジム,,,F1_LOSS_F2_WIN,score 0-1 (overrides opacity if needed),,,ud,判定 0-1,,［レフェリー］片岡誠人 ［サブレフェリー］ 岡田剛史 19-19（1R 10-9／2R 9-10） 吉田元貴 19-19（1R 10-9／2R 9-10） 山本諭志 18-20（1R 9-10／2R 9-10）
161,2023-06-18,PROFESSIONAL SHOOTO 2023 Vol.4 in OSAKA,プロフェッショナル修斗公式戦,メルパルクホールOSAKA,PRO_SHOOTO_MAINLINE,3770,13,CKC2023 -63kgトーナメント,キックボクシング,3分3R,1591,成尾拓輝,究道会館,,,1593,奥山雅仁,OISHI GYM,,,F1_LOSS_F2_WIN,opacity (single fighter dimmed),4,00:17,tko,TKO,,※勝利した青：奥山がCKC2023 -63kgトーナメント優勝。 ［ジャッジ］ 片岡 29-29 岡田 29-29 吉田 29-29
161,2023-06-18,PROFESSIONAL SHOOTO 2023 Vol.4 in OSAKA,プロフェッショナル修斗公式戦,メルパルクホールOSAKA,PRO_SHOOTO_MAINLINE,3771,12,CKC2023 -57.5kgトーナメント,キックボクシング,3分3R,1588,久津輪将充,TBF/9＋nine pluslab.,,,1589,HAYATO,CRAZY WOLF,,,F1_WIN_F2_LOSS,score 3-0 (overrides opacity if needed),,,ud,判定 3-0,,※勝利した赤：久津輪がCKC2023 -57.5kgトーナメント優勝。 ［ジャッジ］ 豊島 30-27 岡田 30-28 朝武 30-28
161,2023-06-18,PROFESSIONAL SHOOTO 2023 Vol.4 in OSAKA,プロフェッショナル修斗公式戦,メルパルクホールOSAKA,PRO_SHOOTO_MAINLINE,3749,11,新人王決定トーナメント  2回戦,フェザー級,5分2R,1425,宇藤彰貴,総合格闘技道場ゴンズジム,,,1587,老翁,ネックススポーツ,,,F1_WIN_F2_LOSS,opacity (single fighter dimmed),1,00:20,tko,TKO,グラウンドパンチ,※レフェリーストップ ※※勝利した赤：宇藤がトーナメント準決勝戦進出。準決勝では松浦 真実也（総合格闘技実業団トップティア）との対戦が決定。 ［レフェリー］岡田剛史
161,2023-06-18,PROFESSIONAL SHOOTO 2023 Vol.4 in OSAKA,プロフェッショナル修斗公式戦,メルパルクホールOSAKA,PRO_SHOOTO_MAINLINE,3750,10,新人王決定トーナメント 2回戦,フライ級,5分2R,1493,亮我,総合格闘技ゴンズジム,,ryoga,1539,谷中たいち,格闘技吉田道場,,,F1_WIN_F2_LOSS,opacity (single fighter dimmed),1,04:40,submision,S,チキンウイングアームロック,※勝利した赤：亮我ががトーナメント準決勝戦進出。 ［レフェリー］吉田元貴
161,2023-06-18,PROFESSIONAL SHOOTO 2023 Vol.4 in OSAKA,プロフェッショナル修斗公式戦,メルパルクホールOSAKA,PRO_SHOOTO_MAINLINE,3744,9,,フライ級,5分2R,223,西村大地,パラエストラ天満,,,153,堀川55滉介,TEAM一領具足,,,F1_LOSS_F2_WIN,score 0-1 (overrides opacity if needed),,,ud,判定 0-1,,［レフェリー］吉田元貴 ［サブレフェリー］ 片岡誠人 19-19（1R 9-10／2R 10-9） 岡田剛史 19-19（1R 9-10／2R 10-9） 山本諭志 18-20（1R 9-10／2R 9-10）
161,2023-06-18,PROFESSIONAL SHOOTO 2023 Vol.4 in OSAKA,プロフェッショナル修斗公式戦,メルパルクホールOSAKA,PRO_SHOOTO_MAINLINE,3745,8,,バンタム級,5分2R,777,青柳洸志,修斗GYM神戸,,,229,藤川智史,総合格闘技道場ARMS,,,F1_WIN_F2_LOSS,score 2-0 (overrides opacity if needed),,,ud,判定 2-0,,［レフェリー］岡田剛史 ［サブレフェリー］ 吉田元貴 20-18（1R 10-9／2R 10-9） 豊島孝尚 20-18（1R 10-9／2R 10-9） 山本諭志 19-19（1R 9-10／2R 10-9）
161,2023-06-18,PROFESSIONAL SHOOTO 2023 Vol.4 in OSAKA,プロフェッショナル修斗公式戦,メルパルクホールOSAKA,PRO_SHOOTO_MAINLINE,3747,7,,ライト級,5分2R,1509,グジユン,修斗GYM神戸,,,1140,後藤陽駆,シューティングジム大阪,,,F1_WIN_F2_LOSS,score 3-0 (overrides opacity if needed),,,ud,判定 3-0,,［レフェリー］岡田剛史 ［サブレフェリー］ 吉田元貴 20-18（1R 10-9／2R 10-9） 豊島孝尚 20-18（1R 10-9／2R 10-9） 山本諭志 20-18（1R 10-9／2R 10-9）
161,2023-06-18,PROFESSIONAL SHOOTO 2023 Vol.4 in OSAKA,プロフェッショナル修斗公式戦,メルパルクホールOSAKA,PRO_SHOOTO_MAINLINE,3746,6,,フライ級,5分2R,1383,井口翔太,修斗GYM神戸,,,1585,加マーク納,総合格闘技道場コブラ会,,,F1_WIN_F2_LOSS,score 2-0 (overrides opacity if needed),,,ud,判定 2-0,,［レフェリー］片岡誠人 ［サブレフェリー］ 吉田元貴 19-18（1R 10-8／2R 9-10） 豊島孝尚 19-19（1R 10-9／2R 9-10） 山本諭志 19-18（1R 10-8／2R 9-10）
161,2023-06-18,PROFESSIONAL SHOOTO 2023 Vol.4 in OSAKA,プロフェッショナル修斗公式戦,メルパルクホールOSAKA,PRO_SHOOTO_MAINLINE,3748,5,,,5分2R,1314,紀州,ASH,,,1361,岡田達磨,SAI-GYM,,,F1_LOSS_F2_WIN,opacity (single fighter dimmed),1,04:18,tko,TKO,グラウンドパンチ,※レフェリーストップ ［レフェリー］片岡誠人
161,2023-06-18,PROFESSIONAL SHOOTO 2023 Vol.4 in OSAKA,プロフェッショナル修斗公式戦,メルパルクホールOSAKA,PRO_SHOOTO_MAINLINE,3754,4,CKC2023 -63kgトーナメント 1回戦,,3分3R,1593,奥山雅仁,OISHI GYM,,,1594,吉岡龍輝,及川道場,,,F1_WIN_F2_LOSS,score 2-1 (overrides opacity if needed),,,ud,判定 2-1,,［ジャッジ］ 片岡 29-29 優勢：奥山 豊島 30-30 優勢：奥山 山本 28-29
161,2023-06-18,PROFESSIONAL SHOOTO 2023 Vol.4 in OSAKA,プロフェッショナル修斗公式戦,メルパルクホールOSAKA,PRO_SHOOTO_MAINLINE,3753,3,CKC2023 -63kgトーナメント 1回戦,,3分3R,1591,成尾拓輝,究道会館,,,1592,田中佑樹,HAWK GYM,,,F1_WIN_F2_LOSS,opacity (single fighter dimmed),,,,,,※青：田中の欠場により、赤：成尾の不戦勝。
161,2023-06-18,PROFESSIONAL SHOOTO 2023 Vol.4 in OSAKA,プロフェッショナル修斗公式戦,メルパルクホールOSAKA,PRO_SHOOTO_MAINLINE,3752,2,CKC2023 -57.5kgトーナメント 1回戦,,3分3R,1589,HAYATO,CRAZY WOLF,,,1590,FUJIMON♡,亀岡キックボクシングジム,,,F1_WIN_F2_LOSS,score 3-0 (overrides opacity if needed),,,ud,判定 3-0,,［ジャッジ］ 岡田 30-30 優勢：HAYATO 吉田 30-27 豊島 30-30 優勢：HAYATO
161,2023-06-18,PROFESSIONAL SHOOTO 2023 Vol.4 in OSAKA,プロフェッショナル修斗公式戦,メルパルクホールOSAKA,PRO_SHOOTO_MAINLINE,3751,1,CKC2023 -57.5kgトーナメント 1回戦,,3分3R,1588,久津輪将充,TBF/9＋nine pluslab.,,,1505,朝日彗仁,TARGET SHIBUYA,,,F1_WIN_F2_LOSS,opacity (single fighter dimmed),2,03:00,tko,TKO,,※レフェリーストップ
161,2023-06-18,PROFESSIONAL SHOOTO 2023 Vol.4 in OSAKA,プロフェッショナル修斗公式戦,メルパルクホールOSAKA,PRO_SHOOTO_MAINLINE,3766,1,新空手ジュニアトーナメント 小学5・6生部-40kg,新空手道連盟,,1477,中川義仁,真正会秀勇館,,,1602,杉本彪真,正道会館KCIEL,,,F1_LOSS_F2_WIN,score 0-3 (overrides opacity if needed),,,ud,判定 0-3,,
161,2023-06-18,PROFESSIONAL SHOOTO 2023 Vol.4 in OSAKA,プロフェッショナル修斗公式戦,メルパルクホールOSAKA,PRO_SHOOTO_MAINLINE,3767,2,新空手ジュニアトーナメント 小学5・6生部-40kg,新空手道連盟,,1604,青木柊ニ,宮野道場,,,1603,前原絆斗,坊海竜,,,F1_LOSS_F2_WIN,score 0-2 (overrides opacity if needed),,,ud,判定 0-2,,
161,2023-06-18,PROFESSIONAL SHOOTO 2023 Vol.4 in OSAKA,プロフェッショナル修斗公式戦,メルパルクホールOSAKA,PRO_SHOOTO_MAINLINE,3768,3,新空手ジュニアトーナメント 中学生部-53kg,新空手道連盟,,1605,上原瑳祐,正援塾,,,1606,井手口來生,勇誠会井上道場,,,F1_WIN_F2_LOSS,score 2-0 (overrides opacity if needed),,,ud,判定 2-0,,
161,2023-06-18,PROFESSIONAL SHOOTO 2023 Vol.4 in OSAKA,プロフェッショナル修斗公式戦,メルパルクホールOSAKA,PRO_SHOOTO_MAINLINE,3769,4,新空手ジュニアトーナメント 中学生部-53kg,,,1608,塩見琉斗,宮野道場,,,1607,岡本大和,真正会秀勇館,,,F1_WIN_F2_LOSS,score 3-0 (overrides opacity if needed),,,ud,判定 3-0,,
161,2023-06-18,PROFESSIONAL SHOOTO 2023 Vol.4 in OSAKA,プロフェッショナル修斗公式戦,メルパルクホールOSAKA,PRO_SHOOTO_MAINLINE,3772,5,新空手ジュニアトーナメント 小学5・6生部-40kg,新空手道連盟,,1602,杉本彪真,正道会館KCIEL,,,1603,前原絆斗,坊海竜,,,F1_WIN_F2_LOSS,score 2-0 (overrides opacity if needed),,,ud,判定 2-0,,※勝利した赤：杉本が新空手ジュニアトーナメント 小学5・6生部-40kg優勝。
161,2023-06-18,PROFESSIONAL SHOOTO 2023 Vol.4 in OSAKA,プロフェッショナル修斗公式戦,メルパルクホールOSAKA,PRO_SHOOTO_MAINLINE,3773,6,新空手ジュニアトーナメント 中学生部-53kg,新空手道連盟,,1605,上原瑳祐,正援塾,,,1608,塩見琉斗,宮野道場,,,F1_WIN_F2_LOSS,score 3-0 (overrides opacity if needed),,,ud,判定 3-0,,※勝利した赤：上原が新空手ジュニアトーナメント 中学生部-53kg 優勝。
160,2023-05-28,TORAO29,プロフェッショナル修斗公式戦福岡大会,福岡・アクロス福岡,TORAO_REGIONAL;PRO_SHOOTO_MAINLINE,3755,12,,フェザー級,5分3R,642,結城大樹,MASTER JAPAN FUKUOKA,計量結果 :65.5 Kg,,255,TOMA,直心会TK68,計量結果 :65.8 Kg,toma,F1_WIN_F2_LOSS,score 3-0 (overrides opacity if needed),,,ud,判定 3-0,,［レフェリー］片岡誠人 ［サブレフェリー］ 岡田剛史 30-27（1R 10-9／2R 10-9／3R 10-9） 小島邦裕 29-28（1R 10-9／2R 9-10／3R 10-9） 加藤秀和 29-28（1R 10-9／2R 10-9／3R 9-10）
160,2023-05-28,TORAO29,プロフェッショナル修斗公式戦福岡大会,福岡・アクロス福岡,TORAO_REGIONAL;PRO_SHOOTO_MAINLINE,3756,11,,ウェルター級,5分2R,1595,中村勇太,T-REX柔術アカデミー,計量結果 :76.8 Kg,,390,加藤正憲,C.K STYLES MMA,計量結果 :76.7 Kg,,F1_WIN_F2_LOSS,opacity (single fighter dimmed),1,02:13,tko,TKO,グラウンドパンチ,※レフェリーストップ ［レフェリー］片岡誠人
160,2023-05-28,TORAO29,プロフェッショナル修斗公式戦福岡大会,福岡・アクロス福岡,TORAO_REGIONAL;PRO_SHOOTO_MAINLINE,3757,9,,ストロー級,5分2R,1302,畠山隆称,THE BLACKBELT JAPAN沖縄,計量結果 :52.0 Kg,,1316,泰斗,MMA RANGERS GYM,計量結果 :51.9 Kg,,F1_WIN_F2_LOSS,score 1-0 (overrides opacity if needed),,,ud,判定 1-0,,［レフェリー］岡田剛史 ［サブレフェリー］ 片岡誠人 19-19（1R 9-10／2R 10-9） 小島邦裕 19-19（1R 9-10／2R 10-9） 加藤秀和 19-18（1R 9-10／2R 10-8）
160,2023-05-28,TORAO29,プロフェッショナル修斗公式戦福岡大会,福岡・アクロス福岡,TORAO_REGIONAL;PRO_SHOOTO_MAINLINE,3758,8,,フェザー級,5分2R,1596,大関純,MASTER JAPAN YAMAGUCHI UBE,計量結果 :65.5 Kg,,1414,HAMMERKATU,有永道場 Team Resolve,計量結果 :65.0 Kg,,F1_LOSS_F2_WIN,score 0-2 (overrides opacity if needed),,,ud,判定 0-2,,［レフェリー］岡田剛史 ［サブレフェリー］ 片岡誠人 19-19（1R 9-10／2R 10-9） 安芸佳孝 18-20（1R 9-10／2R 9-10） 橋本公一 18-20（1R 9-10／2R 9-10）
160,2023-05-28,TORAO29,プロフェッショナル修斗公式戦福岡大会,福岡・アクロス福岡,TORAO_REGIONAL;PRO_SHOOTO_MAINLINE,3759,7,,ライト級,5分2R,1455,深見弦汰,赤崎道場A-SPIRIT,計量結果 :70.1 Kg,,1377,清水洸志,MMA RENGERS GYM,計量結果 :70.3 Kg,,F1_WIN_F2_LOSS,score 3-0 (overrides opacity if needed),,,ud,判定 3-0,,［レフェリー］岡田剛史 ［サブレフェリー］ 片岡誠人 20-18（1R 10-9／2R 10-9） 安芸佳孝 20-18（1R 10-9／2R 10-9） 橋本公一 20-18（1R 10-9／2R 10-9）
160,2023-05-28,TORAO29,プロフェッショナル修斗公式戦福岡大会,福岡・アクロス福岡,TORAO_REGIONAL;PRO_SHOOTO_MAINLINE,3760,6,,バンタム級,5分2R,1304,藤谷敦史,MASTER JAPAN FUKUOKA,計量結果 :60.9 Kg,,1396,持田哲兵,MMA RANGERS GYM,計量結果 :61.2 Kg,,F1_LOSS_F2_WIN,score 0-3 (overrides opacity if needed),,,ud,判定 0-3,,［レフェリー］片岡誠人 ［サブレフェリー］ 安芸佳孝 18-20（1R 9-10／2R 9-10） 小島邦裕 18-20（1R 9-10／2R 9-10） 橋本公一 17-20（1R 9-10／2R 8-10）
160,2023-05-28,TORAO29,プロフェッショナル修斗公式戦福岡大会,福岡・アクロス福岡,TORAO_REGIONAL;PRO_SHOOTO_MAINLINE,3761,5,,ライト級,5分2R,1490,大鶴絢史,club-G&総合格闘技近田道場,計量結果 :70.2 Kg,,1597,西尾優作,和術慧舟會セイゴ道場,計量結果 :70.2 Kg,,F1_LOSS_F2_WIN,opacity (single fighter dimmed),1,01:17,tko,TKO,,※赤：大鶴の肘の脱臼によるレフェリーストップ。 ［レフェリー］片岡誠人
160,2023-05-28,TORAO29,プロフェッショナル修斗公式戦福岡大会,福岡・アクロス福岡,TORAO_REGIONAL;PRO_SHOOTO_MAINLINE,3762,4,新人王決定トーナメント,ライト級,5分2R,1392,山下康一朗,CARPEDIEM,計量結果 :69.9 Kg,,1511,嵯峨ゴーレム健史,TKエスペランサ,計量結果 :69.9 Kg,,F1_LOSS_F2_WIN,score 0-1 (overrides opacity if needed),,,ud,判定 0-1,,※優勢ポイント3Pにより青：嵯峨がトーナメント進出。準決勝戦ではKENZO（BURST）との対戦が決定。 ［レフェリー］片岡誠人 ［サブレフェリー］ 安芸佳孝 19-19（1R 10-9／2R 9-10） 小島邦裕 19-19（1R 10-9／2R 9-10） 加藤秀和 18-19（1R 10-9／2R 8-10）
160,2023-05-28,TORAO29,プロフェッショナル修斗公式戦福岡大会,福岡・アクロス福岡,TORAO_REGIONAL;PRO_SHOOTO_MAINLINE,3763,3,新人王決定トーナメント,フライ級,5分2R,1598,下田洋介,095BJJ長崎柔術,計量結果 :56.1 Kg,,1456,永留惇平,MMA RANGERS GYM,計量結果 :56.7 Kg,,F1_LOSS_F2_WIN,opacity (single fighter dimmed),2,00:33,submision,S,フロントスリーパーホールド,※※勝利した青：永留がトーナメント準決勝戦進出。 ［レフェリー］片岡誠人 ［サブレフェリー］ 宮崎清孝 1R 9-10 赤崎勝久 1R 8-10 加藤秀和 1R 8-10
160,2023-05-28,TORAO29,プロフェッショナル修斗公式戦福岡大会,福岡・アクロス福岡,TORAO_REGIONAL;PRO_SHOOTO_MAINLINE,3764,2,新人王トーナメント,バンタム級,5分2R,1599,アサシン秋雄,BLOWS OITA LIFE,計量結果 :60.8 Kg,,1447,磯城嶋一真,MASTER JAPAN FUKUOKA,計量結果 :61.0 Kg,,F1_LOSS_F2_WIN,score 0-3 (overrides opacity if needed),,,ud,判定 0-3,,※勝利した青：磯城嶋がトーナメント進出。準決勝戦では 藤田ムネノリ（SUBMIT MMA）との対戦が決定。 ［レフェリー］岡田剛史 ［サブレフェリー］ 宮崎清孝 18-20（1R 9-10／2R 9-10） 赤崎勝久 18-20（1R 9-10／2R 9-10） 橋本公一 18-20（1R 9-10／2R 9-10）
160,2023-05-28,TORAO29,プロフェッショナル修斗公式戦福岡大会,福岡・アクロス福岡,TORAO_REGIONAL;PRO_SHOOTO_MAINLINE,3765,1,新人王決定トーナメント,フライ級,5分2R,1600,南優人,volcano柔術&mma,計量結果 :56.4 Kg,,1601,高宮諒,DESTINY JIU-JITSU,計量結果 :56.3 Kg,,F1_LOSS_F2_WIN,opacity (single fighter dimmed),1,01:24,submision,S,スリーパーホールド,※勝利した青：高宮がトーナメント進出。第二回戦では若宮龍斗（Personal Styles）との対戦が決定。 ［レフェリー］岡田剛史
159,2023-05-21,Colors（カラーズ）,プロフェッショナル修斗公式戦,東京・ニューピアホール,PRO_SHOOTO_MAINLINE,3678,7,世界女子スーパーアトム級チャンピオンシップ,女子スーパーアトム級,5分5R,1300,SARAMI,パンクラスイズム横浜,計量結果 :49.7 Kg,,1536,渡辺彩華,AACC/IDEA ASAKUSA,計量結果 :49.4 Kg,,F1_LOSS_F2_WIN,opacity (single fighter dimmed),2,02:36,tko,TKO,レフェリーストップ,※※勝利した青：渡辺が第3代世界女子スーパーアトム級王者に。 ［レフェリー］福田正人 ［サブレフェリー］ 片岡誠人 1R 10-9 豊永　稔 1R 9-10 田澤康宏 1R 10-9
159,2023-05-21,Colors（カラーズ）,プロフェッショナル修斗公式戦,東京・ニューピアホール,PRO_SHOOTO_MAINLINE,3681,6,,女子アトム級,5分3R,1527,古賀愛蘭,BURST,計量結果 :47.5 Kg,,1557,ジェニーファン,AACC,計量結果 :47.2 Kg,,F1_LOSS_F2_WIN,opacity (single fighter dimmed),3,02:35,submision,S,スリーパーホールド,［レフェリー］福田正人 ［サブレフェリー］ 片岡誠人 1R 10-9／2R 10-9 豊永　稔 1R 10-9／2R 10-9 田澤康宏 1R 10-9／2R 10-9
159,2023-05-21,Colors（カラーズ）,プロフェッショナル修斗公式戦,東京・ニューピアホール,PRO_SHOOTO_MAINLINE,3682,5,,女子アトム級,5分3R,1274,中村未来,マルスジム,計量結果 :47.5 Kg,,1489,川西茉夕,BURST,計量結果 :47.3 Kg,,F1_WIN_F2_LOSS,score 3-0 (overrides opacity if needed),,,ud,判定 3-0,,［レフェリー］片岡誠人 ［サブレフェリー］ 田澤康宏 29-28（1R 9-10／2R 10-9／3R 10-9） 豊永　稔 30-27（1R 10-9／2R 10-9／3R 10-9） 福田正人 30-27（1R 10-9／2R 10-9／3R 10-9）
159,2023-05-21,Colors（カラーズ）,プロフェッショナル修斗公式戦,東京・ニューピアホール,PRO_SHOOTO_MAINLINE,3724,4,,グラップリング,8分1R,1573,前澤智,リバーサルジム東京スタンドアウト,計量結果 :52.2 Kg,,1574,杉内由紀,ポゴナさいたま,計量結果 :52.7 Kg,,DRAW,note text mentions draw,,,,,,時間切れ引き分け
159,2023-05-21,Colors（カラーズ）,プロフェッショナル修斗公式戦,東京・ニューピアホール,PRO_SHOOTO_MAINLINE,3683,3,epsomsalt seacrystals Presents インフィニティリーグ,女子ストロー級,5分2R,1171,杉本恵,AACC,計量結果 :51.7 Kg,,1558,吉成はるか,パラエストラ小岩,計量結果 :51.9 Kg,,F1_WIN_F2_LOSS,score 3-0 (overrides opacity if needed),,,ud,判定 3-0,,※勝利した赤：杉本が勝ち点2ポイントを獲得。 ［レフェリー］豊永　稔 ［サブレフェリー］ 片岡誠人 20-18（1R 10-9／2R 10-9） 福田正人 20-18（1R 10-9／2R 10-9） 田澤康宏 20-17（1R 10-9／2R 10-8）
159,2023-05-21,Colors（カラーズ）,プロフェッショナル修斗公式戦,東京・ニューピアホール,PRO_SHOOTO_MAINLINE,3684,2,epsomsalt seacrystals Presents インフィニティリーグ,女子ストロー級,5分2R,1319,宝珠山桃花,赤崎道場A-SPIRIT,計量結果 :51.8 Kg,,1559,エンゼル☆志穂,GSB多治見,計量結果 :51.6 Kg,,F1_WIN_F2_LOSS,opacity (single fighter dimmed),1,04:39,submision,S,スリーパーホールド,※勝利した赤：宝珠山が勝ち点4ポイントを獲得。 ［レフェリー］片岡誠人
159,2023-05-21,Colors（カラーズ）,プロフェッショナル修斗公式戦,東京・ニューピアホール,PRO_SHOOTO_MAINLINE,3686,1,,女子アトム級,5分2R,554,久遠,ZERO,計量結果 :47.6 Kg,,944,玉田育子,AACC,計量結果 :46.3 Kg,,F1_WIN_F2_LOSS,score 1-0 (overrides opacity if needed),,,ud,判定 1-0,,［レフェリー］片岡誠人 ［サブレフェリー］ 豊永　稔 19-19（1R 9-10／2R 10-9） 福田正人 20-18（1R 10-9／2R 10-9） 出合　淳 19-19（1R 9-10／2R 10-9）
159,2023-05-21,Colors（カラーズ）,プロフェッショナル修斗公式戦,東京・ニューピアホール,PRO_SHOOTO_MAINLINE,3736,,,グラップリング,5分1R,1582,井上愛羅,ストライプル茨城,計量結果 :47.0 Kg,,1554,NOEL,AACC,計量結果 :47.0 Kg,noel,DRAW,note text mentions draw,,,,,,※13:00開始 時間切れ引き分け ［レフェリー］田澤康宏
173,2023-05-21,PROFESSIONAL SHOOTO 2023 Vol.3,プロフェッショナル修斗公式戦,ニューピアホール,PRO_SHOOTO_MAINLINE,3716,10,,バンタム級,5分3R,1500,須藤拓真,X-TREAM EBINA,計量結果 :61.1 Kg,,1339,齋藤奨司,FIGHT FARM,計量結果 :60.9 Kg,saito-shoji,F1_LOSS_F2_WIN,score 0-3 (overrides opacity if needed),,,ud,判定 0-3,,［レフェリー］豊永　稔 ［サブレフェリー］ 福田正人 28-29（1R 9-10／2R 9-10／3R 10-9） 田澤康宏 28-29（1R 9-10／2R 9-10／3R 10-9） 松根良太 28-29（1R 9-10／2R 9-10／3R 10-9）
173,2023-05-21,PROFESSIONAL SHOOTO 2023 Vol.3,プロフェッショナル修斗公式戦,ニューピアホール,PRO_SHOOTO_MAINLINE,3715,9,,フェザー級,5分3R,250,田中半蔵,FUN’S,計量結果 :65.7 Kg,,1535,ロイベ・デ・オリベイラ・ネイト,EVOLUCAO THAI,計量結果 :65.4 Kg,,F1_WIN_F2_LOSS,score 3-0 (overrides opacity if needed),,,ud,判定 3-0,,［レフェリー］福田正人 ［サブレフェリー］ 豊永　稔 29-28（1R 10-9／2R 10-9／3R 9-10） 田澤康宏 29-28（1R 10-9／2R 10-9／3R 9-10） 松根良太 29-28（1R 10-9／2R 10-9／3R 9-10）
173,2023-05-21,PROFESSIONAL SHOOTO 2023 Vol.3,プロフェッショナル修斗公式戦,ニューピアホール,PRO_SHOOTO_MAINLINE,3725,8,,フェザー級,5分2R,214,齋藤翼,総合格闘技道場津田沼道場/FIGHT FARM,計量結果 :65.6 Kg,,1361,岡田達磨,SAI-GYM,計量結果 :65.5 Kg,,F1_WIN_F2_LOSS,opacity (single fighter dimmed),2,01:43,submision,S,,［レフェリー］福田正人 ［サブレフェリー］ 片岡誠人 1R 10-9 豊永　稔 1R 9-10 松根良太 1R 9-10
173,2023-05-21,PROFESSIONAL SHOOTO 2023 Vol.3,プロフェッショナル修斗公式戦,ニューピアホール,PRO_SHOOTO_MAINLINE,3717,7,,フェザー級,5分2R,329,児山佳宏,THE BLACKBELT JAPAN,計量結果 :65.7 Kg,,720,YOKOSAI,SAI-GYM,計量結果 :65.4 Kg,,F1_WIN_F2_LOSS,score 2-0 (overrides opacity if needed),,,ud,判定 2-0,,［レフェリー］片岡誠人 ［サブレフェリー］ 豊永　稔 20-18（1R 10-9／2R 10-9） 福田正人 19-19（1R 9-10／2R 10-9） 田澤康宏 20-18（1R 10-9／2R 10-9）
173,2023-05-21,PROFESSIONAL SHOOTO 2023 Vol.3,プロフェッショナル修斗公式戦,ニューピアホール,PRO_SHOOTO_MAINLINE,3719,6,epsomsalt sea crystals Presentsインフィニティリーグ,フェザー級,5分2R,1402,浜松ヤマト,T-GRIP TOKYO,計量結果 :65.7 Kg,,1249,上原平,リバーサルジム横浜グランドスラム,計量結果 :65.6 Kg,,DRAW,score tied 0-0,,,ud,判定 0-0,,※両選手共に1ポイントを獲得。（浜松：累計4P、上原：累計2P） ［レフェリー］豊永　稔 ［サブレフェリー］ 片岡誠人 19-19（1R 10-9／2R 9-10） 福田正人 19-19（1R 10-9／2R 9-10） 松根良太 19-19（1R 10-9／2R 9-10）
173,2023-05-21,PROFESSIONAL SHOOTO 2023 Vol.3,プロフェッショナル修斗公式戦,ニューピアホール,PRO_SHOOTO_MAINLINE,3718,5,epsomsalt sea crystals Presentsインフィニティリーグ,フェザー級,5分2R,1369,竹原魁晟,THE BLACKBELT JAPAN,計量結果 :65.8 Kg,,1355,磯部鉄心,パラエストラ松戸,計量結果 :65.8 Kg,,F1_WIN_F2_LOSS,score 3-0 (overrides opacity if needed),,,ud,判定 3-0,,※勝利した赤：竹原が勝ち点2ポイントを獲得。（累計3P） ［レフェリー］豊永　稔 ［サブレフェリー］ 片岡誠人 20-18（1R 10-9／2R 10-9） 福田正人 20-18（1R 10-9／2R 10-9） 松根良太 20-18（1R 10-9／2R 10-9）
173,2023-05-21,PROFESSIONAL SHOOTO 2023 Vol.3,プロフェッショナル修斗公式戦,ニューピアホール,PRO_SHOOTO_MAINLINE,3720,4,,バンタム級,5分2R,1050,小林佳純,HAGANE GYM,計量結果 :61.2 Kg,,232,松下祐介,パラエストラTB,計量結果 :60.9 Kg,,DRAW,score tied 0-0,,,ud,判定 0-0,,［レフェリー］田澤康宏 ［サブレフェリー］ 豊永　稔 19-19（1R 9-10／2R 10-9） 福田正人 19-19（1R 9-10／2R 10-9） 松根良太 19-19（1R 9-10／2R 10-9）
173,2023-05-21,PROFESSIONAL SHOOTO 2023 Vol.3,プロフェッショナル修斗公式戦,ニューピアホール,PRO_SHOOTO_MAINLINE,3721,3,,バンタム級,5分2R,1253,新井拓巳,ストライプル新百合ケ丘,計量結果 :61.1 Kg,,1548,永井奏多,TRIBE TOKYO M.M.A,計量結果 :60.8 Kg,nagai-kanata,F1_LOSS_F2_WIN,opacity (single fighter dimmed),1,01:13,tko,TKO,レフェリーストップ,［レフェリー］田澤康宏
173,2023-05-21,PROFESSIONAL SHOOTO 2023 Vol.3,プロフェッショナル修斗公式戦,ニューピアホール,PRO_SHOOTO_MAINLINE,3722,2,,フライ級,5分2R,1139,大竹陽,HAGANE GYM,計量結果 :56.6 Kg,,1572,古賀優平,TRIBE TOKYO M.M.A,計量結果 :56.4 Kg,,F1_WIN_F2_LOSS,opacity (single fighter dimmed),2,00:50,tko,TKO,レフェリーストップ,［レフェリー］片岡誠人 ［サブレフェリー］ 豊永　稔 1R 10-9 福田正人 1R 10-9 松根良太 1R 9-10
173,2023-05-21,PROFESSIONAL SHOOTO 2023 Vol.3,プロフェッショナル修斗公式戦,ニューピアホール,PRO_SHOOTO_MAINLINE,3723,1,,フェザー級,5分2R,624,國頭武,BURST,計量結果 :65.7 Kg,,1485,青井太一,心技館,計量結果 :65.6 Kg,aoi-taichi,F1_WIN_F2_LOSS,opacity (single fighter dimmed),2,02:14,submision,S,肩固め,［レフェリー］片岡誠人 ［サブレフェリー］ 豊永　稔 1R 10-9 福田正人 1R 10-9 松根良太 1R 10-9
158,2023-04-23,FORCE 17,プロフェッショナル修斗公式戦香川大会,香川・高松シンボルタワー展示場,FORCE_REGIONAL;PRO_SHOOTO_MAINLINE,3726,9,,フライ級,5分2R,1067,高岡宏気,FORCE GYM,計量結果 :56.5 Kg,takaoka-hiroki,81,蒔田Gandhi伸吾,TKエスペランサ,計量結果 :56.1 Kg,,F1_WIN_F2_LOSS,opacity (single fighter dimmed),2,03:38,submision,S,スリーパーホールド,［レフェリー］片岡誠人 ［サブレフェリー］ 吉田元貴 1R 10-9 福田正人 1R 10-8 山本諭志 1R 10-8
158,2023-04-23,FORCE 17,プロフェッショナル修斗公式戦香川大会,香川・高松シンボルタワー展示場,FORCE_REGIONAL;PRO_SHOOTO_MAINLINE,3727,8,,フライ級,5分2R,153,堀川55滉介,TEAM一領具足,計量結果 :56.5 Kg,,1177,シューティングガイコツ,THE BLACKBELT JAPAN,計量結果 :56.2 Kg,,F1_WIN_F2_LOSS,score 3-0 (overrides opacity if needed),,,ud,判定 3-0,,［レフェリー］片岡誠人 ［サブレフェリー］ 吉田元貴 20-18（1R 10-9／2R 10-9） 福田正人 20-17（1R 10-9／2R 10-8） 山本諭志 20-18（1R 10-9／2R 10-9）
158,2023-04-23,FORCE 17,プロフェッショナル修斗公式戦香川大会,香川・高松シンボルタワー展示場,FORCE_REGIONAL;PRO_SHOOTO_MAINLINE,3728,7,,バンタム級,5分2R,229,藤川智史,総合格闘技道場ARMS,計量結果 :61.0 Kg,,1459,小川隼人,修斗GYM神戸,計量結果 :60.8 Kg,,F1_WIN_F2_LOSS,score 1-0 (overrides opacity if needed),,,ud,判定 1-0,,［レフェリー］片岡誠人 ［サブレフェリー］ 吉田元貴 19-19（1R 9-10／2R 10-9） 福田正人 19-19（1R 9-10／2R 10-9） 山本諭志 20-18（1R 10-9／2R 10-9）
158,2023-04-23,FORCE 17,プロフェッショナル修斗公式戦香川大会,香川・高松シンボルタワー展示場,FORCE_REGIONAL;PRO_SHOOTO_MAINLINE,3729,6,,ストロー級,5分2R,1390,石原愼之介,MMA Zジム,計量結果 :51.8 Kg,,1133,木村旬志,ゼロ戦クラブ,計量結果 :52.1 Kg,,F1_WIN_F2_LOSS,score 1-0 (overrides opacity if needed),,,ud,判定 1-0,,［レフェリー］福田正人 ［サブレフェリー］ 吉田元貴 19-19（1R 10-9／2R 9-10） 片岡誠人 19-19（1R 10-9／2R 9-10） 山本諭志 20-18（1R 10-9／2R 10-9）
158,2023-04-23,FORCE 17,プロフェッショナル修斗公式戦香川大会,香川・高松シンボルタワー展示場,FORCE_REGIONAL;PRO_SHOOTO_MAINLINE,3730,5,,ライト級,5分2R,1267,麻植裕太,MMA Zジム,計量結果 :69.5 Kg,,1575,直島弘昌,修斗GYM神戸,計量結果 :70.0 Kg,,F1_WIN_F2_LOSS,score 3-0 (overrides opacity if needed),,,ud,判定 3-0,,［レフェリー］吉田元貴 ［サブレフェリー］ 福田正人 20-18（1R 10-9／2R 10-9） 片岡誠人 20-18（1R 10-9／2R 10-9） 山本諭志 20-18（1R 10-9／2R 10-9）
158,2023-04-23,FORCE 17,プロフェッショナル修斗公式戦香川大会,香川・高松シンボルタワー展示場,FORCE_REGIONAL;PRO_SHOOTO_MAINLINE,3731,4,,,5分2R,1488,マルザヘンペーソク,MIBURO,計量結果 :57.4 Kg,,1226,わっしょい内田,パーソナルスタイルス,計量結果 :57.5 Kg,,F1_WIN_F2_LOSS,score 3-0 (overrides opacity if needed),,,ud,判定 3-0,,［レフェリー］吉田元貴 ［サブレフェリー］ 福田正人 20-18（1R 10-9／2R 10-9） 片岡誠人 20-18（1R 10-9／2R 10-9） 山本諭志 20-18（1R 10-9／2R 10-9）
158,2023-04-23,FORCE 17,プロフェッショナル修斗公式戦香川大会,香川・高松シンボルタワー展示場,FORCE_REGIONAL;PRO_SHOOTO_MAINLINE,3732,3,新人王決定トーナメント,フェザー級,5分2R,1515,松浦真実也,総合格闘技実業団トップティア,計量結果 :65.7 Kg,,1577,松岡琉之介,MASTER JAPAN FUKUOKA,計量結果 :65.4 Kg,,F1_WIN_F2_LOSS,score 1-0 (overrides opacity if needed),,,ud,判定 1-0,,※優勢ポイント3Pにより赤：松浦がトーナメント進出。 ［レフェリー］福田正人 ［サブレフェリー］ 安芸佳孝 19-19（1R 10-9／2R 9-10） 片岡誠人 20-18（1R 10-9／2R 10-9） 山本諭志 19-19（1R 10-9／2R 9-10）
158,2023-04-23,FORCE 17,プロフェッショナル修斗公式戦香川大会,香川・高松シンボルタワー展示場,FORCE_REGIONAL;PRO_SHOOTO_MAINLINE,3733,2,,,5分2R,1306,波平コング,THE BLACKBELT JAPAN,計量結果 :60.7 Kg,,1578,大黒紳,セコンドアウト,計量結果 :63.0 Kg,,F1_WIN_F2_LOSS,score 1-0 (overrides opacity if needed),,,ud,判定 1-0,,※バンタム級5分2Rから変更。 ※※当初の契約体重を超過した青：大黒に全ラウンド減点1とした上で63kg契約にて試合を実施。 ［レフェリー］福田正人 ［サブレフェリー］ 安芸佳孝 18-18（1R 9-9／2R 9-9） 吉田元貴 20-16（1R 10-8／2R 10-8） 山本諭志 18-18（1R 9-9／2R 9-9）
158,2023-04-23,FORCE 17,プロフェッショナル修斗公式戦香川大会,香川・高松シンボルタワー展示場,FORCE_REGIONAL;PRO_SHOOTO_MAINLINE,3734,1,新人王決定トーナメント,フライ級,5分2R,1579,矢野武蔵,パラエストラ愛媛,計量結果 :56.6 Kg,,1493,亮我,総合格闘技ゴンズジム,計量結果 :56.4 Kg,ryoga,F1_LOSS_F2_WIN,score 0-3 (overrides opacity if needed),,,ud,判定 0-3,,※2R 赤：矢野のグラウンド状態での蹴り上げにより減点1。 ※※勝利した青：亮我がトーナメント進出。次戦では谷中たいち（格闘技田道場）との対戦が決定。 ［レフェリー］片岡誠人 ［サブレフェリー］ 安芸佳孝 16-20（1R 9-10／2R 7-10） 福田正人 16-20（1R 9-10／2R 7-10） 山本諭志 17-20（1R 9-10／2R 8-10）
158,2023-04-23,FORCE 17,プロフェッショナル修斗公式戦香川大会,香川・高松シンボルタワー展示場,FORCE_REGIONAL;PRO_SHOOTO_MAINLINE,3735,,,,4分1R,1580,森下瑠亜那,TKエスペランサ,計量結果 :45.2 Kg,,1581,山本あやめ,セコンドアウト,計量結果 :46.9 Kg,,F1_WIN_F2_LOSS,score 3-0 (overrides opacity if needed),,,ud,判定 3-0,,［レフェリー］吉田元貴 ［ジャッジ］ 安芸佳孝 10-9 片岡誠人 10-9 山本諭志 10-9
156,2023-04-16,THE SHOOTO OKINAWA vol.8,プロフェッショナル修斗公式戦,沖縄・コザミュージックタウン音市場,OKINAWA_REGIONAL;PRO_SHOOTO_MAINLINE,3696,10,,,5分3R,1098,旭那拳,THE BLACKBELT JAPAN,計量結果 :53.9 Kg,,67,タイガー石井,とらの子レスリングクラブ,計量結果 :53.6 Kg,,F1_LOSS_F2_WIN,score 0-2 (overrides opacity if needed),,,ud,判定 0-2,,［レフェリー］豊永　稔 ［サブレフェリー］ 小生隆弘 27-30（1R 9-10／2R 9-10／3R 9-10） 島袋零二 28-28（1R 10-9／2R 8-10／3R 10-9） 福田正人 27-29（1R 9-10／2R 8-10／3R 10-9）
156,2023-04-16,THE SHOOTO OKINAWA vol.8,プロフェッショナル修斗公式戦,沖縄・コザミュージックタウン音市場,OKINAWA_REGIONAL;PRO_SHOOTO_MAINLINE,3697,9,,フライ級,5分2R,955,宮城友一,キックボクシングDROP,計量結果 :56.5 Kg,,158,ヤックル真吾,T-REX柔術アカデミー,計量結果 :56.4 Kg,,F1_LOSS_F2_WIN,opacity (single fighter dimmed),2,01:09,tko,TKO,レフェリーストップ,［レフェリー］豊永　稔 ［サブレフェリー］ 小生隆弘 1R 8-10 島袋零二 1R 8-10 福田正人 1R 9-10
156,2023-04-16,THE SHOOTO OKINAWA vol.8,プロフェッショナル修斗公式戦,沖縄・コザミュージックタウン音市場,OKINAWA_REGIONAL;PRO_SHOOTO_MAINLINE,3698,8,,ストロー級,5分2R,1176,当真佳直,reversaL Gym OKINAWA CROSS×LINE,計量結果 :52.1 Kg,,1227,大城正也,T-REX柔術アカデミー,計量結果 :52.1 Kg,,F1_WIN_F2_LOSS,score 3-0 (overrides opacity if needed),,,ud,判定 3-0,,［レフェリー］豊永　稔 ［サブレフェリー］ 小生隆弘 20-18（1R 10-9／2R 10-9） 島袋零二 20-19（1R 10-9／2R 10-10） 福田正人 20-18（1R 10-9／2R 10-9）
156,2023-04-16,THE SHOOTO OKINAWA vol.8,プロフェッショナル修斗公式戦,沖縄・コザミュージックタウン音市場,OKINAWA_REGIONAL;PRO_SHOOTO_MAINLINE,3699,7,,ストロー級,5分2R,22,黒澤亮平,パラエストラ松戸,計量結果 :52.2 Kg,,1255,大城匡史,THE BLACKBELT JAPAN,計量結果 :52.1 Kg,,F1_WIN_F2_LOSS,opacity (single fighter dimmed),1,03:45,submision,S,スリーパーホールド,［レフェリー］福田正人
156,2023-04-16,THE SHOOTO OKINAWA vol.8,プロフェッショナル修斗公式戦,沖縄・コザミュージックタウン音市場,OKINAWA_REGIONAL;PRO_SHOOTO_MAINLINE,3700,6,新人王トーナメント,ウェルター級,5分2R,1564,西條英成,THE BLACKBELT JAPAN沖縄,計量結果 :76.6 Kg,,1565,スターリングベアーミーチャム,095BJJ長崎柔術/和術慧舟會総本部,計量結果 :76.6 Kg,,F1_WIN_F2_LOSS,score 3-0 (overrides opacity if needed),,,ud,判定 3-0,,※勝利した赤：西條がトーナメント決勝進出。決勝では墨吉涼太（誠流会館）との対戦が決定。 ［レフェリー］福田正人 ［サブレフェリー］ 小生隆弘 20-18（1R 10-9／2R 10-9） 島袋零二 20-18（1R 10-9／2R 10-9） 豊永　稔 20-18（1R 10-9／2R 10-9）
156,2023-04-16,THE SHOOTO OKINAWA vol.8,プロフェッショナル修斗公式戦,沖縄・コザミュージックタウン音市場,OKINAWA_REGIONAL;PRO_SHOOTO_MAINLINE,3701,5,新人王トーナメント 1回戦,バンタム級,5分2R,1513,テンガイ,総合格闘技ゴンズジム,計量結果 :61.0 Kg,,1497,JAM,Theパラエストラ沖縄,計量結果 :60.9 Kg,,F1_LOSS_F2_WIN,opacity (single fighter dimmed),2,03:40,submision,S,スリーパーホールド,※勝利した青：JAMがトーナメント準決勝進出。準決勝では小川隼人（修斗GYM神戸）との対戦が決定。 ［レフェリー］福田正人 ［サブレフェリー］ 小生隆弘 1R 9-10 島袋零二 1R 9-10 豊永　稔 1R 9-10
156,2023-04-16,THE SHOOTO OKINAWA vol.8,プロフェッショナル修斗公式戦,沖縄・コザミュージックタウン音市場,OKINAWA_REGIONAL;PRO_SHOOTO_MAINLINE,3702,4,新人王トーナメント,ストロー級,5分2R,1427,大田ノヒロ,THE BLACKBELT JAPAN,計量結果 :52.1 Kg,,1566,根井博登,THE BLACKBELT JAPAN,計量結果 :51.9 Kg,,F1_LOSS_F2_WIN,opacity (single fighter dimmed),1,02:25,submision,S,スリーパーホールド,※勝利した青：根井のトーナメント決勝進出が決定。 ［レフェリー］小生隆弘
156,2023-04-16,THE SHOOTO OKINAWA vol.8,プロフェッショナル修斗公式戦,沖縄・コザミュージックタウン音市場,OKINAWA_REGIONAL;PRO_SHOOTO_MAINLINE,3703,3,,ストロー級,5分2R,78,ふじい☆ペリー,BURST,計量結果 :52.1 Kg,,1567,平良龍一,THE BLACKBELT JAPAN,計量結果 :52.2 Kg,,F1_LOSS_F2_WIN,opacity (single fighter dimmed),2,01:06,ko,KO,,［レフェリー］小生隆弘 ［サブレフェリー］ 豊永　稔 1R 9-10 島袋零二 1R 9-10 福田正人 1R 9-10
156,2023-04-16,THE SHOOTO OKINAWA vol.8,プロフェッショナル修斗公式戦,沖縄・コザミュージックタウン音市場,OKINAWA_REGIONAL;PRO_SHOOTO_MAINLINE,3704,2,,フライ級,5分2R,1391,坂本潤一,BURST,計量結果 :56.6 Kg,,1568,新里昭吾,Theパラエストラ沖縄コザ,計量結果 :56.7 Kg,,F1_WIN_F2_LOSS,opacity (single fighter dimmed),1,03:32,submision,S,腕十字固め,［レフェリー］小生隆弘
156,2023-04-16,THE SHOOTO OKINAWA vol.8,プロフェッショナル修斗公式戦,沖縄・コザミュージックタウン音市場,OKINAWA_REGIONAL;PRO_SHOOTO_MAINLINE,3705,1,,ストロー級,5分2R,1569,知名昴海,DROP,計量結果 :51.8 Kg,,1570,高橋佑太,BURST,計量結果 :52.2 Kg,,F1_WIN_F2_LOSS,opacity (single fighter dimmed),2,04:26,submision,S,,［レフェリー］福田正人 ［サブレフェリー］ 豊永　稔 1R 10-9 島袋零二 1R 10-9 小島邦裕 1R 10-9
156,2023-04-16,THE SHOOTO OKINAWA vol.8,プロフェッショナル修斗公式戦,沖縄・コザミュージックタウン音市場,OKINAWA_REGIONAL;PRO_SHOOTO_MAINLINE,3706,,,キッズ・ジュニア修斗,3分1R,1209,松尾晃弥,BURST,計量結果 :28.4 Kg,,1571,運天藍,Theパラエストラ沖縄那覇,計量結果 :31.8 Kg,,F1_LOSS_F2_WIN,score 0-3 (overrides opacity if needed),,,ud,判定 0-3,,［レフェリー］小生隆弘 ［ジャッジ］ A：福田正人 1R 9-10 B：島袋零二 1R 9-10 C：豊永　稔 1R 9-10
157,2023-04-09,SHOOTO GIG TOKYO Vol.34,プロフェッショナル修斗公式戦,東京・新宿FACE,GIG_UNDERCARD_SERIES;PRO_SHOOTO_MAINLINE,3659,11,,フライ級,5分3R,1159,内田タケル,THE BLACKBELT JAPAN,計量結果 :56.6 Kg,uchida-takeru,1340,片山将宏,TRIBE TOKYO M.M.A,計量結果 :59.5 Kg,,F1_WIN_F2_LOSS,opacity (single fighter dimmed),,,,,,
157,2023-04-09,SHOOTO GIG TOKYO Vol.34,プロフェッショナル修斗公式戦,東京・新宿FACE,GIG_UNDERCARD_SERIES;PRO_SHOOTO_MAINLINE,3660,10,,バンタム級,5分2R,1094,伊集龍皇,パラエストラ小岩,計量結果 :61.2 Kg,,1337,青井心ニ,心技館,計量結果 :61.2 Kg,,F1_WIN_F2_LOSS,opacity (single fighter dimmed),1,01:20,submision,S,ヒールホールド,［レフェリー］片岡誠人
157,2023-04-09,SHOOTO GIG TOKYO Vol.34,プロフェッショナル修斗公式戦,東京・新宿FACE,GIG_UNDERCARD_SERIES;PRO_SHOOTO_MAINLINE,3661,9,,フェザー級,5分2R,1184,ヨシイノウエ,パラエストラTB,計量結果 :65.7 Kg,,1421,猿山千里,RISING SUN,計量結果 :65.7 Kg,,F1_LOSS_F2_WIN,opacity (single fighter dimmed),1,03:59,tko,TKO,レフェリーストップ,［レフェリー］片岡誠人
157,2023-04-09,SHOOTO GIG TOKYO Vol.34,プロフェッショナル修斗公式戦,東京・新宿FACE,GIG_UNDERCARD_SERIES;PRO_SHOOTO_MAINLINE,3662,8,,フライ級,5分2R,1323,佐々木駿友,T-GRIP TOKYO,計量結果 :56.5 Kg,,1423,須藤晃大,EXFIGHT,計量結果 :56.7 Kg,,F1_LOSS_F2_WIN,score 0-3 (overrides opacity if needed),,,ud,判定 0-3,,［レフェリー］豊永　稔 ［サブレフェリー］ 片岡誠人 18-20（1R 9-10／2R 9-10） 福田正人 18-20（1R 9-10／2R 9-10） 田澤康宏 18-20（1R 9-10／2R 9-10）
157,2023-04-09,SHOOTO GIG TOKYO Vol.34,プロフェッショナル修斗公式戦,東京・新宿FACE,GIG_UNDERCARD_SERIES;PRO_SHOOTO_MAINLINE,3663,7,,フライ級,5分2R,129,輝龍,roots,計量結果 :56.4 Kg,,1544,前田壮吉,リバーサルジム横浜グランドスラム,計量結果 :56.6 Kg,,F1_WIN_F2_LOSS,score 1-0 (overrides opacity if needed),,,ud,判定 1-0,,［レフェリー］福田正人 ［サブレフェリー］ 片岡誠人 19-18（1R 10-8／2R 9-10） 豊永　稔 19-19（1R 10-9／2R 9-10） 田澤康宏 19-19（1R 10-9／2R 9-10）
157,2023-04-09,SHOOTO GIG TOKYO Vol.34,プロフェッショナル修斗公式戦,東京・新宿FACE,GIG_UNDERCARD_SERIES;PRO_SHOOTO_MAINLINE,3664,6,,フェザー級,5分2R,1485,青井太一,心技館,計量結果 :65.6 Kg,aoi-taichi,1545,中村修平,リバーサルジム東京スタンドアウト,計量結果 :65.7 Kg,,DRAW,"note judge tallies [('18', '20'), ('20', '18'), ('19', '19')] -> favors1=1 favors2=1 ties=1 (even)",,,,,,［レフェリー］福田正人 ［サブレフェリー］ 豊永　稔 18-20（1R 9-10／2R 9-10） 田澤康宏 20-18（1R 10-9／2R 10-9） 長瀬達郎 19-19（1R 9-10／2R 10-9）
157,2023-04-09,SHOOTO GIG TOKYO Vol.34,プロフェッショナル修斗公式戦,東京・新宿FACE,GIG_UNDERCARD_SERIES;PRO_SHOOTO_MAINLINE,3665,5,,ストロー級,5分2R,635,鎌田悠介,ピロクテテス新潟,計量結果 :52.1 Kg,,1546,伊集虎皇,パラエストラ小岩,計量結果 :52.2 Kg,,F1_WIN_F2_LOSS,opacity (single fighter dimmed),1,04:52,tko,TKO,レフェリーストップ,［レフェリー］田澤康宏
157,2023-04-09,SHOOTO GIG TOKYO Vol.34,プロフェッショナル修斗公式戦,東京・新宿FACE,GIG_UNDERCARD_SERIES;PRO_SHOOTO_MAINLINE,3666,4,,バンタム級,5分2R,1547,藤田ムネノリ,SUBMIT MMA,計量結果 :61.2 Kg,,1548,永井奏多,TRIBE TOKYO M.M.A,計量結果 :61.0 Kg,nagai-kanata,DRAW,score tied 0-0,,,ud,判定 0-0,,［レフェリー］田澤康宏 ［サブレフェリー］ 豊永　稔 19-19（1R 9-10／2R 10-9） 福田正人 19-19（1R 9-10／2R 10-9） 長瀬達郎 19-19（1R 9-10／2R 10-9）
157,2023-04-09,SHOOTO GIG TOKYO Vol.34,プロフェッショナル修斗公式戦,東京・新宿FACE,GIG_UNDERCARD_SERIES;PRO_SHOOTO_MAINLINE,3667,3,,ウェルター級,3分2R,1549,後藤亮,TRIBE TOKYO M.M.A,計量結果 :76.5 Kg,goto-ryo,1550,石原匠,シューティング宇留野道場,計量結果 :76.6 Kg,,F1_WIN_F2_LOSS,score 3-0 (overrides opacity if needed),,,ud,判定 3-0,,［レフェリー］長瀬達郎 ［ジャッジ］ A：田澤康宏 20-18（1R 10-9／2R 10-9） B：豊永　稔 20-18（1R 10-9／2R 10-9） C：福田正人 20-18（1R 10-9／2R 10-9）
157,2023-04-09,SHOOTO GIG TOKYO Vol.34,プロフェッショナル修斗公式戦,東京・新宿FACE,GIG_UNDERCARD_SERIES;PRO_SHOOTO_MAINLINE,3668,2,,,3分2R,1551,増田比呂斗,マスタージャパン東京,計量結果 :57.9 Kg,,1552,鈴木梓文,和術慧舟會HEARTS,計量結果 :57.6 Kg,,DRAW,score tied 0-0,,,ud,判定 0-0,,［レフェリー］長瀬達郎 ［ジャッジ］ A：田澤康宏 19-19（1R 10-9／2R 9-10） B：豊永　稔 19-19（1R 10-9／2R 9-10） C：福田正人 19-19（1R 10-9／2R 9-10）
157,2023-04-09,SHOOTO GIG TOKYO Vol.34,プロフェッショナル修斗公式戦,東京・新宿FACE,GIG_UNDERCARD_SERIES;PRO_SHOOTO_MAINLINE,3679,1,,アマチュア修斗,3分2R,1553,丸山帆波,リバーサルジム横浜グランドスラム,計量結果 :49.3 Kg,,1554,NOEL,AACC,計量結果 :49.6 Kg,noel,F1_LOSS_F2_WIN,opacity (single fighter dimmed),1,01:43,submision,TS,腕十字固め,［レフェリー］片岡誠人
157,2023-04-09,SHOOTO GIG TOKYO Vol.34,プロフェッショナル修斗公式戦,東京・新宿FACE,GIG_UNDERCARD_SERIES;PRO_SHOOTO_MAINLINE,3680,,,キッズ・ジュニア修斗,2分1R,1555,平澤蒼唯,AACC,計量結果 :28.5 Kg,,1556,山下楓人,坂口道場,計量結果 :31.2 Kg,,F1_LOSS_F2_WIN,opacity (single fighter dimmed),1,02:23,submision,TS,腕十字固め,［レフェリー］小島邦裕 ※休憩時間に実施
174,2023-03-26,越後風神祭り10,プロフェッショナル修斗公式戦,万代島多目的広場 『大かま』,ECHIGO_REGIONAL;PRO_SHOOTO_MAINLINE,3707,8,新人王決定トーナメント,ライト級,5分2R,1509,グジユン,修斗GYM神戸,計量結果 :70.0 Kg,,1494,畑田智洋,ピロクテテス新潟,計量結果 :70.2 Kg,,F1_WIN_F2_LOSS,opacity (single fighter dimmed),1,00:15,ko,KO,,［レフェリー］片岡誠人
174,2023-03-26,越後風神祭り10,プロフェッショナル修斗公式戦,万代島多目的広場 『大かま』,ECHIGO_REGIONAL;PRO_SHOOTO_MAINLINE,3708,7,,フェザー級,5分2R,1361,岡田達磨,SAI-GYM,計量結果 :65.5 Kg,,1204,平澤克明,飛翔塾コンドル,計量結果 :65.4 Kg,,F1_WIN_F2_LOSS,opacity (single fighter dimmed),1,04:17,tko,TKO,グラウンドパンチレフェリーストップ,［レフェリー］大内　敬
174,2023-03-26,越後風神祭り10,プロフェッショナル修斗公式戦,万代島多目的広場 『大かま』,ECHIGO_REGIONAL;PRO_SHOOTO_MAINLINE,3709,6,,フェザー級,5分2R,275,小川将貴,ピロクテテス新潟,計量結果 :65.8 Kg,,1362,櫻庭泰裕,ANSWER FIGHT,計量結果 :65.3 Kg,,F1_LOSS_F2_WIN,score 0-1 (overrides opacity if needed),,,ud,判定 0-1,,［レフェリー］片岡誠人 ［サブレフェリー］ 大内　敬 19-19（1R 9-10／2R 10-9） 佐藤裕介 18-19（1R 8-10／2R 10-9） 小島邦裕 19-19（1R 9-10／2R 10-9）
174,2023-03-26,越後風神祭り10,プロフェッショナル修斗公式戦,万代島多目的広場 『大かま』,ECHIGO_REGIONAL;PRO_SHOOTO_MAINLINE,3710,5,,フェザー級,5分2R,350,小林孝秀,SLACK,計量結果 :65.6 Kg,,1120,ムテカツ,総合格闘技ゴンズジム,計量結果 :65.8 Kg,,F1_LOSS_F2_WIN,score 0-2 (overrides opacity if needed),,,ud,判定 0-2,,［レフェリー］片岡誠人 ［サブレフェリー］ 大内　敬 18-20（1R 9-10／2R 9-10） 山田泰範 18-20（1R 9-10／2R 9-10） 小島邦裕 19-19（1R 10-9／2R 9-10）
174,2023-03-26,越後風神祭り10,プロフェッショナル修斗公式戦,万代島多目的広場 『大かま』,ECHIGO_REGIONAL;PRO_SHOOTO_MAINLINE,3711,4,,フェザー級,5分2R,1163,須貝THEYAMANBA,ピロクテテス新潟,計量結果 :65.6 Kg,,1420,メイヘム和成,パラエストラ小岩,計量結果 :64.9 Kg,,F1_LOSS_F2_WIN,score 0-3 (overrides opacity if needed),,,ud,判定 0-3,,［レフェリー］片岡誠人 ［サブレフェリー］ 佐藤裕介 18-20（1R 9-10／2R 9-10） 山田泰範 18-20（1R 9-10／2R 9-10） 小島邦裕 18-20（1R 9-10／2R 9-10）
174,2023-03-26,越後風神祭り10,プロフェッショナル修斗公式戦,万代島多目的広場 『大かま』,ECHIGO_REGIONAL;PRO_SHOOTO_MAINLINE,3712,3,,フライ級,5分2R,1495,社長THEHIGHBALL,DRAGON'S DEN,計量結果 :56.5 Kg,,1560,蓮池勇太,飛翔塾,計量結果 :56.2 Kg,,F1_LOSS_F2_WIN,opacity (single fighter dimmed),1,01:40,tko,TKO,レフェリーストップ,［レフェリー］大内　敬
174,2023-03-26,越後風神祭り10,プロフェッショナル修斗公式戦,万代島多目的広場 『大かま』,ECHIGO_REGIONAL;PRO_SHOOTO_MAINLINE,3713,2,,フェザー級,5分2R,1561,澤江優侍,フリー,計量結果 :65.6 Kg,,1562,椿馨,Katana Gym,計量結果 :65.4 Kg,,F1_LOSS_F2_WIN,score 0-1 (overrides opacity if needed),,,ud,判定 0-1,,［レフェリー］片岡誠人 ［サブレフェリー］ 大内　敬 19-19（1R 9-10／2R 10-9） 山田泰範 19-19（1R 10-9／2R 9-10） 藤石義和 18-20（1R 9-10／2R 9-10）
174,2023-03-26,越後風神祭り10,プロフェッショナル修斗公式戦,万代島多目的広場 『大かま』,ECHIGO_REGIONAL;PRO_SHOOTO_MAINLINE,3714,1,,アマチュア修斗,3分2R,1563,隼吾,総合格闘技ジムBATTLE,計量結果 :56.0 Kg,,1365,本多弥彦直樹,SAI-GYM,計量結果 :56.4 Kg,,F1_WIN_F2_LOSS,score 2-0 (overrides opacity if needed),,,ud,判定 2-0,,［レフェリー］大内　敬 ［ジャッジ］ A：片岡誠人 20-18（1R 10-9／2R 10-9） B：山田泰範 19-19（1R 9-10／2R 10-9） C：藤石義和 20-18（1R 10-9／2R 10-9）
153,2023-03-19,PROFESSIONAL SHOOTO 2023 Vol.2,プロフェッショナル修斗公式戦,後楽園ホール,PRO_SHOOTO_MAINLINE,3644,8,世界フェザー級チャンピオンシップ,フェザー級,5分5R,288,SASUKE,MASTER JAPAN,計量結果 :65.6 Kg,sasuke,701,たてお,ELEVEN,計量結果 :65.8 Kg,tateo,F1_WIN_F2_LOSS,opacity (single fighter dimmed),2,01:49,ko,KO,,王者SASUKEが世界フェザー級王座を防衛。
153,2023-03-19,PROFESSIONAL SHOOTO 2023 Vol.2,プロフェッショナル修斗公式戦,後楽園ホール,PRO_SHOOTO_MAINLINE,3642,7,,フライ級,5分3R,959,関口祐冬,修斗GYM東京,計量結果 :56.6 Kg,,49,新井丈,和術慧舟會HEARTS,計量結果 :56.6 Kg,arai-jo,F1_LOSS_F2_WIN,score 0-3 (overrides opacity if needed),,,ud,判定 0-3,,［レフェリー］豊永　稔 ［サブレフェリー］ 福田正人 27-30（1R 9-10／2R 9-10／3R 9-10） 片岡誠人 27-30（1R 9-10／2R 9-10／3R 9-10） 柴田　旭 27-30（1R 9-10／2R 9-10／3R 9-10）
153,2023-03-19,PROFESSIONAL SHOOTO 2023 Vol.2,プロフェッショナル修斗公式戦,後楽園ホール,PRO_SHOOTO_MAINLINE,3643,6,,ストロー級,5分3R,1129,安芸柊斗,MMA Zジム,計量結果 :52.0 Kg,,30,澤田龍人,AACC×剛毅會,計量結果 :52.1 Kg,,F1_WIN_F2_LOSS,opacity (single fighter dimmed),1,03:49,tko,TKO,レフェリーストップ,［レフェリー］福田正人
153,2023-03-19,PROFESSIONAL SHOOTO 2023 Vol.2,プロフェッショナル修斗公式戦,後楽園ホール,PRO_SHOOTO_MAINLINE,3655,5,,ライト級,5分3R,1295,マックス・ザ・ボディ,BRAVE,計量結果 :70.0 Kg,,354,菅原和政,MASTER JAPAN FUKUOKA,計量結果 :70.2 Kg,,F1_WIN_F2_LOSS,opacity (single fighter dimmed),1,01:18,tko,TKO,レフェリーストップ,［レフェリー］福田正人
153,2023-03-19,PROFESSIONAL SHOOTO 2023 Vol.2,プロフェッショナル修斗公式戦,後楽園ホール,PRO_SHOOTO_MAINLINE,3646,4,epsomsalt sea crystals Presentsインフィニティリーグ,フェザー級,5分2R,1369,竹原魁晟,THE BLACKBELT JAPAN,計量結果 :65.6 Kg,,1249,上原平,リバーサルジム横浜グランドスラム,計量結果 :65.7 Kg,,DRAW,score tied 0-0,,,ud,判定 0-0,,※両選手が勝ち点1Pを獲得（共に累計1P） ［レフェリー］田澤康宏 ［サブレフェリー］ 片岡誠人 19-19（1R 9-10／2R 10-9） 豊永　稔 19-19（1R 9-10／2R 10-9） 長瀬達郎 19-19（1R 9-10／2R 10-9）
153,2023-03-19,PROFESSIONAL SHOOTO 2023 Vol.2,プロフェッショナル修斗公式戦,後楽園ホール,PRO_SHOOTO_MAINLINE,3647,3,epsomsalt sea crystals Presentsインフィニティリーグ,フェザー級,5分2R,1402,浜松ヤマト,T-GRIP TOKYO,計量結果 :65.8 Kg,,1313,CHAN龍,MMA Zジム,計量結果 :68.1 Kg,,UNRESOLVED,"both dimmed, no score, no judge tallies, no note keyword match",,,,,,
153,2023-03-19,PROFESSIONAL SHOOTO 2023 Vol.2,プロフェッショナル修斗公式戦,後楽園ホール,PRO_SHOOTO_MAINLINE,3656,2,,バンタム級,5分2R,1141,野瀬翔平,MASTER JAPAN FUKUOKA,計量結果 :61.1 Kg,nose-shohei,1253,新井拓巳,ストライプル新百合ケ丘,計量結果 :61.2 Kg,,F1_WIN_F2_LOSS,opacity (single fighter dimmed),1,02:53,submision,S,チキンウイング・アームロック,［レフェリー］長瀬達郎
153,2023-03-19,PROFESSIONAL SHOOTO 2023 Vol.2,プロフェッショナル修斗公式戦,後楽園ホール,PRO_SHOOTO_MAINLINE,3645,1,,バンタム級,5分2R,1069,榎本明,TRIBE TOKYO MMA,計量結果 :61.1 Kg,,1299,チョウスソン,NAUGHTY HOUSE,計量結果 :61.2 Kg,,F1_LOSS_F2_WIN,opacity (single fighter dimmed),1,04:52,submision,S,スリーパーホールド,［レフェリー］柴田　旭
153,2023-03-19,PROFESSIONAL SHOOTO 2023 Vol.2,プロフェッショナル修斗公式戦,後楽園ホール,PRO_SHOOTO_MAINLINE,3657,2,,キッズ・ジュニア修斗,3分1R,1540,杉本越,AACC,計量結果 :27.0 Kg,,1541,吉村柚咲,X-TREAM EBINA,計量結果 :26.1 Kg,,F1_LOSS_F2_WIN,opacity (single fighter dimmed),1,00:31,submision,TS,腕十字固め,［レフェリー］柴田　旭
153,2023-03-19,PROFESSIONAL SHOOTO 2023 Vol.2,プロフェッショナル修斗公式戦,後楽園ホール,PRO_SHOOTO_MAINLINE,3658,1,,キッズ・ジュニア修斗,3分1R,1543,杉本開,AACC,計量結果 :22.9 Kg,,1542,遠藤千帆,心技館,計量結果 :24.3 Kg,,F1_WIN_F2_LOSS,opacity (single fighter dimmed),1,01:29,submision,TS,腕十字固め,17:40開始予定 ［レフェリー］田澤康宏
154,2023-03-05,BORDER2023「The1st」,プロフェッショナル修斗公式戦,大阪・コミュニティプラザ平野,BORDER;PRO_SHOOTO_MAINLINE,3648,7,,バンタム級,5分2R,200,エダ塾長こうすけ,MIBURO,計量結果 :61.0 Kg,,624,國頭武,BURST,計量結果 :60.9 Kg,,F1_LOSS_F2_WIN,opacity (single fighter dimmed),2,04:59,tko,TKO,レフェリーストップ,［レフェリー］吉田元貴 ［サブレフェリー］ 豊島孝尚 1R 9-10 安芸佳孝 1R 9-10 加納　学 1R 9-10
154,2023-03-05,BORDER2023「The1st」,プロフェッショナル修斗公式戦,大阪・コミュニティプラザ平野,BORDER;PRO_SHOOTO_MAINLINE,3649,6,新人王決定トーナメント 1回戦,フェザー級,5分2R,1425,宇藤彰貴,総合格闘技道場ゴンズジム,計量結果 :65.1 Kg,,1512,轟轟,総合格闘技道場コブラ会,計量結果 :65.5 Kg,,F1_WIN_F2_LOSS,opacity (single fighter dimmed),1,00:13,ko,KO,,※勝利した赤：宇藤がトーナメント2回戦進出。次戦では老翁（ネックススポーツ）との対戦が決定。
154,2023-03-05,BORDER2023「The1st」,プロフェッショナル修斗公式戦,大阪・コミュニティプラザ平野,BORDER;PRO_SHOOTO_MAINLINE,3650,5,,女子アトム級,5分2R,1527,古賀愛蘭,BURST,計量結果 :47.4 Kg,,920,ヒヤマNFC,NFC,計量結果 :47.6 Kg,,F1_WIN_F2_LOSS,opacity (single fighter dimmed),1,01:45,tko,TKO,レフェリーストップ,［レフェリー］吉田元貴
154,2023-03-05,BORDER2023「The1st」,プロフェッショナル修斗公式戦,大阪・コミュニティプラザ平野,BORDER;PRO_SHOOTO_MAINLINE,3651,4,,フライ級,5分2R,223,西村大地,パラエストラ天満,計量結果 :56.4 Kg,,1383,井口翔太,修斗GYM神戸,計量結果 :56.6 Kg,,DRAW,score tied 1-1,,,ud,判定 1-1,,［レフェリー］吉田元貴 ［サブレフェリー］ 豊島孝尚 20-18（1R 10-9／2R 10-9） 安芸佳孝 18-20（1R 9-10／2R 9-10） 加納　学 19-19（1R 9-10／2R 10-9）
154,2023-03-05,BORDER2023「The1st」,プロフェッショナル修斗公式戦,大阪・コミュニティプラザ平野,BORDER;PRO_SHOOTO_MAINLINE,3652,3,,バンタム級,5分2R,1268,岩佐和哉,MMA＆BJJ　BLOWS,計量結果 :60.8 Kg,,1538,宮口龍鳳,総合格闘技道場コブラ会,計量結果 :61.2 Kg,miyaguchi-ryuho,F1_LOSS_F2_WIN,opacity (single fighter dimmed),2,02:18,ko,KO,,［レフェリー］吉田元貴 ［サブレフェリー］ 豊島孝尚 1R 10-9 安芸佳孝 1R 10-9 加納　学 1R 10-9
154,2023-03-05,BORDER2023「The1st」,プロフェッショナル修斗公式戦,大阪・コミュニティプラザ平野,BORDER;PRO_SHOOTO_MAINLINE,3653,2,,ストロー級,5分2R,1382,三輪勇気,修斗GYM神戸,計量結果 :52.1 Kg,,1539,谷中たいち,格闘技吉田道場,計量結果 :51.8 Kg,,F1_LOSS_F2_WIN,score 0-3 (overrides opacity if needed),,,ud,判定 0-3,,［レフェリー］吉田元貴 ［サブレフェリー］ 豊島孝尚 18-20（1R 9-10／2R 9-10） 安芸佳孝 18-20（1R 9-10／2R 9-10） 加納　学 18-20（1R 9-10／2R 9-10）
154,2023-03-05,BORDER2023「The1st」,プロフェッショナル修斗公式戦,大阪・コミュニティプラザ平野,BORDER;PRO_SHOOTO_MAINLINE,3654,1,,フライ級,5分2R,1173,當房桂,修斗GYMS直心会,計量結果 :56.4 Kg,,1488,マルザヘンペーソク,MIBURO,計量結果 :56.3 Kg,,F1_LOSS_F2_WIN,opacity (single fighter dimmed),2,04:11,tko,TKO,レフェリーストップ,［レフェリー］吉田元貴 ［サブレフェリー］ 豊島孝尚 1R 9-10 安芸佳孝 1R 9-10 加納　学 1R 9-10
151,2023-01-15,PROFESSIONAL SHOOTO 2023 開幕戦,プロフェッショナル修斗公式戦,東京・後楽園ホール,PRO_SHOOTO_MAINLINE,3631,9,,フェザー級,5分3R,314,山本健斗デリカット,総合格闘技道場コブラ会,計量結果 :65.7 Kg,,1534,山本琢也,パラエストラ千葉,計量結果 :65.7 Kg,,F1_LOSS_F2_WIN,opacity (single fighter dimmed),2,00:27,tko,TKO,レフェリーストップ,［レフェリー］片岡誠人 ［サブレフェリー］ 福田正人 1R 8-10 豊永　稔 1R 8-10 長瀬達郎 1R 8-10
151,2023-01-15,PROFESSIONAL SHOOTO 2023 開幕戦,プロフェッショナル修斗公式戦,東京・後楽園ホール,PRO_SHOOTO_MAINLINE,3632,8,,,5分3R,130,加藤ケンジ,NeighborHood,計量結果 :62.9 Kg,,1535,ロイベ・デ・オリベイラ・ネイト,EVOLUCAO THAI,計量結果 :63.0 Kg,,F1_LOSS_F2_WIN,opacity (single fighter dimmed),2,04:37,tko,TKO,レフェリーストップ,［レフェリー］豊永　稔 ［サブレフェリー］ 福田正人 1R 9-10 片岡誠人 1R 9-10 柴田　旭 1R 9-10
151,2023-01-15,PROFESSIONAL SHOOTO 2023 開幕戦,プロフェッショナル修斗公式戦,東京・後楽園ホール,PRO_SHOOTO_MAINLINE,3634,7,,バンタム級,5分3R,1185,野尻定由,MASTER JAPAN FUKUOKA,計量結果 :61.2 Kg,,1339,齋藤奨司,FIGHT FARM,計量結果 :61.1 Kg,saito-shoji,F1_LOSS_F2_WIN,opacity (single fighter dimmed),1,04:23,ko,KO,,［レフェリー］福田正人
151,2023-01-15,PROFESSIONAL SHOOTO 2023 開幕戦,プロフェッショナル修斗公式戦,東京・後楽園ホール,PRO_SHOOTO_MAINLINE,3633,6,,女子スーパーアトム級,5分3R,1208,黒部三奈,マスタージャパン,計量結果 :49.9 Kg,,1536,渡辺彩華,AACC/IDEA ASAKUSA,計量結果 :49.6 Kg,,F1_LOSS_F2_WIN,opacity (single fighter dimmed),2,02:29,ko,KO,,［レフェリー］福田正人 ［サブレフェリー］ 長瀬達郎 1R 9-10 豊永　稔 1R 9-10 柴田　旭 1R 9-10
151,2023-01-15,PROFESSIONAL SHOOTO 2023 開幕戦,プロフェッショナル修斗公式戦,東京・後楽園ホール,PRO_SHOOTO_MAINLINE,3635,5,2022年度新人王決定トーナメント,フライ級,5分2R,1423,須藤晃大,EXFIGHT,計量結果 :56.7 Kg,,1340,片山将宏,TRIBE TOKYO M.M.A,計量結果 :56.6 Kg,,F1_LOSS_F2_WIN,score 0-3 (overrides opacity if needed),,,ud,判定 0-3,,※青：片山が2022年度フライ級新人王に決定 ［レフェリー］田澤康宏 ［サブレフェリー］ 片岡誠人 18-20（1R 9-10／2R 9-10） 豊永　稔 18-20（1R 9-10／2R 9-10） 長瀬達郎 18-20（1R 9-10／2R 9-10）
151,2023-01-15,PROFESSIONAL SHOOTO 2023 開幕戦,プロフェッショナル修斗公式戦,東京・後楽園ホール,PRO_SHOOTO_MAINLINE,3639,4,2022年度新人王決定トーナメント,ウェルター級,5分2R,1499,クアト驎,パラエストラ小岩,計量結果 :77.1 Kg,,1537,エフェヴィガ雄志,TRIBE TOKYO M.M.A,計量結果 :76.9 Kg,efeviga-yushi,F1_LOSS_F2_WIN,opacity (single fighter dimmed),1,01:20,tko,TKO,レフェリーストップ,※青：エフェヴィガが2022年度ウェルター級新人王に決定 ［レフェリー］長瀬達郎
151,2023-01-15,PROFESSIONAL SHOOTO 2023 開幕戦,プロフェッショナル修斗公式戦,東京・後楽園ホール,PRO_SHOOTO_MAINLINE,3637,3,新人王決定トーナメント,フェザー級,5分2R,1296,椿飛鳥,フリー,計量結果 :65.5 Kg,tsubaki-asuka,1313,CHAN龍,MMA Zジム,計量結果 :65.7 Kg,,F1_LOSS_F2_WIN,opacity (single fighter dimmed),1,01:52,tko,TKO,レフェリーストップ,※赤：椿の腕の負傷によるレフェリーストップ ※※青：CHAN-龍が2022年度フェザー級新人王に決定 ［レフェリー］豊永　稔
151,2023-01-15,PROFESSIONAL SHOOTO 2023 開幕戦,プロフェッショナル修斗公式戦,東京・後楽園ホール,PRO_SHOOTO_MAINLINE,3638,2,2022年度新人王決定トーナメント,,5分2R,1442,安海健人,ALMA FIGHT GYM BASE,計量結果 :70.2 Kg,,1455,深見弦汰,赤崎道場A-SPIRIT,計量結果 :69.8 Kg,,F1_WIN_F2_LOSS,score 3-0 (overrides opacity if needed),,,ud,判定 3-0,,※赤：安海が2022年度ライト級新人王に決定 ［レフェリー］片岡誠人 ［サブレフェリー］ 福田正人 20-17（1R 10-8／2R 10-9） 豊永　稔 20-18（1R 10-9／2R 10-9） 田澤康宏 20-18（1R 10-9／2R 10-9）
151,2023-01-15,PROFESSIONAL SHOOTO 2023 開幕戦,プロフェッショナル修斗公式戦,東京・後楽園ホール,PRO_SHOOTO_MAINLINE,3640,1,,女子,5分2R,1404,Fukky,修斗GYM神戸,計量結果 :48.8 Kg,,1484,天天さくら,総合格闘技ジムBATTLE,計量結果 :48.7 Kg,,F1_WIN_F2_LOSS,opacity (single fighter dimmed),1,03:35,tko,TKO,レフェリーストップ,※青：天天の負傷によるレフェリーストップ ［レフェリー］柴田　旭
151,2023-01-15,PROFESSIONAL SHOOTO 2023 開幕戦,プロフェッショナル修斗公式戦,東京・後楽園ホール,PRO_SHOOTO_MAINLINE,3641,,,,5分2R,1184,ヨシイノウエ,パラエストラTB,計量結果 :67.7 Kg,,1355,磯部鉄心,パラエストラ松戸,計量結果 :68.0 Kg,,F1_LOSS_F2_WIN,opacity (single fighter dimmed),2,04:57,submision,TS,横三角絞め,［レフェリー］柴田　旭 ［サブレフェリー］ 福田正人 1R 10-9 豊永　稔 1R 10-9 田澤康宏 1R 10-9
145,2022-12-11,PROFESSIONAL SHOOTO 2022 Vol.8 in OSAKA,プロフェッショナル修斗公式戦,メルパルクホールOSAKA,PRO_SHOOTO_MAINLINE,3579,12,,ライト級,5分3R,1295,マックス・ザ・ボディ,BRAVE,計量結果 :69.9 Kg,,1102,田中有,総合格闘技道場reliable,計量結果 :69.7 Kg,,F1_WIN_F2_LOSS,score 3-0 (overrides opacity if needed),,,ud,判定 3-0,,［レフェリー］吉田元貴 ［サブレフェリー］ 片岡誠人 30-27（1R 10-9／2R 10-9／3R 10-9） 山本諭志 30-27（1R 10-9／2R 10-9／3R 10-9） 豊島孝尚 30-27（1R 10-9／2R 10-9／3R 10-9）
145,2022-12-11,PROFESSIONAL SHOOTO 2022 Vol.8 in OSAKA,プロフェッショナル修斗公式戦,メルパルクホールOSAKA,PRO_SHOOTO_MAINLINE,3580,11,,ストロー級,5分3R,1167,田上こゆる,BLOWS,計量結果 :51.8 Kg,,1316,泰斗,MMA RANGERS GYM,計量結果 :52.1 Kg,,F1_WIN_F2_LOSS,score 3-0 (overrides opacity if needed),,,ud,判定 3-0,,［レフェリー］岡田剛史 ［サブレフェリー］ 片岡誠人 29-28（1R 10-9／2R 10-9／3R 9-10） 吉田元貴 29-28（1R 10-9／2R 10-9／3R 9-10） 豊島孝尚 30-27（1R 10-9／2R 10-9／3R 10-9）
145,2022-12-11,PROFESSIONAL SHOOTO 2022 Vol.8 in OSAKA,プロフェッショナル修斗公式戦,メルパルクホールOSAKA,PRO_SHOOTO_MAINLINE,3582,10,,女子,5分2R,1171,杉本恵,AACC,計量結果 :51.7 Kg,,1405,須恵樹季,TRINITY-SUNS,計量結果 :53.6 Kg,,F1_WIN_F2_LOSS,score 3-0 (overrides opacity if needed),,,ud,判定 3-0,,※女子ストロー級5分2Rから変更。 ※※当初の契約体重を超過した青：須惠に全ラウンド減点1とした上で53.6kg契約にて試合を実施。 ［レフェリー］ ［サブレフェリー］ 吉田元貴 20-16（1R 10-8／2R 10-8） 豊島孝尚 20-16（1R 10-8／2R 10-8） 山本諭志 20-16（1R 10-8／2R 10-8）
145,2022-12-11,PROFESSIONAL SHOOTO 2022 Vol.8 in OSAKA,プロフェッショナル修斗公式戦,メルパルクホールOSAKA,PRO_SHOOTO_MAINLINE,3589,9,,Stand up,3分3R,1334,木下悦志,KICKLAB,計量結果 :51.5 Kg,,1504,伊藤琉之助,EX ARES,計量結果 :51.4 Kg,,F1_LOSS_F2_WIN,score 0-3 (overrides opacity if needed),,,ud,判定 0-3,,
145,2022-12-11,PROFESSIONAL SHOOTO 2022 Vol.8 in OSAKA,プロフェッショナル修斗公式戦,メルパルクホールOSAKA,PRO_SHOOTO_MAINLINE,3590,8,,Stand up,3分3R,1505,朝日彗仁,TARGET SHIBUYA,計量結果 :57.3 Kg,,1506,白鳥光希,正道会館KCIEL,計量結果 :57.3 Kg,,F1_LOSS_F2_WIN,opacity (single fighter dimmed),,02:12,tko,TKO,レフェリーストップ,
145,2022-12-11,PROFESSIONAL SHOOTO 2022 Vol.8 in OSAKA,プロフェッショナル修斗公式戦,メルパルクホールOSAKA,PRO_SHOOTO_MAINLINE,3591,7,,Stand up,3分3R,1463,都筑海杜,TEAM3K,計量結果 :57.5 Kg,,1508,藤井海人,EX ARES,計量結果 :57.5 Kg,,F1_LOSS_F2_WIN,score 0-3 (overrides opacity if needed),,,ud,判定 0-3,,
145,2022-12-11,PROFESSIONAL SHOOTO 2022 Vol.8 in OSAKA,プロフェッショナル修斗公式戦,メルパルクホールOSAKA,PRO_SHOOTO_MAINLINE,3583,6,,バンタム級,5分2R,777,青柳洸志,修斗GYM神戸,計量結果 :61.0 Kg,,200,エダ塾長こうすけ,MIBURO,計量結果 :61.2 Kg,,F1_WIN_F2_LOSS,score 3-0 (overrides opacity if needed),,,ud,判定 3-0,,［レフェリー］片岡誠人 ［サブレフェリー］ 吉田元貴 20-18（1R 10-9／2R 10-9） 豊島孝尚 20-18（1R 10-9／2R 10-9） 安芸佳孝 20-18（1R 10-9／2R 10-9）
145,2022-12-11,PROFESSIONAL SHOOTO 2022 Vol.8 in OSAKA,プロフェッショナル修斗公式戦,メルパルクホールOSAKA,PRO_SHOOTO_MAINLINE,3584,5,,フライ級,5分2R,1426,和田教良,ガイオジム,計量結果 :55.8 Kg,,1383,井口翔太,修斗GYM神戸,計量結果 :56.5 Kg,,F1_WIN_F2_LOSS,score 2-0 (overrides opacity if needed),,,ud,判定 2-0,,［レフェリー］岡田剛史 片岡誠人 20-18（1R 10-9／2R 10-9） 豊島孝尚 20-18（1R 10-9／2R 10-9） 安芸佳孝 19-19（1R 9-10／2R 10-9）
145,2022-12-11,PROFESSIONAL SHOOTO 2022 Vol.8 in OSAKA,プロフェッショナル修斗公式戦,メルパルクホールOSAKA,PRO_SHOOTO_MAINLINE,3585,4,,フライ級,5分2R,1263,綿谷誠,BLOWS,計量結果 :56.4 Kg,,1488,マルザヘンペーソク,MIBURO,計量結果 :56.7 Kg,,F1_LOSS_F2_WIN,score 0-2 (overrides opacity if needed),,,ud,判定 0-2,,［レフェリー］岡田剛史 片岡誠人 19-19（1R 10-9／2R 9-10） 豊島孝尚 18-20（1R 9-10／2R 9-10） 安芸佳孝 18-20（1R 9-10／2R 9-10）
145,2022-12-11,PROFESSIONAL SHOOTO 2022 Vol.8 in OSAKA,プロフェッショナル修斗公式戦,メルパルクホールOSAKA,PRO_SHOOTO_MAINLINE,3586,3,,フェザー級,5分2R,1447,磯城嶋一真,MASTER JAPAN FUKUOKA,計量結果 :65.5 Kg,,1512,轟轟,総合格闘技道場コブラ会,計量結果 :65.4 Kg,,F1_WIN_F2_LOSS,score 1-0 (overrides opacity if needed),,,ud,判定 1-0,,［レフェリー］吉田元貴 片岡誠人 20-18（1R 10-9／2R 10-9） 豊島孝尚 19-19（1R 9-10／2R 10-9） 山本諭志 19-19（1R 9-10／2R 10-9）
145,2022-12-11,PROFESSIONAL SHOOTO 2022 Vol.8 in OSAKA,プロフェッショナル修斗公式戦,メルパルクホールOSAKA,PRO_SHOOTO_MAINLINE,3587,2,,ライト級,5分2R,1286,石田拓穂,リライアブル,計量結果 :70.0 Kg,,1511,嵯峨ゴーレム健史,TKエスペランサ,計量結果 :70.2 Kg,,F1_WIN_F2_LOSS,opacity (single fighter dimmed),,,,,,［レフェリー］吉田元貴 ［サブレフェリー］ 片岡誠人 20-18（1R 10-9／2R 10-9） 豊島孝尚 20-18（1R 10-9／2R 10-9） 山本諭志 20-18（1R 10-9／2R 10-9）
145,2022-12-11,PROFESSIONAL SHOOTO 2022 Vol.8 in OSAKA,プロフェッショナル修斗公式戦,メルパルクホールOSAKA,PRO_SHOOTO_MAINLINE,3588,1,,トライアウト,5分2R,1509,グジユン,修斗GYM神戸,,,1510,柿原“RR”昇太,MMA RANGERS GYM,,,F1_LOSS_F2_WIN,opacity (single fighter dimmed),2,01:15,submision,S,スリーパーホールド,［レフェリー］片岡誠人 ［サブレフェリー］ A：吉田元貴 1R 9-10 B：豊島孝尚 1R 9-10 C：山本諭志 1R 9-10
145,2022-12-11,PROFESSIONAL SHOOTO 2022 Vol.8 in OSAKA,プロフェッショナル修斗公式戦,メルパルクホールOSAKA,PRO_SHOOTO_MAINLINE,3614,3,,キッズ・ジュニア修斗,2分1R,1517,岡本健新,YEAM AGENT,,,1518,佐藤一誠,TRINITY-SUNS,,,F1_WIN_F2_LOSS,opacity (single fighter dimmed),1,01:01,submision,S,スリーパーホールド,［レフェリー］片岡誠人
145,2022-12-11,PROFESSIONAL SHOOTO 2022 Vol.8 in OSAKA,プロフェッショナル修斗公式戦,メルパルクホールOSAKA,PRO_SHOOTO_MAINLINE,3615,4,,キッズ・ジュニア修斗,3分1R,1519,谷川連也,MMAZジム,,,1520,織田騎志,総合格闘技ゴンズジム,,,F1_WIN_F2_LOSS,score 3-0 (overrides opacity if needed),,,ud,判定 3-0,,［レフェリー］片岡誠人 ［ジャッジ］ A：岡田剛史 10-9 B：吉田元貴 10-9 C：山本諭志 10-9
145,2022-12-11,PROFESSIONAL SHOOTO 2022 Vol.8 in OSAKA,プロフェッショナル修斗公式戦,メルパルクホールOSAKA,PRO_SHOOTO_MAINLINE,3616,1,ジュニア新空手トーナメント 小学5・6年生,新空手道連盟,,1472,横井鉄生,正道会館KCIEL,,,1522,森川祈,誠空会,,,F1_WIN_F2_LOSS,score 3-0 (overrides opacity if needed),,,ud,判定 3-0,,※13:05開始
145,2022-12-11,PROFESSIONAL SHOOTO 2022 Vol.8 in OSAKA,プロフェッショナル修斗公式戦,メルパルクホールOSAKA,PRO_SHOOTO_MAINLINE,3617,2,ジュニア新空手トーナメント 小学5・6年生,新空手道連盟,,1523,森藤健心,極真館大阪北摂,,,1524,尾田悠真,真正会秀勇館,,,F1_WIN_F2_LOSS,score 3-0 (overrides opacity if needed),,,ud,判定 3-0,,
145,2022-12-11,PROFESSIONAL SHOOTO 2022 Vol.8 in OSAKA,プロフェッショナル修斗公式戦,メルパルクホールOSAKA,PRO_SHOOTO_MAINLINE,3618,6,,Stand up,2分2R,1525,安田竜也,士心館,,,1526,将太,KSS-KENSEIKAN,,,F1_LOSS_F2_WIN,opacity (single fighter dimmed),1,02:05,tko,TKO,レフェリーストップ,
145,2022-12-11,PROFESSIONAL SHOOTO 2022 Vol.8 in OSAKA,プロフェッショナル修斗公式戦,メルパルクホールOSAKA,PRO_SHOOTO_MAINLINE,3619,,ジュニア新空手トーナメント 小学5・6年生,新空手道連盟,,1472,横井鉄生,正道会館KCIEL,,,1523,森藤健心,極真館大阪北摂,,,F1_WIN_F2_LOSS,score 3-0 (overrides opacity if needed),,,ud,判定 3-0,,
172,2022-12-04,TORAO28,プロフェッショナル修斗公式戦山口大会,山口県周南市/新南陽ふれあいセンタ,TORAO_REGIONAL;PRO_SHOOTO_MAINLINE,3620,10,,,5分2R,1212,毛利昭彦,毛利道場,計量結果 :66.9 Kg,,1106,宮崎清孝,有永道場 Team Resolve,計量結果 :66.7 Kg,,F1_WIN_F2_LOSS,opacity (single fighter dimmed),2,02:04,submision,TS,肩固め,［レフェリー］岡田剛史 ［サブレフェリー］ 安芸佳孝 1R 9-10 片岡誠人 1R 9-10 加藤秀和 1R 9-10
172,2022-12-04,TORAO28,プロフェッショナル修斗公式戦山口大会,山口県周南市/新南陽ふれあいセンタ,TORAO_REGIONAL;PRO_SHOOTO_MAINLINE,3621,9,,バンタム級,5分3R,1185,野尻定由,MASTER JAPAN FUKUOKA,計量結果 :61.2 Kg,,1221,神田T800周一,KTC MMA,計量結果 :61.2 Kg,,F1_LOSS_F2_WIN,score 0-3 (overrides opacity if needed),,,ud,判定 0-3,,［レフェリー］片岡誠人 ［サブレフェリー］ 安芸佳孝 28-29（1R 9-10／2R 10-9／3R 9-10） 岡田剛史 27-30（1R 9-10／2R 9-10／3R 9-10） 加藤秀和 28-29（1R 9-10／2R 9-10／3R 10-9）
172,2022-12-04,TORAO28,プロフェッショナル修斗公式戦山口大会,山口県周南市/新南陽ふれあいセンタ,TORAO_REGIONAL;PRO_SHOOTO_MAINLINE,3622,8,,女子,5分2R,1319,宝珠山桃花,赤崎道場A-SPIRIT,計量結果 :48.3 Kg,,1527,古賀愛蘭,BURST,計量結果 :48.6 Kg,,F1_LOSS_F2_WIN,score 0-1 (overrides opacity if needed),,,ud,判定 0-1,,［レフェリー］片岡誠人 ［サブレフェリー］ 安芸佳孝 19-19（1R 10-9／2R 9-10） 岡田剛史 18-20（1R 9-10／2R 9-10） 加藤秀和 19-19（1R 10-9／2R 9-10）
172,2022-12-04,TORAO28,プロフェッショナル修斗公式戦山口大会,山口県周南市/新南陽ふれあいセンタ,TORAO_REGIONAL;PRO_SHOOTO_MAINLINE,3623,7,,闘裸男,5分2R,1407,森戸新士,LEOS JIU JITSU ACADEMY,計量結果 :72.8 Kg,,1528,白木大輔,CARPE DIEM HOPE,計量結果 :72.6 Kg,,UNRESOLVED,"both dimmed, no score, no judge tallies, no note keyword match",,,,,,［レフェリー］岡田剛史
172,2022-12-04,TORAO28,プロフェッショナル修斗公式戦山口大会,山口県周南市/新南陽ふれあいセンタ,TORAO_REGIONAL;PRO_SHOOTO_MAINLINE,3624,6,,フライ級,5分2R,968,秋山翼,毛利道場,計量結果 :56.7 Kg,,1493,亮我,総合格闘技ゴンズジム,計量結果 :56.7 Kg,ryoga,F1_LOSS_F2_WIN,opacity (single fighter dimmed),2,00:58,tko,TKO,,［レフェリー］岡田剛史 ［サブレフェリー］ 安芸佳孝 1R 9-10 小島邦裕 1R 9-10 加藤秀和 1R 9-10
172,2022-12-04,TORAO28,プロフェッショナル修斗公式戦山口大会,山口県周南市/新南陽ふれあいセンタ,TORAO_REGIONAL;PRO_SHOOTO_MAINLINE,3625,5,,ウェルター級,5分2R,1452,墨吉涼太,誠流会館,計量結果 :77.0 Kg,,969,久保昌弘,帯広レスリングクラブ,計量結果 :77.0 Kg,,F1_WIN_F2_LOSS,opacity (single fighter dimmed),1,00:55,ko,KO,,［レフェリー］岡田剛史
172,2022-12-04,TORAO28,プロフェッショナル修斗公式戦山口大会,山口県周南市/新南陽ふれあいセンタ,TORAO_REGIONAL;PRO_SHOOTO_MAINLINE,3626,4,,フェザー級,5分2R,1314,紀州,ASH,計量結果 :65.6 Kg,,1414,HAMMERKATU,有永道場 Team Resolve,計量結果 :65.6 Kg,,F1_LOSS_F2_WIN,opacity (single fighter dimmed),2,01:14,ko,KO,,［レフェリー］片岡誠人 ［サブレフェリー］ 安芸佳孝 1R 9-10 小島邦裕 1R 9-10 橋本公一 1R 9-10
172,2022-12-04,TORAO28,プロフェッショナル修斗公式戦山口大会,山口県周南市/新南陽ふれあいセンタ,TORAO_REGIONAL;PRO_SHOOTO_MAINLINE,3627,3,,女子,5分2R,1408,和田千聖,毛利道場,計量結果 :48.8 Kg,,1489,川西茉夕,BURST,計量結果 :48.6 Kg,,F1_LOSS_F2_WIN,opacity (single fighter dimmed),1,01:40,submision,S,チキンウイング・アームロック,［レフェリー］片岡誠人
172,2022-12-04,TORAO28,プロフェッショナル修斗公式戦山口大会,山口県周南市/新南陽ふれあいセンタ,TORAO_REGIONAL;PRO_SHOOTO_MAINLINE,3628,2,,フライ級,5分2R,1349,植木令和新,シューティング宇留野道場,計量結果 :56.7 Kg,,1454,若宮龍斗,KAMIKAZE DOJO MMA,計量結果 :56.4 Kg,,F1_LOSS_F2_WIN,score 0-3 (overrides opacity if needed),,,ud,判定 0-3,,［レフェリー］片岡誠人 ［サブレフェリー］ 安芸佳孝 17-20（1R 8-10／2R 9-10） 小島邦裕 17-20（1R 8-10／2R 9-10） 加藤秀和 17-20（1R 8-10／2R 9-10）
172,2022-12-04,TORAO28,プロフェッショナル修斗公式戦山口大会,山口県周南市/新南陽ふれあいセンタ,TORAO_REGIONAL;PRO_SHOOTO_MAINLINE,3629,1,,トライアウト,3分2R,1532,上瀬あかり,毛利道場,計量結果 :47.2 Kg,,1529,本村結,カルペディエム福岡,計量結果 :47.0 Kg,,F1_WIN_F2_LOSS,opacity (single fighter dimmed),1,00:42,tko,TKO,レフェリーストップ,［レフェリー］片岡誠人
172,2022-12-04,TORAO28,プロフェッショナル修斗公式戦山口大会,山口県周南市/新南陽ふれあいセンタ,TORAO_REGIONAL;PRO_SHOOTO_MAINLINE,3630,,,,2分1R,1530,山本恵愛,TEAM AGENT,計量結果 :18.5 Kg,,1531,佐々木咲耶,BURST,計量結果 :19.8 Kg,,F1_LOSS_F2_WIN,opacity (single fighter dimmed),1,01:07,submision,S,腕十字固め,［レフェリー］北川　純
134,2022-11-27,PROFESSIONAL SHOOTO 2022 Vol.7,プロフェッショナル修斗公式戦,東京/後楽園ホール,PRO_SHOOTO_MAINLINE,3564,10,,フライ級,5分3R,100,清水清隆,TRIBE TOKYO M.M.A,計量結果 :56.7 Kg,,1348,山内渉,FIGHT FARM,計量結果 :56.6 Kg,,F1_LOSS_F2_WIN,opacity (single fighter dimmed),1,00:44,ko,KO,,［レフェリー］豊永　稔
134,2022-11-27,PROFESSIONAL SHOOTO 2022 Vol.7,プロフェッショナル修斗公式戦,東京/後楽園ホール,PRO_SHOOTO_MAINLINE,3563,9,環太平洋バンタム級チャンピオンシップ,バンタム級,5分3R,147,石井逸人,TRIBE TOKYO M.M.A,計量結果 :61.1 Kg,,1148,藤井伸樹,ALLIANCE,計量結果 :61.0 Kg,,F1_LOSS_F2_WIN,score 1-2 (overrides opacity if needed),,,ud,判定 1-2,,勝利した挑戦者：藤井が第12代環太平洋バンタム級王者に。 ［レフェリー］福田正人 ［サブレフェリー］ 田澤康宏 29-28（1R 10-9／2R 9-10／3R 10-9） 片岡誠人 27-30（1R 9-10／2R 9-10／3R 9-10） 柴田　旭 28-29（1R 10-9／2R 9-10／3R 9-10）
134,2022-11-27,PROFESSIONAL SHOOTO 2022 Vol.7,プロフェッショナル修斗公式戦,東京/後楽園ホール,PRO_SHOOTO_MAINLINE,3570,8,,フライ級,5分3R,49,新井丈,和術慧舟會HEARTS,計量結果 :56.6 Kg,arai-jo,1139,大竹陽,HAGANE GYM,計量結果 :56.7 Kg,,F1_WIN_F2_LOSS,opacity (single fighter dimmed),1,04:10,ko,KO,,［レフェリー］豊永　稔
134,2022-11-27,PROFESSIONAL SHOOTO 2022 Vol.7,プロフェッショナル修斗公式戦,東京/後楽園ホール,PRO_SHOOTO_MAINLINE,3565,7,,バンタム級,5分3R,1294,後藤丈治,TRIBE TOKYO M.M.A,計量結果 :60.9 Kg,goto-joji,1500,須藤拓真,X-TREAM EBINA,計量結果 :61.2 Kg,,F1_LOSS_F2_WIN,opacity (single fighter dimmed),2,02:01,submision,S,ヒールホールド,※赤：後藤の負傷によるレフェリーストップ ［レフェリー］柴田　旭 ［サブレフェリー］ 長瀬達郎 1R 10-9 福田正人 1R 10-9 田澤康宏 1R 10-9
134,2022-11-27,PROFESSIONAL SHOOTO 2022 Vol.7,プロフェッショナル修斗公式戦,東京/後楽園ホール,PRO_SHOOTO_MAINLINE,3571,6,,フライ級,5分3R,142,内藤頌貴,THE BLACKBELT JAPAN,計量結果 :56.7 Kg,,1067,高岡宏気,FORCE GYM,計量結果 :56.4 Kg,takaoka-hiroki,F1_WIN_F2_LOSS,score 3-0 (overrides opacity if needed),,,ud,判定 3-0,,［レフェリー］片岡誠人 ［サブレフェリー］ 豊永　稔 29-28（1R 10-9／2R 9-10／3R 10-9） 福田正人 29-28（1R 10-9／2R 9-10／3R 10-9） 長瀬達郎 29-28（1R 10-9／2R 9-10／3R 10-9）
134,2022-11-27,PROFESSIONAL SHOOTO 2022 Vol.7,プロフェッショナル修斗公式戦,東京/後楽園ホール,PRO_SHOOTO_MAINLINE,3566,5,インフィニティリーグ2022 初代女子アトム級王座決定リーグ戦,女子アトム級,5分2R,1327,澤田千優,AACC,計量結果 :47.4 Kg,chihiro-sawada,1241,小生由紀,グランドスラム沖縄A・P・P,計量結果 :47.3 Kg,,F1_WIN_F2_LOSS,score 3-0 (overrides opacity if needed),,,ud,判定 3-0,,※勝利した赤：澤田が勝ち点2ポイントを獲得。（累計10P） ※※この結果により澤田千優（AACC）がリーグ戦を優勝。初代女子アトム級王者に。 ［レフェリー］福田正人 ［サブレフェリー］ 長瀬達郎 20-18（1R 10-9／2R 10-9） 片岡誠人 20-17（1R 10-9／2R 10-8） 柴田　旭 20-17（1R 10-9／2R 10-8）
134,2022-11-27,PROFESSIONAL SHOOTO 2022 Vol.7,プロフェッショナル修斗公式戦,東京/後楽園ホール,PRO_SHOOTO_MAINLINE,3567,4,インフィニティリーグ2022 初代女子アトム級王座決定リーグ戦,女子アトム級,5分2R,1274,中村未来,マルスジム,計量結果 :47.4 Kg,,554,久遠,ZERO,計量結果 :47.6 Kg,,F1_WIN_F2_LOSS,opacity (single fighter dimmed),1,04:59,tko,TKO,,※レフェリーストップ ※※勝利した赤：中村が勝ち点4ポイントを獲得。（累計8P） ［レフェリー］片岡誠人
134,2022-11-27,PROFESSIONAL SHOOTO 2022 Vol.7,プロフェッショナル修斗公式戦,東京/後楽園ホール,PRO_SHOOTO_MAINLINE,3578,3,,女子フライ級,5分3R,1481,ライカ,RIGHT THING ACADEMY,計量結果 :56.5 Kg,,1482,キムソユル,MOB Training Center,計量結果 :55.7 Kg,,F1_LOSS_F2_WIN,opacity (single fighter dimmed),3,02:18,submision,S,スリーパーホールド,［レフェリー］片岡誠人 ［サブレフェリー］ 豊永　稔 1R 9-10／2R 9-10 福田正人 1R 9-10／2R 9-10 田澤康宏 1R 9-10／2R 9-10
134,2022-11-27,PROFESSIONAL SHOOTO 2022 Vol.7,プロフェッショナル修斗公式戦,東京/後楽園ホール,PRO_SHOOTO_MAINLINE,3569,2,新人王決定トーナメント,バンタム級,5分2R,1339,齋藤奨司,FIGHT FARM,計量結果 :61.1 Kg,saito-shoji,1253,新井拓巳,ストライプル新百合ケ丘,計量結果 :61.0 Kg,,F1_LOSS_F2_WIN,score 0-1 (overrides opacity if needed),,,ud,判定 0-1,,※優勢ポイント1-2により青：新井がトーナメント決勝戦進出。決勝では南風原 吉良斗（THEパラエストラ沖縄）との対戦が決定。 ［レフェリー］柴田　旭 ［サブレフェリー］ 豊永　稔 19-19（1R 10-9／2R 9-10） 片岡誠人 18-20（1R 9-10／2R 9-10） 田澤康宏 19-19（1R 10-9／2R 9-10）
134,2022-11-27,PROFESSIONAL SHOOTO 2022 Vol.7,プロフェッショナル修斗公式戦,東京/後楽園ホール,PRO_SHOOTO_MAINLINE,3572,1,新人王決定トーナメント,フライ級,5分2R,1423,須藤晃大,EXFIGHT,計量結果 :56.7 Kg,,1453,打威致,有永道場TeamResolve,計量結果 :56.6 Kg,,F1_WIN_F2_LOSS,score 3-0 (overrides opacity if needed),,,ud,判定 3-0,,※勝利した赤：須藤がトーナメント決勝戦進出。決勝では片山 将宏（TRIBE TOKYO MMA）との対戦が決定。 ［レフェリー］長瀬達郎 ［サブレフェリー］ 豊永　稔 20-17（1R 10-9／2R 10-8） 片岡誠人 19-18（1R 9-10／2R 10-8） 田澤康宏 20-20（1R 10-9／2R 10-8）
134,2022-11-27,PROFESSIONAL SHOOTO 2022 Vol.7,プロフェッショナル修斗公式戦,東京/後楽園ホール,PRO_SHOOTO_MAINLINE,3573,,,トライアウト,3分2R,1501,上田真央,修斗GYMS直心会 UBF,計量結果 :69.1 Kg,,1502,緒方亜香里,AACC,計量結果 :69.8 Kg,,F1_LOSS_F2_WIN,opacity (single fighter dimmed),2,00:18,tko,TKO,レフェリーストップ,17:30開始 ［レフェリー］田澤康宏 ［ジャッジ］ A：豊永　稔 1R 8-10 B：福田正人 1R 8-10 C：長瀬達郎1R 9-10 ※頭部へのダメージにより赤：上田は60日間の試合出場停止。（2023年1月26日まで）
148,2022-11-06,THE SHOOTO OKINAWA vol.7,プロフェッショナル修斗公式戦沖縄大会,ミュージックタウン音市場,OKINAWA_REGIONAL;PRO_SHOOTO_MAINLINE,3574,8,,ストロー級,5分3R,38,マッチョザバタフライ,総合格闘技道場コブラ会,計量結果 :52.7 Kg,,1176,当真佳直,reversaL Gym OKINAWA CROSS×LINE,計量結果 :52.1 Kg,,F1_LOSS_F2_WIN,score 0-2 (overrides opacity if needed),,,ud,判定 0-2,,※ストロー級5分3Rから変更。 ※※当初の契約体重を超過した赤：マッチョ・ザ・バタフライに全ラウンド減点1とした上で52.7kg契約にて試合を実施。 ［レフェリー］豊永　稔 ［サブレフェリー］ 小島邦裕 27-27（1R 9-9／2R 9-9／3R 9-9） 田澤康宏 26-28（1R 8-10／2R 9-9／3R 9-9） 島袋零二 25-29（1R 8-10／2R 9-9／3R 8-10）
148,2022-11-06,THE SHOOTO OKINAWA vol.7,プロフェッショナル修斗公式戦沖縄大会,ミュージックタウン音市場,OKINAWA_REGIONAL;PRO_SHOOTO_MAINLINE,3575,7,,フライ級,5分3R,955,宮城友一,キックボクシングDROP,計量結果 :56.6 Kg,,635,鎌田悠介,ピロクテテス新潟,計量結果 :56.4 Kg,,F1_WIN_F2_LOSS,opacity (single fighter dimmed),1,01:05,ko,KO,,［レフェリー］豊永　稔
148,2022-11-06,THE SHOOTO OKINAWA vol.7,プロフェッショナル修斗公式戦沖縄大会,ミュージックタウン音市場,OKINAWA_REGIONAL;PRO_SHOOTO_MAINLINE,3576,6,,フェザー級,5分3R,642,結城大樹,MASTER JAPAN FUKUOKA,計量結果 :65.8 Kg,,1309,工藤圭一郎,グランドスラム沖縄A・P・P,計量結果 :65.7 Kg,,F1_WIN_F2_LOSS,score 3-0 (overrides opacity if needed),,,ud,判定 3-0,,［レフェリー］豊永　稔 ［サブレフェリー］ 小島邦裕 30-27（1R 10-9／2R 10-9／3R 10-9） 田澤康宏 30-27（1R 10-9／2R 10-9／3R 10-9） 島袋零二 30-27（1R 10-9／2R 10-9／3R 10-9）
148,2022-11-06,THE SHOOTO OKINAWA vol.7,プロフェッショナル修斗公式戦沖縄大会,ミュージックタウン音市場,OKINAWA_REGIONAL;PRO_SHOOTO_MAINLINE,3592,5,2022年度新人王決定トーナメント,バンタム級,5分2R,1303,南風原吉良斗,THE BLACKBELT JAPAN,計量結果 :61.2 Kg,,1304,藤谷敦史,MASTER JAPAN FUKUOKA,計量結果 :60.9 Kg,,F1_WIN_F2_LOSS,opacity (single fighter dimmed),1,02:19,submision,S,スリーパーホールド,勝利した赤：南風原がトーナメント決勝戦進出。 ［レフェリー］豊永　稔
148,2022-11-06,THE SHOOTO OKINAWA vol.7,プロフェッショナル修斗公式戦沖縄大会,ミュージックタウン音市場,OKINAWA_REGIONAL;PRO_SHOOTO_MAINLINE,3593,4,,ストロー級,5分2R,1302,畠山隆称,THE BLACKBELT JAPAN沖縄,計量結果 :52.0 Kg,,1227,大城正也,T-REX柔術アカデミー,計量結果 :52.1 Kg,,F1_WIN_F2_LOSS,score 3-0 (overrides opacity if needed),,,ud,判定 3-0,,［レフェリー］豊永　稔 ［サブレフェリー］ 小生隆弘 20-18（1R 10-9／2R 10-9） 田澤康宏 20-18（1R 10-9／2R 10-9） 島袋零二 20-18（1R 10-9／2R 10-9）
148,2022-11-06,THE SHOOTO OKINAWA vol.7,プロフェッショナル修斗公式戦沖縄大会,ミュージックタウン音市場,OKINAWA_REGIONAL;PRO_SHOOTO_MAINLINE,3594,3,,バンタム級,5分2R,1306,波平コング,THE BLACKBELT JAPAN,計量結果 :60.7 Kg,,1513,テンガイ,総合格闘技ゴンズジム,計量結果 :61.1 Kg,,DRAW,score tied 0-0,,,ud,判定 0-0,,［レフェリー］豊永　稔 ［サブレフェリー］ 小生隆弘 19-19（1R 9-10／2R 10-9） 田澤康宏 19-19（1R 9-10／2R 10-9） 島袋零二 19-19（1R 9-10／2R 10-9）
148,2022-11-06,THE SHOOTO OKINAWA vol.7,プロフェッショナル修斗公式戦沖縄大会,ミュージックタウン音市場,OKINAWA_REGIONAL;PRO_SHOOTO_MAINLINE,3595,2,,ストロー級,5分2R,1226,わっしょい内田,パーソナルスタイルス,計量結果 :52.1 Kg,,1398,梅木勇徳,THE BLACKBELT JAPAN,計量結果 :52.2 Kg,,F1_WIN_F2_LOSS,score 3-0 (overrides opacity if needed),,,ud,判定 3-0,,［レフェリー］小生隆弘 ［サブレフェリー］ 豊永　稔 20-18（1R 10-9／2R 10-9） 田澤康宏 20-18（1R 10-9／2R 10-9） 島袋零二 20-18（1R 10-9／2R 10-9）
148,2022-11-06,THE SHOOTO OKINAWA vol.7,プロフェッショナル修斗公式戦沖縄大会,ミュージックタウン音市場,OKINAWA_REGIONAL;PRO_SHOOTO_MAINLINE,3596,1,,ストロー級,5分2R,1514,PINKY,THE BLACKBELT JAPAN,計量結果 :51.7 Kg,,1427,大田ノヒロ,THE BLACKBELT JAPAN,計量結果 :52.1 Kg,,F1_WIN_F2_LOSS,opacity (single fighter dimmed),1,03:02,f,反則失格,,［レフェリー］小生隆弘
148,2022-11-06,THE SHOOTO OKINAWA vol.7,プロフェッショナル修斗公式戦沖縄大会,ミュージックタウン音市場,OKINAWA_REGIONAL;PRO_SHOOTO_MAINLINE,3577,,,,3分1R,1208,黒部三奈,マスタージャパン,,,1241,小生由紀,グランドスラム沖縄A・P・P,,,NO_CONTEST,note text explicitly states no decision (勝敗なし),,,,,,勝敗なし
148,2022-11-06,THE SHOOTO OKINAWA vol.7,プロフェッショナル修斗公式戦沖縄大会,ミュージックタウン音市場,OKINAWA_REGIONAL;PRO_SHOOTO_MAINLINE,3597,,,トライアウト,3分2R,1515,松浦真実也,総合格闘技実業団トップティア,計量結果 :65.7 Kg,,1516,山本敦章,THE BLACKBELT JAPAN,計量結果 :65.7 Kg,,F1_WIN_F2_LOSS,score 3-0 (overrides opacity if needed),,,ud,判定 3-0,,［レフェリー］小生隆弘 ［サブレフェリー］ 豊永　稔 20-18（1R 10-9／2R 10-9） 田澤康宏 20-18（1R 10-9／2R 10-9） 島袋零二 20-18（1R 10-9／2R 10-9）
138,2022-10-15,SHOOTO GIG TOKYO Vol.33,プロフェッショナル修斗公式戦,東京/新宿FACE,GIG_UNDERCARD_SERIES;PRO_SHOOTO_MAINLINE,3532,12,,フェザー級,5分2R,1183,木下カラテ,和術慧舟會HEARTS,計量結果 :65.8 Kg,kinoshita-karate,1369,竹原魁晟,THE BLACKBELT JAPAN,計量結果 :65.7 Kg,,F1_LOSS_F2_WIN,opacity (single fighter dimmed),1,00:47,tko,TKO,レフェリーストップ,［レフェリー］片岡誠人
138,2022-10-15,SHOOTO GIG TOKYO Vol.33,プロフェッショナル修斗公式戦,東京/新宿FACE,GIG_UNDERCARD_SERIES;PRO_SHOOTO_MAINLINE,3536,11,,バンタム級,5分2R,1069,榎本明,TRIBE TOKYO MMA,計量結果 :61.0 Kg,,232,松下祐介,パラエストラTB,計量結果 :61.2 Kg,,F1_WIN_F2_LOSS,score 3-0 (overrides opacity if needed),,,ud,判定 3-0,,［レフェリー］福田正人 ［サブレフェリー］ 田澤康宏 20-18（1R 10-9／2R 10-9） 松村　慶 20-17（1R 10-9／2R 10-8） 小島邦裕 20-18（1R 10-9／2R 10-9）
138,2022-10-15,SHOOTO GIG TOKYO Vol.33,プロフェッショナル修斗公式戦,東京/新宿FACE,GIG_UNDERCARD_SERIES;PRO_SHOOTO_MAINLINE,3534,10,,バンタム級,5分2R,1110,ガッツTakato,-,計量結果 :61.2 Kg,,1050,小林佳純,HAGANE GYM,計量結果 :61.2 Kg,,F1_LOSS_F2_WIN,score 0-3 (overrides opacity if needed),,,ud,判定 0-3,,［レフェリー］福田正人 ［サブレフェリー］ 田澤康宏 18-20（1R 9-10／2R 9-10） 松村　慶 18-20（1R 9-10／2R 9-10） 出合　淳 18-20（1R 9-10／2R 9-10）
138,2022-10-15,SHOOTO GIG TOKYO Vol.33,プロフェッショナル修斗公式戦,東京/新宿FACE,GIG_UNDERCARD_SERIES;PRO_SHOOTO_MAINLINE,3533,9,,ライト級,5分2R,1096,エドモンド金子,BRAVE,計量結果 :70.2 Kg,,354,菅原和政,MASTER JAPAN FUKUOKA,計量結果 :70.3 Kg,,F1_LOSS_F2_WIN,score 0-3 (overrides opacity if needed),,,ud,判定 0-3,,［レフェリー］福田正人 ［サブレフェリー］ 片岡誠人 18-20（1R 9-10／2R 9-10） 松村　慶 18-20（1R 9-10／2R 9-10） 出合　淳 18-20（1R 9-10／2R 9-10）
138,2022-10-15,SHOOTO GIG TOKYO Vol.33,プロフェッショナル修斗公式戦,東京/新宿FACE,GIG_UNDERCARD_SERIES;PRO_SHOOTO_MAINLINE,3537,8,,バンタム級,5分2R,1094,伊集龍皇,パラエストラ小岩,計量結果 :61.0 Kg,,1201,関根累,roots,計量結果 :61.1 Kg,,F1_WIN_F2_LOSS,opacity (single fighter dimmed),1,02:41,submision,S,スリーパーホールド,［レフェリー］片岡誠人
138,2022-10-15,SHOOTO GIG TOKYO Vol.33,プロフェッショナル修斗公式戦,東京/新宿FACE,GIG_UNDERCARD_SERIES;PRO_SHOOTO_MAINLINE,3538,7,,バンタム級,5分2R,1385,川北晏生,TRIBE TOKYO M.M.A,計量結果 :60.5 Kg,,1483,中野剛貴,NAUGHTY HOUSE,計量結果 :61.2 Kg,,F1_WIN_F2_LOSS,score 2-0 (overrides opacity if needed),,,ud,判定 2-0,,［レフェリー］片岡誠人 ［サブレフェリー］ 出合　淳 20-18（1R 10-9／2R 10-9） 松村　慶 19-19（1R 10-9／2R 9-10） 小島邦裕 20-18（1R 10-9／2R 10-9）
138,2022-10-15,SHOOTO GIG TOKYO Vol.33,プロフェッショナル修斗公式戦,東京/新宿FACE,GIG_UNDERCARD_SERIES;PRO_SHOOTO_MAINLINE,3535,6,新人王決定トーナメント,フライ級,5分2R,1340,片山将宏,TRIBE TOKYO M.M.A,計量結果 :56.7 Kg,,1337,青井心ニ,心技館,計量結果 :56.7 Kg,,F1_WIN_F2_LOSS,score 3-0 (overrides opacity if needed),,,ud,判定 3-0,,［レフェリー］片岡誠人 ［サブレフェリー］ 田澤康宏 20-17（1R 10-9／2R 10-8） 松村　慶 20-18（1R 10-9／2R 10-9） 福田正人 20-18（1R 10-9／2R 10-9）
138,2022-10-15,SHOOTO GIG TOKYO Vol.33,プロフェッショナル修斗公式戦,東京/新宿FACE,GIG_UNDERCARD_SERIES;PRO_SHOOTO_MAINLINE,3540,5,,フェザー級,5分2R,1249,上原平,リバーサルジム横浜グランドスラム,計量結果 :65.7 Kg,,1355,磯部鉄心,パラエストラ松戸,計量結果 :65.8 Kg,,F1_WIN_F2_LOSS,score 3-0 (overrides opacity if needed),,,ud,判定 3-0,,［レフェリー］片岡誠人 ［サブレフェリー］ 田澤康宏 20-18（1R 10-9／2R 10-9） 松村　慶 20-18（1R 10-9／2R 10-9） 出合　淳 20-18（1R 10-9／2R 10-9）
138,2022-10-15,SHOOTO GIG TOKYO Vol.33,プロフェッショナル修斗公式戦,東京/新宿FACE,GIG_UNDERCARD_SERIES;PRO_SHOOTO_MAINLINE,3539,4,,女子アトム級,5分2R,944,玉田育子,AACC,計量結果 :46.3 Kg,,1484,天天さくら,総合格闘技ジムBATTLE,計量結果 :47.1 Kg,,F1_WIN_F2_LOSS,score 3-0 (overrides opacity if needed),,,ud,判定 3-0,,［レフェリー］福田正人 ［サブレフェリー］ 田澤康宏 20-18（1R 10-9／2R 10-9） 出合　淳 20-18（1R 10-9／2R 10-9） 小島邦裕 20-18（1R 10-9／2R 10-9）
138,2022-10-15,SHOOTO GIG TOKYO Vol.33,プロフェッショナル修斗公式戦,東京/新宿FACE,GIG_UNDERCARD_SERIES;PRO_SHOOTO_MAINLINE,3544,3,,,5分2R,1499,クアト驎,パラエストラ小岩,計量結果 :78.6 Kg,,1487,宮口浩徳,マスタージャパン東京,計量結果 :78.3 Kg,,F1_LOSS_F2_WIN,opacity (single fighter dimmed),2,03:56,submision,S,スリーパーホールド,［レフェリー］福田正人 ［サブレフェリー］ 片岡誠人 1R 9-10 出合　淳 1R 9-10 小島邦裕 1R 9-10
138,2022-10-15,SHOOTO GIG TOKYO Vol.33,プロフェッショナル修斗公式戦,東京/新宿FACE,GIG_UNDERCARD_SERIES;PRO_SHOOTO_MAINLINE,3541,2,,フライ級,5分2R,1323,佐々木駿友,T-GRIP TOKYO,計量結果 :56.3 Kg,,1371,森田興希,パラエストラ松戸,計量結果 :56.5 Kg,,F1_WIN_F2_LOSS,score 3-0 (overrides opacity if needed),,,ud,判定 3-0,,［レフェリー］福田正人 ［サブレフェリー］ 田澤康宏 20-18（1R 10-9／2R 10-9） 松村　慶 20-18（1R 10-9／2R 10-9） 小島邦裕 20-18（1R 10-9／2R 10-9）
138,2022-10-15,SHOOTO GIG TOKYO Vol.33,プロフェッショナル修斗公式戦,東京/新宿FACE,GIG_UNDERCARD_SERIES;PRO_SHOOTO_MAINLINE,3543,1,,ライト級,5分2R,1236,井口雅仁,AACC,計量結果 :70.0 Kg,,1060,モリシマン,STYLE PLUS GYM,計量結果 :69.9 Kg,,F1_WIN_F2_LOSS,score 3-0 (overrides opacity if needed),,,ud,判定 3-0,,［レフェリー］片岡誠人 ［サブレフェリー］ 田澤康宏 20-17（1R 10-8／2R 10-9） 松村　慶 20-18（1R 10-9／2R 10-9） 福田正人 20-18（1R 10-9／2R 10-9）
138,2022-10-15,SHOOTO GIG TOKYO Vol.33,プロフェッショナル修斗公式戦,東京/新宿FACE,GIG_UNDERCARD_SERIES;PRO_SHOOTO_MAINLINE,3542,,,バンタム級,5分2R,1485,青井太一,心技館,計量結果 :62.7 Kg,aoi-taichi,1498,太田慎太郎,RISING SUN,計量結果 :61.0 Kg,,F1_WIN_F2_LOSS,score 3-0 (overrides opacity if needed),,,ud,判定 3-0,,※17:30開始 ［レフェリー］片岡誠人 ［サブレフェリー］ 田澤康宏 20-18（1R 10-9／2R 10-9） 松村　慶 20-18（1R 10-9／2R 10-9） 福田正人 20-18（1R 10-9／2R 10-9）
133,2022-09-19,PROFESSIONAL SHOOTO 2022 Vol.6,プロフェッショナル修斗公式戦,東京/後楽園ホール,PRO_SHOOTO_MAINLINE,3521,10,世界ストロー級チャンピオンシップ,ストロー級,5分5R,29,猿丸ジュンジ,修斗GYM東京,計量結果 :52.1 Kg,,49,新井丈,和術慧舟會HEARTS,計量結果 :52.1 Kg,arai-jo,F1_LOSS_F2_WIN,opacity (single fighter dimmed),1,01:50,ko,KO,,※勝利した挑戦者：新井が第10代世界ストロー級王者に。 ［レフェリー］片岡誠人
133,2022-09-19,PROFESSIONAL SHOOTO 2022 Vol.6,プロフェッショナル修斗公式戦,東京/後楽園ホール,PRO_SHOOTO_MAINLINE,3527,9,,ウェルター級,5分3R,1283,西川大和,西川道場,計量結果 :76.8 Kg,,1479,草MAX,EAM CLIMB/GRABAKA赤羽,計量結果 :76.7 Kg,,F1_WIN_F2_LOSS,score 3-0 (overrides opacity if needed),,,ud,判定 3-0,,［レフェリー］豊永　稔 ［サブレフェリー］ 片岡誠人 30-27（1R 10-9／2R 10-9／3R 10-9） 柴田　旭 30-27（1R 10-9／2R 10-9／3R 10-9） 橋本　貴 30-27（1R 10-9／2R 10-9／3R 10-9）
133,2022-09-19,PROFESSIONAL SHOOTO 2022 Vol.6,プロフェッショナル修斗公式戦,東京/後楽園ホール,PRO_SHOOTO_MAINLINE,3522,8,,フライ級,5分3R,959,関口祐冬,修斗GYM東京,計量結果 :56.5 Kg,,1159,内田タケル,THE BLACKBELT JAPAN,計量結果 :56.5 Kg,uchida-takeru,F1_WIN_F2_LOSS,opacity (single fighter dimmed),1,04:46,submision,S,腕十字固め,［レフェリー］福田正人
133,2022-09-19,PROFESSIONAL SHOOTO 2022 Vol.6,プロフェッショナル修斗公式戦,東京/後楽園ホール,PRO_SHOOTO_MAINLINE,3523,7,,バンタム級,5分3R,1294,後藤丈治,TRIBE TOKYO M.M.A,計量結果 :60.9 Kg,goto-joji,130,加藤ケンジ,NeighborHood,計量結果 :61.0 Kg,,F1_WIN_F2_LOSS,opacity (single fighter dimmed),2,03:52,tko,TKO,レフェリーストップ,［レフェリー］柴田　旭 ［サブレフェリー］ 豊永　稔1R 9-10 福田正人1R 9-10 橋本　貴1R 9-10
133,2022-09-19,PROFESSIONAL SHOOTO 2022 Vol.6,プロフェッショナル修斗公式戦,東京/後楽園ホール,PRO_SHOOTO_MAINLINE,3528,6,,フェザー級,5分3R,701,たてお,ELEVEN,計量結果 :65.7 Kg,tateo,1089,論田愛空隆,心技館,計量結果 :65.7 Kg,,F1_WIN_F2_LOSS,opacity (single fighter dimmed),3,01:13,tko,TKO,レフェリーストップ,［レフェリー］柴田　旭 ［サブレフェリー］ 豊永　稔 1R 10-9／2R 10-8 長瀬達郎 1R 10-9／2R 10-8 橋本　貴 1R 10-9／2R 10-9
133,2022-09-19,PROFESSIONAL SHOOTO 2022 Vol.6,プロフェッショナル修斗公式戦,東京/後楽園ホール,PRO_SHOOTO_MAINLINE,3531,5,,女子フライ級,5分2R,1481,ライカ,RIGHT THING ACADEMY,計量結果 :56.5 Kg,,1171,杉本恵,AACC,計量結果 :56.3 Kg,,F1_WIN_F2_LOSS,score 1-0 (overrides opacity if needed),,,ud,判定 1-0,,［レフェリー］福田正人 ［サブレフェリー］ 豊永　稔 19-19（1R 10-9／2R 9-10） 長瀬達郎 20-18（1R 10-9／2R 10-9） 橋本　貴 19-19（1R 9-10／2R 10-9）
133,2022-09-19,PROFESSIONAL SHOOTO 2022 Vol.6,プロフェッショナル修斗公式戦,東京/後楽園ホール,PRO_SHOOTO_MAINLINE,3530,4,,バンタム級,5分2R,214,齋藤翼,総合格闘技道場津田沼道場/FIGHT FARM,計量結果 :61.2 Kg,,1299,チョウスソン,NAUGHTY HOUSE,計量結果 :61.1 Kg,,F1_LOSS_F2_WIN,score 0-3 (overrides opacity if needed),,,ud,判定 0-3,,［レフェリー］長瀬達郎 ［サブレフェリー］ 豊永　稔 18-20（1R 9-10／2R 9-10） 福田正人 18-20（1R 9-10／2R 9-10） 片岡誠人 18-20（1R 9-10／2R 9-10）
133,2022-09-19,PROFESSIONAL SHOOTO 2022 Vol.6,プロフェッショナル修斗公式戦,東京/後楽園ホール,PRO_SHOOTO_MAINLINE,3525,3,インフィニティリーグ2022 初代女子アトム級王座決定リーグ戦,女子アトム級,5分2R,554,久遠,ZERO,計量結果 :47.5 Kg,,1241,小生由紀,グランドスラム沖縄A・P・P,計量結果 :47.4 Kg,,F1_LOSS_F2_WIN,opacity (single fighter dimmed),2,02:13,submision,S,腕十字固め,勝利した青：小生が3ポイント獲得。（累計4P） ［レフェリー］橋本　貴 ［サブレフェリー］ 片岡誠人 1R 9-10 福田正人 1R 9-10 長瀬達郎 1R 9-10
133,2022-09-19,PROFESSIONAL SHOOTO 2022 Vol.6,プロフェッショナル修斗公式戦,東京/後楽園ホール,PRO_SHOOTO_MAINLINE,3526,2,新人王決定トーナメント,フェザー級,5分2R,1296,椿飛鳥,フリー,計量結果 :65.8 Kg,tsubaki-asuka,1309,工藤圭一郎,グランドスラム沖縄A・P・P,計量結果 :65.8 Kg,,F1_WIN_F2_LOSS,score 3-0 (overrides opacity if needed),,,ud,判定 3-0,,勝利した赤：椿がトーナメント決勝進出。決勝戦ではCHAN-龍（MMA Zジム）との対戦が決定。 ［レフェリー］豊永　稔 ［サブレフェリー］ 片岡誠人 20-18（1R 10-9／2R 10-9） 福田正人 20-18（1R 10-9／2R 10-9） 柴田　旭 20-18（1R 10-9／2R 10-9）
133,2022-09-19,PROFESSIONAL SHOOTO 2022 Vol.6,プロフェッショナル修斗公式戦,東京/後楽園ホール,PRO_SHOOTO_MAINLINE,3529,1,2022年度新人王決定トーナメント,フライ級,5分2R,1423,須藤晃大,EXFIGHT,計量結果 :56.6 Kg,,1480,大谷あっくんボンバー,タトル,計量結果 :56.0 Kg,,F1_WIN_F2_LOSS,opacity (single fighter dimmed),2,03:04,submision,S,スリーパーホールド,勝利した赤：須藤がトーナメント進出。 ［レフェリー］片岡誠人 ［サブレフェリー］ 長瀬達郎 1R 10-9 福田正人 1R 10-9 柴田　旭 1R 10-9
146,2022-09-11,FORCE 16,プロフェッショナル修斗公式戦,高松シンボルタワー 展示場／香川県高松市,FORCE_REGIONAL;PRO_SHOOTO_MAINLINE,3545,10,,フライ級,5分2R,1067,高岡宏気,FORCE GYM,計量結果 :56.5 Kg,takaoka-hiroki,35,ニシダ☆ショー,BURST,計量結果 :56.6 Kg,,F1_WIN_F2_LOSS,score 3-0 (overrides opacity if needed),,,ud,判定 3-0,,［レフェリー］片岡誠人 ［サブレフェリー］ 吉田元貴 20-18（1R 10-9／2R 10-9） 山本諭志 20-18（1R 10-9／2R 10-9） 加藤秀和 20-18（1R 10-9／2R 10-9）
146,2022-09-11,FORCE 16,プロフェッショナル修斗公式戦,高松シンボルタワー 展示場／香川県高松市,FORCE_REGIONAL;PRO_SHOOTO_MAINLINE,3546,9,,バンタム級,5分2R,153,堀川55滉介,TEAM一領具足,計量結果 :60.8 Kg,,624,國頭武,BURST,計量結果 :61.1 Kg,,DRAW,score tied 0-0,,,ud,判定 0-0,,［レフェリー］片岡誠人 ［サブレフェリー］ 吉田元貴 19-19（1R 9-10／2R 10-9） 山本諭志 19-19（1R 9-10／2R 10-9） 加藤秀和 19-19（1R 9-10／2R 10-9）
146,2022-09-11,FORCE 16,プロフェッショナル修斗公式戦,高松シンボルタワー 展示場／香川県高松市,FORCE_REGIONAL;PRO_SHOOTO_MAINLINE,3547,8,,フライ級,5分2R,1129,安芸柊斗,MMA Zジム,計量結果 :56.4 Kg,,1488,マルザヘンペーソク,MIBURO,計量結果 :56.1 Kg,,F1_WIN_F2_LOSS,opacity (single fighter dimmed),1,02:55,tko,TKO,レフェリーストップ,［レフェリー］吉田元貴
146,2022-09-11,FORCE 16,プロフェッショナル修斗公式戦,高松シンボルタワー 展示場／香川県高松市,FORCE_REGIONAL;PRO_SHOOTO_MAINLINE,3548,7,,バンタム級,5分2R,229,藤川智史,総合格闘技道場ARMS,計量結果 :61.2 Kg,,1303,南風原吉良斗,THE BLACKBELT JAPAN,計量結果 :61.2 Kg,,F1_LOSS_F2_WIN,score 0-1 (overrides opacity if needed),,,ud,判定 0-1,,［レフェリー］吉田元貴 ［サブレフェリー］ 片岡誠人 19-19（1R 9-10／2R 10-9） 山本諭志 18-20（1R 9-10／2R 9-10） 加藤秀和 19-19（1R 9-10／2R 10-9）
146,2022-09-11,FORCE 16,プロフェッショナル修斗公式戦,高松シンボルタワー 展示場／香川県高松市,FORCE_REGIONAL;PRO_SHOOTO_MAINLINE,3549,6,,ストロー級,5分2R,1390,石原愼之介,MMA Zジム,計量結果 :51.9 Kg,,1382,三輪勇気,修斗GYM神戸,計量結果 :52.1 Kg,,F1_WIN_F2_LOSS,opacity (single fighter dimmed),1,04:01,tko,TKO,レフェリーストップ,［レフェリー］片岡誠人
146,2022-09-11,FORCE 16,プロフェッショナル修斗公式戦,高松シンボルタワー 展示場／香川県高松市,FORCE_REGIONAL;PRO_SHOOTO_MAINLINE,3550,5,,バンタム級,5分2R,1306,波平コング,THE BLACKBELT JAPAN,計量結果 :60.7 Kg,,619,近藤洋平,BURST,計量結果 :61.1 Kg,,F1_LOSS_F2_WIN,score 0-3 (overrides opacity if needed),,,ud,判定 0-3,,［サブレフェリー］ 吉田元貴 18-20（1R 9-10／2R 9-10） 山本諭志 18-20（1R 9-10／2R 9-10） 加藤秀和 18-20（1R 9-10／2R 9-10）
146,2022-09-11,FORCE 16,プロフェッショナル修斗公式戦,高松シンボルタワー 展示場／香川県高松市,FORCE_REGIONAL;PRO_SHOOTO_MAINLINE,3551,4,,女子スーパーアトム級,5分2R,920,ヒヤマNFC,NFC,計量結果 :47.4 Kg,,1489,川西茉夕,BURST,計量結果 :47.2 Kg,,F1_LOSS_F2_WIN,opacity (single fighter dimmed),1,04:50,submision,S,チキンウイング・アームロック,［レフェリー］片岡誠人
146,2022-09-11,FORCE 16,プロフェッショナル修斗公式戦,高松シンボルタワー 展示場／香川県高松市,FORCE_REGIONAL;PRO_SHOOTO_MAINLINE,3552,3,,ライト級,5分2R,1490,大鶴絢史,club-G&総合格闘技近田道場,計量結果 :70.2 Kg,,1394,KENZO,BURST,計量結果 :69.8 Kg,,F1_LOSS_F2_WIN,score 0-3 (overrides opacity if needed),,,ud,判定 0-3,,［レフェリー］片岡誠人 ［サブレフェリー］ 安芸佳孝 18-19（1R 10-9／2R 8-10） 加藤秀和 18-19（1R 10-9／2R 8-10） 山本諭志 18-19（1R 10-9／2R 8-10）
146,2022-09-11,FORCE 16,プロフェッショナル修斗公式戦,高松シンボルタワー 展示場／香川県高松市,FORCE_REGIONAL;PRO_SHOOTO_MAINLINE,3553,2,,バンタム級,5分2R,1395,二宮弘樹,HOPE,計量結果 :60.8 Kg,,1459,小川隼人,修斗GYM神戸,計量結果 :60.8 Kg,,F1_LOSS_F2_WIN,opacity (single fighter dimmed),1,00:47,tko,TKO,レフェリーストップ,［レフェリー］吉田元貴 ［サブレフェリー］ 安芸佳孝 1R 10-9 加藤秀和 1R 10-9 山本諭志 1R 10-9
146,2022-09-11,FORCE 16,プロフェッショナル修斗公式戦,高松シンボルタワー 展示場／香川県高松市,FORCE_REGIONAL;PRO_SHOOTO_MAINLINE,3554,1,,ストロー級,5分2R,1302,畠山隆称,THE BLACKBELT JAPAN沖縄,計量結果 :52.1 Kg,,1133,木村旬志,ゼロ戦クラブ,計量結果 :52.2 Kg,,F1_WIN_F2_LOSS,score 3-0 (overrides opacity if needed),,,ud,判定 3-0,,［レフェリー］吉田元貴 ［サブレフェリー］ 安芸佳孝 20-18（1R 10-9／2R 10-9） 加藤秀和 20-18（1R 10-9／2R 10-9） 片岡誠人 20-18（1R 10-9／2R 10-9）
146,2022-09-11,FORCE 16,プロフェッショナル修斗公式戦,高松シンボルタワー 展示場／香川県高松市,FORCE_REGIONAL;PRO_SHOOTO_MAINLINE,3555,,,キッズ・ジュニア修斗,4分1R,1491,元島琉月,正道会館菱川道場,計量結果 :35.1 Kg,,1492,大津隆政,有永道場 Team Resolve,計量結果 :35.5 Kg,,F1_WIN_F2_LOSS,score 3-0 (overrides opacity if needed),,,ud,判定 3-0,,［レフェリー］吉田元貴 ［ジャッジ］ A：安芸佳孝 10-9 B：加藤秀和 10-9 C：片岡誠人 10-9
147,2022-08-21,越後風神祭り9,プロフェッショナル修斗公式戦,万代島多目的広場 大かま,ECHIGO_REGIONAL;PRO_SHOOTO_MAINLINE,3556,14,,フェザー級,5分2R,1361,岡田達磨,SAI-GYM,計量結果 :65.7 Kg,,1420,メイヘム和成,パラエストラ小岩,計量結果 :65.5 Kg,,F1_WIN_F2_LOSS,score 3-0 (overrides opacity if needed),,,ud,判定 3-0,,［レフェリー］片岡誠人 ［サブレフェリー］ 太田純一 20-18（1R 10-9／2R 10-9） 高本裕和 20-17（1R 10-9／2R 10-8） 小島邦裕 20-16（1R 10-8／2R 10-8）
147,2022-08-21,越後風神祭り9,プロフェッショナル修斗公式戦,万代島多目的広場 大かま,ECHIGO_REGIONAL;PRO_SHOOTO_MAINLINE,3557,13,,フェザー級,5分2R,275,小川将貴,ピロクテテス新潟,計量結果 :65.6 Kg,,1120,ムテカツ,総合格闘技ゴンズジム,計量結果 :65.6 Kg,,F1_WIN_F2_LOSS,score 3-0 (overrides opacity if needed),,,ud,判定 3-0,,［レフェリー］片岡誠人 ［サブレフェリー］ 太田純一 20-17（1R 10-8／2R 10-9） 高本裕和 20-18（1R 10-9／2R 10-9） 小島邦裕 20-18（1R 10-9／2R 10-9）
147,2022-08-21,越後風神祭り9,プロフェッショナル修斗公式戦,万代島多目的広場 大かま,ECHIGO_REGIONAL;PRO_SHOOTO_MAINLINE,3558,12,,フェザー級,5分2R,350,小林孝秀,SLACK,計量結果 :65.3 Kg,,1204,平澤克明,飛翔塾コンドル,計量結果 :65.5 Kg,,F1_LOSS_F2_WIN,opacity (single fighter dimmed),2,02:57,tko,TKO,赤：小林の負傷によるレフェリーストップ,［レフェリー］高本裕和 ［サブレフェリー］ 太田純一 1R 9-10 片岡誠人 1R 9-10 小島邦裕 1R 9-10
147,2022-08-21,越後風神祭り9,プロフェッショナル修斗公式戦,万代島多目的広場 大かま,ECHIGO_REGIONAL;PRO_SHOOTO_MAINLINE,3559,11,,フライ級,5分2R,1352,山口峻,ブレイブハート,計量結果 :56.5 Kg,,1493,亮我,総合格闘技ゴンズジム,計量結果 :56.7 Kg,ryoga,F1_LOSS_F2_WIN,score 0-1 (overrides opacity if needed),,,ud,判定 0-1,,［レフェリー］片岡誠人 ［サブレフェリー］ 太田純一 19-19（1R 10-9／2R 9-10） 高本裕和 18-20（1R 9-10／2R 9-10） 小島邦裕 19-19（1R 10-9／2R 9-10）
147,2022-08-21,越後風神祭り9,プロフェッショナル修斗公式戦,万代島多目的広場 大かま,ECHIGO_REGIONAL;PRO_SHOOTO_MAINLINE,3560,10,,ライト級,5分2R,1057,伊集守道,Theパラエストラ沖縄,計量結果 :69.9 Kg,,1494,畑田智洋,ピロクテテス新潟,計量結果 :69.9 Kg,,F1_WIN_F2_LOSS,score 2-0 (overrides opacity if needed),,,ud,判定 2-0,,［レフェリー］片岡誠人 ［サブレフェリー］ 太田純一 20-18（1R 10-9／2R 10-9） 高本裕和 19-19（1R 10-9／2R 9-10） 小島邦裕 20-18（1R 10-9／2R 10-9）
147,2022-08-21,越後風神祭り9,プロフェッショナル修斗公式戦,万代島多目的広場 大かま,ECHIGO_REGIONAL;PRO_SHOOTO_MAINLINE,3561,9,,フライ級,5分2R,1177,シューティングガイコツ,THE BLACKBELT JAPAN,計量結果 :56.7 Kg,,1495,社長THEHIGHBALL,DRAGON'S DEN,計量結果 :56.1 Kg,,F1_WIN_F2_LOSS,score 3-0 (overrides opacity if needed),,,ud,判定 3-0,,［レフェリー］太田純一 ［サブレフェリー］ 片岡誠人 20-18（1R 10-9／2R 10-9） 高本裕和 20-18（1R 10-9／2R 10-9） 大内　敬 20-18（1R 10-9／2R 10-9）
147,2022-08-21,越後風神祭り9,プロフェッショナル修斗公式戦,万代島多目的広場 大かま,ECHIGO_REGIONAL;PRO_SHOOTO_MAINLINE,3562,8,,フェザー級,5分2R,1360,長濱靖,ピロクテテス新潟,計量結果 :65.7 Kg,,1362,櫻庭泰裕,ANSWER FIGHT,計量結果 :65.1 Kg,,F1_LOSS_F2_WIN,opacity (single fighter dimmed),2,00:26,submision,S,,［レフェリー］片岡誠人 ［サブレフェリー］ 太田純一 1R 10-9 高本裕和 1R 10-9 大内　敬 1R 10-9
132,2022-07-17,PROFESSIONAL SHOOTO 2022 Vol.5,プロフェッショナル修斗公式戦,東京/後楽園ホール,PRO_SHOOTO_MAINLINE,3500,10,,女子スーパーアトム級,5分3R,1208,黒部三奈,マスタージャパン,計量結果 :49.9 Kg,,1464,パクソヨン,ROADジム・GUNSAN ROADジム,計量結果 :49.7 Kg,,F1_WIN_F2_LOSS,opacity (single fighter dimmed),2,01:34,submision,S,スリーパーホールド,［レフェリー］福田正人 ［サブレフェリー］ 小生隆弘 1R 10-9 片岡誠人 1R 10-9 柴田　旭 1R 10-9
132,2022-07-17,PROFESSIONAL SHOOTO 2022 Vol.5,プロフェッショナル修斗公式戦,東京/後楽園ホール,PRO_SHOOTO_MAINLINE,3501,9,,フライ級,5分3R,142,内藤頌貴,THE BLACKBELT JAPAN,計量結果 :56.7 Kg,,1348,山内渉,FIGHT FARM,計量結果 :56.6 Kg,,F1_LOSS_F2_WIN,score 0-3 (overrides opacity if needed),,,ud,判定 0-3,,［レフェリー］片岡誠人 ［サブレフェリー］ 福田正人 27-29（1R 8-10／2R 9-10／3R 10-9） 小生隆弘 27-29（1R 9-10／2R 8-10／3R 10-9） 柴田　旭 28-29（1R 9-10／2R 9-10／3R 10-9）
132,2022-07-17,PROFESSIONAL SHOOTO 2022 Vol.5,プロフェッショナル修斗公式戦,東京/後楽園ホール,PRO_SHOOTO_MAINLINE,3502,8,,バンタム級,5分3R,305,平川智也,マスタージャパン,計量結果 :61.2 Kg,,183,根津優太,&MOSH,計量結果 :61.1 Kg,,F1_WIN_F2_LOSS,opacity (single fighter dimmed),2,04:40,submision,S,スリーパーホールド,［レフェリー］片岡誠人 ［サブレフェリー］ 福田正人 1R 10-9 内田龍介 1R 10-9 柴田　旭 1R 10-9
132,2022-07-17,PROFESSIONAL SHOOTO 2022 Vol.5,プロフェッショナル修斗公式戦,東京/後楽園ホール,PRO_SHOOTO_MAINLINE,3503,7,,ミドル級,5分2R,1350,岩﨑大河,大道塾/パラエストラ東京/NAUGHTY HOUSE,計量結果 :83.8 Kg,,1465,イムドンジュ,ザ・ジムラップ,計量結果 :83.3 Kg,,F1_WIN_F2_LOSS,opacity (single fighter dimmed),2,,tko,TKO,レフェリーストップ,※※青：イムの頭部負傷 ［レフェリー］福田正人 ［サブレフェリー］ 柴田　旭 1R 10-9 片岡誠人 1R 10-9 小生隆弘 1R 10-9
132,2022-07-17,PROFESSIONAL SHOOTO 2022 Vol.5,プロフェッショナル修斗公式戦,東京/後楽園ホール,PRO_SHOOTO_MAINLINE,3505,6,,バンタム級,5分2R,1339,齋藤奨司,FIGHT FARM,計量結果 :61.0 Kg,saito-shoji,1067,高岡宏気,FORCE GYM,計量結果 :60.8 Kg,takaoka-hiroki,F1_WIN_F2_LOSS,score 3-0 (overrides opacity if needed),,,ud,判定 3-0,,［レフェリー］福田正人 ［サブレフェリー］ 柴田　旭 20-17（1R 10-8／2R 10-9） 片岡誠人 20-18（1R 10-9／2R 10-9） 内田龍介 20-17（1R 10-8／2R 10-9）
132,2022-07-17,PROFESSIONAL SHOOTO 2022 Vol.5,プロフェッショナル修斗公式戦,東京/後楽園ホール,PRO_SHOOTO_MAINLINE,3504,5,,フェザー級,5分2R,329,児山佳宏,THE BLACKBELT JAPAN,計量結果 :65.8 Kg,,1183,木下カラテ,和術慧舟會HEARTS,計量結果 :65.8 Kg,kinoshita-karate,F1_LOSS_F2_WIN,opacity (single fighter dimmed),1,01:43,tko,TKO,レフェリーストップ,［レフェリー］柴田　旭
132,2022-07-17,PROFESSIONAL SHOOTO 2022 Vol.5,プロフェッショナル修斗公式戦,東京/後楽園ホール,PRO_SHOOTO_MAINLINE,3506,4,,女子,5分2R,1297,永尾音波,AACC,計量結果 :49.0 Kg,,1196,北野きゅう,高田馬場道場,計量結果 :48.9 Kg,,F1_WIN_F2_LOSS,score 3-0 (overrides opacity if needed),,,ud,判定 3-0,,［レフェリー］柴田　旭 ［サブレフェリー］ 福田正人 20-17（1R 10-8／2R 10-9） 片岡誠人 20-18（1R 10-9／2R 10-9） 小生隆弘 20-18（1R 10-9／2R 10-9）
132,2022-07-17,PROFESSIONAL SHOOTO 2022 Vol.5,プロフェッショナル修斗公式戦,東京/後楽園ホール,PRO_SHOOTO_MAINLINE,3507,3,2022年度新人王決定トーナメント,女子ストロー級,5分2R,1320,柳仙香,ALLIANCE,計量結果 :52.0 Kg,,1418,ソルト,マルスジム,計量結果 :52.0 Kg,,F1_WIN_F2_LOSS,opacity (single fighter dimmed),2,,submision,S,腕十字固め,※※勝利した赤：柳がトーナメント進出。 ［レフェリー］内田龍介 ［サブレフェリー］ 福田正人 1R 10-9 片岡誠人 1R 10-9 小生隆弘 1R 10-9
132,2022-07-17,PROFESSIONAL SHOOTO 2022 Vol.5,プロフェッショナル修斗公式戦,東京/後楽園ホール,PRO_SHOOTO_MAINLINE,3508,2,,フライ級,5分2R,1139,大竹陽,HAGANE GYM,計量結果 :56.6 Kg,,1323,佐々木駿友,T-GRIP TOKYO,計量結果 :56.5 Kg,,F1_WIN_F2_LOSS,opacity (single fighter dimmed),1,02:24,submision,S,フロントスリーパーホールド,［レフェリー］小生隆弘
132,2022-07-17,PROFESSIONAL SHOOTO 2022 Vol.5,プロフェッショナル修斗公式戦,東京/後楽園ホール,PRO_SHOOTO_MAINLINE,3520,1,,キッズ・ジュニア修斗,4分1R,1380,宇都宮千空,修斗GYMS直心会,,,1478,中山流歌,総合格闘技道場STF,,,F1_WIN_F2_LOSS,opacity (single fighter dimmed),1,01:30,submision,S,腕十字固め,［レフェリー］片岡誠人
136,2022-07-03,PROFESSIONAL SHOOTO 2022 Vol.4 in OSAKA,プロフェッショナル修斗公式戦,大阪/メルパルクホール大阪,PRO_SHOOTO_MAINLINE,3470,20,,バンタム級,5分3R,295,ダイキライトイヤー,修斗GYM神戸,計量結果 :61.1 Kg,,130,加藤ケンジ,NeighborHood,計量結果 :61.1 Kg,,F1_LOSS_F2_WIN,opacity (single fighter dimmed),1,03:35,ko,KO,,［レフェリー］片岡誠人
136,2022-07-03,PROFESSIONAL SHOOTO 2022 Vol.4 in OSAKA,プロフェッショナル修斗公式戦,大阪/メルパルクホール大阪,PRO_SHOOTO_MAINLINE,3515,19,CKC2022-57.5kgトーナメント,新空手道連盟,3分3R,1462,松山和弘,ReBORN経堂,,,1406,澤谷大樹,HAWK GYM,,,F1_LOSS_F2_WIN,opacity (single fighter dimmed),2,02:23,tko,TKO,,※青：澤谷がCKC2022-57.5kgトーナメントを優勝。
136,2022-07-03,PROFESSIONAL SHOOTO 2022 Vol.4 in OSAKA,プロフェッショナル修斗公式戦,大阪/メルパルクホール大阪,PRO_SHOOTO_MAINLINE,3471,18,,ライト級,5分3R,1056,キャプテン☆アフリカ,総合格闘技道場コブラ会,計量結果 :70.2 Kg,captain-africa,406,長田拓也,BLOWS,計量結果 :70.1 Kg,,F1_WIN_F2_LOSS,score 3-0 (overrides opacity if needed),,,ud,判定 3-0,,［レフェリー］豊永　稔 ［サブレフェリー］ 片岡誠人 28-27（1R 10-8／2R 8-10／3R 10-9） 岡田剛史 28-27（1R 10-8／2R 8-10／3R 10-9） 豊島孝尚 29-28（1R 10-9／2R 9-10／3R 10-9）
136,2022-07-03,PROFESSIONAL SHOOTO 2022 Vol.4 in OSAKA,プロフェッショナル修斗公式戦,大阪/メルパルクホール大阪,PRO_SHOOTO_MAINLINE,3491,17,,バンタム級,5分2R,1101,前川大輔,総合格闘技道場コブラ会,計量結果 :61.1 Kg,,1173,當房桂,修斗GYMS直心会,計量結果 :60.9 Kg,,F1_WIN_F2_LOSS,opacity (single fighter dimmed),1,00:37,tko,TKO,グラウンドパンチ,［レフェリー］岡田剛史 ※レフェリーストップ
136,2022-07-03,PROFESSIONAL SHOOTO 2022 Vol.4 in OSAKA,プロフェッショナル修斗公式戦,大阪/メルパルクホール大阪,PRO_SHOOTO_MAINLINE,3492,16,,フライ級,5分2R,1383,井口翔太,修斗GYM神戸,計量結果 :56.6 Kg,,1263,綿谷誠,BLOWS,計量結果 :56.4 Kg,,F1_LOSS_F2_WIN,score 0-1 (overrides opacity if needed),,,ud,判定 0-1,,［レフェリー］ ［サブレフェリー］ 豊永　稔 18-20（1R 9-10／2R 9-10） 山本諭志 19-19（1R 9-10／2R 10-9） 安芸佳孝 19-19（1R 10-9／2R 10-9）
136,2022-07-03,PROFESSIONAL SHOOTO 2022 Vol.4 in OSAKA,プロフェッショナル修斗公式戦,大阪/メルパルクホール大阪,PRO_SHOOTO_MAINLINE,3493,15,,ライト級,5分2R,1286,石田拓穂,リライアブル,計量結果 :70.1 Kg,,1140,後藤陽駆,シューティングジム大阪,計量結果 :69.8 Kg,,F1_WIN_F2_LOSS,opacity (single fighter dimmed),2,05:00,submision,S,,［レフェリー］片岡誠人 ［サブレフェリー］ 豊永　稔 1R 10-9 山本諭志 1R 10-9 豊島孝尚 1R 10-9
136,2022-07-03,PROFESSIONAL SHOOTO 2022 Vol.4 in OSAKA,プロフェッショナル修斗公式戦,大阪/メルパルクホール大阪,PRO_SHOOTO_MAINLINE,3495,14,,バンタム級,5分2R,1182,キシシ,MIBURO,計量結果 :61.1 Kg,,1459,小川隼人,修斗GYM神戸,計量結果 :61.1 Kg,,F1_LOSS_F2_WIN,score 0-3 (overrides opacity if needed),,,ud,判定 0-3,,［レフェリー］片岡誠人 ［サブレフェリー］ 岡田剛史 18-20（1R 9-10／2R 9-10） 山本諭志 18-20（1R 9-10／2R 9-10） 安芸佳孝 18-20（1R 9-10／2R 9-10）
136,2022-07-03,PROFESSIONAL SHOOTO 2022 Vol.4 in OSAKA,プロフェッショナル修斗公式戦,大阪/メルパルクホール大阪,PRO_SHOOTO_MAINLINE,3516,13,CKC2022-57.5kgトーナメント 2回戦,新空手道連盟,3分3R,959,関口祐冬,修斗GYM東京,,,1462,松山和弘,ReBORN経堂,,,F1_LOSS_F2_WIN,score 1-2 (overrides opacity if needed),,,ud,判定 1-2,,※青：松山がトーナメント決勝戦に進出。
136,2022-07-03,PROFESSIONAL SHOOTO 2022 Vol.4 in OSAKA,プロフェッショナル修斗公式戦,大阪/メルパルクホール大阪,PRO_SHOOTO_MAINLINE,3517,12,CKC2022-57.5kgトーナメント 1回戦,新空手道連盟,3分3R,1406,澤谷大樹,HAWK GYM,,,1466,翔,revolt,,,F1_WIN_F2_LOSS,score 3-0 (overrides opacity if needed),,,ud,判定 3-0,,※赤：澤谷がトーナメント決勝戦に進出。
136,2022-07-03,PROFESSIONAL SHOOTO 2022 Vol.4 in OSAKA,プロフェッショナル修斗公式戦,大阪/メルパルクホール大阪,PRO_SHOOTO_MAINLINE,3489,11,,バンタム級,5分3R,1185,野尻定由,MASTER JAPAN FUKUOKA,計量結果 :60.9 Kg,,777,青柳洸志,修斗GYM神戸,計量結果 :61.1 Kg,,F1_WIN_F2_LOSS,opacity (single fighter dimmed),3,00:27,tko,TKO,グラウンドパンチ,※レフェリーストップ ※※グラウンドパンチ ［レフェリー］豊永　稔 ［サブレフェリー］ 片岡誠人 1R 9-10／2R 9-10 岡田剛史 1R 9-10／2R 10-9 安芸佳孝 1R 9-10／2R 10-9
136,2022-07-03,PROFESSIONAL SHOOTO 2022 Vol.4 in OSAKA,プロフェッショナル修斗公式戦,大阪/メルパルクホール大阪,PRO_SHOOTO_MAINLINE,3472,10,,フェザー級,5分3R,314,山本健斗デリカット,総合格闘技道場コブラ会,計量結果 :65.4 Kg,,701,たてお,ELEVEN,計量結果 :65.7 Kg,tateo,F1_LOSS_F2_WIN,opacity (single fighter dimmed),1,02:49,submision,S,スリーパーホールド,［レフェリー］豊永　稔
136,2022-07-03,PROFESSIONAL SHOOTO 2022 Vol.4 in OSAKA,プロフェッショナル修斗公式戦,大阪/メルパルクホール大阪,PRO_SHOOTO_MAINLINE,3490,9,,バンタム級,5分2R,127,奇天烈,修斗GYMS直心会,計量結果 :61.0 Kg,,1426,和田教良,ガイオジム,計量結果 :60.8 Kg,,DRAW,score tied 0-0,,,ud,判定 0-0,,［レフェリー］豊永　稔 ［サブレフェリー］ 片岡誠人 19-19（1R 9-10／2R 10-9） 山本諭志 19-19（1R 9-10／2R 10-9） 豊島孝尚 19-19（1R 9-10／2R 10-9）
136,2022-07-03,PROFESSIONAL SHOOTO 2022 Vol.4 in OSAKA,プロフェッショナル修斗公式戦,大阪/メルパルクホール大阪,PRO_SHOOTO_MAINLINE,3474,8,2022年度新人王決定トーナメント,女子ストロー級,5分2R,1319,宝珠山桃花,赤崎道場A-SPIRIT,計量結果 :51.9 Kg,,1404,Fukky,修斗GYM神戸,計量結果 :51.8 Kg,,F1_LOSS_F2_WIN,score 0-2 (overrides opacity if needed),,,ud,判定 0-2,,［レフェリー］岡田剛史 ［サブレフェリー］ 豊永　稔 18-20（1R 9-10／2R 9-10） 山本諭志 19-20（1R 10-10／2R 9-10） 安芸佳孝 19-19（1R 10-9／2R 9-10）
136,2022-07-03,PROFESSIONAL SHOOTO 2022 Vol.4 in OSAKA,プロフェッショナル修斗公式戦,大阪/メルパルクホール大阪,PRO_SHOOTO_MAINLINE,3473,7,2022年度新人王決定トーナメント,フェザー級,5分2R,1313,CHAN龍,MMA Zジム,計量結果 :65.8 Kg,,1335,神武羅☆ヒカル,NEW GROUND,計量結果 :65.6 Kg,,F1_WIN_F2_LOSS,opacity (single fighter dimmed),2,05:00,submision,S,,※勝利した赤：CHAN-龍がトーナメント決勝戦進出。 ［レフェリー］岡田剛史 ［サブレフェリー］ 豊島孝尚 1R 10-8 山本諭志 1R 10-8 豊永　稔 1R 10-8
136,2022-07-03,PROFESSIONAL SHOOTO 2022 Vol.4 in OSAKA,プロフェッショナル修斗公式戦,大阪/メルパルクホール大阪,PRO_SHOOTO_MAINLINE,3475,6,2022年度新人王決定トーナメント,バンタム級,,1304,藤谷敦史,MASTER JAPAN FUKUOKA,,,1206,木村総一郎,パラエストラ加古川,,,UNRESOLVED,"both dimmed, no score, no judge tallies, no note keyword match",,,,,,
136,2022-07-03,PROFESSIONAL SHOOTO 2022 Vol.4 in OSAKA,プロフェッショナル修斗公式戦,大阪/メルパルクホール大阪,PRO_SHOOTO_MAINLINE,3494,5,,フェザー級,5分2R,1425,宇藤彰貴,総合格闘技道場ゴンズジム,計量結果 :65.3 Kg,,1267,麻植裕太,MMA Zジム,計量結果 :65.5 Kg,,F1_WIN_F2_LOSS,opacity (single fighter dimmed),1,01:11,ko,KO,,［レフェリー］豊永　稔
136,2022-07-03,PROFESSIONAL SHOOTO 2022 Vol.4 in OSAKA,プロフェッショナル修斗公式戦,大阪/メルパルクホール大阪,PRO_SHOOTO_MAINLINE,3496,4,CKC2022-57.5kgトーナメント,新空手道連盟,3分3R,1462,松山和弘,ReBORN経堂,,,1463,都筑海杜,TEAM3K,,,F1_WIN_F2_LOSS,opacity (single fighter dimmed),1,02:25,tko,TKO,,※赤：松山がトーナメント進出。
136,2022-07-03,PROFESSIONAL SHOOTO 2022 Vol.4 in OSAKA,プロフェッショナル修斗公式戦,大阪/メルパルクホール大阪,PRO_SHOOTO_MAINLINE,3498,3,CKC2022-57.5kgトーナメント 1回戦,新空手道連盟,3分3R,959,関口祐冬,修斗GYM東京,,,1312,龍翔,BLACK☆Jr,,,F1_WIN_F2_LOSS,opacity (single fighter dimmed),,,,,,※龍翔が欠場の為、赤：関口がトーナメント進出。
136,2022-07-03,PROFESSIONAL SHOOTO 2022 Vol.4 in OSAKA,プロフェッショナル修斗公式戦,大阪/メルパルクホール大阪,PRO_SHOOTO_MAINLINE,3497,2,CKC2022-57.5kgトーナメント 1回戦,新空手道連盟,3分3R,1461,室屋宏幸,究道会館,,,1466,翔,revolt,,,F1_LOSS_F2_WIN,score 0-3 (overrides opacity if needed),,,ud,判定 0-3,,※青：翔がトーナメント進出。
136,2022-07-03,PROFESSIONAL SHOOTO 2022 Vol.4 in OSAKA,プロフェッショナル修斗公式戦,大阪/メルパルクホール大阪,PRO_SHOOTO_MAINLINE,3499,1,CKC2022-57.5kgトーナメント,新空手道連盟,3分3R,1460,松井大樹,MEIBUKAI,,,1406,澤谷大樹,HAWK GYM,,,F1_LOSS_F2_WIN,score 0-2 (overrides opacity if needed),,,ud,判定 0-2,,※青：澤谷がトーナメント進出。
136,2022-07-03,PROFESSIONAL SHOOTO 2022 Vol.4 in OSAKA,プロフェッショナル修斗公式戦,大阪/メルパルクホール大阪,PRO_SHOOTO_MAINLINE,3518,8,CKC2022ジュニア新空手トーナメント・小学生5・6年生部,新空手道連盟,,1472,横井鉄生,正道会館KCIEL,,,1470,太田晴之空,正援塾,,,F1_LOSS_F2_WIN,score 0-2 (overrides opacity if needed),,,ud,判定 0-2,,※青：太田が小学生5・6年生部トーナメント優勝。
136,2022-07-03,PROFESSIONAL SHOOTO 2022 Vol.4 in OSAKA,プロフェッショナル修斗公式戦,大阪/メルパルクホール大阪,PRO_SHOOTO_MAINLINE,3519,7,CKC2022ジュニア新空手トーナメント・小学生3・4年生部,新空手道連盟,,1477,中川義仁,真正会秀勇館,,,1474,井関琥太郎,宮野道場,,,DRAW,score tied 1-1,,,ud,判定 1-1,,延長判定 0-3 ※青：井関が小学生3・4年生部トーナメント優勝。
136,2022-07-03,PROFESSIONAL SHOOTO 2022 Vol.4 in OSAKA,プロフェッショナル修斗公式戦,大阪/メルパルクホール大阪,PRO_SHOOTO_MAINLINE,3509,6,,キッズ・ジュニア修斗,3分1R,1467,福万煌虎,BURST,,,1210,坪田璃一,総合格闘技ゴンズジム,,,F1_WIN_F2_LOSS,score 3-0 (overrides opacity if needed),,,ud,判定 3-0,,［レフェリー］片岡誠人 ［ジャッジ］ A：豊永　稔 10-9 B：岡田剛史 10-9 C：山本諭志 10-9
136,2022-07-03,PROFESSIONAL SHOOTO 2022 Vol.4 in OSAKA,プロフェッショナル修斗公式戦,大阪/メルパルクホール大阪,PRO_SHOOTO_MAINLINE,3510,5,,キッズ・ジュニア修斗,3分1R,1468,松村祐紀,BURST,,,1469,松根浩人,THE BLACKBELT JAPAN,,,F1_WIN_F2_LOSS,score 3-0 (overrides opacity if needed),,,ud,判定 3-0,,［レフェリー］片岡誠人 ［ジャッジ］ A：豊永　稔 10-9 B：岡田剛史 10-9 C：山本諭志 10-9
136,2022-07-03,PROFESSIONAL SHOOTO 2022 Vol.4 in OSAKA,プロフェッショナル修斗公式戦,大阪/メルパルクホール大阪,PRO_SHOOTO_MAINLINE,3511,4,CKC2022ジュニア新空手トーナメント・小学生5・6年生部 1回戦,新空手道連盟,,1470,太田晴之空,正援塾,,,1471,望月陽和太,悟心塾,,,F1_WIN_F2_LOSS,score 2-0 (overrides opacity if needed),,,ud,判定 2-0,,
136,2022-07-03,PROFESSIONAL SHOOTO 2022 Vol.4 in OSAKA,プロフェッショナル修斗公式戦,大阪/メルパルクホール大阪,PRO_SHOOTO_MAINLINE,3512,3,CKC2022ジュニア新空手トーナメント・小学生5・6年生部 1回戦,新空手道連盟,,1472,横井鉄生,正道会館KCIEL,,,1473,伊澤啓吾,真正会秀勇館,,,F1_WIN_F2_LOSS,score 3-0 (overrides opacity if needed),,,ud,判定 3-0,,
136,2022-07-03,PROFESSIONAL SHOOTO 2022 Vol.4 in OSAKA,プロフェッショナル修斗公式戦,大阪/メルパルクホール大阪,PRO_SHOOTO_MAINLINE,3513,2,CKC2022ジュニア新空手トーナメント・小学生3・4年生部 1回戦,新空手道連盟,,1474,井関琥太郎,宮野道場,,,1475,森凛太朗,誠空会,,,F1_WIN_F2_LOSS,opacity (single fighter dimmed),,,,,,
136,2022-07-03,PROFESSIONAL SHOOTO 2022 Vol.4 in OSAKA,プロフェッショナル修斗公式戦,大阪/メルパルクホール大阪,PRO_SHOOTO_MAINLINE,3514,1,CKC2022ジュニア新空手トーナメント・小学生3・4年生部 1回戦,新空手道連盟,,1476,佐藤朝陽,悟心塾,,,1477,中川義仁,真正会秀勇館,,,F1_LOSS_F2_WIN,score 0-2 (overrides opacity if needed),,,ud,判定 0-2,,
141,2022-06-05,北海道大会,プロフェッショナル修斗公式戦,サッポロ・イーワン・スタジアム,PRO_SHOOTO_MAINLINE,3458,13,,ウェルター級,5分3R,1283,西川大和,西川道場,計量結果 :76.7 Kg,,1441,チェジウン,ROAD GYM WONJU MMA,計量結果 :76.9 Kg,,F1_WIN_F2_LOSS,opacity (single fighter dimmed),1,05:00,tko,TKO,レフェリーストップ,［レフェリー］片岡誠人
141,2022-06-05,北海道大会,プロフェッショナル修斗公式戦,サッポロ・イーワン・スタジアム,PRO_SHOOTO_MAINLINE,3459,12,インフィニティリーグ2022 初代女子アトム級王座決定リーグ戦,女子アトム級,5分2R,1274,中村未来,マルスジム,計量結果 :47.3 Kg,,1417,加藤春菜,NASCER DO SOL,計量結果 :47.1 Kg,,F1_WIN_F2_LOSS,score 3-0 (overrides opacity if needed),,,ud,判定 3-0,,※勝利した赤：中村が勝ち点2P（累計4P）を獲得。 ［レフェリー］片岡誠人 ［サブレフェリー］ 吉田イサヲ 20-18（1R 10-9／2R 10-9） 小林充 20-18（1R 10-9／2R 10-9） 宇部幸治郎 20-17（1R 10-9／2R 10-8）
141,2022-06-05,北海道大会,プロフェッショナル修斗公式戦,サッポロ・イーワン・スタジアム,PRO_SHOOTO_MAINLINE,3464,11,2022年度新人王決定トーナメント,ストロー級,5分2R,1316,泰斗,MMA RANGERS GYM,計量結果 :51.8 Kg,,1444,丸山大輝,マルスジム,計量結果 :51.9 Kg,,F1_WIN_F2_LOSS,opacity (single fighter dimmed),1,04:38,submision,S,スリーパーホールド,※勝利した赤：泰斗がトーナメント進出。決勝戦では横関タルト（TKエスペランサ）との対戦が決定。 ［レフェリー］片岡誠人
141,2022-06-05,北海道大会,プロフェッショナル修斗公式戦,サッポロ・イーワン・スタジアム,PRO_SHOOTO_MAINLINE,3460,10,,フェザー級,5分2R,637,阿仁鬼,マルスジム,計量結果 :65.3 Kg,,1369,竹原魁晟,THE BLACKBELT JAPAN,計量結果 :65.5 Kg,,F1_LOSS_F2_WIN,opacity (single fighter dimmed),1,00:34,tko,TKO,レフェリーストップ,［レフェリー］片岡誠人
141,2022-06-05,北海道大会,プロフェッショナル修斗公式戦,サッポロ・イーワン・スタジアム,PRO_SHOOTO_MAINLINE,3462,9,,女子ストロー級,5分2R,1418,ソルト,マルスジム,計量結果 :51.7 Kg,,1408,和田千聖,毛利道場,計量結果 :51.9 Kg,,F1_WIN_F2_LOSS,score 3-0 (overrides opacity if needed),,,ud,判定 3-0,,［レフェリー］片岡誠人 ［サブレフェリー］ 宇部幸治郎 20-18（1R 10-9／2R 10-9） 小林充 20-18（1R 10-9／2R 10-9） 山本辰弥 20-17（1R 10-8／2R 10-9）
141,2022-06-05,北海道大会,プロフェッショナル修斗公式戦,サッポロ・イーワン・スタジアム,PRO_SHOOTO_MAINLINE,3463,8,,バンタム級,5分2R,968,秋山翼,毛利道場,計量結果 :61.1 Kg,,1443,田中智也,fit,計量結果 :60.8 Kg,,F1_LOSS_F2_WIN,opacity (single fighter dimmed),1,01:36,submision,S,チキンウイングアームロック,［レフェリー］片岡誠人
141,2022-06-05,北海道大会,プロフェッショナル修斗公式戦,サッポロ・イーワン・スタジアム,PRO_SHOOTO_MAINLINE,3466,7,,グラップリング,5分1R,1439,ハワード颯真,マルスジム,計量結果 :57.9 Kg,,1440,竹内直矢,ベラトレオ,計量結果 :57.4 Kg,,F1_WIN_F2_LOSS,opacity (single fighter dimmed),1,02:20,submision,S,腕十字固め,［レフェリー］宇部幸治郎
141,2022-06-05,北海道大会,プロフェッショナル修斗公式戦,サッポロ・イーワン・スタジアム,PRO_SHOOTO_MAINLINE,3467,6,,,3分3R,1445,畑中健太,TEAM SPIRIT,計量結果 :69.2 Kg,,1446,サッシス,-,計量結果 :71.3 Kg,,F1_WIN_F2_LOSS,score 2-0 (overrides opacity if needed),,,ud,判定 2-0,,［レフェリー］片岡誠人
141,2022-06-05,北海道大会,プロフェッショナル修斗公式戦,サッポロ・イーワン・スタジアム,PRO_SHOOTO_MAINLINE,3461,5,,ライト級,5分2R,1355,磯部鉄心,パラエストラ松戸,計量結果 :70.2 Kg,,1442,安海健人,ALMA FIGHT GYM BASE,計量結果 :69.9 Kg,,F1_LOSS_F2_WIN,opacity (single fighter dimmed),2,04:04,ko,KO,,［レフェリー］宇部幸治郎 ［サブレフェリー］ 片岡誠人 1R 8-10 吉田イサヲ 1R 9-10 山本辰弥 1R 9-10
141,2022-06-05,北海道大会,プロフェッショナル修斗公式戦,サッポロ・イーワン・スタジアム,PRO_SHOOTO_MAINLINE,3476,4,,バンタム級,5分2R,1225,NφB-force,毛利道場,計量結果 :61.2 Kg,,1436,GEN,マルスジム,計量結果 :60.9 Kg,,F1_WIN_F2_LOSS,opacity (single fighter dimmed),1,02:17,submision,S,スリーパーホールド,［レフェリー］片岡誠人
141,2022-06-05,北海道大会,プロフェッショナル修斗公式戦,サッポロ・イーワン・スタジアム,PRO_SHOOTO_MAINLINE,3465,3,,,5分2R,1437,平塚亮介,大道塾札幌南支部,,,1438,佐々木健吾,ノースキングスジム,,,F1_LOSS_F2_WIN,score 0-3 (overrides opacity if needed),,,ud,判定 0-3,,［レフェリー］片岡誠人 ［サブレフェリー］ 小林充 18-20（1R 9-10／2R 9-10） 吉田イサヲ 18-20（1R 9-10／2R 9-10） 山本辰弥 18-20（1R 9-10／2R 9-10）
141,2022-06-05,北海道大会,プロフェッショナル修斗公式戦,サッポロ・イーワン・スタジアム,PRO_SHOOTO_MAINLINE,3468,2,,トライアウト,3分2R,1447,磯城嶋一真,MASTER JAPAN FUKUOKA,計量結果 :65.5 Kg,,1448,鹿野太雅,マルスジム,計量結果 :65.5 Kg,,F1_WIN_F2_LOSS,score 3-0 (overrides opacity if needed),,,ud,判定 3-0,,［レフェリー］宇部幸治郎 ［サブレフェリー］ 片岡誠人 20-18（1R 10-9／2R 10-9） 吉田イサヲ 20-18（1R 10-9／2R 10-9） 山本辰弥 20-18（1R 10-9／2R 10-9）
141,2022-06-05,北海道大会,プロフェッショナル修斗公式戦,サッポロ・イーワン・スタジアム,PRO_SHOOTO_MAINLINE,3469,1,,アマチュア修斗,3分2R,1449,山内絵里,マルスジム,計量結果 :49.6 Kg,,1450,高田暖妃,FIGHTER`S FLOW,計量結果 :49.2 Kg,,F1_LOSS_F2_WIN,score 0-2 (overrides opacity if needed),,,ud,判定 0-2,,49.2
131,2022-05-22,PROFESSIONAL SHOOTO 2022 Vol.3,プロフェッショナル修斗公式戦,東京/後楽園ホール,PRO_SHOOTO_MAINLINE,3428,9,環太平洋バンタム級チャンピオンシップ,バンタム級,5分3R,171,小野島恒太,Combat Workout Diamonds,計量結果 :61.2 Kg,,147,石井逸人,TRIBE TOKYO M.M.A,計量結果 :61.2 Kg,,F1_LOSS_F2_WIN,score 0-3 (overrides opacity if needed),,,ud,判定 0-3,,勝利した挑戦者：石井が第11代環太平洋バンタム級王者に。 ［レフェリー］片岡誠人 ［サブレフェリー］ 橋本　貴 28-29（1R 9-10／2R 10-9／3R 9-10） 福田正人 28-29（1R 9-10／2R 10-9／3R 9-10） 豊永　稔 27-30（1R 9-10／2R 9-10／3R 9-10）
131,2022-05-22,PROFESSIONAL SHOOTO 2022 Vol.3,プロフェッショナル修斗公式戦,東京/後楽園ホール,PRO_SHOOTO_MAINLINE,3429,8,,ストロー級,5分3R,49,新井丈,和術慧舟會HEARTS,計量結果 :52.2 Kg,arai-jo,22,黒澤亮平,パラエストラ松戸,計量結果 :52.2 Kg,,F1_WIN_F2_LOSS,opacity (single fighter dimmed),2,02:12,tko,TKO,レフェリーストップ,［レフェリー］片岡誠人 ［サブレフェリー］ 柴田　旭 1R 10-9 福田正人 1R 10-9 豊永　稔 1R 10-9
131,2022-05-22,PROFESSIONAL SHOOTO 2022 Vol.3,プロフェッショナル修斗公式戦,東京/後楽園ホール,PRO_SHOOTO_MAINLINE,3430,7,,バンタム級,5分3R,1148,藤井伸樹,ALLIANCE,計量結果 :60.9 Kg,,214,齋藤翼,総合格闘技道場津田沼道場/FIGHT FARM,計量結果 :61.2 Kg,,F1_WIN_F2_LOSS,score 3-0 (overrides opacity if needed),,,ud,判定 3-0,,［レフェリー］豊永　稔 ［サブレフェリー］ 片岡誠人 30-25（1R 10-8／2R 10-8／3R 10-9） 福田正人 30-26（1R 10-8／2R 10-9／3R 10-9） 柴田　旭 30-27（1R 10-9／2R 10-9／3R 10-9）
131,2022-05-22,PROFESSIONAL SHOOTO 2022 Vol.3,プロフェッショナル修斗公式戦,東京/後楽園ホール,PRO_SHOOTO_MAINLINE,3457,7,,キッズ・ジュニア修斗,3分1R,1434,横田大空,X-TREME EBINA,計量結果 :37.7 Kg,,1435,根井真成美,パラエストラ千葉,計量結果 :39.1 Kg,,F1_WIN_F2_LOSS,opacity (single fighter dimmed),1,02:59,submision,S,腕十字固め,［レフェリー］片岡誠人
131,2022-05-22,PROFESSIONAL SHOOTO 2022 Vol.3,プロフェッショナル修斗公式戦,東京/後楽園ホール,PRO_SHOOTO_MAINLINE,3431,6,インフィニティリーグ2022 初代女子アトム級王座決定リーグ戦 6回戦,女子スーパーアトム級,5分2R,554,久遠,ZERO,計量結果 :47.6 Kg,,1327,澤田千優,AACC,計量結果 :47.4 Kg,chihiro-sawada,F1_LOSS_F2_WIN,opacity (single fighter dimmed),2,00:59,submision,S,,※勝利した青：澤田が3Pを獲得。（累計5P） ［サブレフェリー］ 片岡誠人 1R 8-10 柴田　旭 1R 8-10 豊永　稔 1R 8-10
131,2022-05-22,PROFESSIONAL SHOOTO 2022 Vol.3,プロフェッショナル修斗公式戦,東京/後楽園ホール,PRO_SHOOTO_MAINLINE,3441,5,,女子ストロー級,5分2R,1171,杉本恵,AACC,,,1405,須恵樹季,TRINITY-SUNS,,,NO_CONTEST,note text mentions fight cancelled / withdrawal before bout,,,,,,※青：須恵が計量前に体調不良により欠場した為、試合中止に。
131,2022-05-22,PROFESSIONAL SHOOTO 2022 Vol.3,プロフェッショナル修斗公式戦,東京/後楽園ホール,PRO_SHOOTO_MAINLINE,3432,4,,ストロー級,5分2R,672,木内SKINNYZOMBIE崇雅,和術慧舟會GODS,計量結果 :52.2 Kg,,92,阿部マサトシ,AACC,計量結果 :52.2 Kg,,F1_LOSS_F2_WIN,score 0-2 (overrides opacity if needed),,,ud,判定 0-2,,［レフェリー］柴田　旭 ［サブレフェリー］ 橋本　貴 18-20（1R 9-10／2R 9-10） 福田正人 18-19（1R 10-9／2R 8-10） 豊永　稔 19-19（1R 9-10／2R 10-9）
131,2022-05-22,PROFESSIONAL SHOOTO 2022 Vol.3,プロフェッショナル修斗公式戦,東京/後楽園ホール,PRO_SHOOTO_MAINLINE,3440,3,,バンタム級,5分2R,1069,榎本明,TRIBE TOKYO MMA,計量結果 :61.1 Kg,,1110,ガッツTakato,-,計量結果 :61.0 Kg,,F1_WIN_F2_LOSS,score 3-0 (overrides opacity if needed),,,ud,判定 3-0,,［レフェリー］柴田　旭 ［サブレフェリー］ 橋本　貴 20-18（1R 10-9／2R 10-9） 福田正人 20-18（1R 10-9／2R 10-9） 豊永　稔 20-18（1R 10-9／2R 10-9）
131,2022-05-22,PROFESSIONAL SHOOTO 2022 Vol.3,プロフェッショナル修斗公式戦,東京/後楽園ホール,PRO_SHOOTO_MAINLINE,3442,2,,フライ級,5分2R,1139,大竹陽,HAGANE GYM,計量結果 :56.7 Kg,,1423,須藤晃大,EXFIGHT,計量結果 :56.7 Kg,,F1_WIN_F2_LOSS,opacity (single fighter dimmed),2,00:53,ko,KO,,［レフェリー］豊永　稔 ［サブレフェリー］ 片岡誠人 1R 9-10 福田正人 1R 9-10 豊永　稔 1R 9-10 ※須藤晃大（EXFIGHT）はデビュー戦
131,2022-05-22,PROFESSIONAL SHOOTO 2022 Vol.3,プロフェッショナル修斗公式戦,東京/後楽園ホール,PRO_SHOOTO_MAINLINE,3443,1,,バンタム級,5分2R,1094,伊集龍皇,パラエストラ小岩,計量結果 :61.2 Kg,,1385,川北晏生,TRIBE TOKYO M.M.A,計量結果 :61.2 Kg,,DRAW,score tied 0-0,,,ud,判定 0-0,,［レフェリー］橋本　貴 ［サブレフェリー］ 片岡誠人 19-19（1R 10-9／2R 9-10） 福田正人 19-19（1R 10-9／2R 9-10） 豊永　稔 19-19（1R 10-9／2R 9-10）
143,2022-05-15,TORAO27,プロフェッショナル修斗公式戦福岡大会,よしもと福岡 大和証券／CONNECT劇場,TORAO_REGIONAL;PRO_SHOOTO_MAINLINE,3477,6,環太平洋ウェルター級チャンピオンシップ,ウェルター級,5分3R,402,ソーキ,NASCER DO SOL,計量結果 :77.0 Kg,,375,田村ヒビキ,カルペディエム福岡,計量結果 :76.7 Kg,,F1_LOSS_F2_WIN,opacity (single fighter dimmed),2,03:15,ko,KO,,勝利した挑戦者：田村が第6代環太平洋ウェルター級王者に。 ［レフェリー］福田正人 ［サブレフェリー］ 安芸佳孝 1R 10-9 小島邦裕 1R 10-9 赤崎勝久 1R 10-9
143,2022-05-15,TORAO27,プロフェッショナル修斗公式戦福岡大会,よしもと福岡 大和証券／CONNECT劇場,TORAO_REGIONAL;PRO_SHOOTO_MAINLINE,3478,5,,,5分3R,642,結城大樹,MASTER JAPAN FUKUOKA,計量結果 :70.1 Kg,,250,田中半蔵,FUN’S,計量結果 :70.2 Kg,,F1_LOSS_F2_WIN,score 0-3 (overrides opacity if needed),,,ud,判定 0-3,,［レフェリー］福田正人 ［サブレフェリー］ 安芸佳孝 27-30（1R 9-10／2R 9-10／3R 9-10） 小島邦裕 27-30（1R 9-10／2R 9-10／3R 9-10） 赤崎勝久 28-29（1R 10-9／2R 9-10／3R 9-10）
143,2022-05-15,TORAO27,プロフェッショナル修斗公式戦福岡大会,よしもと福岡 大和証券／CONNECT劇場,TORAO_REGIONAL;PRO_SHOOTO_MAINLINE,3479,4,,,5分3R,1141,野瀬翔平,MASTER JAPAN FUKUOKA,計量結果 :65.7 Kg,nose-shohei,229,藤川智史,総合格闘技道場ARMS,計量結果 :65.6 Kg,,F1_WIN_F2_LOSS,opacity (single fighter dimmed),1,01:15,submision,S,フロントスリーパーホールド,［レフェリー］福田正人
143,2022-05-15,TORAO27,プロフェッショナル修斗公式戦福岡大会,よしもと福岡 大和証券／CONNECT劇場,TORAO_REGIONAL;PRO_SHOOTO_MAINLINE,3480,3,,,5分2R,390,加藤正憲,C.K STYLES MMA,計量結果 :81.2 Kg,,1452,墨吉涼太,誠流会館,計量結果 :83.2 Kg,,F1_WIN_F2_LOSS,score 2-0 (overrides opacity if needed),,,ud,判定 2-0,,［レフェリー］岡田剛史 ［サブレフェリー］ 福田正人 19-19（1R 9-10／2R 10-9） 小島邦裕 20-18（1R 10-9／2R 10-9） 宮崎清孝 20-18（1R 10-9／2R 10-9）
143,2022-05-15,TORAO27,プロフェッショナル修斗公式戦福岡大会,よしもと福岡 大和証券／CONNECT劇場,TORAO_REGIONAL;PRO_SHOOTO_MAINLINE,3481,2,,,5分2R,1392,山下康一朗,CARPEDIEM,計量結果 :74.9 Kg,,1267,麻植裕太,MMA Zジム,計量結果 :74.7 Kg,,F1_WIN_F2_LOSS,opacity (single fighter dimmed),1,03:55,submision,S,腕十字固め,［レフェリー］岡田剛史
143,2022-05-15,TORAO27,プロフェッショナル修斗公式戦福岡大会,よしもと福岡 大和証券／CONNECT劇場,TORAO_REGIONAL;PRO_SHOOTO_MAINLINE,3482,1,,,5分3R,1185,野尻定由,MASTER JAPAN FUKUOKA,計量結果 :65.6 Kg,,127,奇天烈,修斗GYMS直心会,計量結果 :65.5 Kg,,F1_WIN_F2_LOSS,score 1-0 (overrides opacity if needed),,,ud,判定 1-0,,［レフェリー］岡田剛史 ［サブレフェリー］ 福田正人 29-28（1R 10-9／2R 10-9／3R 9-10） 小島邦裕 28-28（1R 9-10／2R 10-8／3R 9-10） 宮崎清孝 28-28（1R 9-10／2R 10-8／3R 9-10）
144,2022-05-15,TORAO GIG04,プロフェッショナル修斗公式戦福岡大会,よしもと福岡 大和証券／CONNECT劇場,TORAO_REGIONAL;GIG_UNDERCARD_SERIES;PRO_SHOOTO_MAINLINE,3483,5,,女子ストロー級,5分2R,1319,宝珠山桃花,赤崎道場A-SPIRIT,計量結果 :52.2 Kg,,920,ヒヤマNFC,NFC,計量結果 :51.9 Kg,,F1_WIN_F2_LOSS,opacity (single fighter dimmed),1,03:03,submision,S,スリーパーホールド,［レフェリー］岡田剛史
144,2022-05-15,TORAO GIG04,プロフェッショナル修斗公式戦福岡大会,よしもと福岡 大和証券／CONNECT劇場,TORAO_REGIONAL;GIG_UNDERCARD_SERIES;PRO_SHOOTO_MAINLINE,3484,4,新人王決定トーナメント,フライ級,5分2R,1453,打威致,有永道場TeamResolve,計量結果 :61.1 Kg,,1397,KJタイラー,T-REX柔術アカデミー,計量結果 :60.9 Kg,,F1_WIN_F2_LOSS,opacity (single fighter dimmed),1,02:15,ko,KO,,※当日計量により61.2㎏で実施 ※勝利した赤：打威致がトーナメント準決勝戦に進出。 ［レフェリー］岡田剛史
144,2022-05-15,TORAO GIG04,プロフェッショナル修斗公式戦福岡大会,よしもと福岡 大和証券／CONNECT劇場,TORAO_REGIONAL;GIG_UNDERCARD_SERIES;PRO_SHOOTO_MAINLINE,3485,3,,,5分2R,1177,シューティングガイコツ,THE BLACKBELT JAPAN,計量結果 :60.0 Kg,,1454,若宮龍斗,KAMIKAZE DOJO MMA,計量結果 :60.4 Kg,,F1_LOSS_F2_WIN,opacity (single fighter dimmed),1,02:38,ko,KO,,［レフェリー］福田正人
144,2022-05-15,TORAO GIG04,プロフェッショナル修斗公式戦福岡大会,よしもと福岡 大和証券／CONNECT劇場,TORAO_REGIONAL;GIG_UNDERCARD_SERIES;PRO_SHOOTO_MAINLINE,3486,2,2022年度新人王決定トーナメント,ライト級,5分2R,1455,深見弦汰,赤崎道場A-SPIRIT,計量結果 :76.4 Kg,,1411,スモーキー,TKエスペランサ,計量結果 :76.4 Kg,,F1_WIN_F2_LOSS,opacity (single fighter dimmed),1,01:28,ko,KO,,※勝利した赤：深見がトーナメント決勝戦進出。決勝戦では安海 健人（ｆｉｔ）との対戦が決定。 ［レフェリー］福田正人
144,2022-05-15,TORAO GIG04,プロフェッショナル修斗公式戦福岡大会,よしもと福岡 大和証券／CONNECT劇場,TORAO_REGIONAL;GIG_UNDERCARD_SERIES;PRO_SHOOTO_MAINLINE,3487,1,,,5分2R,1456,永留惇平,MMA RANGERS GYM,計量結果 :61.2 Kg,,1226,わっしょい内田,パーソナルスタイルス,計量結果 :60.5 Kg,,F1_WIN_F2_LOSS,score 3-0 (overrides opacity if needed),,,ud,判定 3-0,,［レフェリー］福田正人 ［サブレフェリー］ 安芸佳孝 20-18（1R 10-9／2R 10-9） 小島邦裕 20-18（1R 10-9／2R 10-9） 弘中邦佳 20-18（1R 10-9／2R 10-9）
144,2022-05-15,TORAO GIG04,プロフェッショナル修斗公式戦福岡大会,よしもと福岡 大和証券／CONNECT劇場,TORAO_REGIONAL;GIG_UNDERCARD_SERIES;PRO_SHOOTO_MAINLINE,3488,,,キッズ・ジュニア修斗,3分1R,1457,江頭明賢,赤崎道場A-SPIRIT,計量結果 :27.1 Kg,,1458,小山丈太郎,有永道場TeamResolve,計量結果 :28.4 Kg,,F1_LOSS_F2_WIN,opacity (single fighter dimmed),1,01:39,submision,S,ひしぎ十字固め,［レフェリー］岡田剛史
140,2022-04-24,FORCE GIG 02,プロフェッショナル修斗公式戦,高松シンボルタワー 展示場,FORCE_REGIONAL;GIG_UNDERCARD_SERIES;PRO_SHOOTO_MAINLINE,3444,5,,バンタム級,5分2R,1067,高岡宏気,FORCE GYM,計量結果 :60.8 Kg,takaoka-hiroki,1383,井口翔太,修斗GYM神戸,計量結果 :61.1 Kg,,F1_WIN_F2_LOSS,score 1-0 (overrides opacity if needed),,,ud,判定 1-0,,レフェリー］福田正人 ［サブレフェリー］ 岡田剛史 20-18（1R 10-9／2R 10-9） 山本諭志 19-19（1R 10-9／2R 9-10） 吉田元貴 19-19（1R 10-9／2R 9-10）
140,2022-04-24,FORCE GIG 02,プロフェッショナル修斗公式戦,高松シンボルタワー 展示場,FORCE_REGIONAL;GIG_UNDERCARD_SERIES;PRO_SHOOTO_MAINLINE,3445,4,,フライ級,5分2R,1133,木村旬志,ゼロ戦クラブ,計量結果 :56.2 Kg,,143,永井美自戒,総合格闘技道場コブラ会,計量結果 :56.5 Kg,,F1_LOSS_F2_WIN,score 0-3 (overrides opacity if needed),,,ud,判定 0-3,,［レフェリー］福田正人 ［サブレフェリー］ 岡田剛史 17-20（1R 8-10／2R 9-10） 山本諭志 18-20（1R 9-10／2R 9-10） 吉田元貴 18-20（1R 9-10／2R 9-10）
140,2022-04-24,FORCE GIG 02,プロフェッショナル修斗公式戦,高松シンボルタワー 展示場,FORCE_REGIONAL;GIG_UNDERCARD_SERIES;PRO_SHOOTO_MAINLINE,3446,3,,フェザー級,5分2R,1306,波平コング,THE BLACKBELT JAPAN,計量結果 :65.2 Kg,,1425,宇藤彰貴,総合格闘技道場ゴンズジム,計量結果 :65.1 Kg,,F1_LOSS_F2_WIN,opacity (single fighter dimmed),1,04:12,tko,TKO,レフェリーストップ,［レフェリー］吉田元貴
140,2022-04-24,FORCE GIG 02,プロフェッショナル修斗公式戦,高松シンボルタワー 展示場,FORCE_REGIONAL;GIG_UNDERCARD_SERIES;PRO_SHOOTO_MAINLINE,3447,2,,バンタム級,5分2R,1395,二宮弘樹,HOPE,計量結果 :60.4 Kg,,1426,和田教良,ガイオジム,計量結果 :60.5 Kg,,F1_LOSS_F2_WIN,score 0-3 (overrides opacity if needed),,,ud,判定 0-3,,［レフェリー］吉田元貴 ［サブレフェリー］ 岡田剛史 18-20（1R 9-10／2R 9-10） 山本諭志 18-20（1R 9-10／2R 9-10） 福田正人 18-20（1R 9-10／2R 9-10）
140,2022-04-24,FORCE GIG 02,プロフェッショナル修斗公式戦,高松シンボルタワー 展示場,FORCE_REGIONAL;GIG_UNDERCARD_SERIES;PRO_SHOOTO_MAINLINE,3448,1,,フライ級,5分2R,1427,大田ノヒロ,THE BLACKBELT JAPAN,計量結果 :56.5 Kg,,1382,三輪勇気,修斗GYM神戸,計量結果 :56.1 Kg,,F1_LOSS_F2_WIN,opacity (single fighter dimmed),2,03:10,submision,S,チキンウイングアームロック,［レフェリー］吉田元貴 ［サブレフェリー］ 岡田剛史 1R 10-9 山本諭志 1R 10-9 福田正人 1R 10-8
140,2022-04-24,FORCE GIG 02,プロフェッショナル修斗公式戦,高松シンボルタワー 展示場,FORCE_REGIONAL;GIG_UNDERCARD_SERIES;PRO_SHOOTO_MAINLINE,3449,,,キッズ・ジュニア修斗,3分1R,1428,岩田陣夢,トリニティーサンズ,計量結果 :35.0 Kg,,1433,福岡怜英,正道会館菱川道場,計量結果 :35.6 Kg,,F1_WIN_F2_LOSS,score 3-0 (overrides opacity if needed),,,ud,判定 3-0,,［レフェリー］吉田元貴 ［ジャッジ］ A：福田正人 1R 10-9 B：岡田剛史 1R 10-9 C：山本諭志 1R 10-9
142,2022-04-24,FORCE 15,プロフェッショナル修斗公式戦,高松シンボルタワー 展示場,FORCE_REGIONAL;PRO_SHOOTO_MAINLINE,3450,6,,フライ級,5分3R,1129,安芸柊斗,MMA Zジム,計量結果 :56.3 Kg,,38,マッチョザバタフライ,総合格闘技道場コブラ会,計量結果 :56.7 Kg,,F1_WIN_F2_LOSS,opacity (single fighter dimmed),1,00:43,ko,KO,,［レフェリー］福田正人
142,2022-04-24,FORCE 15,プロフェッショナル修斗公式戦,高松シンボルタワー 展示場,FORCE_REGIONAL;PRO_SHOOTO_MAINLINE,3451,5,新人王決定トーナメント,フェザー級,5分2R,1313,CHAN龍,MMA Zジム,計量結果 :70.0 Kg,,1414,HAMMERKATU,有永道場 Team Resolve,計量結果 :69.3 Kg,,F1_WIN_F2_LOSS,opacity (single fighter dimmed),2,02:44,tko,TKO,レフェリーストップ,※勝利した赤：CHAN-龍がトーナメント準決勝進出。準決勝では神武羅☆ヒカル（NEW GROUND）との対戦が決定。
142,2022-04-24,FORCE 15,プロフェッショナル修斗公式戦,高松シンボルタワー 展示場,FORCE_REGIONAL;PRO_SHOOTO_MAINLINE,3452,4,,フェザー級,5分2R,624,國頭武,BURST,計量結果 :65.3 Kg,,1429,オガワワタル,MMA RANGERS GYM,計量結果 :65.7 Kg,,F1_WIN_F2_LOSS,score 3-0 (overrides opacity if needed),,,ud,判定 3-0,,［レフェリー］福田正人 ［サブレフェリー］ 岡田剛史 20-18（1R 10-9／2R 10-9） 山本諭志 20-18（1R 10-9／2R 10-9） 吉田元貴 20-18（1R 10-9／2R 10-9）
142,2022-04-24,FORCE 15,プロフェッショナル修斗公式戦,高松シンボルタワー 展示場,FORCE_REGIONAL;PRO_SHOOTO_MAINLINE,3453,3,,フライ級,5分2R,1390,石原愼之介,MMA Zジム,計量結果 :56.2 Kg,,122,金内サイダー雄哉,THE BLACKBELT JAPAN,計量結果 :56.5 Kg,,F1_LOSS_F2_WIN,opacity (single fighter dimmed),2,01:57,submision,S,アームロック,［レフェリー］福田正人 ［サブレフェリー］ 岡田剛史 1R 10-9 山本諭志 1R 10-9 吉田元貴 1R 10-9
142,2022-04-24,FORCE 15,プロフェッショナル修斗公式戦,高松シンボルタワー 展示場,FORCE_REGIONAL;PRO_SHOOTO_MAINLINE,3454,2,,ライト級,5分2R,1267,麻植裕太,MMA Zジム,計量結果 :69.8 Kg,,1314,紀州,ASH,計量結果 :70.1 Kg,,DRAW,score tied 0-0,,,ud,判定 0-0,,［レフェリー］吉田元貴 ［サブレフェリー］ 岡田剛史 19-19（1R 10-9／2R 9-10） 山本諭志 19-19（1R 10-9／2R 9-10） 福田正人 19-19（1R 10-9／2R 9-10）
142,2022-04-24,FORCE 15,プロフェッショナル修斗公式戦,高松シンボルタワー 展示場,FORCE_REGIONAL;PRO_SHOOTO_MAINLINE,3455,1,,女子,5分2R,1430,ササキモエ,BURST,計量結果 :48.0 Kg,,1188,原田よき,赤崎道場A-SPIRIT,計量結果 :47.7 Kg,,F1_WIN_F2_LOSS,score 3-0 (overrides opacity if needed),,,ud,判定 3-0,,［レフェリー］吉田元貴 ［サブレフェリー］ 岡田剛史 20-18（1R 10-9／2R 10-9） 山本諭志 20-18（1R 10-9／2R 10-9） 福田正人 20-18（1R 10-9／2R 10-9）
142,2022-04-24,FORCE 15,プロフェッショナル修斗公式戦,高松シンボルタワー 展示場,FORCE_REGIONAL;PRO_SHOOTO_MAINLINE,3456,,,キッズ・ジュニア修斗,3分1R,1431,安原幸治,BURST,計量結果 :24.1 Kg,,1432,前田英吉,直心会生野道場TK68,計量結果 :25.4 Kg,,F1_LOSS_F2_WIN,score 0-2 (overrides opacity if needed),,,ud,判定 0-2,,［レフェリー］吉田元貴 ［ジャッジ］ A：福田正人 1R 9-10 B：岡田剛史 1R 9-10 C：山本諭志 1R 10-10
139,2022-04-17,THE SHOOTO OKINAWA vol.6,プロフェッショナル修斗公式戦沖縄大会,ミュージックタウン音市場,OKINAWA_REGIONAL;PRO_SHOOTO_MAINLINE,3433,7,,ストロー級,5分3R,1167,田上こゆる,BLOWS,計量結果 :51.7 Kg,,1176,当真佳直,reversaL Gym OKINAWA CROSS×LINE,計量結果 :52.0 Kg,,F1_LOSS_F2_WIN,score 0-3 (overrides opacity if needed),,,ud,判定 0-3,,［レフェリー］豊永　稔 ［サブレフェリー］ 島袋零二 26-30（1R 9-10／2R 9-10／3R 8-10） 岡田剛史 27-30（1R 9-10／2R 9-10／3R 9-10） 小島邦裕 27-30（1R 9-10／2R 9-10／3R 9-10）
139,2022-04-17,THE SHOOTO OKINAWA vol.6,プロフェッショナル修斗公式戦沖縄大会,ミュージックタウン音市場,OKINAWA_REGIONAL;PRO_SHOOTO_MAINLINE,3434,6,,ストロー級,5分2R,1098,旭那拳,THE BLACKBELT JAPAN,計量結果 :52.2 Kg,,1422,竜己,KRAZY BEE,計量結果 :52.1 Kg,,F1_WIN_F2_LOSS,score 3-0 (overrides opacity if needed),,,ud,判定 3-0,,［レフェリー］豊永　稔 ［サブレフェリー］ 島袋零二 20-17（1R 10-9／2R 10-8） 岡田剛史 20-17（1R 10-9／2R 10-8） 小島邦裕 19-18（1R 9-10／2R 10-8）
139,2022-04-17,THE SHOOTO OKINAWA vol.6,プロフェッショナル修斗公式戦沖縄大会,ミュージックタウン音市場,OKINAWA_REGIONAL;PRO_SHOOTO_MAINLINE,3435,5,インフィニティリーグ2022 初代女子アトム級王座決定リーグ戦,女子アトム級,5分2R,1241,小生由紀,グランドスラム沖縄A・P・P,計量結果 :47.2 Kg,,1417,加藤春菜,NASCER DO SOL,計量結果 :47.5 Kg,,F1_WIN_F2_LOSS,score 1-0 (overrides opacity if needed),,,ud,判定 1-0,,※両選手が1ポイント獲得。（両者共に累計1P） ［レフェリー］豊永　稔 ［サブレフェリー］ 島袋零二 19-18（1R 10-8／2R 9-10） 岡田剛史 19-19（1R 10-9／2R 9-10） 小島邦裕 19-19（1R 10-9／2R 9-10）
139,2022-04-17,THE SHOOTO OKINAWA vol.6,プロフェッショナル修斗公式戦沖縄大会,ミュージックタウン音市場,OKINAWA_REGIONAL;PRO_SHOOTO_MAINLINE,3436,4,,フェザー級,5分2R,1204,平澤克明,飛翔塾コンドル,計量結果 :65.4 Kg,,1309,工藤圭一郎,グランドスラム沖縄A・P・P,計量結果 :65.8 Kg,,F1_LOSS_F2_WIN,opacity (single fighter dimmed),1,02:07,ko,KO,,［レフェリー］豊永　稔
139,2022-04-17,THE SHOOTO OKINAWA vol.6,プロフェッショナル修斗公式戦沖縄大会,ミュージックタウン音市場,OKINAWA_REGIONAL;PRO_SHOOTO_MAINLINE,3437,3,,バンタム級,5分2R,1303,南風原吉良斗,THE BLACKBELT JAPAN,計量結果 :61.2 Kg,,1385,川北晏生,TRIBE TOKYO M.M.A,計量結果 :61.1 Kg,,DRAW,score tied 0-0,,,ud,判定 0-0,,［レフェリー］豊永　稔 ［サブレフェリー］ 島袋零二 19-19（1R 10-9／2R 9-10） 岡田剛史 19-19（1R 10-9／2R 9-10） 小島邦裕 19-19（1R 10-9／2R 9-10）
139,2022-04-17,THE SHOOTO OKINAWA vol.6,プロフェッショナル修斗公式戦沖縄大会,ミュージックタウン音市場,OKINAWA_REGIONAL;PRO_SHOOTO_MAINLINE,3438,2,,ストロー級,5分2R,1226,わっしょい内田,パーソナルスタイルス,計量結果 :52.0 Kg,,1302,畠山隆称,THE BLACKBELT JAPAN沖縄,計量結果 :52.1 Kg,,F1_LOSS_F2_WIN,opacity (single fighter dimmed),2,01:13,submision,S,スリーパーホールド,［レフェリー］豊永　稔 ［サブレフェリー］ 島袋零二 1R 9-10 岡田剛史 1R 9-10 小島邦裕 1R 9-10
139,2022-04-17,THE SHOOTO OKINAWA vol.6,プロフェッショナル修斗公式戦沖縄大会,ミュージックタウン音市場,OKINAWA_REGIONAL;PRO_SHOOTO_MAINLINE,3439,1,,ストロー級,5分2R,1255,大城匡史,THE BLACKBELT JAPAN,計量結果 :52.0 Kg,,1227,大城正也,T-REX柔術アカデミー,計量結果 :52.0 Kg,,F1_WIN_F2_LOSS,score 3-0 (overrides opacity if needed),,,ud,判定 3-0,,［レフェリー］豊永　稔 ［サブレフェリー］ 島袋零二 19-18（1R 10-8／2R 9-10） 岡田剛史 19-18（1R 10-8／2R 9-10） 小島邦裕 20-18（1R 10-9／2R 10-9）
135,2022-04-03,SHOOTO GIG TOKYO Vol.32,プロフェッショナル修斗公式戦,東京／新宿Face,GIG_UNDERCARD_SERIES;PRO_SHOOTO_MAINLINE,3422,11,,バンタム級,5分2R,305,平川智也,マスタージャパン,計量結果 :61.1 Kg,,232,松下祐介,パラエストラTB,計量結果 :61.1 Kg,,F1_WIN_F2_LOSS,opacity (single fighter dimmed),1,00:38,ko,KO,,［レフェリー］片岡誠人
135,2022-04-03,SHOOTO GIG TOKYO Vol.32,プロフェッショナル修斗公式戦,東京／新宿Face,GIG_UNDERCARD_SERIES;PRO_SHOOTO_MAINLINE,3414,10,,フェザー級,5分2R,1402,浜松ヤマト,T-GRIP TOKYO,計量結果 :65.8 Kg,,1369,竹原魁晟,THE BLACKBELT JAPAN,計量結果 :65.6 Kg,,F1_LOSS_F2_WIN,score 0-3 (overrides opacity if needed),,,ud,判定 0-3,,［レフェリー］福田正人 ［サブレフェリー］ 片岡誠人 18-20（1R 9-10／2R 9-10） 柴田　旭 18-20（1R 9-10／2R 9-10） 田澤康宏 18-20（1R 9-10／2R 9-10）
135,2022-04-03,SHOOTO GIG TOKYO Vol.32,プロフェッショナル修斗公式戦,東京／新宿Face,GIG_UNDERCARD_SERIES;PRO_SHOOTO_MAINLINE,3415,9,新人王決定トーナメント 2回戦,フェザー級,5分2R,1296,椿飛鳥,フリー,計量結果 :65.8 Kg,tsubaki-asuka,1361,岡田達磨,SAI-GYM,計量結果 :65.7 Kg,,F1_WIN_F2_LOSS,score 3-0 (overrides opacity if needed),,,ud,判定 3-0,,※勝利した赤：椿がトーナメント進出。 準決勝戦では工藤 圭一郎（グランドスラム沖縄A・P・P）との対戦が決定。 ［レフェリー］柴田　旭 ［サブレフェリー］ 片岡誠人 20-17（1R 10-8／2R 10-9） 福田正人 20-17（1R 10-8／2R 10-9） 長瀬達郎 20-17（1R 10-8／2R 10-9）
135,2022-04-03,SHOOTO GIG TOKYO Vol.32,プロフェッショナル修斗公式戦,東京／新宿Face,GIG_UNDERCARD_SERIES;PRO_SHOOTO_MAINLINE,3418,8,新人王決定トーナメント  2回戦,フライ級,5分2R,1340,片山将宏,TRIBE TOKYO M.M.A,計量結果 :56.6 Kg,,1324,寺嶋直人,SUBMIT MMA,計量結果 :56.6 Kg,,F1_WIN_F2_LOSS,score 3-0 (overrides opacity if needed),,,ud,判定 3-0,,※勝利した赤：片山がトーナメント進出。 準決勝戦では青井 心二（心技舘）との対戦が決定。 ［レフェリー］長瀬達郎 ［サブレフェリー］ 片岡誠人 20-17（1R 10-9／2R 10-8） 福田正人 20-16（1R 10-8／2R 10-8） 田澤康宏 20-17（1R 10-9／2R 10-8）
135,2022-04-03,SHOOTO GIG TOKYO Vol.32,プロフェッショナル修斗公式戦,東京／新宿Face,GIG_UNDERCARD_SERIES;PRO_SHOOTO_MAINLINE,3417,7,2022年度新人王決定トーナメント 2回戦,バンタム級,5分2R,1254,中桐涼輔,トイカツ道場,計量結果 :61.0 Kg,,1253,新井拓巳,ストライプル新百合ケ丘,計量結果 :61.2 Kg,,F1_LOSS_F2_WIN,score 0-2 (overrides opacity if needed),,,ud,判定 0-2,,※勝利した青：新井がトーナメント進出。 ［レフェリー］片岡誠人 ［サブレフェリー］ 福田正人 18-19（1R 10-9／2R 8-10） 柴田　旭 18-19（1R 10-9／2R 8-10） 長瀬達郎 19-19（1R 10-9／2R 9-10）
135,2022-04-03,SHOOTO GIG TOKYO Vol.32,プロフェッショナル修斗公式戦,東京／新宿Face,GIG_UNDERCARD_SERIES;PRO_SHOOTO_MAINLINE,3427,6,,,5分2R,1094,伊集龍皇,パラエストラ小岩,計量結果 :64.8 Kg,,1421,猿山千里,RISING SUN,計量結果 :64.8 Kg,,F1_WIN_F2_LOSS,score 3-0 (overrides opacity if needed),,,ud,判定 3-0,,［レフェリー］ ［サブレフェリー］ 福田正人 20-18（1R 10-9／2R 10-9） 柴田　旭 20-18（1R 10-9／2R 10-9） 長瀬達郎 20-18（1R 10-9／2R 10-9） ［レフェリー］ ［サブレフェリー］ 福田正人 20-18（1R 10-9／2R 10-9） 柴田　旭 20-18（1R 10-9／2R 10-9） 長瀬達郎 20-18（1R 10-9／2R 10-9）
135,2022-04-03,SHOOTO GIG TOKYO Vol.32,プロフェッショナル修斗公式戦,東京／新宿Face,GIG_UNDERCARD_SERIES;PRO_SHOOTO_MAINLINE,3424,5,,ストロー級,5分2R,80,牧ヶ谷篤,和術慧舟會群馬支部,計量結果 :51.9 Kg,,1398,梅木勇徳,THE BLACKBELT JAPAN,計量結果 :52.2 Kg,,F1_LOSS_F2_WIN,score 0-2 (overrides opacity if needed),,,ud,判定 0-2,,［レフェリー］田澤康宏 ［サブレフェリー］ 福田正人 18-20（1R 9-10／2R 9-10） 柴田　旭 18-20（1R 9-10／2R 9-10） 長瀬達郎 19-19（1R 9-10／2R 10-9）
135,2022-04-03,SHOOTO GIG TOKYO Vol.32,プロフェッショナル修斗公式戦,東京／新宿Face,GIG_UNDERCARD_SERIES;PRO_SHOOTO_MAINLINE,3425,4,,バンタム級,5分2R,1368,辻村秀綱,TRIBE TOKYO M.M.A,計量結果 :60.4 Kg,,1353,谷井翔太,ロデオスタイル/大道塾,計量結果 :61.0 Kg,,F1_LOSS_F2_WIN,opacity (single fighter dimmed),1,04:59,ko,KO,,［レフェリー］福田正人
135,2022-04-03,SHOOTO GIG TOKYO Vol.32,プロフェッショナル修斗公式戦,東京／新宿Face,GIG_UNDERCARD_SERIES;PRO_SHOOTO_MAINLINE,3423,3,,ウェルター級,5分2R,1256,ハーレー,フリー,計量結果 :76.6 Kg,,1062,上野勇貴,AACC×SPIDER,計量結果 :76.9 Kg,,F1_WIN_F2_LOSS,opacity (single fighter dimmed),1,01:44,,,,［レフェリー］福田正人
135,2022-04-03,SHOOTO GIG TOKYO Vol.32,プロフェッショナル修斗公式戦,東京／新宿Face,GIG_UNDERCARD_SERIES;PRO_SHOOTO_MAINLINE,3416,2,2022年度新人王決定トーナメント 2回戦,フライ級,5分2R,1337,青井心ニ,心技館,計量結果 :56.7 Kg,,1322,一杉芳樹,駿東修闘クラブ,計量結果 :56.6 Kg,,F1_WIN_F2_LOSS,opacity (single fighter dimmed),1,02:02,,,,※勝利した赤：青井がトーナメント進出。 準決勝戦では片山 将宏（TRIBE TOKYO MMA）との対戦が決定。 ［レフェリー］片岡誠人
135,2022-04-03,SHOOTO GIG TOKYO Vol.32,プロフェッショナル修斗公式戦,東京／新宿Face,GIG_UNDERCARD_SERIES;PRO_SHOOTO_MAINLINE,3421,1,,女子,5分2R,1196,北野きゅう,高田馬場道場,計量結果 :48.8 Kg,,1419,菅野縁,RISING SUN,計量結果 :49.0 Kg,,F1_LOSS_F2_WIN,score 0-3 (overrides opacity if needed),,,ud,判定 0-3,,［レフェリー］片岡誠人 ［サブレフェリー］ 福田正人 16-20（1R 8-10／2R 8-10） 柴田　旭 18-20（1R 9-10／2R 9-10） 長瀬達郎 18-20（1R 9-10／2R 9-10）
135,2022-04-03,SHOOTO GIG TOKYO Vol.32,プロフェッショナル修斗公式戦,東京／新宿Face,GIG_UNDERCARD_SERIES;PRO_SHOOTO_MAINLINE,3420,2,,フライ級,5分2R,129,輝龍,roots,計量結果 :56.6 Kg,,1371,森田興希,パラエストラ松戸,計量結果 :56.6 Kg,,F1_WIN_F2_LOSS,score 2-1 (overrides opacity if needed),,,ud,判定 2-1,,［レフェリー］柴田　旭 ［サブレフェリー］ 片岡誠人 20-18（1R 10-9／2R 10-9） 福田正人 20-18（1R 10-9／2R 10-9） 長瀬達郎 18-20（1R 9-10／2R 9-10）
135,2022-04-03,SHOOTO GIG TOKYO Vol.32,プロフェッショナル修斗公式戦,東京／新宿Face,GIG_UNDERCARD_SERIES;PRO_SHOOTO_MAINLINE,3426,１,,ライト級,5分2R,1355,磯部鉄心,パラエストラ松戸,計量結果 :70.3 Kg,,1420,メイヘム和成,パラエストラ小岩,計量結果 :69.9 Kg,,F1_WIN_F2_LOSS,score 3-0 (overrides opacity if needed),,,ud,判定 3-0,,［レフェリー］長瀬達郎 ［サブレフェリー］ 片岡誠人 20-18（1R 10-9／2R 10-9） 福田正人 20-17（1R 10-9／2R 10-8） 田澤康宏 20-17（1R 10-9／2R 10-8）
130,2022-03-21,PROFESSIONAL SHOOTO 2022 Vol.2,プロフェッショナル修斗公式戦,東京/後楽園ホール,PRO_SHOOTO_MAINLINE,3405,9,世界バンタム級チャンピオンシップ,バンタム級,5分5R,169,岡田遼,パラエストラ千葉,計量結果 :61.1 Kg,,195,安藤達也,フリー,計量結果 :61.1 Kg,ando-tatsuya,F1_LOSS_F2_WIN,opacity (single fighter dimmed),2,00:53,ko,KO,,※勝利した挑戦者：安藤が第12代世界バンタム級王者に。 ［レフェリー］片岡誠人 ［サブレフェリー］ 豊永　稔 1R 9-10 福田正人 1R 10-9 柴田　旭 1R 10-9
130,2022-03-21,PROFESSIONAL SHOOTO 2022 Vol.2,プロフェッショナル修斗公式戦,東京/後楽園ホール,PRO_SHOOTO_MAINLINE,3404,8,,ウェルター級,5分3R,1283,西川大和,西川道場,計量結果 :76.6 Kg,,1326,山田崇太郎,ThePandemonium,計量結果 :77.1 Kg,,F1_WIN_F2_LOSS,opacity (single fighter dimmed),3,04:10,submision,S,腕十字固め,［レフェリー］豊永　稔 ［サブレフェリー］ 福田正人 1R 9-10／2R 10-9 片岡誠人 1R 9-10／2R 10-9 柴田　旭 1R 9-10／2R 10-9
130,2022-03-21,PROFESSIONAL SHOOTO 2022 Vol.2,プロフェッショナル修斗公式戦,東京/後楽園ホール,PRO_SHOOTO_MAINLINE,3406,7,,バンタム級,5分3R,147,石井逸人,TRIBE TOKYO M.M.A,計量結果 :61.0 Kg,,161,石橋佳大,ZEEKジム,計量結果 :61.2 Kg,,F1_WIN_F2_LOSS,opacity (single fighter dimmed),2,02:04,submision,S,,［レフェリー］福田正人 ［サブレフェリー］ 豊永　稔 1R 9-10 片岡誠人 1R 9-10 柴田　旭 1R 9-10
130,2022-03-21,PROFESSIONAL SHOOTO 2022 Vol.2,プロフェッショナル修斗公式戦,東京/後楽園ホール,PRO_SHOOTO_MAINLINE,3407,6,,バンタム級,5分3R,1294,後藤丈治,TRIBE TOKYO M.M.A,計量結果 :60.8 Kg,goto-joji,295,ダイキライトイヤー,修斗GYM神戸,計量結果 :61.0 Kg,,F1_WIN_F2_LOSS,score 3-0 (overrides opacity if needed),,,ud,判定 3-0,,［レフェリー］福田正人 ［サブレフェリー］ 豊永　稔 29-27（1R 9-10／2R 10-8／3R 10-9） 片岡誠人 30-27（1R 10-9／2R 10-9／3R 10-9） 柴田　旭 30-26（1R 10-9／2R 10-8／3R 10-9）
130,2022-03-21,PROFESSIONAL SHOOTO 2022 Vol.2,プロフェッショナル修斗公式戦,東京/後楽園ホール,PRO_SHOOTO_MAINLINE,3410,5,,フライ級,5分3R,959,関口祐冬,修斗GYM東京,計量結果 :56.7 Kg,,955,宮城友一,キックボクシングDROP,計量結果 :56.5 Kg,,F1_WIN_F2_LOSS,score 3-0 (overrides opacity if needed),,,ud,判定 3-0,,［レフェリー］片岡誠人 ［サブレフェリー］ 豊永　稔 30-27（1R 10-9／2R 10-9／3R 10-9） 福田正人 29-28（1R 9-10／2R 10-9／3R 10-9） 柴田　旭 29-28（1R 9-10／2R 10-9／3R 10-9）
130,2022-03-21,PROFESSIONAL SHOOTO 2022 Vol.2,プロフェッショナル修斗公式戦,東京/後楽園ホール,PRO_SHOOTO_MAINLINE,3409,4,,フェザー級,5分3R,1285,岩本建汰,IGLOO,,,701,たてお,ELEVEN,,tateo,UNRESOLVED,"both dimmed, no score, no judge tallies, no note keyword match",,,,,,
130,2022-03-21,PROFESSIONAL SHOOTO 2022 Vol.2,プロフェッショナル修斗公式戦,東京/後楽園ホール,PRO_SHOOTO_MAINLINE,3412,3,,バンタム級,5分2R,1175,親川龍,THE BLACKBELT JAPAN,計量結果 :61.2 Kg,,1339,齋藤奨司,FIGHT FARM,計量結果 :61.0 Kg,saito-shoji,F1_LOSS_F2_WIN,score 0-3 (overrides opacity if needed),,,ud,判定 0-3,,［レフェリー］豊永　稔 ［サブレフェリー］ 片岡誠人 18-20（1R 9-10／2R 9-10） 福田正人 18-20（1R 9-10／2R 9-10） 柴田　旭 18-20（1R 9-10／2R 9-10）
130,2022-03-21,PROFESSIONAL SHOOTO 2022 Vol.2,プロフェッショナル修斗公式戦,東京/後楽園ホール,PRO_SHOOTO_MAINLINE,3408,2,,フライ級,5分2R,1139,大竹陽,HAGANE GYM,計量結果 :56.6 Kg,,1348,山内渉,FIGHT FARM,計量結果 :56.5 Kg,,F1_LOSS_F2_WIN,score 0-3 (overrides opacity if needed),,,ud,判定 0-3,,［レフェリー］柴田　旭 ［サブレフェリー］ 片岡誠人 18-20（1R 9-10／2R 9-10） 福田正人 18-20（1R 9-10／2R 9-10） 豊永　稔 18-20（1R 9-10／2R 9-10）
130,2022-03-21,PROFESSIONAL SHOOTO 2022 Vol.2,プロフェッショナル修斗公式戦,東京/後楽園ホール,PRO_SHOOTO_MAINLINE,3411,1,,フライ級,5分2R,1159,内田タケル,THE BLACKBELT JAPAN,計量結果 :56.4 Kg,uchida-takeru,1323,佐々木駿友,T-GRIP TOKYO,計量結果 :56.4 Kg,,F1_WIN_F2_LOSS,opacity (single fighter dimmed),1,01:36,submision,S,スリーパーホールド,［レフェリー］片岡誠人
130,2022-03-21,PROFESSIONAL SHOOTO 2022 Vol.2,プロフェッショナル修斗公式戦,東京/後楽園ホール,PRO_SHOOTO_MAINLINE,3413,,,女子ストロー級,5分2R,1405,須恵樹季,TRINITY-SUNS,,,1418,ソルト,マルスジム,,,UNRESOLVED,"both dimmed, no score, no judge tallies, no note keyword match",,,,,,
129,2022-01-16,PROFESSIONAL SHOOTO 2022 開幕戦,プロフェッショナル修斗公式戦,後楽園ホール,PRO_SHOOTO_MAINLINE,3392,10,環太平洋バンタム級チャンピオン決定戦,バンタム級,5分3R,171,小野島恒太,Combat Workout Diamonds,計量結果 :61.1 Kg,,1148,藤井伸樹,ALLIANCE,計量結果 :60.9 Kg,,F1_WIN_F2_LOSS,score 3-0 (overrides opacity if needed),,,ud,判定 3-0,,勝利した赤：小野島が第10代環太平洋バンタム級王者に。 ［レフェリー］福田正人 ［サブレフェリー］ 豊永　稔 29-28（1R 10-9／2R 10-9／3R 9-10） 田澤康宏 30-27（1R 10-9／2R 10-9／3R 10-9） 片岡誠人 29-28（1R 10-9／2R 10-9／3R 9-10）
129,2022-01-16,PROFESSIONAL SHOOTO 2022 開幕戦,プロフェッショナル修斗公式戦,後楽園ホール,PRO_SHOOTO_MAINLINE,3401,9,,バンタム級,5分3R,1185,野尻定由,MASTER JAPAN FUKUOKA,計量結果 :61.2 Kg,,1347,中村倫也,LDH martial arts,計量結果 :61.2 Kg,nakamura-rinya,F1_LOSS_F2_WIN,opacity (single fighter dimmed),1,00:25,tko,TKO,レフェリーストップ,［レフェリー］片岡誠人
129,2022-01-16,PROFESSIONAL SHOOTO 2022 開幕戦,プロフェッショナル修斗公式戦,後楽園ホール,PRO_SHOOTO_MAINLINE,3402,8,,ライト級,5分3R,354,菅原和政,MASTER JAPAN FUKUOKA,計量結果 :70.2 Kg,,1366,宇佐美正パトリック,EXFIGHT／LDH martIal arts,計量結果 :70.2 Kg,usami-sho-patrick,F1_LOSS_F2_WIN,opacity (single fighter dimmed),1,04:54,tko,TKO,レフェリーストップ,［レフェリー］豊永　稔
129,2022-01-16,PROFESSIONAL SHOOTO 2022 開幕戦,プロフェッショナル修斗公式戦,後楽園ホール,PRO_SHOOTO_MAINLINE,3394,7,,ストロー級,5分3R,49,新井丈,和術慧舟會HEARTS,計量結果 :52.2 Kg,arai-jo,672,木内SKINNYZOMBIE崇雅,和術慧舟會GODS,計量結果 :52.2 Kg,,F1_WIN_F2_LOSS,opacity (single fighter dimmed),1,04:46,ko,KO,,［レフェリー］田澤康宏
129,2022-01-16,PROFESSIONAL SHOOTO 2022 開幕戦,プロフェッショナル修斗公式戦,後楽園ホール,PRO_SHOOTO_MAINLINE,3395,6,,女子スーパーアトム級,5分2R,1208,黒部三奈,マスタージャパン,計量結果 :50 Kg,,1319,宝珠山桃花,赤崎道場A-SPIRIT,計量結果 :49.7 Kg,,F1_WIN_F2_LOSS,score 3-0 (overrides opacity if needed),,,ud,判定 3-0,,［レフェリー］片岡誠人 ［サブレフェリー］ 豊永　稔 20-18（1R 10-9／2R 10-9） 福田正人 20-18（1R 10-9／2R 10-9） 田澤康宏 20-18（1R 10-9／2R 10-9）
129,2022-01-16,PROFESSIONAL SHOOTO 2022 開幕戦,プロフェッショナル修斗公式戦,後楽園ホール,PRO_SHOOTO_MAINLINE,3396,5,インフィニティリーグ2022 初代女子アトム級王座決定リーグ戦,,5分2R,554,久遠,ZERO,計量結果 :47.6 Kg,,1417,加藤春菜,NASCER DO SOL,計量結果 :47.6 Kg,,F1_WIN_F2_LOSS,opacity (single fighter dimmed),1,01:55,submision,S,腕ひしぎ十字固め,勝利した赤：久遠が4Pを獲得。（累計4P） ［レフェリー］長瀬達郎
129,2022-01-16,PROFESSIONAL SHOOTO 2022 開幕戦,プロフェッショナル修斗公式戦,後楽園ホール,PRO_SHOOTO_MAINLINE,3397,4,インフィニティリーグ2022 初代女子アトム級王座決定リーグ戦,女子アトム級,5分2R,1274,中村未来,マルスジム,計量結果 :47.3 Kg,,1241,小生由紀,グランドスラム沖縄A・P・P,計量結果 :47.4 Kg,,F1_WIN_F2_LOSS,score 3-0 (overrides opacity if needed),,,ud,判定 3-0,,勝利した赤：中村が2Pを獲得。（累計2P） ［レフェリー］福田正人 ［サブレフェリー］ 豊永　稔 20-18（1R 10-9／2R 10-9） 長瀬達郎 20-18（1R 10-9／2R 10-9） 片岡誠人 20-18（1R 10-9／2R 10-9）
129,2022-01-16,PROFESSIONAL SHOOTO 2022 開幕戦,プロフェッショナル修斗公式戦,後楽園ホール,PRO_SHOOTO_MAINLINE,3403,3,,,5分2R,1171,杉本恵,AACC,計量結果 :51.6 Kg,,1418,ソルト,マルスジム,計量結果 :51.9 Kg,,F1_WIN_F2_LOSS,score 3-0 (overrides opacity if needed),,,ud,判定 3-0,,［レフェリー］福田正人 ［サブレフェリー］ 豊永　稔 20-18（1R 10-9／2R 10-9） 長瀬達郎 20-18（1R 10-9／2R 10-9） 片岡誠人 20-18（1R 10-9／2R 10-9）
129,2022-01-16,PROFESSIONAL SHOOTO 2022 開幕戦,プロフェッショナル修斗公式戦,後楽園ホール,PRO_SHOOTO_MAINLINE,3399,2,,フェザー級,5分2R,1183,木下カラテ,和術慧舟會HEARTS,計量結果 :65.7 Kg,kinoshita-karate,1309,工藤圭一郎,グランドスラム沖縄A・P・P,計量結果 :65.7 Kg,,F1_LOSS_F2_WIN,opacity (single fighter dimmed),1,03:53,ko,KO,,［レフェリー］豊永　稔
129,2022-01-16,PROFESSIONAL SHOOTO 2022 開幕戦,プロフェッショナル修斗公式戦,後楽園ホール,PRO_SHOOTO_MAINLINE,3398,1,,ストロー級,5分2R,92,阿部マサトシ,AACC,計量結果 :52.2 Kg,,80,牧ヶ谷篤,和術慧舟會群馬支部,計量結果 :51.6 Kg,,F1_WIN_F2_LOSS,score 3-0 (overrides opacity if needed),,,ud,判定 3-0,,［レフェリー］田澤康宏 ［サブレフェリー］ 長瀬達郎 20-18（1R 10-9／2R 10-9） 福田正人 20-18（1R 10-9／2R 10-9） 片岡誠人 20-18（1R 10-9／2R 10-9）
123,2021-12-19,PROFESSIONAL SHOOTO 2021 Vol.8 in OSAKA Supported by ONE Championship,プロフェッショナル修斗公式戦,メルパルクホールOSAKA,PRO_SHOOTO_MAINLINE,3370,10,環太平洋ライト級チャンピオンシップ,ライト級,5分3R,1056,キャプテン☆アフリカ,総合格闘技道場コブラ会,計量結果 :70.2 Kg,captain-africa,1295,マックス・ザ・ボディ,BRAVE,計量結果 :70.2 Kg,,F1_WIN_F2_LOSS,opacity (single fighter dimmed),1,02:46,submision,S,フロントスリーパーホールド,※王者：Cアフリカが初防衛に成功。 ［レフェリー］片岡誠人
123,2021-12-19,PROFESSIONAL SHOOTO 2021 Vol.8 in OSAKA Supported by ONE Championship,プロフェッショナル修斗公式戦,メルパルクホールOSAKA,PRO_SHOOTO_MAINLINE,3372,9,,ストロー級,5分3R,1167,田上こゆる,BLOWS,計量結果 :52.1 Kg,,38,マッチョザバタフライ,総合格闘技道場コブラ会,計量結果 :52.2 Kg,,F1_LOSS_F2_WIN,opacity (single fighter dimmed),,,,,,［レフェリー］吉田元貴 ［サブレフェリー］ 片岡誠人 28-29（1R 9-10／2R 10-9／3R 9-10） 安芸佳孝 28-29（1R 9-10／2R 10-9／3R 9-10） 山本諭志 29-28（1R 10-9／2R 10-9／3R 9-10）
123,2021-12-19,PROFESSIONAL SHOOTO 2021 Vol.8 in OSAKA Supported by ONE Championship,プロフェッショナル修斗公式戦,メルパルクホールOSAKA,PRO_SHOOTO_MAINLINE,3371,8,,フェザー級,5分2R,314,山本健斗デリカット,総合格闘技道場コブラ会,計量結果 :65.6 Kg,,1402,浜松ヤマト,T-GRIP TOKYO,計量結果 :65.6 Kg,,F1_WIN_F2_LOSS,opacity (single fighter dimmed),1,01:47,tko,TKO,レフェリーストップ,［レフェリー］片岡誠人
123,2021-12-19,PROFESSIONAL SHOOTO 2021 Vol.8 in OSAKA Supported by ONE Championship,プロフェッショナル修斗公式戦,メルパルクホールOSAKA,PRO_SHOOTO_MAINLINE,3391,7,,新空手道連盟,3分3R,1311,基山幹太,BELLWOOD FIGHT TEAM,計量結果 :59.9 Kg,,1383,井口翔太,修斗GYM神戸,計量結果 :59.6 Kg,,F1_WIN_F2_LOSS,score 3-0 (overrides opacity if needed),,,ud,判定 3-0,,［レフェリー］吉田元貴
123,2021-12-19,PROFESSIONAL SHOOTO 2021 Vol.8 in OSAKA Supported by ONE Championship,プロフェッショナル修斗公式戦,メルパルクホールOSAKA,PRO_SHOOTO_MAINLINE,3375,6,,新空手道連盟,,1332,田渕神太,国際空手道拳聖塾,計量結果 :54.8 Kg,,1403,小只直弥,888GYM,計量結果 :54.9 Kg,,F1_LOSS_F2_WIN,score 0-1 (overrides opacity if needed),,,ud,判定 0-1,,［レフェリー］吉田元貴
123,2021-12-19,PROFESSIONAL SHOOTO 2021 Vol.8 in OSAKA Supported by ONE Championship,プロフェッショナル修斗公式戦,メルパルクホールOSAKA,PRO_SHOOTO_MAINLINE,3374,5,,新空手道連盟,,1406,澤谷大樹,HAWK GYM,計量結果 :57.3 Kg,,1312,龍翔,BLACK☆Jr,計量結果 :57.5 Kg,,F1_LOSS_F2_WIN,score 0-3 (overrides opacity if needed),,,ud,判定 0-3,,［レフェリー］吉田元貴
123,2021-12-19,PROFESSIONAL SHOOTO 2021 Vol.8 in OSAKA Supported by ONE Championship,プロフェッショナル修斗公式戦,メルパルクホールOSAKA,PRO_SHOOTO_MAINLINE,3373,4,,バンタム級,5分2R,305,平川智也,マスタージャパン,計量結果 :61.0 Kg,,777,青柳洸志,修斗GYM神戸,計量結果 :61.2 Kg,,F1_LOSS_F2_WIN,score 0-3 (overrides opacity if needed),,,ud,判定 0-3,,［レフェリー］片岡誠人 ［サブレフェリー］ 吉田元貴 18-20（1R 9-10／2R 9-10） 安芸佳孝 18-20（1R 9-10／2R 9-10） 山本諭志 18-20（1R 9-10／2R 9-10）
123,2021-12-19,PROFESSIONAL SHOOTO 2021 Vol.8 in OSAKA Supported by ONE Championship,プロフェッショナル修斗公式戦,メルパルクホールOSAKA,PRO_SHOOTO_MAINLINE,3390,3,,ライト級,5分2R,701,たてお,ELEVEN,計量結果 :70.2 Kg,tateo,1140,後藤陽駆,シューティングジム大阪,計量結果 :69.8 Kg,,F1_WIN_F2_LOSS,opacity (single fighter dimmed),1,03:38,submision,S,スリーパーホールド,［レフェリー］岡田剛史
123,2021-12-19,PROFESSIONAL SHOOTO 2021 Vol.8 in OSAKA Supported by ONE Championship,プロフェッショナル修斗公式戦,メルパルクホールOSAKA,PRO_SHOOTO_MAINLINE,3376,2,,女子ストロー級,5分2R,1404,Fukky,修斗GYM神戸,計量結果 :51.1 Kg,,1405,須恵樹季,TRINITY-SUNS,計量結果 :52.2 Kg,,F1_LOSS_F2_WIN,opacity (single fighter dimmed),1,01:30,submision,S,チキンウイングアームロック,［レフェリー］岡田剛史
123,2021-12-19,PROFESSIONAL SHOOTO 2021 Vol.8 in OSAKA Supported by ONE Championship,プロフェッショナル修斗公式戦,メルパルクホールOSAKA,PRO_SHOOTO_MAINLINE,3377,1,新人王決定トーナメント 1回戦,フェザー級,5分2R,1335,神武羅☆ヒカル,NEW GROUND,計量結果 :65.3 Kg,,1314,紀州,ASH,計量結果 :65.8 Kg,,F1_WIN_F2_LOSS,score 3-0 (overrides opacity if needed),,,ud,判定 3-0,,※勝利した赤：神武羅がトーナメント進出。 ［レフェリー］片岡誠人 ［サブレフェリー］ 吉田元貴 20-18（1R 10-9／2R 10-9） 安芸佳孝 20-18（1R 10-9／2R 10-9） 山本諭志 20-18（1R 10-9／2R 10-9）
127,2021-12-05,闘裸男26,プロフェッショナル修斗公式戦広島大会,BLUE LIVE HIROSHIMA,TORAO_REGIONAL;PRO_SHOOTO_MAINLINE,3378,6,,,5分2R,330,佐々木信治,BURST,計量結果 :77.1 Kg,,1112,ジョナタンバイエス,パラエストラ松戸,計量結果 :77.1 Kg,,F1_WIN_F2_LOSS,score 3-0 (overrides opacity if needed),,,ud,判定 3-0,,［レフェリー］福田正人 ［サブレフェリー］ 安芸佳孝 20-18（1R 10-9／2R 10-9） 赤崎勝久 20-17（1R 10-9／2R 10-8） 岡田剛史 20-18（1R 10-9／2R 10-9）
127,2021-12-05,闘裸男26,プロフェッショナル修斗公式戦広島大会,BLUE LIVE HIROSHIMA,TORAO_REGIONAL;PRO_SHOOTO_MAINLINE,3379,5,,,5分3R,1141,野瀬翔平,MASTER JAPAN FUKUOKA,計量結果 :65.6 Kg,nose-shohei,127,奇天烈,修斗GYMS直心会,計量結果 :65.3 Kg,,F1_WIN_F2_LOSS,opacity (single fighter dimmed),1,04:36,submision,S,ネックシザース,［レフェリー］福田正人
127,2021-12-05,闘裸男26,プロフェッショナル修斗公式戦広島大会,BLUE LIVE HIROSHIMA,TORAO_REGIONAL;PRO_SHOOTO_MAINLINE,3381,3,,,5分2R,1221,神田T800周一,KTC MMA,計量結果 :64.9 Kg,,1182,キシシ,MIBURO,計量結果 :65.7 Kg,,F1_WIN_F2_LOSS,score 3-0 (overrides opacity if needed),,,ud,判定 3-0,,［レフェリー］ ［サブレフェリー］ 安芸佳孝 20-18（1R 10-9／2R 10-9） 赤崎勝久 20-17（1R 10-9／2R 10-8） 加藤秀和 20-18（1R 10-9／2R 10-9）
127,2021-12-05,闘裸男26,プロフェッショナル修斗公式戦広島大会,BLUE LIVE HIROSHIMA,TORAO_REGIONAL;PRO_SHOOTO_MAINLINE,3382,2,,,5分2R,78,ふじい☆ペリー,BURST,計量結果 :56.3 Kg,,81,蒔田Gandhi伸吾,TKエスペランサ,計量結果 :56.4 Kg,,DRAW,score tied 1-1,,,ud,判定 1-1,,［レフェリー］福田正人 ［サブレフェリー］ 松根良太 19-19（1R 10-9／2R 9-10） 宮崎清孝 19-19（1R 10-9／2R 9-10） 加藤秀和 20-18（1R 10-9／2R 10-9）
127,2021-12-05,闘裸男26,プロフェッショナル修斗公式戦広島大会,BLUE LIVE HIROSHIMA,TORAO_REGIONAL;PRO_SHOOTO_MAINLINE,3383,1,,,5分2R,1319,宝珠山桃花,赤崎道場A-SPIRIT,計量結果 :52.5 Kg,,1408,和田千聖,毛利道場,計量結果 :52.3 Kg,,F1_WIN_F2_LOSS,score 3-0 (overrides opacity if needed),,,ud,判定 3-0,,［レフェリー］福田正人 ［サブレフェリー］ 松根良太 20-17（1R 10-9／2R 10-8） 宮崎清孝 20-17（1R 10-9／2R 10-8） 加藤秀和 20-17（1R 10-9／2R 10-8）
128,2021-12-05,闘裸男GIG03,プロフェッショナル修斗公式戦広島大会,BLUE LIVE HIROSHIMA,TORAO_REGIONAL;GIG_UNDERCARD_SERIES;PRO_SHOOTO_MAINLINE,3384,5,2022年度新人王決定トーナメント,ストロー級,5分2R,1315,横関タルト,TKエスペランサ,計量結果 :55.8 Kg,,1226,わっしょい内田,パーソナルスタイルス,計量結果 :56.0 Kg,,DRAW,score tied 1-1,,,ud,判定 1-1,,※優勢ポイント2-0により赤：横関がトーナメント進出。 ［レフェリー］福田正人 ［サブレフェリー］ 松根良太 19-19（1R 10-9／2R 9-10） 赤崎勝久 18-20（1R 9-10／2R 9-10） 小島邦裕 20-18（1R 10-9／2R 10-9）
128,2021-12-05,闘裸男GIG03,プロフェッショナル修斗公式戦広島大会,BLUE LIVE HIROSHIMA,TORAO_REGIONAL;GIG_UNDERCARD_SERIES;PRO_SHOOTO_MAINLINE,3385,4,2022年度新人王決定トーナメント,フライ級,5分2R,1409,水田大智,有永道場 Team Resolve,計量結果 :60.9 Kg,,1410,丸山幹太,MIBURO,計量結果 :61.1 Kg,,F1_WIN_F2_LOSS,opacity (single fighter dimmed),2,02:30,tko,TKO,レフェリーストップ,※当日計量により61.2kgで実施 ※勝利した赤：水田がトーナメント進出。 ［レフェリー］福田正人 ［サブレフェリー］ 松根良太 1R 10-9 赤崎勝久 1R 9-10 小島邦裕 1R 9-10
128,2021-12-05,闘裸男GIG03,プロフェッショナル修斗公式戦広島大会,BLUE LIVE HIROSHIMA,TORAO_REGIONAL;GIG_UNDERCARD_SERIES;PRO_SHOOTO_MAINLINE,3386,3,2022年度新人王決定トーナメント,ライト級,5分2R,1411,スモーキー,TKエスペランサ,計量結果 :76.1 Kg,,1412,貞永大輔,MASTER JAPAN FUKUOKA,計量結果 :75.2 Kg,,F1_WIN_F2_LOSS,score 2-0 (overrides opacity if needed),,,ud,判定 2-0,,※当日計量により77.1kgで実施 ※勝利した赤：スモーキーがトーナメント進出。 ［レフェリー］福田正人 ［サブレフェリー］ 安芸佳孝 20-18（1R 10-9／2R 10-9） 赤崎勝久 19-19（1R 9-10／2R 10-9） 小島邦裕 20-18（1R 10-9／2R 10-9）
128,2021-12-05,闘裸男GIG03,プロフェッショナル修斗公式戦広島大会,BLUE LIVE HIROSHIMA,TORAO_REGIONAL;GIG_UNDERCARD_SERIES;PRO_SHOOTO_MAINLINE,3387,2,,,5分2R,1413,麻生LegLock祐弘,有永道場 Team Resolve,計量結果 :55.7 Kg,,1302,畠山隆称,THE BLACKBELT JAPAN沖縄,計量結果 :56.7 Kg,,F1_LOSS_F2_WIN,opacity (single fighter dimmed),1,03:38,submision,S,スリーパーホールド,［レフェリー］福田正人
128,2021-12-05,闘裸男GIG03,プロフェッショナル修斗公式戦広島大会,BLUE LIVE HIROSHIMA,TORAO_REGIONAL;GIG_UNDERCARD_SERIES;PRO_SHOOTO_MAINLINE,3388,1,2022年度新人王決定トーナメント,フェザー級,5分2R,1414,HAMMERKATU,有永道場 Team Resolve,計量結果 :68.7 Kg,,1181,一水浩二,近田道場,計量結果 :69.4 Kg,,F1_WIN_F2_LOSS,score 1-0 (overrides opacity if needed),,,ud,判定 1-0,,※優勢ポイント3-0により赤：HAMMERがトーナメント進出。 ［レフェリー］福田正人 ［サブレフェリー］ 安芸佳孝 20-18（1R 10-9／2R 10-9） 岡田剛史 19-19（1R 10-9／2R 9-10） 小島邦裕 19-19（1R 10-9／2R 9-10）
128,2021-12-05,闘裸男GIG03,プロフェッショナル修斗公式戦広島大会,BLUE LIVE HIROSHIMA,TORAO_REGIONAL;GIG_UNDERCARD_SERIES;PRO_SHOOTO_MAINLINE,3389,,,キッズ・ジュニア修斗,3分1R,1415,森啓貴,TKエスペランサ,計量結果 :35.7 Kg,,1416,小山朝太郎,有永道場 Team Resolve,計量結果 :33.6 Kg,,F1_WIN_F2_LOSS,score 2-1 (overrides opacity if needed),,,ud,判定 2-1,,［レフェリー］岡田剛史 ［ジャッジ］ A：安芸佳孝 10-9 B：赤崎勝久 10-9 C：加藤秀和 9-10
126,2021-11-14,THE SHOOTO OKINAWA vol.５,プロフェッショナル修斗公式戦沖縄大会,ミュージックタウン音市場,OKINAWA_REGIONAL;PRO_SHOOTO_MAINLINE,3361,7,,ストロー級,5分3R,672,木内SKINNYZOMBIE崇雅,和術慧舟會GODS,計量結果 :52.1 Kg,,1098,旭那拳,THE BLACKBELT JAPAN,計量結果 :52.1 Kg,,F1_LOSS_F2_WIN,score 0-3 (overrides opacity if needed),,,ud,判定 0-3,,［レフェリー］豊永　稔 ［サブレフェリー］ 福田正人 27-30（1R 9-10／2R 9-10／3R 9-10） 島袋零二 27-30（1R 9-10／2R 9-10／3R 9-10） 小島邦裕 27-30（1R 9-10／2R 9-10／3R 9-10）
126,2021-11-14,THE SHOOTO OKINAWA vol.５,プロフェッショナル修斗公式戦沖縄大会,ミュージックタウン音市場,OKINAWA_REGIONAL;PRO_SHOOTO_MAINLINE,3362,6,,フェザー級,5分2R,329,児山佳宏,THE BLACKBELT JAPAN,計量結果 :65.6 Kg,,1309,工藤圭一郎,グランドスラム沖縄A・P・P,計量結果 :65.6 Kg,,F1_WIN_F2_LOSS,score 3-0 (overrides opacity if needed),,,ud,判定 3-0,,［レフェリー］豊永　稔 ［サブレフェリー］ 福田正人 20-18（1R 10-9／2R 10-9） 島袋零二 20-18（1R 10-9／2R 10-9） 小島邦裕 20-18（1R 10-9／2R 10-9）
126,2021-11-14,THE SHOOTO OKINAWA vol.５,プロフェッショナル修斗公式戦沖縄大会,ミュージックタウン音市場,OKINAWA_REGIONAL;PRO_SHOOTO_MAINLINE,3363,5,,ストロー級,5分2R,1176,当真佳直,reversaL Gym OKINAWA CROSS×LINE,計量結果 :52.1 Kg,,122,金内サイダー雄哉,THE BLACKBELT JAPAN,計量結果 :52.1 Kg,,F1_WIN_F2_LOSS,opacity (single fighter dimmed),,02:36,tko,TKO,レフェリーストップ,［レフェリー］福田正人
126,2021-11-14,THE SHOOTO OKINAWA vol.５,プロフェッショナル修斗公式戦沖縄大会,ミュージックタウン音市場,OKINAWA_REGIONAL;PRO_SHOOTO_MAINLINE,3364,4,新人王決定トーナメント,バンタム級,5分2R,1303,南風原吉良斗,THE BLACKBELT JAPAN,計量結果 :61.1 Kg,,1396,持田哲兵,MMA RANGERS GYM,計量結果 :61.1 Kg,,F1_WIN_F2_LOSS,opacity (single fighter dimmed),1,03:05,submision,S,ネックストレッチ,勝利した赤：南風原がトーナメント進出。 ［レフェリー］福田正人
126,2021-11-14,THE SHOOTO OKINAWA vol.５,プロフェッショナル修斗公式戦沖縄大会,ミュージックタウン音市場,OKINAWA_REGIONAL;PRO_SHOOTO_MAINLINE,3365,3,,ストロー級,5分2R,1255,大城匡史,THE BLACKBELT JAPAN,計量結果 :52.1 Kg,,1316,泰斗,MMA RANGERS GYM,計量結果 :52.0 Kg,,F1_LOSS_F2_WIN,score 0-3 (overrides opacity if needed),,,ud,判定 0-3,,［レフェリー］豊永　稔 ［サブレフェリー］ 福田正人 18-20（1R 9-10／2R 9-10） 島袋零二 18-20（1R 9-10／2R 9-10） 小生隆弘 18-20（1R 9-10／2R 9-10）
126,2021-11-14,THE SHOOTO OKINAWA vol.５,プロフェッショナル修斗公式戦沖縄大会,ミュージックタウン音市場,OKINAWA_REGIONAL;PRO_SHOOTO_MAINLINE,3366,2,,フライ級,5分2R,1177,シューティングガイコツ,THE BLACKBELT JAPAN,計量結果 :56.5 Kg,,1397,KJタイラー,T-REX柔術アカデミー,計量結果 :56.5 Kg,,F1_WIN_F2_LOSS,score 2-0 (overrides opacity if needed),,,ud,判定 2-0,,［レフェリー］豊永　稔 ［サブレフェリー］ 福田正人 19-18（1R 9-10／2R 10-8） 島袋零二 19-18（1R 9-10／2R 10-8） 小生隆弘 19-19（1R 9-10／2R 10-9）
126,2021-11-14,THE SHOOTO OKINAWA vol.５,プロフェッショナル修斗公式戦沖縄大会,ミュージックタウン音市場,OKINAWA_REGIONAL;PRO_SHOOTO_MAINLINE,3367,1,,フライ級,5分2R,1330,新垣健司,ALIVE沖縄支部シマジリアンズ,計量結果 :56.6 Kg,,1398,梅木勇徳,THE BLACKBELT JAPAN,計量結果 :56.3 Kg,,F1_WIN_F2_LOSS,opacity (single fighter dimmed),2,03:40,submision,S,フロントスリーパーホールド,［レフェリー］福田正人 ［サブレフェリー］ 豊永　稔 1R 9-10 島袋零二 1R 10-9 小生隆弘 1R 9-10
126,2021-11-14,THE SHOOTO OKINAWA vol.５,プロフェッショナル修斗公式戦沖縄大会,ミュージックタウン音市場,OKINAWA_REGIONAL;PRO_SHOOTO_MAINLINE,3368,,,バンタム級,3分2R,1307,榎本神月,Theパラエストラ沖縄,計量結果 :61.1 Kg,,1399,堺龍平,MMA RANGERS GYM,計量結果 :60.6 Kg,,F1_LOSS_F2_WIN,score 0-2 (overrides opacity if needed),,,ud,判定 0-2,,［レフェリー］福田正人 ［ジャッジ］ A：豊永　稔 18-20（1R 9-10／2R 9-10） B：島袋零二 18-20（1R 9-10／2R 9-10） C：小島邦裕 19-19（1R 9-10／2R 10-9）
126,2021-11-14,THE SHOOTO OKINAWA vol.５,プロフェッショナル修斗公式戦沖縄大会,ミュージックタウン音市場,OKINAWA_REGIONAL;PRO_SHOOTO_MAINLINE,3369,,,ブラジリアン柔術,8分1R,1400,小生隆弘,グランドスラム沖縄A・P・P,計量結果 :63.5 Kg,,1401,清水慎也,カルぺディエム那覇,計量結果 :63.4 Kg,,F1_WIN_F2_LOSS,opacity (single fighter dimmed),,,,,,P 2-0 Adv 0-1 ［レフェリー］乗次秀彦
124,2021-11-07,FORCE GIG 01,プロフェッショナル修斗公式戦,香川県高松市/高松シンボルタワー 展示場,FORCE_REGIONAL;GIG_UNDERCARD_SERIES;PRO_SHOOTO_MAINLINE,3353,6,,バンタム級,5分2R,153,堀川55滉介,TEAM一領具足,計量結果 :61.1 Kg,,1173,當房桂,修斗GYMS直心会,計量結果 :60.8 Kg,,F1_WIN_F2_LOSS,opacity (single fighter dimmed),1,00:37,submision,S,フロントスリーパーホールド,［レフェリー］福田正人
124,2021-11-07,FORCE GIG 01,プロフェッショナル修斗公式戦,香川県高松市/高松シンボルタワー 展示場,FORCE_REGIONAL;GIG_UNDERCARD_SERIES;PRO_SHOOTO_MAINLINE,3352,5,,フェザー級,5分2R,1384,大悟,HOPE,計量結果 :65.5 Kg,,1385,川北晏生,TRIBE TOKYO M.M.A,計量結果 :65.0 Kg,,DRAW,score tied 1-1,,,ud,判定 1-1,,［レフェリー］福田正人 ［サブレフェリー］ 吉田元貴 19-19（1R 10-9／2R 9-10） 山本諭志 18-20（1R 9-10／2R 9-10） 岡田剛史 20-18（1R 10-9／2R 10-9）
124,2021-11-07,FORCE GIG 01,プロフェッショナル修斗公式戦,香川県高松市/高松シンボルタワー 展示場,FORCE_REGIONAL;GIG_UNDERCARD_SERIES;PRO_SHOOTO_MAINLINE,3351,4,,バンタム級,5分2R,1262,宇都宮伍,直心会修斗GYMS,計量結果 :60.7 Kg,,1383,井口翔太,修斗GYM神戸,計量結果 :60.7 Kg,,F1_LOSS_F2_WIN,score 0-2 (overrides opacity if needed),,,ud,判定 0-2,,［レフェリー］福田正人 ［サブレフェリー］ 吉田元貴 18-20（1R 9-10／2R 9-10） 山本諭志 19-19（1R 9-10／2R 10-9） 岡田剛史 18-20（1R 9-10／2R 9-10）
124,2021-11-07,FORCE GIG 01,プロフェッショナル修斗公式戦,香川県高松市/高松シンボルタワー 展示場,FORCE_REGIONAL;GIG_UNDERCARD_SERIES;PRO_SHOOTO_MAINLINE,3350,3,,フェザー級,5分2R,1395,二宮弘樹,HOPE,計量結果 :65.1 Kg,,1201,関根累,roots,計量結果 :64.9 Kg,,F1_WIN_F2_LOSS,score 1-0 (overrides opacity if needed),,,ud,判定 1-0,,［レフェリー］福田正人 ［サブレフェリー］ 吉田元貴 20-18（1R 10-9／2R 10-9） 山本諭志 19-19（1R 10-9／2R 9-10） 岡田剛史 19-19（1R 10-9／2R 9-10）
124,2021-11-07,FORCE GIG 01,プロフェッショナル修斗公式戦,香川県高松市/高松シンボルタワー 展示場,FORCE_REGIONAL;GIG_UNDERCARD_SERIES;PRO_SHOOTO_MAINLINE,3349,2,,ウェルター級,5分2R,1393,岡野Garcia史詩,HOPE,計量結果 :76.5 Kg,,1394,KENZO,BURST,計量結果 :76.8 Kg,,F1_LOSS_F2_WIN,score 0-3 (overrides opacity if needed),,,ud,判定 0-3,,［レフェリー］吉田元貴 ［サブレフェリー］ 福田正人 18-20（1R 9-10／2R 9-10） 山本諭志 18-20（1R 9-10／2R 9-10） 岡田剛史 18-20（1R 9-10／2R 9-10）
124,2021-11-07,FORCE GIG 01,プロフェッショナル修斗公式戦,香川県高松市/高松シンボルタワー 展示場,FORCE_REGIONAL;GIG_UNDERCARD_SERIES;PRO_SHOOTO_MAINLINE,3348,1,,フライ級,5分2R,1133,木村旬志,ゼロ戦クラブ,計量結果 :56.7 Kg,,1382,三輪勇気,修斗GYM神戸,計量結果 :56.3 Kg,,F1_WIN_F2_LOSS,opacity (single fighter dimmed),2,02:40,tko,TKO,,スラムによるレフェリーストップ ［レフェリー］吉田元貴
124,2021-11-07,FORCE GIG 01,プロフェッショナル修斗公式戦,香川県高松市/高松シンボルタワー 展示場,FORCE_REGIONAL;GIG_UNDERCARD_SERIES;PRO_SHOOTO_MAINLINE,3346,1,,キッズ・ジュニア修斗,3分1R,1378,笠井遥月,MMA Zジム,計量結果 :23.4 Kg,,1379,坪田笑瑠,総合格闘技ゴンズジム,計量結果 :24.5 Kg,,F1_LOSS_F2_WIN,score 0-3 (overrides opacity if needed),,,ud,判定 0-3,,［レフェリー］吉田元貴 ［ジャッジ］ A：福田正人 1R 9-10 B：山本諭志 1R 9-10 C：岡田剛史 1R 9-10
124,2021-11-07,FORCE GIG 01,プロフェッショナル修斗公式戦,香川県高松市/高松シンボルタワー 展示場,FORCE_REGIONAL;GIG_UNDERCARD_SERIES;PRO_SHOOTO_MAINLINE,3347,2,,キッズ・ジュニア修斗,4分1R,1380,宇都宮千空,修斗GYMS直心会,計量結果 :50.9 Kg,,1381,谷村泰和,パラエストラ東大阪,計量結果 :49.3 Kg,,F1_WIN_F2_LOSS,score 2-1 (overrides opacity if needed),,,ud,判定 2-1,,［レフェリー］吉田元貴 ［ジャッジ］ A：福田正人 1R 10-9 B：山本諭志 1R 9-10 C：岡田剛史 1R 10-10
125,2021-11-07,FORCE 14,プロフェッショナル修斗公式戦,香川県高松市/高松シンボルタワー 展示場,FORCE_REGIONAL;PRO_SHOOTO_MAINLINE,3360,5,,フェザー級,5分2R,229,藤川智史,総合格闘技道場ARMS,計量結果 :65.4 Kg,,624,國頭武,BURST,計量結果 :65.5 Kg,,DRAW,score tied 0-0,,,ud,判定 0-0,,［レフェリー］福田正人 ［サブレフェリー］ 吉田元貴 19-19（1R 9-10／2R 10-9） 山本諭志 19-19（1R 9-10／2R 10-9） 岡田剛史 19-19（1R 9-10／2R 10-9）
125,2021-11-07,FORCE 14,プロフェッショナル修斗公式戦,香川県高松市/高松シンボルタワー 展示場,FORCE_REGIONAL;PRO_SHOOTO_MAINLINE,3359,4,,バンタム級,5分2R,1067,高岡宏気,FORCE GYM,計量結果 :60.8 Kg,takaoka-hiroki,1324,寺嶋直人,SUBMIT MMA,計量結果 :61.0 Kg,,DRAW,score tied 0-0,,,ud,判定 0-0,,［レフェリー］福田正人 ［サブレフェリー］ 吉田元貴 19-19（1R 10-9／2R 9-10） 山本諭志 19-19（1R 9-10／2R 10-9） 岡田剛史 19-19（1R 10-9／2R 9-10）
125,2021-11-07,FORCE 14,プロフェッショナル修斗公式戦,香川県高松市/高松シンボルタワー 展示場,FORCE_REGIONAL;PRO_SHOOTO_MAINLINE,3358,3,,,5分2R,1313,CHAN龍,MMA Zジム,計量結果 :72.5 Kg,,1392,山下康一朗,CARPEDIEM,計量結果 :72.5 Kg,,F1_WIN_F2_LOSS,opacity (single fighter dimmed),1,04:14,tko,TKO,レフェリーストップ,［レフェリー］福田正人
125,2021-11-07,FORCE 14,プロフェッショナル修斗公式戦,香川県高松市/高松シンボルタワー 展示場,FORCE_REGIONAL;PRO_SHOOTO_MAINLINE,3357,2,,フェザー級,5分2R,1267,麻植裕太,MMA Zジム,計量結果 :65.4 Kg,,1306,波平コング,THE BLACKBELT JAPAN,計量結果 :64.7 Kg,,F1_LOSS_F2_WIN,score 0-1 (overrides opacity if needed),,,ud,判定 0-1,,［レフェリー］吉田元貴 ［サブレフェリー］ 福田正人 19-19（1R 9-10／2R 10-9） 山本諭志 18-20（1R 9-10／2R 9-10） 岡田剛史 19-19（1R 10-9／2R 9-10）
125,2021-11-07,FORCE 14,プロフェッショナル修斗公式戦,香川県高松市/高松シンボルタワー 展示場,FORCE_REGIONAL;PRO_SHOOTO_MAINLINE,3356,1,,フライ級,5分2R,1390,石原愼之介,MMA Zジム,計量結果 :56.0 Kg,,1391,坂本潤一,BURST,計量結果 :56.0 Kg,,F1_LOSS_F2_WIN,score 0-1 (overrides opacity if needed),,,ud,判定 0-1,,［レフェリー］福田正人 ［サブレフェリー］ 吉田元貴 18-20（1R 9-10／2R 9-10） 山本諭志 19-19（1R 9-10／2R 10-9） 岡田剛史 19-19（1R 9-10／2R 10-9）
125,2021-11-07,FORCE 14,プロフェッショナル修斗公式戦,香川県高松市/高松シンボルタワー 展示場,FORCE_REGIONAL;PRO_SHOOTO_MAINLINE,3355,2,,キッズ・ジュニア修斗,3分1R,1388,土井集伍,総合格闘技ゴンズジム,計量結果 :42.6 Kg,,1389,須田雄律,SCORPION GYM,計量結果 :42.8 Kg,,F1_LOSS_F2_WIN,score 1-2 (overrides opacity if needed),,,ud,判定 1-2,,［レフェリー］吉田元貴 ［サブレフェリー］ 福田正人 1R 10-9 山本諭志 1R 9-10 岡田剛史 1R 9-10
125,2021-11-07,FORCE 14,プロフェッショナル修斗公式戦,香川県高松市/高松シンボルタワー 展示場,FORCE_REGIONAL;PRO_SHOOTO_MAINLINE,3354,1,,キッズ・ジュニア修斗,3分1R,1386,山岡斗和,TRINITY-SUNS,計量結果 :34.7 Kg,,1387,安原虎琉,BURST,計量結果 :28.7 Kg,,F1_WIN_F2_LOSS,opacity (single fighter dimmed),1,01:45,submision,S,腕十字固め,［レフェリー］吉田元貴
121,2021-11-06,PROFESSIONAL SHOOTO 2021 Vol.7 Supported by ONE Championship,,USEN STUDIO COAST,PRO_SHOOTO_MAINLINE,3334,6,女子世界スーパーアトム級チャンピオンシップ,,5分5R,1208,黒部三奈,マスタージャパン,計量結果 :49.9 Kg,,1300,SARAMI,パンクラスイズム横浜,計量結果 :49.8 Kg,,F1_LOSS_F2_WIN,score 0-3 (overrides opacity if needed),,,ud,判定 0-3,,勝利した挑戦者：SARAMIが第二代修斗女子スーパーアトム級王者に。 ［レフェリー］福田正人 ［サブレフェリー］ 片岡誠人 47-48（1R 10-9／2R 10-9／3R 9-10／4R 9-10／5R 9-10） 豊永　稔 45-49（1R 10-9／2R 9-10／3R 8-10／4R 9-10／5R 9-10） 長瀬達郎 46-49（1R 10-9／2R 9-10／3R 9-10／4R 9-10／5R 9-10）
121,2021-11-06,PROFESSIONAL SHOOTO 2021 Vol.7 Supported by ONE Championship,,USEN STUDIO COAST,PRO_SHOOTO_MAINLINE,3335,5,,,5分5R,29,猿丸ジュンジ,修斗GYM東京,計量結果 :52.1 Kg,,22,黒澤亮平,パラエストラ松戸,計量結果 :52.2 Kg,,F1_WIN_F2_LOSS,opacity (single fighter dimmed),1,03:23,submision,S,スリーパーホールド,勝利した赤：猿丸が世界ストロー級暫定王者に。 ［レフェリー］片岡誠人
121,2021-11-06,PROFESSIONAL SHOOTO 2021 Vol.7 Supported by ONE Championship,,USEN STUDIO COAST,PRO_SHOOTO_MAINLINE,3337,4,,フェザー級,5分2R,642,結城大樹,MASTER JAPAN FUKUOKA,計量結果 :65.8 Kg,,1285,岩本建汰,IGLOO,計量結果 :65.7 Kg,,F1_LOSS_F2_WIN,score 0-2 (overrides opacity if needed),,,ud,判定 0-2,,［レフェリー］豊永　稔 ［サブレフェリー］ 片岡誠人 18-20（1R 9-10／2R 9-10） 田澤康宏 18-20（1R 9-10／2R 9-10） 福田正人 19-19（1R 9-10／2R 10-9）
121,2021-11-06,PROFESSIONAL SHOOTO 2021 Vol.7 Supported by ONE Championship,,USEN STUDIO COAST,PRO_SHOOTO_MAINLINE,3339,3,インフィニティリーグ2022 初代女子アトム級王座決定リーグ戦,,5分2R,1274,中村未来,マルスジム,計量結果 :47.3 Kg,,1327,澤田千優,AACC,計量結果 :47.4 Kg,chihiro-sawada,F1_LOSS_F2_WIN,score 0-2 (overrides opacity if needed),,,ud,判定 0-2,,勝利した青：澤田が勝ち点2Pを獲得。（累計2P） ［レフェリー］福田正人 ［サブレフェリー］ 片岡誠人 19-19（1R 10-9／2R 9-10） 豊永　稔 18-20（1R 9-10／2R 9-10） 田澤康宏 18-20（1R 9-10／2R 9-10）
121,2021-11-06,PROFESSIONAL SHOOTO 2021 Vol.7 Supported by ONE Championship,,USEN STUDIO COAST,PRO_SHOOTO_MAINLINE,3338,2,,フライ級,5分2R,1252,高橋SUBMISSION雄己,和術慧舟會HEARTS,計量結果 :56.3 Kg,,1348,山内渉,FIGHT FARM,計量結果 :56.3 Kg,,F1_LOSS_F2_WIN,score 0-2 (overrides opacity if needed),,,ud,判定 0-2,,［レフェリー］田澤康宏 ［サブレフェリー］ 片岡誠人 19-19（1R 10-9／2R 9-10） 豊永　稔 18-19（1R 10-9／2R 8-10） 福田正人 18-19（1R 10-9／2R 8-10）
121,2021-11-06,PROFESSIONAL SHOOTO 2021 Vol.7 Supported by ONE Championship,,USEN STUDIO COAST,PRO_SHOOTO_MAINLINE,3344,1,,ミドル級,5分2R,1350,岩﨑大河,大道塾/パラエストラ東京/NAUGHTY HOUSE,計量結果 :83.6 Kg,,1377,清水洸志,MMA RENGERS GYM,計量結果 :83.9 Kg,,F1_WIN_F2_LOSS,opacity (single fighter dimmed),,03:13,submision,S,スリーパーホールド,［レフェリー］長瀬達郎
122,2021-11-06,VTJ 2021,,USEN STUDIO COAST,VTJ,3340,6,,フライ級,5分3R,1144,平良達郎,Theパラエストラ沖縄,計量結果 :58.5 Kg,taira-tatsuro,1373,アルフレドムアイアド,BLACKHOUSE SANTIAGO,計量結果 :58.1 Kg,,F1_WIN_F2_LOSS,opacity (single fighter dimmed),1,04:12,submision,S,リアネイキッドチョーク,［レフェリー］片岡誠人
122,2021-11-06,VTJ 2021,,USEN STUDIO COAST,VTJ,3336,5,,,5分3R,8,宇野薫,UNO DOJO,計量結果 :65.8 Kg,uno-caol,1372,原口央,BRAVE,計量結果 :65.5 Kg,,F1_LOSS_F2_WIN,score 0-3 (overrides opacity if needed),,,ud,判定 0-3,,［レフェリー］福田正人 ［ジャッジ］ 片岡誠人 27-30（1R 9-10／2R 9-10／3R 9-10） 豊永　稔 27-30（1R 9-10／2R 9-10／3R 9-10） 長瀬達郎 27-30（1R 9-10／2R 9-10／3R 9-10）
122,2021-11-06,VTJ 2021,,USEN STUDIO COAST,VTJ,3345,4,,ライト級,5分3R,1283,西川大和,西川道場,計量結果 :69.9 Kg,,354,菅原和政,MASTER JAPAN FUKUOKA,計量結果 :70.1 Kg,,F1_WIN_F2_LOSS,opacity (single fighter dimmed),1,03:40,submision,S,リアネイキッドチョーク,［レフェリー］豊永　稔
122,2021-11-06,VTJ 2021,,USEN STUDIO COAST,VTJ,3341,3,,,5分3R,176,佐藤将光,坂口道場一族,計量結果 :62.8 Kg,sato-shoko,1375,河村泰博,和術慧舟會AKZA,計量結果 :62.7 Kg,,F1_WIN_F2_LOSS,opacity (single fighter dimmed),1,02:38,tko,TKO,レフェリーストップ,［レフェリー］田澤康宏
122,2021-11-06,VTJ 2021,,USEN STUDIO COAST,VTJ,3343,2,,,5分2R,1346,岡澤弘太,佐山道場,計量結果 :70.3 Kg,,1376,原口伸,BRAVE,計量結果 :70.2 Kg,,UNRESOLVED,"both dimmed, no score, no judge tallies, no note keyword match",,,,,,
122,2021-11-06,VTJ 2021,,USEN STUDIO COAST,VTJ,3342,1,,,5分2R,1366,宇佐美正パトリック,EXFIGHT／LDH martIal arts,計量結果 :70.2 Kg,usami-sho-patrick,1374,野村駿太,BRAVE,計量結果 :70.1 Kg,nomura-shunta,F1_LOSS_F2_WIN,score 0-3 (overrides opacity if needed),,,ud,判定 0-3,,［レフェリー］長瀬達郎 ［ジャッジ］ 片岡誠人 20-17（1R 10-9／2R 10-8 豊永　稔 20-18（1R 10-9／2R 10-9） 福田正人 20-17（1R 10-9／2R 10-8）
119,2021-10-02,SHOOTO GIG TOKYO Vol.31 Supported by ONE Championship,,東京・新宿FACE,GIG_UNDERCARD_SERIES,3313,9,,バンタム級,5分2R,214,齋藤翼,総合格闘技道場津田沼道場/FIGHT FARM,計量結果 :61.2 Kg,,1110,ガッツTakato,-,計量結果 :60.8 Kg,,F1_WIN_F2_LOSS,score 3-0 (overrides opacity if needed),,,ud,判定 3-0,,［レフェリー］片岡誠人 ［サブレフェリー］ 長瀬達郎 20-18（1R 10-9／2R 10-9） 橋本　貴 20-18（1R 10-9／2R 10-9） 土屋大喜 20-18（1R 10-9／2R 10-9）
119,2021-10-02,SHOOTO GIG TOKYO Vol.31 Supported by ONE Championship,,東京・新宿FACE,GIG_UNDERCARD_SERIES,3314,8,,フェザー級,5分2R,1183,木下カラテ,和術慧舟會HEARTS,計量結果 :65.7 Kg,kinoshita-karate,701,たてお,ELEVEN,計量結果 :65.8 Kg,tateo,F1_LOSS_F2_WIN,score 0-2 (overrides opacity if needed),,,ud,判定 0-2,,［レフェリー］長瀬達郎 ［サブレフェリー］ 横山忠志 18-20（1R 9-10／2R 9-10） 橋本　貴 18-20（1R 9-10／2R 9-10） 片岡誠人 19-19（1R 10-9／2R 9-10）
119,2021-10-02,SHOOTO GIG TOKYO Vol.31 Supported by ONE Championship,,東京・新宿FACE,GIG_UNDERCARD_SERIES,3316,7,新人王決定トーナメント,フライ級,5分2R,1340,片山将宏,TRIBE TOKYO M.M.A,計量結果 :56.5 Kg,,1352,山口峻,ブレイブハート,計量結果 :56.5 Kg,,F1_WIN_F2_LOSS,score 3-0 (overrides opacity if needed),,,ud,判定 3-0,,※勝利した赤：片山がトーナメント二回戦に進出。寺嶋 直人（SUBMIT MMA）との対戦が決定。 ［レフェリー］長瀬達郎 ［サブレフェリー］ 横山忠志 20-18（1R 10-9／2R 10-9） 片岡誠人 20-18（1R 10-9／2R 10-9） 小島邦裕 20-18（1R 10-9／2R 10-9）
119,2021-10-02,SHOOTO GIG TOKYO Vol.31 Supported by ONE Championship,,東京・新宿FACE,GIG_UNDERCARD_SERIES,3317,6,新人王決定トーナメント,バンタム級,5分2R,1339,齋藤奨司,FIGHT FARM,計量結果 :61.0 Kg,saito-shoji,1353,谷井翔太,ロデオスタイル/大道塾,計量結果 :61.1 Kg,,F1_WIN_F2_LOSS,score 3-0 (overrides opacity if needed),,,ud,判定 3-0,,※勝利した赤：齋藤がトーナメント二回戦に進出。田中 智也（ｆｉｔ）との対戦が決定。 ［レフェリー］片岡誠人 ［サブレフェリー］ 横山忠志 20-18（1R 10-9／2R 10-9） 橋本　貴 20-18（1R 10-9／2R 10-9） 土屋大喜 20-18（1R 10-9／2R 10-9）
119,2021-10-02,SHOOTO GIG TOKYO Vol.31 Supported by ONE Championship,,東京・新宿FACE,GIG_UNDERCARD_SERIES,3315,5,新人王決定トーナメント,フライ級,5分2R,1337,青井心ニ,心技館,計量結果 :56.6 Kg,,1349,植木令和新,シューティング宇留野道場,計量結果 :56.7 Kg,,F1_WIN_F2_LOSS,opacity (single fighter dimmed),1,00:26,ko,KO,,［レフェリー］片岡誠人 ※勝利した赤：青井がトーナメント二回戦に進出。一杉 芳樹（駿東修闘クラブ）との対戦が決定。
119,2021-10-02,SHOOTO GIG TOKYO Vol.31 Supported by ONE Championship,,東京・新宿FACE,GIG_UNDERCARD_SERIES,3318,4,新人王決定トーナメント,ライト級,5分2R,1354,村岡倫行,トライデントジム,計量結果 :70.0 Kg,,1355,磯部鉄心,パラエストラ松戸,計量結果 :69.8 Kg,,F1_WIN_F2_LOSS,score 3-0 (overrides opacity if needed),,,ud,判定 3-0,,※勝利した赤：村岡がトーナメント二回戦に進出。安海 健人（ｆｉｔ）との対戦が決定。 ［レフェリー］片岡誠人 ［サブレフェリー］ 長瀬達郎 20-18（1R 10-9／2R 10-9） 土屋大喜 20-18（1R 10-9／2R 10-9） 小島邦裕 20-18（1R 10-9／2R 10-9）
119,2021-10-02,SHOOTO GIG TOKYO Vol.31 Supported by ONE Championship,,東京・新宿FACE,GIG_UNDERCARD_SERIES,3331,3,,バンタム級,5分2R,232,松下祐介,パラエストラTB,計量結果 :61.2 Kg,,1253,新井拓巳,ストライプル新百合ケ丘,計量結果 :61.0 Kg,,F1_WIN_F2_LOSS,opacity (single fighter dimmed),2,03:47,submision,S,,［レフェリー］長瀬達郎 ［サブレフェリー］ 横山忠志 1R 9-10 土屋大喜 1R 9-10 小島邦裕 1R 9-10
119,2021-10-02,SHOOTO GIG TOKYO Vol.31 Supported by ONE Championship,,東京・新宿FACE,GIG_UNDERCARD_SERIES,3332,2,,アマチュア修斗,3分2R,1368,辻村秀綱,TRIBE TOKYO M.M.A,計量結果 :65.6 Kg,,1369,竹原魁晟,THE BLACKBELT JAPAN,計量結果 :65.7 Kg,,F1_LOSS_F2_WIN,score 0-2 (overrides opacity if needed),,,ud,判定 0-2,,［レフェリー］長瀬達郎 ［ジャッジ］ A：横山忠志 18-20（1R 9-10／2R 9-10） B：片岡誠人 18-20（1R 9-10／2R 9-10） C：橋本　貴 19-19（1R 9-10／2R 10-9）
119,2021-10-02,SHOOTO GIG TOKYO Vol.31 Supported by ONE Championship,,東京・新宿FACE,GIG_UNDERCARD_SERIES,3333,1,,アマチュア修斗,3分2R,1370,竹下登,暁道場,計量結果 :60.9 Kg,,1371,森田興希,パラエストラ松戸,計量結果 :60.1 Kg,,F1_LOSS_F2_WIN,score 0-2 (overrides opacity if needed),,,ud,判定 0-2,,［レフェリー］橋本　貴 ［ジャッジ］ A：長瀬達郎 18-20（1R 9-10／2R 9-10） B：片岡誠人 19-19（1R 10-9／2R 9-10） C：土屋大喜 18-20（1R 9-10／2R 9-10）
113,2021-09-20,PROFESSIONAL SHOOTO 2021 Vol.6 Supported by ONE Championship,プロフェッショナル修斗公式戦,東京・後楽園ホール,PRO_SHOOTO_MAINLINE,3309,8,世界ライト級チャンピオンシップ,ライト級,5分5R,4,川名TENCHO雄生,Y&K MMA ACADEMY,計量結果 :70.3 Kg,,1283,西川大和,西川道場,計量結果 :69.1 Kg,,F1_LOSS_F2_WIN,opacity (single fighter dimmed),5,00:43,tko,TKO,レフェリーストップ,※勝利した挑戦者：西川が第14代世界ライト級王者に。 ［レフェリー］片岡誠人 ［サブレフェリー］ 福田正人 1R 9-10／2R 8-10／3R 9-10／4R 9-10 田澤康宏 1R 10-9／2R 9-10／3R 10-9／4R 9-10 長瀬達郎 1R 9-10／2R 9-10／3R 9-10／4R 9-10
113,2021-09-20,PROFESSIONAL SHOOTO 2021 Vol.6 Supported by ONE Championship,プロフェッショナル修斗公式戦,東京・後楽園ホール,PRO_SHOOTO_MAINLINE,3310,7,,バンタム級,5分3R,195,安藤達也,フリー,計量結果 :61.1 Kg,ando-tatsuya,147,石井逸人,TRIBE TOKYO M.M.A,計量結果 :61.1 Kg,,F1_WIN_F2_LOSS,opacity (single fighter dimmed),2,04:39,submision,S,肩固め,※勝利した王者：安藤が初防衛に成功。 ［レフェリー］福田正人 ［サブレフェリー］ 片岡誠人 1R 10-9 田澤康宏 1R 10-9 岡田剛史 1R 9-10
113,2021-09-20,PROFESSIONAL SHOOTO 2021 Vol.6 Supported by ONE Championship,プロフェッショナル修斗公式戦,東京・後楽園ホール,PRO_SHOOTO_MAINLINE,3311,6,,バンタム級,5分3R,1294,後藤丈治,TRIBE TOKYO M.M.A,計量結果 :61.1 Kg,goto-joji,161,石橋佳大,ZEEKジム,計量結果 :61.2 Kg,,F1_LOSS_F2_WIN,score 1-2 (overrides opacity if needed),,,ud,判定 1-2,,［レフェリー］田澤康宏 ［サブレフェリー］ 岡田剛史 28-29（1R 9-10／2R 9-10／3R 10-9） 小生隆弘 28-29（1R 9-10／2R 9-10／3R 10-9） 長瀬達郎 29-28（1R 9-10／2R 10-9／3R 10-9）
113,2021-09-20,PROFESSIONAL SHOOTO 2021 Vol.6 Supported by ONE Championship,プロフェッショナル修斗公式戦,東京・後楽園ホール,PRO_SHOOTO_MAINLINE,3330,5,,,5分2R,1296,椿飛鳥,フリー,計量結果 :69.9 Kg,tsubaki-asuka,1285,岩本建汰,IGLOO,計量結果 :69.8 Kg,,F1_LOSS_F2_WIN,opacity (single fighter dimmed),1,02:34,submision,S,スリーパーホールド,［レフェリー］福田正人
113,2021-09-20,PROFESSIONAL SHOOTO 2021 Vol.6 Supported by ONE Championship,プロフェッショナル修斗公式戦,東京・後楽園ホール,PRO_SHOOTO_MAINLINE,3329,4,,ライト級,5分2R,1184,ヨシイノウエ,パラエストラTB,計量結果 :70.2 Kg,,1366,宇佐美正パトリック,EXFIGHT／LDH martIal arts,計量結果 :69.9 Kg,usami-sho-patrick,F1_LOSS_F2_WIN,opacity (single fighter dimmed),1,04:14,ko,KO,,［レフェリー］田澤康宏
113,2021-09-20,PROFESSIONAL SHOOTO 2021 Vol.6 Supported by ONE Championship,プロフェッショナル修斗公式戦,東京・後楽園ホール,PRO_SHOOTO_MAINLINE,3323,3,,,5分3R,1358,江藤公洋,和術慧舟會HEARTS,計量結果 :74.6 Kg,,1325,グンターカルンダ,Tri.H studio,計量結果 :74.6 Kg,,F1_WIN_F2_LOSS,score 3-0 (overrides opacity if needed),,,ud,判定 3-0,,［レフェリー］長瀬達郎 ［サブレフェリー］ 福田正人 30-26（1R 10-9／2R 10-8／3R 10-9） 岡田剛史 30-27（1R 10-9／2R 10-9／3R 10-9） 田澤康宏 30-27（1R 10-9／2R 10-9／3R 10-9）
113,2021-09-20,PROFESSIONAL SHOOTO 2021 Vol.6 Supported by ONE Championship,プロフェッショナル修斗公式戦,東京・後楽園ホール,PRO_SHOOTO_MAINLINE,3312,2,,ミドル級,5分2R,1350,岩﨑大河,大道塾/パラエストラ東京/NAUGHTY HOUSE,計量結果 :83.8 Kg,,1351,今市凌太,STYLE PLUS GYM,計量結果 :83.5 Kg,,F1_WIN_F2_LOSS,opacity (single fighter dimmed),1,04:14,tko,TKO,レフェリーストップ,［レフェリー］片岡誠人
113,2021-09-20,PROFESSIONAL SHOOTO 2021 Vol.6 Supported by ONE Championship,プロフェッショナル修斗公式戦,東京・後楽園ホール,PRO_SHOOTO_MAINLINE,3324,1,,フライ級,5分2R,1159,内田タケル,THE BLACKBELT JAPAN,計量結果 :56.5 Kg,uchida-takeru,1139,大竹陽,HAGANE GYM,計量結果 :56.7 Kg,,F1_WIN_F2_LOSS,opacity (single fighter dimmed),1,02:16,,,,［レフェリー］片岡誠人
120,2021-08-28,『越後風神祭り８』,プロフェッショナル修斗公式戦,万代島多目的広場『大かま』,ECHIGO_REGIONAL;PRO_SHOOTO_MAINLINE,3319,10,,フェザー級,5分2R,275,小川将貴,ピロクテテス新潟,計量結果 :65.8 Kg,,1215,星野豊,和術慧舟會HEARTS,計量結果 :65.0 Kg,,DRAW,score tied 1-1,,,ud,判定 1-1,,［レフェリー］大内　敬 ［サブレフェリー］ 生駒純司 20-18（1R 10-9／2R 10-9） 小島邦裕 18-20（1R 9-10／2R 9-10） 佐藤裕介 19-19（1R 9-10／2R 10-9）
120,2021-08-28,『越後風神祭り８』,プロフェッショナル修斗公式戦,万代島多目的広場『大かま』,ECHIGO_REGIONAL;PRO_SHOOTO_MAINLINE,3326,5,,フェザー級,5分2R,1204,平澤克明,飛翔塾コンドル,計量結果 :65.5 Kg,,1360,長濱靖,ピロクテテス新潟,計量結果 :65.7 Kg,,F1_WIN_F2_LOSS,opacity (single fighter dimmed),2,03:19,tko,TKO,,※青：長濱の頭部への出血のため。 ［レフェリー］大内　敬 ［サブレフェリー］ 生駒純司 1R 9-10 小島邦裕 1R 9-10 佐藤裕介 1R 9-10
120,2021-08-28,『越後風神祭り８』,プロフェッショナル修斗公式戦,万代島多目的広場『大かま』,ECHIGO_REGIONAL;PRO_SHOOTO_MAINLINE,3325,4,新人王決定トーナメント,フェザー級,5分2R,1361,岡田達磨,SAI-GYM,計量結果 :65.7 Kg,,1362,櫻庭泰裕,ANSWER FIGHT,計量結果 :65.4 Kg,,F1_WIN_F2_LOSS,opacity (single fighter dimmed),1,03:40,ko,KO,,※勝利した赤：岡田がトーナメント進出。次戦では椿飛鳥との対戦が決定。 ［レフェリー］大内　敬
120,2021-08-28,『越後風神祭り８』,プロフェッショナル修斗公式戦,万代島多目的広場『大かま』,ECHIGO_REGIONAL;PRO_SHOOTO_MAINLINE,3327,3,,フライ級,5分2R,1223,廣瀬大介,総合格闘技ジムBATTLE,計量結果 :56.6 Kg,,1322,一杉芳樹,駿東修闘クラブ,計量結果 :56.7 Kg,,F1_WIN_F2_LOSS,opacity (single fighter dimmed),2,04:07,tko,TKO,,［レフェリー］大内　敬 ［サブレフェリー］ 生駒純司 1R 10-9 小島邦裕 1R 10-9 藤石義和 1R 10-9
120,2021-08-28,『越後風神祭り８』,プロフェッショナル修斗公式戦,万代島多目的広場『大かま』,ECHIGO_REGIONAL;PRO_SHOOTO_MAINLINE,3328,1,,アマチュア修斗,3分2R,1364,中村洋介,T-GRIP TOKYO,,,1365,本多弥彦直樹,SAI-GYM,,,F1_LOSS_F2_WIN,score 0-3 (overrides opacity if needed),,,ud,判定 0-3,,［レフェリー］大内　敬 ［ジャッジ］ A：生駒純司 19-20（1R 10-10／2R 9-10） B：小島邦裕 18-20（1R 9-10／2R 9-10） C：藤石義和 19-20（1R 10-10／2R 9-10）
112,2021-07-25,PROFESSIONAL SHOOTO 2021 Vol.5 Supported by ONE Championship,プロフェッショナル修斗公式戦,東京・後楽園ホール,PRO_SHOOTO_MAINLINE,3297,8,世界フェザー級チャンピオン決定戦,フェザー級,5分5R,288,SASUKE,MASTER JAPAN,計量結果 :65.6 Kg,sasuke,1115,工藤諒司,TRIBE TOKYO M.M.A,計量結果 :65.8 Kg,,F1_WIN_F2_LOSS,score 2-0 (overrides opacity if needed),,,ud,判定 2-0,,※勝利したSASUKEが第11代世界フェザー級チャンピオンに。 ［レフェリー］豊永　稔 ［サブレフェリー］ 片岡誠人 48-47（1R 10-9／2R 9-10／3R 10-9／4R 9-10／5R 10-9） 福田正人 48-47（1R 10-9／2R 9-10／3R 10-9／4R 10-9／5R 9-10） 田澤康宏 47-47（1R 10-8／2R 9-10／3R 10-9／4R 9-10／5R 9-10）
112,2021-07-25,PROFESSIONAL SHOOTO 2021 Vol.5 Supported by ONE Championship,プロフェッショナル修斗公式戦,東京・後楽園ホール,PRO_SHOOTO_MAINLINE,3298,7,,女子スーパーアトム級,5分3R,1300,SARAMI,パンクラスイズム横浜,計量結果 :49.4 Kg,,1274,中村未来,マルスジム,計量結果 :49.4 Kg,,F1_WIN_F2_LOSS,opacity (single fighter dimmed),2,02:48,tko,TKO,,※レフェリーストップ ※※グラウンドパンチ ［レフェリー］福田正人 ［サブレフェリー］ 片岡誠人 1R 10-9 田澤康宏 1R 10-9 長瀬達郎 1R 10-9
112,2021-07-25,PROFESSIONAL SHOOTO 2021 Vol.5 Supported by ONE Championship,プロフェッショナル修斗公式戦,東京・後楽園ホール,PRO_SHOOTO_MAINLINE,3304,6,,バンタム級,5分2R,1089,論田愛空隆,心技館,計量結果 :61.2 Kg,,1347,中村倫也,LDH martial arts,計量結果 :61.1 Kg,nakamura-rinya,F1_LOSS_F2_WIN,opacity (single fighter dimmed),2,00:20,ko,KO,,［レフェリー］片岡誠人 ［サブレフェリー］ 豊永　稔 1R 9-10 福田正人 1R 8-10 長瀬達郎 1R 8-10
112,2021-07-25,PROFESSIONAL SHOOTO 2021 Vol.5 Supported by ONE Championship,プロフェッショナル修斗公式戦,東京・後楽園ホール,PRO_SHOOTO_MAINLINE,3299,5,,ライト級,5分2R,1096,エドモンド金子,BRAVE,計量結果 :70.1 Kg,,1346,岡澤弘太,佐山道場,計量結果 :70.1 Kg,,F1_LOSS_F2_WIN,score 0-3 (overrides opacity if needed),,,ud,判定 0-3,,［レフェリー］片岡誠人 ［サブレフェリー］ 豊永　稔 18-20（1R 9-10／2R 9-10） 田澤康宏 18-20（1R 9-10／2R 9-10） 長瀬達郎 18-20（1R 9-10／2R 9-10）
112,2021-07-25,PROFESSIONAL SHOOTO 2021 Vol.5 Supported by ONE Championship,プロフェッショナル修斗公式戦,東京・後楽園ホール,PRO_SHOOTO_MAINLINE,3305,4,,フェザー級,5分2R,300,仲山貴志,総合格闘技津田沼道場,計量結果 :65.6 Kg,,642,結城大樹,MASTER JAPAN FUKUOKA,計量結果 :65.6 Kg,,F1_LOSS_F2_WIN,"note judge tallies [('18', '20'), ('19', '19'), ('19', '19')] -> favors1=0 favors2=1 ties=2",,,,,,［レフェリー］福田正人 ［サブレフェリー］ 片岡誠人 18-20（1R 9-10／2R 9-10） 田澤康宏 19-19（1R 9-10／2R 10-9） 長瀬達郎 19-19（1R 9-10／2R 10-9）
112,2021-07-25,PROFESSIONAL SHOOTO 2021 Vol.5 Supported by ONE Championship,プロフェッショナル修斗公式戦,東京・後楽園ホール,PRO_SHOOTO_MAINLINE,3306,3,,バンタム級,5分2R,214,齋藤翼,総合格闘技道場津田沼道場/FIGHT FARM,計量結果 :61.1 Kg,,1141,野瀬翔平,MASTER JAPAN FUKUOKA,計量結果 :61.0 Kg,nose-shohei,F1_LOSS_F2_WIN,score 0-3 (overrides opacity if needed),,,ud,判定 0-3,,［レフェリー］豊永　稔 ［サブレフェリー］ 片岡誠人 18-20（1R 9-10／2R 9-10） 田澤康宏 18-20（1R 9-10／2R 9-10） 長瀬達郎 17-20（1R 8-10／2R 9-10）
112,2021-07-25,PROFESSIONAL SHOOTO 2021 Vol.5 Supported by ONE Championship,プロフェッショナル修斗公式戦,東京・後楽園ホール,PRO_SHOOTO_MAINLINE,3307,2,,フライ級,5分2R,1348,山内渉,FIGHT FARM,計量結果 :56.4 Kg,,1349,植木令和新,シューティング宇留野道場,計量結果 :56.5 Kg,,F1_WIN_F2_LOSS,opacity (single fighter dimmed),2,04:35,submision,S,三角絞め,［レフェリー］長瀬達郎 ［サブレフェリー］ 豊永　稔 1R 10-9 福田正人 1R 10-9 田澤康宏 1R 10-9
112,2021-07-25,PROFESSIONAL SHOOTO 2021 Vol.5 Supported by ONE Championship,プロフェッショナル修斗公式戦,東京・後楽園ホール,PRO_SHOOTO_MAINLINE,3308,1,,フェザー級,3分2R,1328,村山大介,マスタージャパン,計量結果 :65.3 Kg,,1299,チョウスソン,NAUGHTY HOUSE,計量結果 :65.4 Kg,,F1_WIN_F2_LOSS,score 3-0 (overrides opacity if needed),,,ud,判定 3-0,,［レフェリー］田澤康宏 ［サブレフェリー］ 豊永　稔 20-17（1R 10-8／2R 10-9） 福田正人 20-17（1R 10-8／2R 10-9） 長瀬達郎 20-18（1R 10-9／2R 10-9）
111,2021-07-04,PROFESSIONAL SHOOTO 2021 Vol.4 in OSAKA Supported by ONE Championship 第1部,プロフェッショナル修斗公式戦,大阪・メルパルクホールOSAKA,PRO_SHOOTO_MAINLINE,3277,8,,,5分3R,1056,キャプテン☆アフリカ,総合格闘技道場コブラ会,計量結果 :72.0 Kg,captain-africa,1295,マックス・ザ・ボディ,BRAVE,計量結果 :71.8 Kg,,F1_LOSS_F2_WIN,score 0-3 (overrides opacity if needed),,,ud,判定 0-3,,［レフェリー］岡田剛史 ［サブレフェリー］ 片岡誠人 28-29（1R 10-9／2R 9-10／3R 9-10） 豊島孝尚 28-29（1R 10-9／2R 9-10／3R 9-10） 山本諭志 28-29（1R 10-9／2R 9-10／3R 9-10）
111,2021-07-04,PROFESSIONAL SHOOTO 2021 Vol.4 in OSAKA Supported by ONE Championship 第1部,プロフェッショナル修斗公式戦,大阪・メルパルクホールOSAKA,PRO_SHOOTO_MAINLINE,3278,7,,フェザー級,5分3R,314,山本健斗デリカット,総合格闘技道場コブラ会,計量結果 :65.7 Kg,,297,高橋孝徳,"リバーサルジム新宿Me,We",計量結果 :65.8 Kg,,F1_WIN_F2_LOSS,score 3-0 (overrides opacity if needed),,,ud,判定 3-0,,［レフェリー］片岡誠人 ［サブレフェリー］ 安芸佳孝 30-27（1R 10-9／2R 10-9／3R 10-9） 豊島孝尚 29-28（1R 9-10／2R 10-9／3R 10-9） 岡田剛史 29-28（1R 9-10／2R 10-9／3R 10-9）
111,2021-07-04,PROFESSIONAL SHOOTO 2021 Vol.4 in OSAKA Supported by ONE Championship 第1部,プロフェッショナル修斗公式戦,大阪・メルパルクホールOSAKA,PRO_SHOOTO_MAINLINE,3300,6,,バンタム級,5分2R,295,ダイキライトイヤー,修斗GYM神戸,計量結果 :61.2 Kg,,1067,高岡宏気,FORCE GYM,計量結果 :61.2 Kg,takaoka-hiroki,F1_WIN_F2_LOSS,score 3-0 (overrides opacity if needed),,,ud,判定 3-0,,［レフェリー］岡田剛史 ［サブレフェリー］ 安芸佳孝 20-18（1R 10-9／2R 10-9） 片岡誠人 20-18（1R 10-9／2R 10-9） 山本諭志 20-17（1R 10-9／2R 10-8）
111,2021-07-04,PROFESSIONAL SHOOTO 2021 Vol.4 in OSAKA Supported by ONE Championship 第1部,プロフェッショナル修斗公式戦,大阪・メルパルクホールOSAKA,PRO_SHOOTO_MAINLINE,3281,5,,バンタム級,5分2R,777,青柳洸志,修斗GYM神戸,計量結果 :61.1 Kg,,1182,キシシ,MIBURO,計量結果 :61.1 Kg,,F1_WIN_F2_LOSS,score 3-0 (overrides opacity if needed),,,ud,判定 3-0,,［レフェリー］片岡誠人 ［サブレフェリー］ 安芸佳孝 20-18（1R 10-9／2R 10-9） 岡田剛史 20-18（1R 10-9／2R 10-9） 山本諭志 20-18（1R 10-9／2R 10-9）
111,2021-07-04,PROFESSIONAL SHOOTO 2021 Vol.4 in OSAKA Supported by ONE Championship 第1部,プロフェッショナル修斗公式戦,大阪・メルパルクホールOSAKA,PRO_SHOOTO_MAINLINE,3285,4,CAGE KICK CHAMPIONSHP2021 -54kgトーナメント,,,1345,寺山遼冴,-,計量結果 :53.9 Kg,,1287,内藤啓人,BELLWOOD FIGHT TEAM,計量結果 :54.0 Kg,,F1_WIN_F2_LOSS,score 3-0 (overrides opacity if needed),,,ud,判定 3-0,,［レフェリー］朝武孝雄 ［ジャッジ］山本 30-27／片岡 30-29／豊島 30-29
111,2021-07-04,PROFESSIONAL SHOOTO 2021 Vol.4 in OSAKA Supported by ONE Championship 第1部,プロフェッショナル修斗公式戦,大阪・メルパルクホールOSAKA,PRO_SHOOTO_MAINLINE,3284,3,CAGE KICK CHAMPIONSHP2021 -54kgトーナメント,,,1332,田渕神太,国際空手道拳聖塾,計量結果 :53.9 Kg,,1344,鷹介,-,計量結果 :54.0 Kg,,F1_WIN_F2_LOSS,score 2-1 (overrides opacity if needed),,,ud,判定 2-1,,［レフェリー］片岡誠人 ［ジャッジ］山本 30-29／朝武 28-29／豊島 30-29
111,2021-07-04,PROFESSIONAL SHOOTO 2021 Vol.4 in OSAKA Supported by ONE Championship 第1部,プロフェッショナル修斗公式戦,大阪・メルパルクホールOSAKA,PRO_SHOOTO_MAINLINE,3283,2,CAGE KICK CHAMPIONSHP2021 -54kgトーナメント,,,1289,有井渚海,及川道場,計量結果 :54.0 Kg,,1343,大森隆之介,EX ARES,計量結果 :52.9 Kg,,F1_WIN_F2_LOSS,score 3-0 (overrides opacity if needed),,,ud,判定 3-0,,［レフェリー］朝武孝雄 ［ジャッジ］山本 30-28／豊島 30-29／安芸 30-29
111,2021-07-04,PROFESSIONAL SHOOTO 2021 Vol.4 in OSAKA Supported by ONE Championship 第1部,プロフェッショナル修斗公式戦,大阪・メルパルクホールOSAKA,PRO_SHOOTO_MAINLINE,3282,1,CAGE KICK CHAMPIONSHP2021 -54kgトーナメント,,,1334,木下悦志,KICKLAB,計量結果 :54.0 Kg,,1293,匠郎,KSS健生館,計量結果 :53.9 Kg,,F1_LOSS_F2_WIN,score 0-3 (overrides opacity if needed),,,ud,判定 0-3,,［レフェリー］朝武孝雄 ［ジャッジ］山本 29-30／豊島 29-30／安芸 29-30
116,2021-07-04,PROFESSIONAL SHOOTO 2021 Vol.4 in OSAKA Supported by ONE Championship 第2部,プロフェッショナル修斗公式戦,メルパルクホールOSAKA,PRO_SHOOTO_MAINLINE,3267,8,世界フライ級チャンピオンシップ,,5分5R,149,福田龍彌,MIBURO,計量結果 :56.7 Kg,fukuda-ryuya,1144,平良達郎,Theパラエストラ沖縄,計量結果 :56.7 Kg,taira-tatsuro,F1_LOSS_F2_WIN,opacity (single fighter dimmed),1,04:31,submision,S,三角絞め,※挑戦者：平良が第8代世界フライ級王者に。 ［レフェリー］片岡誠人
116,2021-07-04,PROFESSIONAL SHOOTO 2021 Vol.4 in OSAKA Supported by ONE Championship 第2部,プロフェッショナル修斗公式戦,メルパルクホールOSAKA,PRO_SHOOTO_MAINLINE,3301,7,,,3分3R,1289,有井渚海,及川道場,計量結果 :54.0 Kg,,1345,寺山遼冴,-,計量結果 :53.9 Kg,,F1_LOSS_F2_WIN,score 1-2 (overrides opacity if needed),,,ud,判定 1-2,,※青：寺山がCKC2021-54kgトーナメントを優勝。 ［レフェリー］朝武孝雄 ［ジャッジ］ 山本 30-29/延長R 9-10 豊島 30-30/延長R 9-10 安芸 29-30/延長R  10-9
116,2021-07-04,PROFESSIONAL SHOOTO 2021 Vol.4 in OSAKA Supported by ONE Championship 第2部,プロフェッショナル修斗公式戦,メルパルクホールOSAKA,PRO_SHOOTO_MAINLINE,3296,6,,ストロー級,5分3R,1167,田上こゆる,BLOWS,計量結果 :51.7 Kg,,1129,安芸柊斗,MMA Zジム,計量結果 :52.2 Kg,,F1_LOSS_F2_WIN,score 0-3 (overrides opacity if needed),,,ud,判定 0-3,,［レフェリー］片岡誠人 ［サブレフェリー］ 岡田剛史 28-29（1R 9-10／2R 9-10／3R 10-9） 豊島孝尚 27-30（1R 9-10／2R 9-10／3R 9-10） 山本諭志 28-29（1R 9-10／2R 9-10／3R 10-9）
116,2021-07-04,PROFESSIONAL SHOOTO 2021 Vol.4 in OSAKA Supported by ONE Championship 第2部,プロフェッショナル修斗公式戦,メルパルクホールOSAKA,PRO_SHOOTO_MAINLINE,3279,5,,ストロー級,5分3R,38,マッチョザバタフライ,総合格闘技道場コブラ会,計量結果 :52.1 Kg,,1098,旭那拳,THE BLACKBELT JAPAN,計量結果 :52.2 Kg,,F1_LOSS_F2_WIN,score 0-3 (overrides opacity if needed),,,ud,判定 0-3,,［レフェリー］片岡誠人 ［サブレフェリー］ 岡田剛史 28-29（1R 9-10／2R 10-9／3R 9-10） 豊島孝尚 28-29（1R 9-10／2R 10-9／3R 9-10） 山本諭志 28-29（1R 9-10／2R 10-9／3R 9-10）
116,2021-07-04,PROFESSIONAL SHOOTO 2021 Vol.4 in OSAKA Supported by ONE Championship 第2部,プロフェッショナル修斗公式戦,メルパルクホールOSAKA,PRO_SHOOTO_MAINLINE,3287,4,,フェザー級,5分2R,1120,ムテカツ,総合格闘技ゴンズジム,計量結果 :65.7 Kg,,1335,神武羅☆ヒカル,NEW GROUND,計量結果 :65.4 Kg,,F1_WIN_F2_LOSS,score 2-0 (overrides opacity if needed),,,ud,判定 2-0,,［レフェリー］岡田剛史 ［サブレフェリー］ 片岡誠人 18-20（1R 9-10／2R 9-10） 豊島孝尚 19-19（1R 9-10／2R 10-9） 山本諭志 18-20（1R 9-10／2R 9-10）
116,2021-07-04,PROFESSIONAL SHOOTO 2021 Vol.4 in OSAKA Supported by ONE Championship 第2部,プロフェッショナル修斗公式戦,メルパルクホールOSAKA,PRO_SHOOTO_MAINLINE,3288,3,,バンタム級,5分2R,200,エダ塾長こうすけ,MIBURO,計量結果 :61.2 Kg,,1336,左海清之,リライアブル,計量結果 :61.1 Kg,,F1_WIN_F2_LOSS,score 2-0 (overrides opacity if needed),,,ud,判定 2-0,,［レフェリー］片岡誠人 ［サブレフェリー］ 岡田剛史 20-18（1R 10-9／2R 10-9） 豊島孝尚 20-18（1R 10-9／2R 10-9） 山本諭志 19-19（1R 10-9／2R 9-10）
116,2021-07-04,PROFESSIONAL SHOOTO 2021 Vol.4 in OSAKA Supported by ONE Championship 第2部,プロフェッショナル修斗公式戦,メルパルクホールOSAKA,PRO_SHOOTO_MAINLINE,3302,2,,,3分3R,1332,田渕神太,国際空手道拳聖塾,計量結果 :53.9 Kg,,1345,寺山遼冴,-,計量結果 :53.9 Kg,,F1_LOSS_F2_WIN,score 0-3 (overrides opacity if needed),,,ud,判定 0-3,,［レフェリー］片岡誠人 ［ジャッジ］豊島 29-30／安芸 29-30／29-30
116,2021-07-04,PROFESSIONAL SHOOTO 2021 Vol.4 in OSAKA Supported by ONE Championship 第2部,プロフェッショナル修斗公式戦,メルパルクホールOSAKA,PRO_SHOOTO_MAINLINE,3303,1,,,,1293,匠郎,KSS健生館,計量結果 :53.9 Kg,,1289,有井渚海,及川道場,計量結果 :54.0 Kg,,F1_LOSS_F2_WIN,score 0-3 (overrides opacity if needed),,,ud,判定 0-3,,［レフェリー］朝武孝雄 ［ジャッジ］山本 28-30／安芸 28-30／28-30
118,2021-06-26,SHOOTO GIG TOKYO Vol.30 Supported by ONEchampionship,プロフェッショナル修斗公式戦,新宿フェイス,GIG_UNDERCARD_SERIES;PRO_SHOOTO_MAINLINE,3289,7,,ストロー級,5分3R,25,飯野タテオ,和術慧舟會HEARTS,計量結果 :52.1 Kg,,49,新井丈,和術慧舟會HEARTS,計量結果 :52.2 Kg,arai-jo,F1_LOSS_F2_WIN,opacity (single fighter dimmed),1,00:59,ko,KO,,［レフェリー］福田正人
118,2021-06-26,SHOOTO GIG TOKYO Vol.30 Supported by ONEchampionship,プロフェッショナル修斗公式戦,新宿フェイス,GIG_UNDERCARD_SERIES;PRO_SHOOTO_MAINLINE,3290,6,,フライ級,5分3R,959,関口祐冬,修斗GYM東京,計量結果 :56.7 Kg,,223,西村大地,パラエストラ天満,計量結果 :56.7 Kg,,F1_WIN_F2_LOSS,score 3-0 (overrides opacity if needed),,,ud,判定 3-0,,［レフェリー］片岡誠人 ［サブレフェリー］ 豊永　稔 29-28（1R 9-10／2R 10-9／3R 10-9） 橋本　貴 29-27（1R 9-10／2R 10-8／3R 10-9） 柴田　旭 29-28（1R 9-10／2R 10-9／3R 10-9）
118,2021-06-26,SHOOTO GIG TOKYO Vol.30 Supported by ONEchampionship,プロフェッショナル修斗公式戦,新宿フェイス,GIG_UNDERCARD_SERIES;PRO_SHOOTO_MAINLINE,3294,5,,バンタム級,5分2R,1339,齋藤奨司,FIGHT FARM,計量結果 :61.1 Kg,saito-shoji,1340,片山将宏,TRIBE TOKYO M.M.A,計量結果 :60.7 Kg,,F1_LOSS_F2_WIN,score 0-3 (overrides opacity if needed),,,ud,判定 0-3,,［レフェリー］豊永　稔 ［サブレフェリー］ 福田正人 18-20（1R 9-10／2R 9-10） 片岡誠人 18-20（1R 9-10／2R 9-10） 橋本　貴 18-20（1R 9-10／2R 9-10）
118,2021-06-26,SHOOTO GIG TOKYO Vol.30 Supported by ONEchampionship,プロフェッショナル修斗公式戦,新宿フェイス,GIG_UNDERCARD_SERIES;PRO_SHOOTO_MAINLINE,3292,4,,フライ級,5分2R,1139,大竹陽,HAGANE GYM,計量結果 :56.7 Kg,,1337,青井心ニ,心技館,計量結果 :56.5 Kg,,F1_WIN_F2_LOSS,opacity (single fighter dimmed),1,00:36,ko,KO,,［レフェリー］豊永　稔
118,2021-06-26,SHOOTO GIG TOKYO Vol.30 Supported by ONEchampionship,プロフェッショナル修斗公式戦,新宿フェイス,GIG_UNDERCARD_SERIES;PRO_SHOOTO_MAINLINE,3291,3,,フェザー級,5分2R,1183,木下カラテ,和術慧舟會HEARTS,計量結果 :65.7 Kg,kinoshita-karate,564,木村孔明,パラエストラTB,計量結果 :65.6 Kg,,F1_WIN_F2_LOSS,opacity (single fighter dimmed),2,00:30,ko,KO,,［レフェリー］片岡誠人 ［サブレフェリー］ 豊永　稔 1R 10-9 福田正人 1R 10-9 柴田　旭 1R 10-9
118,2021-06-26,SHOOTO GIG TOKYO Vol.30 Supported by ONEchampionship,プロフェッショナル修斗公式戦,新宿フェイス,GIG_UNDERCARD_SERIES;PRO_SHOOTO_MAINLINE,3293,2,,フライ級,5分2R,1324,寺嶋直人,SUBMIT MMA,計量結果 :56.7 Kg,,1338,鍋久保雄太,修斗GYM東京,計量結果 :56.7 Kg,,F1_LOSS_F2_WIN,score 0-3 (overrides opacity if needed),,,ud,判定 0-3,,※1R、赤：寺嶋に両者グラウンド状態での顔面蹴りによる減点1 ［レフェリー］片岡誠人 ［サブレフェリー］ 豊永　稔 18-19（1R 9-9／2R 9-10） 福田正人 17-19（1R 9-9／2R 8-10） 柴田　旭 17-20（1R 8-10／2R 9-10）
118,2021-06-26,SHOOTO GIG TOKYO Vol.30 Supported by ONEchampionship,プロフェッショナル修斗公式戦,新宿フェイス,GIG_UNDERCARD_SERIES;PRO_SHOOTO_MAINLINE,3295,1,,ウェルター級,3分2R,1341,阿部光太,パンクラスイズム横浜,計量結果 :76.8 Kg,,1342,萩生田真,トライデントジム,計量結果 :76.7 Kg,,F1_WIN_F2_LOSS,opacity (single fighter dimmed),2,02:32,ko,KO,,［レフェリー］福田正人 ［サブレフェリー］ 豊永　稔 1R 10-9 片岡誠人 1R 10-9 柴田　旭 1R 10-9
110,2021-05-16,PROFESSIONAL SHOOTO 2021 Vol.3 Supported by ONE Championship,プロフェッショナル修斗公式戦,東京・後楽園ホール,PRO_SHOOTO_MAINLINE,3253,11,,ライト級,5分3R,247,大尊伸光,野田ボディビル同好会,計量結果 :70.3 Kg,,1283,西川大和,西川道場,計量結果 :69.7 Kg,,F1_LOSS_F2_WIN,opacity (single fighter dimmed),2,04:53,submision,S,三角絞め,［レフェリー］片岡誠人 ［サブレフェリー］ 福田正人 1R 10-9 柴田　旭 1R 10-9 橋本　貴 1R 10-9
110,2021-05-16,PROFESSIONAL SHOOTO 2021 Vol.3 Supported by ONE Championship,プロフェッショナル修斗公式戦,東京・後楽園ホール,PRO_SHOOTO_MAINLINE,3266,10,,フェザー級,5分3R,15,内藤太尊,roots,計量結果 :65.8 Kg,,8,宇野薫,UNO DOJO,計量結果 :65.7 Kg,uno-caol,F1_WIN_F2_LOSS,opacity (single fighter dimmed),2,04:59,ko,KO,,［レフェリー］福田正人 ［サブレフェリー］ 片岡誠人 1R 9-10 柴田　旭 1R 9-10 橋本　貴 1R 9-10
110,2021-05-16,PROFESSIONAL SHOOTO 2021 Vol.3 Supported by ONE Championship,プロフェッショナル修斗公式戦,東京・後楽園ホール,PRO_SHOOTO_MAINLINE,3254,9,,フライ級,5分3R,100,清水清隆,TRIBE TOKYO M.M.A,計量結果 :56.7 Kg,,1218,宇田悠斗,総合格闘技道場HOPE,計量結果 :56.7 Kg,,F1_LOSS_F2_WIN,score 0-3 (overrides opacity if needed),,,ud,判定 0-3,,［レフェリー］福田正人 ［サブレフェリー］ 片岡誠人 27-29（1R 9-10／2R 8-10／3R 10-9） 柴田　旭 27-30（1R 9-10／2R 9-10／3R 9-10） 橋本　貴 27-29（1R 9-10／2R 8-10／3R 10-9）
110,2021-05-16,PROFESSIONAL SHOOTO 2021 Vol.3 Supported by ONE Championship,プロフェッショナル修斗公式戦,東京・後楽園ホール,PRO_SHOOTO_MAINLINE,3276,8,,バンタム級,5分3R,130,加藤ケンジ,NeighborHood,計量結果 :61.2 Kg,,1331,坂巻魁斗,パラエストラ柏,計量結果 :60.8 Kg,,F1_WIN_F2_LOSS,opacity (single fighter dimmed),3,04:43,tko,TKO,,［レフェリー］片岡誠人 ［サブレフェリー］ 福田正人 1R 10-9／2R 10-9 柴田　旭 1R 10-9／2R 10-9 橋本　貴 1R 10-9／2R 10-9
110,2021-05-16,PROFESSIONAL SHOOTO 2021 Vol.3 Supported by ONE Championship,プロフェッショナル修斗公式戦,東京・後楽園ホール,PRO_SHOOTO_MAINLINE,3255,7,インフィニティリーグ,バンタム級,5分2R,147,石井逸人,TRIBE TOKYO M.M.A,計量結果 :61.2 Kg,,1185,野尻定由,MASTER JAPAN FUKUOKA,計量結果 :61.2 Kg,,DRAW,score tied 0-0,,,ud,判定 0-0,,両選手が1点を獲得。（石井が累計8P、野尻が累計5P） ［レフェリー］福田正人 ［サブレフェリー］ 片岡誠人 19-19（1R 10-9／2R 9-10） 柴田　旭 19-19（1R 10-9／2R 9-10） 橋本　貴 19-19（1R 10-9／2R 9-10）
110,2021-05-16,PROFESSIONAL SHOOTO 2021 Vol.3 Supported by ONE Championship,プロフェッショナル修斗公式戦,東京・後楽園ホール,PRO_SHOOTO_MAINLINE,3256,6,インフィニティリーグ,バンタム級,5分2R,171,小野島恒太,Combat Workout Diamonds,計量結果 :61.1 Kg,,197,一條貴洋,ストライプル南相馬playground,計量結果 :61.2 Kg,,F1_WIN_F2_LOSS,score 3-0 (overrides opacity if needed),,,ud,判定 3-0,,勝利した赤：小野島が勝ち点2を獲得。（累計6P） ［レフェリー］福田正人 ［サブレフェリー］ 片岡誠人 20-18（1R 10-9／2R 10-9） 柴田　旭 20-18（1R 10-9／2R 10-9） 橋本　貴 20-18（1R 10-9／2R 10-9）
110,2021-05-16,PROFESSIONAL SHOOTO 2021 Vol.3 Supported by ONE Championship,プロフェッショナル修斗公式戦,東京・後楽園ホール,PRO_SHOOTO_MAINLINE,3261,5,,フェザー級,3分2R,1328,村山大介,マスタージャパン,計量結果 :65.5 Kg,,1329,平沼ヤマト,佐山道場,計量結果 :65.7 Kg,,F1_LOSS_F2_WIN,score 0-3 (overrides opacity if needed),,,ud,判定 0-3,,［レフェリー］片岡誠人 ［サブレフェリー］ 福田正人 18-20（1R 9-10／2R 9-10） 柴田　旭 18-20（1R 9-10／2R 9-10） 橋本　貴 18-20（1R 9-10／2R 9-10）
110,2021-05-16,PROFESSIONAL SHOOTO 2021 Vol.3 Supported by ONE Championship,プロフェッショナル修斗公式戦,東京・後楽園ホール,PRO_SHOOTO_MAINLINE,3257,4,,女子スーパーアトム級,5分2R,1171,杉本恵,AACC,計量結果 :49.9 Kg,,920,ヒヤマNFC,NFC,計量結果 :50.0 Kg,,F1_WIN_F2_LOSS,opacity (single fighter dimmed),1,01:31,submision,S,スリーパーホールド,［レフェリー］福田正人
110,2021-05-16,PROFESSIONAL SHOOTO 2021 Vol.3 Supported by ONE Championship,プロフェッショナル修斗公式戦,東京・後楽園ホール,PRO_SHOOTO_MAINLINE,3258,3,,女子スーパーアトム級,5分2R,1274,中村未来,マルスジム,計量結果 :49.9 Kg,,1196,北野きゅう,高田馬場道場,計量結果 :49.9 Kg,,F1_WIN_F2_LOSS,opacity (single fighter dimmed),2,03:07,tko,TKO,コーナーストップ,（注釈）コーナーストップ：セコンドが試合場内にタオルを投入したり棄権を申し出た場合。 今後は「セコンドのタオル投入」の記載については「コーナーストップ」と記載します。 ［レフェリー］片岡誠人 ［サブレフェリー］ 福田正人 　1R 10-9 柴田　旭　 1R 10-9 五十嵐智子 1R 10-9
110,2021-05-16,PROFESSIONAL SHOOTO 2021 Vol.3 Supported by ONE Championship,プロフェッショナル修斗公式戦,東京・後楽園ホール,PRO_SHOOTO_MAINLINE,3259,2,,女子スーパーアトム級,5分2R,1241,小生由紀,グランドスラム沖縄A・P・P,計量結果 :50.0 Kg,,1327,澤田千優,AACC,計量結果 :49.3 Kg,chihiro-sawada,DRAW,score tied 0-0,,,ud,判定 0-0,,［レフェリー］片岡誠人 ［サブレフェリー］ 福田正人　 19-19（1R 9-10／2R 10-9） 橋本　貴　 19-19（1R 9-10／2R 10-9） 五十嵐智子 19-19（1R 9-10／2R 10-9）
110,2021-05-16,PROFESSIONAL SHOOTO 2021 Vol.3 Supported by ONE Championship,プロフェッショナル修斗公式戦,東京・後楽園ホール,PRO_SHOOTO_MAINLINE,3260,1,,女子ストロー級,5分2R,1319,宝珠山桃花,赤崎道場A-SPIRIT,計量結果 :51.8 Kg,,1320,柳仙香,ALLIANCE,計量結果 :51.9 Kg,,F1_LOSS_F2_WIN,opacity (single fighter dimmed),2,01:47,tko,TKO,レフェリーストップ,［レフェリー］片岡誠人 ［サブレフェリー］ 福田正人　 1R 8-10 橋本　貴 　1R 9-10 五十嵐智子 1R 8-10
117,2021-04-18,沖縄大会【THE SHOOTO OKINAWA vol.４】,プロフェッショナル修斗公式戦,ミュージックタウン音市場,OKINAWA_REGIONAL;PRO_SHOOTO_MAINLINE,3275,8,,,5分2R,1175,親川龍,THE BLACKBELT JAPAN,計量結果 :61.0 Kg,,1257,TARKER,シマジリアンズ,計量結果 :60.9 Kg,,F1_WIN_F2_LOSS,score 3-0 (overrides opacity if needed),,,ud,判定 3-0,,［レフェリー］福田正人 ［サブレフェリー］ 豊永　稔 20-18（1R 10-9／2R 10-9） 片岡誠人 19-19（1R 10-9／2R 9-10） 小生隆弘 20-18（1R 10-9／2R 10-9）
117,2021-04-18,沖縄大会【THE SHOOTO OKINAWA vol.４】,プロフェッショナル修斗公式戦,ミュージックタウン音市場,OKINAWA_REGIONAL;PRO_SHOOTO_MAINLINE,3274,7,,,5分3R,955,宮城友一,キックボクシングDROP,計量結果 :61.0 Kg,,223,西村大地,パラエストラ天満,計量結果 :61.0 Kg,,F1_WIN_F2_LOSS,score 3-0 (overrides opacity if needed),,,ud,判定 3-0,,［レフェリー］福田正人 ［サブレフェリー］ 豊永　稔 30-27（1R 10-9／2R 10-9／3R 10-9） 片岡誠人 30-27（1R 10-9／2R 10-9／3R 10-9） 小生隆弘 30-27（1R 10-9／2R 10-9／3R 10-9）
117,2021-04-18,沖縄大会【THE SHOOTO OKINAWA vol.４】,プロフェッショナル修斗公式戦,ミュージックタウン音市場,OKINAWA_REGIONAL;PRO_SHOOTO_MAINLINE,3273,6,,,5分2R,1098,旭那拳,THE BLACKBELT JAPAN,計量結果 :56.6 Kg,,152,九州力,総合格闘技道場STEAM,計量結果 :56.7 Kg,,F1_WIN_F2_LOSS,score 3-0 (overrides opacity if needed),,,ud,判定 3-0,,［レフェリー］豊永　稔 ［サブレフェリー］ 福田正人 20-18（1R 10-9／2R 10-9） 片岡誠人 20-18（1R 10-9／2R 10-9） 島袋零二 20-18（1R 10-9／2R 10-9）
117,2021-04-18,沖縄大会【THE SHOOTO OKINAWA vol.４】,プロフェッショナル修斗公式戦,ミュージックタウン音市場,OKINAWA_REGIONAL;PRO_SHOOTO_MAINLINE,3272,5,,,5分2R,1176,当真佳直,reversaL Gym OKINAWA CROSS×LINE,計量結果 :58.9 Kg,,1159,内田タケル,THE BLACKBELT JAPAN,計量結果 :58.4 Kg,uchida-takeru,F1_LOSS_F2_WIN,opacity (single fighter dimmed),2,03:23,submision,S,肩固め,［レフェリー］豊永　稔 ［サブレフェリー］ 福田正人 1R 9-10 片岡誠人 1R 9-10 島袋零二 1R 9-10
117,2021-04-18,沖縄大会【THE SHOOTO OKINAWA vol.４】,プロフェッショナル修斗公式戦,ミュージックタウン音市場,OKINAWA_REGIONAL;PRO_SHOOTO_MAINLINE,3271,4,,,5分2R,1303,南風原吉良斗,THE BLACKBELT JAPAN,計量結果 :65.7 Kg,,1263,綿谷誠,BLOWS,計量結果 :65.3 Kg,,F1_WIN_F2_LOSS,opacity (single fighter dimmed),2,02:02,tko,TKO,レフェリーストップ,［レフェリー］福田正人 ［サブレフェリー］ 豊永　稔 1R 9-10 片岡誠人 1R 9-10 小生隆弘 1R 9-10
117,2021-04-18,沖縄大会【THE SHOOTO OKINAWA vol.４】,プロフェッショナル修斗公式戦,ミュージックタウン音市場,OKINAWA_REGIONAL;PRO_SHOOTO_MAINLINE,3270,3,,,5分2R,1182,キシシ,MIBURO,計量結果 :65.8 Kg,,1306,波平コング,THE BLACKBELT JAPAN,計量結果 :65.5 Kg,,F1_WIN_F2_LOSS,opacity (single fighter dimmed),2,03:22,submision,S,フロント・スリーパーホールド,［レフェリー］福田正人 ［サブレフェリー］ 豊永　稔 1R 10-9 片岡誠人 1R 10-9 小生隆弘 1R 10-9
117,2021-04-18,沖縄大会【THE SHOOTO OKINAWA vol.４】,プロフェッショナル修斗公式戦,ミュージックタウン音市場,OKINAWA_REGIONAL;PRO_SHOOTO_MAINLINE,3269,2,,,5分2R,1177,シューティングガイコツ,THE BLACKBELT JAPAN,計量結果 :61.2 Kg,,1330,新垣健司,ALIVE沖縄支部シマジリアンズ,計量結果 :60.6 Kg,,F1_LOSS_F2_WIN,opacity (single fighter dimmed),1,02:33,submision,S,スリーパーホールド,［レフェリー］豊永　稔
117,2021-04-18,沖縄大会【THE SHOOTO OKINAWA vol.４】,プロフェッショナル修斗公式戦,ミュージックタウン音市場,OKINAWA_REGIONAL;PRO_SHOOTO_MAINLINE,3268,1,,,5分2R,1226,わっしょい内田,パーソナルスタイルス,計量結果 :56.1 Kg,,1255,大城匡史,THE BLACKBELT JAPAN,計量結果 :56.5 Kg,,F1_LOSS_F2_WIN,opacity (single fighter dimmed),2,01:42,ko,KO,,［レフェリー］豊永　稔 ［サブレフェリー］ 福田正人 1R 9-10 片岡誠人 1R 9-10 島袋零二 1R 8-10
109,2021-03-20,PROFESSIONAL SHOOTO 2021 Vol.2 Supported by ONE Championship,プロフェッショナル修斗公式戦,東京・後楽園ホール,PRO_SHOOTO_MAINLINE,3246,7,世界バンタム級チャンピオンシップ,バンタム級,5分5R,169,岡田遼,パラエストラ千葉,計量結果 :61.2 Kg,,1301,大塚隆史,T-GRIP TOKYO,計量結果 :61.2 Kg,,F1_WIN_F2_LOSS,score 3-0 (overrides opacity if needed),,,ud,判定 3-0,,※王者：岡田が初防衛に成功。 ［レフェリー］片岡誠人 ［サブレフェリー］ 福田正人 49-46（1R 10-9／2R 10-9／3R 10-9／4R 10-9／5R 9-10） 豊永　稔 48-47（1R 10-9／2R 10-9／3R 10-9／4R 9-10／5R 9-10） 橋本　貴 50-45（1R 10-9／2R 10-9／3R 10-9／4R 10-9／5R 10-9）
109,2021-03-20,PROFESSIONAL SHOOTO 2021 Vol.2 Supported by ONE Championship,プロフェッショナル修斗公式戦,東京・後楽園ホール,PRO_SHOOTO_MAINLINE,3247,6,,,5分3R,1144,平良達郎,Theパラエストラ沖縄,計量結果 :61.1 Kg,taira-tatsuro,11,前田吉朗,パンクラス大阪稲垣組,計量結果 :60.6 Kg,,F1_WIN_F2_LOSS,opacity (single fighter dimmed),1,01:01,submision,S,スリーパーホールド,［レフェリー］福田正人
109,2021-03-20,PROFESSIONAL SHOOTO 2021 Vol.2 Supported by ONE Championship,プロフェッショナル修斗公式戦,東京・後楽園ホール,PRO_SHOOTO_MAINLINE,3248,5,,,5分3R,198,魚井フルスイング,和術慧舟會HEARTS,計量結果 :65.3 Kg,,1294,後藤丈治,TRIBE TOKYO M.M.A,計量結果 :65.7 Kg,goto-joji,F1_LOSS_F2_WIN,score 0-3 (overrides opacity if needed),,,ud,判定 0-3,,レフェリー］福田正人 ［サブレフェリー］ 柴田　旭 26-30（1R 8-10／2R 9-10／3R 9-10） 豊永　稔 27-30（1R 9-10／2R 9-10／3R 9-10） 橋本　貴 27-30（1R 9-10／2R 9-10／3R 9-10）
109,2021-03-20,PROFESSIONAL SHOOTO 2021 Vol.2 Supported by ONE Championship,プロフェッショナル修斗公式戦,東京・後楽園ホール,PRO_SHOOTO_MAINLINE,3251,4,,,5分2R,1242,宮路智之,THE BLACKBELT JAPAN,計量結果 :72.6 Kg,,354,菅原和政,MASTER JAPAN FUKUOKA,計量結果 :75.4 Kg,,F1_LOSS_F2_WIN,opacity (single fighter dimmed),2,03:18,tko,TKO,レフェリーストップ,［レフェリー］片岡誠人 ［サブレフェリー］ 柴田　旭 1R 9-10 豊永　稔 1R 9-10 橋本　貴 1R 9-10
109,2021-03-20,PROFESSIONAL SHOOTO 2021 Vol.2 Supported by ONE Championship,プロフェッショナル修斗公式戦,東京・後楽園ホール,PRO_SHOOTO_MAINLINE,3249,3,インフィニティリーグ,バンタム級,5分2R,1185,野尻定由,MASTER JAPAN FUKUOKA,計量結果 :65.5 Kg,,197,一條貴洋,ストライプル南相馬playground,計量結果 :65.5 Kg,,F1_WIN_F2_LOSS,opacity (single fighter dimmed),2,04:37,submision,S,スリーパーホールド,勝利した赤：野尻が3ポイント獲得（累計4P） ［レフェリー］片岡誠人 ［サブレフェリー］ 福田正人 1R 10-9 柴田　旭 1R 10-9 橋本　貴 1R 10-9
109,2021-03-20,PROFESSIONAL SHOOTO 2021 Vol.2 Supported by ONE Championship,プロフェッショナル修斗公式戦,東京・後楽園ホール,PRO_SHOOTO_MAINLINE,3252,3,,,5分2R,1295,マックス・ザ・ボディ,BRAVE,計量結果 :76.6 Kg,,1249,上原平,リバーサルジム横浜グランドスラム,計量結果 :76.5 Kg,,F1_WIN_F2_LOSS,score 3-0 (overrides opacity if needed),,,ud,判定 3-0,,［レフェリー］片岡誠人 ［サブレフェリー］ 柴田　旭 20-18（1R 10-9／2R 10-9） 豊永　稔 20-18（1R 10-9／2R 10-9） 橋本　貴 20-18（1R 10-9／2R 10-9）
109,2021-03-20,PROFESSIONAL SHOOTO 2021 Vol.2 Supported by ONE Championship,プロフェッショナル修斗公式戦,東京・後楽園ホール,PRO_SHOOTO_MAINLINE,3250,1,,,5分2R,129,輝龍,roots,計量結果 :60.8 Kg,,1252,高橋SUBMISSION雄己,和術慧舟會HEARTS,計量結果 :59.5 Kg,,F1_LOSS_F2_WIN,opacity (single fighter dimmed),1,00:42,submision,S,ヒールホールド,［レフェリー］福田正人
107,2021-01-31,《第1部》PROFESSIONAL SHOOTO 2021開幕戦 Supported by ONE Championship,プロフェッショナル修斗公式戦,東京・ニューピアホール,PRO_SHOOTO_MAINLINE,3232,8,,,5分3R,1148,藤井伸樹,ALLIANCE,計量結果 :65.4 Kg,,130,加藤ケンジ,NeighborHood,計量結果 :65.6 Kg,,F1_WIN_F2_LOSS,score 3-0 (overrides opacity if needed),,,ud,判定 3-0,,［レフェリー］片岡誠人 ［サブレフェリー］ 小島伸一 30-27（1R 10-9／2R 10-9／3R 10-9） 豊永　稔 30-26（1R 10-9／2R 10-9／3R 10-8） 田澤康宏 30-26（1R 10-9／2R 10-9／3R 10-8）
107,2021-01-31,《第1部》PROFESSIONAL SHOOTO 2021開幕戦 Supported by ONE Championship,プロフェッショナル修斗公式戦,東京・ニューピアホール,PRO_SHOOTO_MAINLINE,3243,7,,,5分3R,1326,山田崇太郎,ThePandemonium,計量結果 :82.9 Kg,,1325,グンターカルンダ,Tri.H studio,計量結果 :83.6 Kg,,F1_WIN_F2_LOSS,opacity (single fighter dimmed),1,01:08,submision,S,ヒールホールド,
107,2021-01-31,《第1部》PROFESSIONAL SHOOTO 2021開幕戦 Supported by ONE Championship,プロフェッショナル修斗公式戦,東京・ニューピアホール,PRO_SHOOTO_MAINLINE,3233,6,,,5分3R,1283,西川大和,西川道場,計量結果 :74.3 Kg,,1295,マックス・ザ・ボディ,BRAVE,計量結果 :76.2 Kg,,F1_WIN_F2_LOSS,opacity (single fighter dimmed),2,03:23,tko,TKO,レフェリーストップ,［レフェリー］福田正人 ［サブレフェリー］ 小島伸一 1R 9-10 豊永　稔 1R 9-10 田澤康宏 1R 9-10
107,2021-01-31,《第1部》PROFESSIONAL SHOOTO 2021開幕戦 Supported by ONE Championship,プロフェッショナル修斗公式戦,東京・ニューピアホール,PRO_SHOOTO_MAINLINE,3234,5,インフィニティリーグ,バンタム級,5分2R,1050,小林佳純,HAGANE GYM,計量結果 :65.8 Kg,,147,石井逸人,TRIBE TOKYO M.M.A,計量結果 :65.5 Kg,,F1_LOSS_F2_WIN,opacity (single fighter dimmed),1,04:20,submision,S,腕十字固め,勝利した石井が勝ち点4を獲得（累計7点） ［レフェリー］田澤康宏
107,2021-01-31,《第1部》PROFESSIONAL SHOOTO 2021開幕戦 Supported by ONE Championship,プロフェッショナル修斗公式戦,東京・ニューピアホール,PRO_SHOOTO_MAINLINE,3235,4,インフィニティリーグ,バンタム級,5分2R,171,小野島恒太,Combat Workout Diamonds,計量結果 :65.6 Kg,,1185,野尻定由,MASTER JAPAN FUKUOKA,計量結果 :64.8 Kg,,DRAW,score tied 1-1,,,ud,判定 1-1,,両選手に勝ち点1（小野島：累計4点、野尻：累計1点） ［レフェリー］田澤康宏 ［サブレフェリー］ 片岡誠人 20-18（1R 10-9／2R 10-9） 小島伸一 18-20（1R 9-10／2R 9-10） 福田正人 19-19（1R 10-9／2R 9-10）
107,2021-01-31,《第1部》PROFESSIONAL SHOOTO 2021開幕戦 Supported by ONE Championship,プロフェッショナル修斗公式戦,東京・ニューピアホール,PRO_SHOOTO_MAINLINE,3236,3,,,5分2R,1183,木下カラテ,和術慧舟會HEARTS,計量結果 :70.0 Kg,kinoshita-karate,1318,大瀬良康平,リバーサルジム横浜グランドスラム,計量結果 :70.0 Kg,,F1_WIN_F2_LOSS,opacity (single fighter dimmed),1,02:56,tko,TKO,グラウンドパンチ,セコンドのバトン投入（棄権） ［レフェリー］田澤康宏
107,2021-01-31,《第1部》PROFESSIONAL SHOOTO 2021開幕戦 Supported by ONE Championship,プロフェッショナル修斗公式戦,東京・ニューピアホール,PRO_SHOOTO_MAINLINE,3244,2,,,5分2R,1184,ヨシイノウエ,パラエストラTB,計量結果 :77.1 Kg,,1249,上原平,リバーサルジム横浜グランドスラム,計量結果 :75.9 Kg,,DRAW,score tied 1-1,,,ud,判定 1-1,,［レフェリー］片岡誠人 ［サブレフェリー］ 福田正人 19-19（1R 9-10／2R 10-9） 豊永　稔 18-20（1R 9-10／2R 9-10） 田澤康宏 20-18（1R 10-9／2R 10-9）
107,2021-01-31,《第1部》PROFESSIONAL SHOOTO 2021開幕戦 Supported by ONE Championship,プロフェッショナル修斗公式戦,東京・ニューピアホール,PRO_SHOOTO_MAINLINE,3241,1,,,5分2R,1063,志賀竜太郎,TEAM SALT,計量結果 :61.0 Kg,,1322,一杉芳樹,駿東修闘クラブ,計量結果 :58.7 Kg,,F1_WIN_F2_LOSS,opacity (single fighter dimmed),1,03:32,submision,S,スリーパーホールド,［レフェリー］片岡誠人
108,2021-01-31,《第2部》PROFESSIONAL SHOOTO 2021開幕戦 Supported by ONE Championship,プロフェッショナル修斗公式戦,東京・ニューピアホール,PRO_SHOOTO_MAINLINE,3238,5,環太平洋フェザー級チャンピオンシップ,フェザー級,5分3R,288,SASUKE,MASTER JAPAN,計量結果 :65.5 Kg,sasuke,15,内藤太尊,roots,計量結果 :65.8 Kg,,F1_WIN_F2_LOSS,opacity (single fighter dimmed),2,02:34,submision,S,スリーパーホールド,［レフェリー］福田正人 ［サブレフェリー］ 田澤康宏 1R 10-9 豊永　稔 1R 10-9 片岡誠人 1R 10-9
108,2021-01-31,《第2部》PROFESSIONAL SHOOTO 2021開幕戦 Supported by ONE Championship,プロフェッショナル修斗公式戦,東京・ニューピアホール,PRO_SHOOTO_MAINLINE,3239,4,,バンタム級,5分2R,214,齋藤翼,総合格闘技道場津田沼道場/FIGHT FARM,計量結果 :65.7 Kg,,1253,新井拓巳,ストライプル新百合ケ丘,計量結果 :65.6 Kg,,F1_WIN_F2_LOSS,score 2-0 (overrides opacity if needed),,,ud,判定 2-0,,［レフェリー］片岡誠人 ［サブレフェリー］ 田澤康宏 19-18（1R 10-8／2R 9-10） 豊永　稔 19-18（1R 10-8／2R 9-10） 小島伸一 19-19（1R 10-9／2R 9-10）
108,2021-01-31,《第2部》PROFESSIONAL SHOOTO 2021開幕戦 Supported by ONE Championship,プロフェッショナル修斗公式戦,東京・ニューピアホール,PRO_SHOOTO_MAINLINE,3240,3,,フライ級,5分2R,635,鎌田悠介,ピロクテテス新潟,計量結果 :60.9 Kg,,959,関口祐冬,修斗GYM東京,計量結果 :60.8 Kg,,F1_LOSS_F2_WIN,score 0-2 (overrides opacity if needed),,,ud,判定 0-2,,［レフェリー］田澤康宏 ［サブレフェリー］ 小島伸一 19-19（1R 10-9／2R 9-10） 豊永　稔 18-20（1R 9-10／2R 9-10） 福田正人 18-20（1R 9-10／2R 9-10）
108,2021-01-31,《第2部》PROFESSIONAL SHOOTO 2021開幕戦 Supported by ONE Championship,プロフェッショナル修斗公式戦,東京・ニューピアホール,PRO_SHOOTO_MAINLINE,3242,2,,,5分2R,1323,佐々木駿友,T-GRIP TOKYO,計量結果 :59.9 Kg,,1324,寺嶋直人,SUBMIT MMA,計量結果 :61.2 Kg,,F1_WIN_F2_LOSS,opacity (single fighter dimmed),2,04:23,tko,TKO,レフェリーストップ,［レフェリー］田澤康宏 ［サブレフェリー］ 片岡誠人 1R 9-10 小島伸一 1R 9-10 福田正人 1R 9-10
108,2021-01-31,《第2部》PROFESSIONAL SHOOTO 2021開幕戦 Supported by ONE Championship,プロフェッショナル修斗公式戦,東京・ニューピアホール,PRO_SHOOTO_MAINLINE,3245,1,,,5分3R,162,石原夜叉坊,Team Alpha male Japan,計量結果 :65.7 Kg,,853,祖根寿麻,ZOOMER,計量結果 :65.5 Kg,,F1_LOSS_F2_WIN,score 0-3 (overrides opacity if needed),,,ud,判定 0-3,,［レフェリー］片岡誠人 ［サブレフェリー］ 小島伸一 28-29（1R 10-9／2R 9-10／3R 9-10） 豊永　稔 28-29（1R 10-9／2R 9-10／3R 9-10） 福田正人 28-29（1R 10-9／2R 9-10／3R 9-10）
103,2020-12-20,PROFESSIONAL SHOOTO 2020 Vol.8 最終戦 in OSAKA 2部 Supported by ONE Championship,プロフェッショナル修斗公式戦,メルパルクホールOSAKA,PRO_SHOOTO_MAINLINE,3206,7,環太平洋ライト級チャンピオン決定戦,ライト級,5分3R,1102,田中有,総合格闘技道場reliable,,,1056,キャプテン☆アフリカ,総合格闘技道場コブラ会,,captain-africa,F1_LOSS_F2_WIN,opacity (single fighter dimmed),1,04:02,submision,S,Vクロスアームバー,勝利した青：キャプテン☆アフリカが第10代環太平洋ライト級王者に。 ［レフェリー］片岡誠人
103,2020-12-20,PROFESSIONAL SHOOTO 2020 Vol.8 最終戦 in OSAKA 2部 Supported by ONE Championship,プロフェッショナル修斗公式戦,メルパルクホールOSAKA,PRO_SHOOTO_MAINLINE,3209,6,,フェザー級,5分3R,140,田丸匠,NASCER DO SOL,,,295,ダイキライトイヤー,修斗GYM神戸,,,F1_WIN_F2_LOSS,opacity (single fighter dimmed),2,03:38,submision,S,フロントスリーパーホールド,［レフェリー］吉田元貴 ［サブレフェリー］ 片岡誠人 1R 10-9 豊島孝尚 1R 10-9 安芸佳孝 1R 10-9
103,2020-12-20,PROFESSIONAL SHOOTO 2020 Vol.8 最終戦 in OSAKA 2部 Supported by ONE Championship,プロフェッショナル修斗公式戦,メルパルクホールOSAKA,PRO_SHOOTO_MAINLINE,3213,5,,フライ級,5分3R,1167,田上こゆる,BLOWS,,,143,永井美自戒,総合格闘技道場コブラ会,,,F1_WIN_F2_LOSS,opacity (single fighter dimmed),2,02:08,ko,KO,,［レフェリー］片岡誠人 ［サブレフェリー］ 吉田元貴 1R 10-9 豊島孝尚 1R 10-9 安芸佳孝 1R 10-9
103,2020-12-20,PROFESSIONAL SHOOTO 2020 Vol.8 最終戦 in OSAKA 2部 Supported by ONE Championship,プロフェッショナル修斗公式戦,メルパルクホールOSAKA,PRO_SHOOTO_MAINLINE,3212,4,,新空手道連盟,3分3R,1289,有井渚海,及川道場,,,1287,内藤啓人,BELLWOOD FIGHT TEAM,,,F1_WIN_F2_LOSS,score 2-0 (overrides opacity if needed),,,ud,判定 2-0,,［レフェリー］吉田元貴 ［サブレフェリー］ 片岡誠人 29-29（1R 10-10／2R 9-10／3R 10-9） 豊島孝尚 30-28（1R 10-10／2R 10-9／3R 10-9） 安芸佳孝 30-28（1R 10-10／2R 10-9／3R 10-9）
103,2020-12-20,PROFESSIONAL SHOOTO 2020 Vol.8 最終戦 in OSAKA 2部 Supported by ONE Championship,プロフェッショナル修斗公式戦,メルパルクホールOSAKA,PRO_SHOOTO_MAINLINE,3224,3,,新空手道連盟,3分3R,1311,基山幹太,BELLWOOD FIGHT TEAM,,,1312,龍翔,BLACK☆Jr,,,F1_LOSS_F2_WIN,score 0-3 (overrides opacity if needed),,,ud,判定 0-3,,［レフェリー］吉田元貴 ［サブレフェリー］ 片岡誠人 28-30（1R 10-10／2R 10-10／3R 8-10） 豊島孝尚 27-30（1R 10-10／2R 9-10／3R 8-10） 安芸佳孝 26-30（1R 9-10／2R 9-10／3R 8-10）
103,2020-12-20,PROFESSIONAL SHOOTO 2020 Vol.8 最終戦 in OSAKA 2部 Supported by ONE Championship,プロフェッショナル修斗公式戦,メルパルクホールOSAKA,PRO_SHOOTO_MAINLINE,3207,2,,ライト級,5分2R,977,林RICE陽太,パラエストラ東大阪,,,1283,西川大和,西川道場,,,F1_LOSS_F2_WIN,opacity (single fighter dimmed),2,04:35,tko,TKO,レフェリーストップ,［レフェリー］片岡誠人 ［サブレフェリー］ 吉田元貴 1R 9-10 豊島孝尚 1R 9-10 安芸佳孝 1R 9-10
103,2020-12-20,PROFESSIONAL SHOOTO 2020 Vol.8 最終戦 in OSAKA 2部 Supported by ONE Championship,プロフェッショナル修斗公式戦,メルパルクホールOSAKA,PRO_SHOOTO_MAINLINE,3214,1,,女子,5分2R,1274,中村未来,マルスジム,,,960,古澤みゆき,BURST,,,F1_LOSS_F2_WIN,score 0-2 (overrides opacity if needed),,,ud,判定 0-2,,［レフェリー］片岡誠人 ［サブレフェリー］ 吉田元貴 19-19（1R  9-10／2R 10-9） 豊島孝尚 18-20（1R 9-10／2R 9-10） 安芸佳孝 18-20（1R 9-10／2R 9-10）
115,2020-12-20,TTF CHALLENGE 09,プロフェッショナル修斗公式戦,大阪メルパルクホール,PRO_SHOOTO_MAINLINE,3263,,,フェザー級,5分3R,314,山本健斗デリカット,総合格闘技道場コブラ会,,,1115,工藤諒司,TRIBE TOKYO M.M.A,,,F1_LOSS_F2_WIN,opacity (single fighter dimmed),1,04:28,tko,TKO,レフェリーストップ,レフェリーストップ ［レフェリー］片岡誠人
115,2020-12-20,TTF CHALLENGE 09,プロフェッショナル修斗公式戦,大阪メルパルクホール,PRO_SHOOTO_MAINLINE,3264,,,ライト級,5分3R,406,長田拓也,BLOWS,,,701,たてお,ELEVEN,,tateo,F1_WIN_F2_LOSS,score 3-0 (overrides opacity if needed),,,ud,判定 3-0,,［レフェリー］吉田元貴 ［サブレフェリー］ 片岡誠人 30-27（1R 10-9／2R 10-9／3R 10-9） 豊島孝尚 30-27（1R 10-9／2R 10-9／3R 10-9） 安芸佳孝 30-25（1R 10-8／2R 10-9／3R 10-8）
115,2020-12-20,TTF CHALLENGE 09,プロフェッショナル修斗公式戦,大阪メルパルクホール,PRO_SHOOTO_MAINLINE,3265,,,バンタム級,5分3R,225,服部賢大,修斗GYM神戸,,,1294,後藤丈治,TRIBE TOKYO M.M.A,,goto-joji,F1_LOSS_F2_WIN,opacity (single fighter dimmed),1,03:06,tko,TKO,,※レフェリーストップ ［レフェリー］吉田元貴
106,2020-12-13,闘裸男×FORCE,プロフェッショナル修斗公式戦,香川県高松市/高松シンボルタワー 展示場,TORAO_REGIONAL;FORCE_REGIONAL;PRO_SHOOTO_MAINLINE,3225,6,,バンタム級,5分3R,1218,宇田悠斗,総合格闘技道場HOPE,計量結果 :60.9 Kg,,955,宮城友一,キックボクシングDROP,計量結果 :60.8 Kg,,F1_WIN_F2_LOSS,score 3-0 (overrides opacity if needed),,,ud,判定 3-0,,［レフェリー］福田正人 ［サブレフェリー］ 吉田元貴 29-28（1R 9-10／2R 10-9／3R 10-9） 岡田剛史 30-27（1R 10-9／2R 10-9／3R 10-9） 小島邦裕 30-27（1R 10-9／2R 10-9／3R 10-9）
106,2020-12-13,闘裸男×FORCE,プロフェッショナル修斗公式戦,香川県高松市/高松シンボルタワー 展示場,TORAO_REGIONAL;FORCE_REGIONAL;PRO_SHOOTO_MAINLINE,3226,5,,バンタム級,5分2R,1067,高岡宏気,FORCE GYM,計量結果 :61.0 Kg,takaoka-hiroki,1175,親川龍,THE BLACKBELT JAPAN,計量結果 :61.2 Kg,,F1_LOSS_F2_WIN,score 0-3 (overrides opacity if needed),,,ud,判定 0-3,,［レフェリー］福田正人 ［サブレフェリー］ 吉田元貴 18-20（1R 9-10／2R 9-10） 岡田剛史 18-20（1R 9-10／2R 9-10） 小島邦裕 18-20（1R 9-10／2R 9-10）
106,2020-12-13,闘裸男×FORCE,プロフェッショナル修斗公式戦,香川県高松市/高松シンボルタワー 展示場,TORAO_REGIONAL;FORCE_REGIONAL;PRO_SHOOTO_MAINLINE,3227,4,,フライ級,5分2R,1129,安芸柊斗,MMA Zジム,計量結果 :56.6 Kg,,1098,旭那拳,THE BLACKBELT JAPAN,計量結果 :56.7 Kg,,F1_WIN_F2_LOSS,opacity (single fighter dimmed),2,02:05,tko,TKO,レフェリーストップ,［レフェリー］福田正人 ［サブレフェリー］ 吉田元貴 1R 10-9 岡田剛史 1R 10-9 小島邦裕 1R 10-9
106,2020-12-13,闘裸男×FORCE,プロフェッショナル修斗公式戦,香川県高松市/高松シンボルタワー 展示場,TORAO_REGIONAL;FORCE_REGIONAL;PRO_SHOOTO_MAINLINE,3228,3,,ライト級,5分2R,642,結城大樹,MASTER JAPAN FUKUOKA,計量結果 :69.8 Kg,,624,國頭武,BURST,計量結果 :69.5 Kg,,F1_WIN_F2_LOSS,score 3-0 (overrides opacity if needed),,,ud,判定 3-0,,［レフェリー］吉田元貴 ［サブレフェリー］ 福田正人 20-18（1R 10-9／2R 10-9） 岡田剛史 20-18（1R 10-9／2R 10-9） 小島邦裕 20-18（1R 10-9／2R 10-9）
106,2020-12-13,闘裸男×FORCE,プロフェッショナル修斗公式戦,香川県高松市/高松シンボルタワー 展示場,TORAO_REGIONAL;FORCE_REGIONAL;PRO_SHOOTO_MAINLINE,3229,2,,ライト級,5分2R,1313,CHAN龍,MMA Zジム,計量結果 :70.0 Kg,,1314,紀州,ASH,計量結果 :69.8 Kg,,F1_WIN_F2_LOSS,opacity (single fighter dimmed),1,03:39,submision,S,V1アームロック,［レフェリー］吉田元貴
106,2020-12-13,闘裸男×FORCE,プロフェッショナル修斗公式戦,香川県高松市/高松シンボルタワー 展示場,TORAO_REGIONAL;FORCE_REGIONAL;PRO_SHOOTO_MAINLINE,3230,1,,フライ級,5分2R,1315,横関タルト,TKエスペランサ,計量結果 :55.8 Kg,,1316,泰斗,MMA RANGERS GYM,計量結果 :54.9 Kg,,F1_LOSS_F2_WIN,score 1-2 (overrides opacity if needed),,,ud,判定 1-2,,［レフェリー］吉田元貴 ［サブレフェリー］ 福田正人 20-18（1R 10-9／2R 10-9） 松根良太 18-20（1R 9-10／2R 9-10） 小島邦裕 18-20（1R 9-10／2R 9-10）
106,2020-12-13,闘裸男×FORCE,プロフェッショナル修斗公式戦,香川県高松市/高松シンボルタワー 展示場,TORAO_REGIONAL;FORCE_REGIONAL;PRO_SHOOTO_MAINLINE,3231,,,フェザー級,3分2R,1267,麻植裕太,MMA Zジム,計量結果 :65.8 Kg,,1317,梶原大悟,総合格闘技道場HOPE,計量結果 :65.4 Kg,,F1_LOSS_F2_WIN,score 0-3 (overrides opacity if needed),,,ud,判定 0-3,,［レフェリー］吉田元貴 ［ジャッジ］ A：福田正人 18-20（1R 9-10／2R 9-10） B：松根良太 18-20（1R 9-10／2R 9-10） C：浦　僚克 18-20（1R 9-10／2R 9-10）
105,2020-11-29,THE SHOOTO OKINAWA vol.３,プロフェッショナル修斗公式戦沖縄大会,ミュージックタウン音市場,OKINAWA_REGIONAL;PRO_SHOOTO_MAINLINE,3215,7,,フライ級,5分3R,672,木内SKINNYZOMBIE崇雅,和術慧舟會GODS,計量結果 :56.5 Kg,,1176,当真佳直,reversaL Gym OKINAWA CROSS×LINE,計量結果 :56.45 Kg,,F1_WIN_F2_LOSS,opacity (single fighter dimmed),2,03:39,submision,S,スリーパーホールド,［レフェリー］豊永　稔 ［サブレフェリー］ 豊永　稔 1R 9-10 福田正人 1R 9-10 小生隆弘 1R 9-10
105,2020-11-29,THE SHOOTO OKINAWA vol.３,プロフェッショナル修斗公式戦沖縄大会,ミュージックタウン音市場,OKINAWA_REGIONAL;PRO_SHOOTO_MAINLINE,3216,6,,バンタム級,5分2R,160,六本木洋,総合格闘技道場STF,計量結果 :61.0 Kg,,1178,タ―カ―,シマジリアンズ,計量結果 :60.65 Kg,,F1_LOSS_F2_WIN,opacity (single fighter dimmed),1,01:42,ko,KO,,［レフェリー］豊永　稔
105,2020-11-29,THE SHOOTO OKINAWA vol.３,プロフェッショナル修斗公式戦沖縄大会,ミュージックタウン音市場,OKINAWA_REGIONAL;PRO_SHOOTO_MAINLINE,3217,5,,バンタム級,5分2R,122,金内サイダー雄哉,THE BLACKBELT JAPAN,計量結果 :59.55 Kg,,1177,シューティングガイコツ,THE BLACKBELT JAPAN,計量結果 :59.95 Kg,,F1_WIN_F2_LOSS,score 3-0 (overrides opacity if needed),,,ud,判定 3-0,,［レフェリー］福田正人 ［サブレフェリー］ 福田正人 20-18（1R 10-9／2R 10-9） 豊永　稔 20-18（1R 10-9／2R 10-9） 島袋零二 20-18（1R 10-9／2R 10-9）
105,2020-11-29,THE SHOOTO OKINAWA vol.３,プロフェッショナル修斗公式戦沖縄大会,ミュージックタウン音市場,OKINAWA_REGIONAL;PRO_SHOOTO_MAINLINE,3218,4,,女子,5分2R,920,ヒヤマNFC,NFC,計量結果 :50.0 Kg,,1241,小生由紀,グランドスラム沖縄A・P・P,計量結果 :51.85 Kg,,F1_LOSS_F2_WIN,opacity (single fighter dimmed),1,02:47,submision,S,腕ひしぎ十字固め,［レフェリー］福田正人
105,2020-11-29,THE SHOOTO OKINAWA vol.３,プロフェッショナル修斗公式戦沖縄大会,ミュージックタウン音市場,OKINAWA_REGIONAL;PRO_SHOOTO_MAINLINE,3219,3,,フライ級,5分2R,1227,大城正也,T-REX柔術アカデミー,計量結果 :55.7 Kg,,1302,畠山隆称,THE BLACKBELT JAPAN沖縄,計量結果 :56.3 Kg,,DRAW,score tied 0-0,,,ud,判定 0-0,,［レフェリー］福田正人 ［サブレフェリー］ 福田正人 19-19（1R 10-9／2R 9-10） 豊永　稔 19-19（1R 10-9／2R 9-10） 島袋零二 19-19（1R 10-9／2R 9-10）
105,2020-11-29,THE SHOOTO OKINAWA vol.３,プロフェッショナル修斗公式戦沖縄大会,ミュージックタウン音市場,OKINAWA_REGIONAL;PRO_SHOOTO_MAINLINE,3220,2,,フェザー級,5分2R,1303,南風原吉良斗,THE BLACKBELT JAPAN,計量結果 :65.6 Kg,,1304,藤谷敦史,MASTER JAPAN FUKUOKA,計量結果 :64.75 Kg,,F1_WIN_F2_LOSS,opacity (single fighter dimmed),2,01:50,tko,TKO,,［レフェリー］豊永　稔 ［サブレフェリー］ 豊永　稔 1R 10-8 福田正人 1R 10-8 小生隆弘 1R 10-9
105,2020-11-29,THE SHOOTO OKINAWA vol.３,プロフェッショナル修斗公式戦沖縄大会,ミュージックタウン音市場,OKINAWA_REGIONAL;PRO_SHOOTO_MAINLINE,3221,1,,フェザー級,5分2R,1305,阿部剛卓,パラエストラ松戸,計量結果 :65.45 Kg,,1306,波平コング,THE BLACKBELT JAPAN,計量結果 :65.3 Kg,,DRAW,technical-draw class,1,02:28,technical-draw,テクニカルドロー,,［レフェリー］豊永　稔
105,2020-11-29,THE SHOOTO OKINAWA vol.３,プロフェッショナル修斗公式戦沖縄大会,ミュージックタウン音市場,OKINAWA_REGIONAL;PRO_SHOOTO_MAINLINE,3222,2,,バンタム級,3分2R,1307,榎本神月,Theパラエストラ沖縄,計量結果 :61.1 Kg,,1308,半沢拓己,グランドスラム沖縄A・P・P,計量結果 :60.9 Kg,,F1_WIN_F2_LOSS,opacity (single fighter dimmed),2,02:48,submision,S,スリーパーホールド,1R、青：半沢に金網を掴む行為で減点1 ［レフェリー］福田正人 ［サブレフェリー］ 福田正人 1R 9-9 豊永　稔 1R 9-9 島袋零二 1R 9-9
105,2020-11-29,THE SHOOTO OKINAWA vol.３,プロフェッショナル修斗公式戦沖縄大会,ミュージックタウン音市場,OKINAWA_REGIONAL;PRO_SHOOTO_MAINLINE,3223,1,,フェザー級,3分2R,1309,工藤圭一郎,グランドスラム沖縄A・P・P,計量結果 :65.75 Kg,,1310,當山憂空,シマジリアンズ,計量結果 :65.15 Kg,,F1_WIN_F2_LOSS,opacity (single fighter dimmed),2,02:45,submision,S,腕ひしぎ十字固め,［レフェリー］福田正人 ［サブレフェリー］ 福田正人 1R 10-9 豊永　稔 1R 10-9 島袋零二 1R 10-8
96,2020-11-23,,プロフェッショナル修斗公式戦,東京・後楽園ホール,PRO_SHOOTO_MAINLINE,3205,7,,フェザー級,5分3R,195,安藤達也,フリー,計量結果 :65.4 Kg,ando-tatsuya,1301,大塚隆史,T-GRIP TOKYO,計量結果 :65.8 Kg,,F1_LOSS_F2_WIN,opacity (single fighter dimmed),1,02:12,tko,TKO,レフェリーストップ,赤：安藤の膝の負傷のため ［レフェリー］片岡誠人
96,2020-11-23,,プロフェッショナル修斗公式戦,東京・後楽園ホール,PRO_SHOOTO_MAINLINE,3201,6,,バンタム級,5分3R,100,清水清隆,TRIBE TOKYO M.M.A,計量結果 :61.0 Kg,,1144,平良達郎,Theパラエストラ沖縄,計量結果 :61.0 Kg,taira-tatsuro,F1_LOSS_F2_WIN,score 0-3 (overrides opacity if needed),,,ud,判定 0-3,,［レフェリー］福田正人 ［サブレフェリー］ 豊永　稔 28-29（1R 10-9／2R 9-10／3R 9-10） 長瀬達郎 28-29（1R 10-9／2R 9-10／3R 9-10） 田澤康宏 27-30（1R 9-10／2R 9-10／3R 9-10）
96,2020-11-23,,プロフェッショナル修斗公式戦,東京・後楽園ホール,PRO_SHOOTO_MAINLINE,3202,5,,フェザー級,5分3R,161,石橋佳大,ZEEKジム,計量結果 :65.7 Kg,,1089,論田愛空隆,心技館,計量結果 :65.8 Kg,,F1_WIN_F2_LOSS,score 3-0 (overrides opacity if needed),,,ud,判定 3-0,,［レフェリー］福田正人 ［サブレフェリー］ 豊永　稔 30-27（1R 10-9／2R 10-9／3R 10-9） 長瀬達郎 30-26（1R 10-9／2R 10-8／3R 10-9） 田澤康宏 30-27（1R 10-9／2R 10-9／3R 10-9）
96,2020-11-23,,プロフェッショナル修斗公式戦,東京・後楽園ホール,PRO_SHOOTO_MAINLINE,3208,4,,ストロー級,5分3R,22,黒澤亮平,パラエストラ松戸,計量結果 :56.6 Kg,,38,マッチョザバタフライ,総合格闘技道場コブラ会,計量結果 :56.3 Kg,,F1_WIN_F2_LOSS,score 3-0 (overrides opacity if needed),,,ud,判定 3-0,,［レフェリー］片岡誠人 ［サブレフェリー］ 豊永　稔 29-28（1R 10-9／2R 9-10／3R 10-9） 長瀬達郎 30-27（1R 10-9／2R 10-9／3R 10-9） 田澤康宏 30-27（1R 10-9／2R 10-9／3R 10-9）
96,2020-11-23,,プロフェッショナル修斗公式戦,東京・後楽園ホール,PRO_SHOOTO_MAINLINE,3203,3,,女子,5分3R,1171,杉本恵,AACC,計量結果 :50.9 Kg,,1300,SARAMI,パンクラスイズム横浜,計量結果 :50.9 Kg,,F1_LOSS_F2_WIN,opacity (single fighter dimmed),1,02:46,submision,S,腕十字固め,［レフェリー］福田正人
96,2020-11-23,,プロフェッショナル修斗公式戦,東京・後楽園ホール,PRO_SHOOTO_MAINLINE,3204,2,インフィニティリーグ,フェザー級,5分2R,1050,小林佳純,HAGANE GYM,計量結果 :65.8 Kg,,197,一條貴洋,ストライプル南相馬playground,計量結果 :65.5 Kg,,F1_WIN_F2_LOSS,score 1-0 (overrides opacity if needed),,,ud,判定 1-0,,"引き分けのため、共に1Pを獲得。（よしずみ：累計4P, 一條：累計 1P） ［レフェリー］福田正人 ［サブレフェリー］ 豊永　稔 20-18（1R 10-9／2R 10-9） 長瀬達郎 19-19（1R 10-9／2R 9-10） 田澤康宏 19-19（1R 10-9／2R 9-10）"
96,2020-11-23,,プロフェッショナル修斗公式戦,東京・後楽園ホール,PRO_SHOOTO_MAINLINE,3211,1,,フライ級,5分2R,49,新井丈,和術慧舟會HEARTS,計量結果 :56.7 Kg,arai-jo,1153,津村有哉,リバーサルジム川口REDIPS,計量結果 :56.5 Kg,,F1_WIN_F2_LOSS,score 3-0 (overrides opacity if needed),,,ud,判定 3-0,,［レフェリー］片岡誠人 ［サブレフェリー］ 豊永　稔 20-17（1R 10-9／2R 10-8） 長瀬達郎 20-18（1R 10-9／2R 10-9） 田澤康宏 20-17（1R 10-9／2R 10-8）
94,2020-09-19,PROFESSIONAL SHOOTO 2020 Vol.6 Supported by ONE Championship  第1部,プロフェッショナル修斗公式戦,東京/渋谷TSUTAYA O-EAST,PRO_SHOOTO_MAINLINE,3187,5,,フライ級,5分3R,29,猿丸ジュンジ,修斗GYM東京,計量結果 :56.7 Kg,,25,飯野タテオ,和術慧舟會HEARTS,計量結果 :56.4 Kg,,F1_WIN_F2_LOSS,opacity (single fighter dimmed),1,04:54,tko,TKO,,［レフェリー］片岡誠人 ※レフェリーストップ
94,2020-09-19,PROFESSIONAL SHOOTO 2020 Vol.6 Supported by ONE Championship  第1部,プロフェッショナル修斗公式戦,東京/渋谷TSUTAYA O-EAST,PRO_SHOOTO_MAINLINE,3189,4,,ウェルター級,5分3R,247,大尊伸光,野田ボディビル同好会,計量結果 :76.8 Kg,,1295,マックス・ザ・ボディ,BRAVE,計量結果 :76.7 Kg,,F1_WIN_F2_LOSS,opacity (single fighter dimmed),1,03:07,ko,KO,,［レフェリー］豊永　稔
94,2020-09-19,PROFESSIONAL SHOOTO 2020 Vol.6 Supported by ONE Championship  第1部,プロフェッショナル修斗公式戦,東京/渋谷TSUTAYA O-EAST,PRO_SHOOTO_MAINLINE,3190,3,,ライト級,5分2R,1115,工藤諒司,TRIBE TOKYO M.M.A,計量結果 :70.2 Kg,,1141,野瀬翔平,MASTER JAPAN FUKUOKA,計量結果 :68.9 Kg,nose-shohei,F1_WIN_F2_LOSS,opacity (single fighter dimmed),1,02:13,ko,KO,,［レフェリー］豊永　稔
94,2020-09-19,PROFESSIONAL SHOOTO 2020 Vol.6 Supported by ONE Championship  第1部,プロフェッショナル修斗公式戦,東京/渋谷TSUTAYA O-EAST,PRO_SHOOTO_MAINLINE,3191,2,,ライト級,5分2R,1283,西川大和,西川道場,計量結果 :70.3 Kg,,1296,椿飛鳥,フリー,計量結果 :70.1 Kg,tsubaki-asuka,F1_WIN_F2_LOSS,opacity (single fighter dimmed),1,03:23,submision,S,三角絞め,［レフェリー］片岡誠人
94,2020-09-19,PROFESSIONAL SHOOTO 2020 Vol.6 Supported by ONE Championship  第1部,プロフェッショナル修斗公式戦,東京/渋谷TSUTAYA O-EAST,PRO_SHOOTO_MAINLINE,3193,1,,女子,5分2R,1274,中村未来,マルスジム,計量結果 :50.7 Kg,,1297,永尾音波,AACC,計量結果 :50.9 Kg,,F1_WIN_F2_LOSS,score 3-0 (overrides opacity if needed),,,ud,判定 3-0,,［レフェリー］長瀬達郎 ［サブレフェリー］ 豊永　稔 20-17（1R 10-9／2R 10-8） 横山忠志 20-18（1R 10-9／2R 10-9） 片岡誠人 20-18（1R 10-9／2R 10-9）
102,2020-09-19,PROFESSIONAL SHOOTO 2020 Vol.6 Supported by ONE Championship 第2部,プロフェッショナル修斗公式戦,東京/渋谷TSUTAYA O-EAST,PRO_SHOOTO_MAINLINE,3196,4,環太平洋フェザー級チャンピオンシップ,フェザー級,5分3R,300,仲山貴志,総合格闘技津田沼道場,計量結果 :65.7 Kg,,288,SASUKE,MASTER JAPAN,計量結果 :65.6 Kg,sasuke,F1_LOSS_F2_WIN,opacity (single fighter dimmed),2,02:05,tko,TKO,,※レフェリーストップ ※※勝利した挑戦者：SASUKEが第11代環太平洋フェザー級王者に。 ［レフェリー］片岡誠人 ［サブレフェリー］ 豊永　稔 1R 9-10 横山忠志 1R 9-10 田澤康宏 1R 9-10
102,2020-09-19,PROFESSIONAL SHOOTO 2020 Vol.6 Supported by ONE Championship 第2部,プロフェッショナル修斗公式戦,東京/渋谷TSUTAYA O-EAST,PRO_SHOOTO_MAINLINE,3197,3,,フェザー級,5分3R,1148,藤井伸樹,ALLIANCE,計量結果 :65.3 Kg,,1294,後藤丈治,TRIBE TOKYO M.M.A,計量結果 :65.7 Kg,goto-joji,F1_WIN_F2_LOSS,score 3-0 (overrides opacity if needed),,,ud,判定 3-0,,［レフェリー］豊永　稔 ［サブレフェリー］ 片岡誠人 29-28（1R 9-10／2R 10-9／3R 10-9） 横山忠志 29-28（1R 9-10／2R 10-9／3R 10-9） 田澤康宏 29-28（1R 9-10／2R 10-9／3R 10-9）
102,2020-09-19,PROFESSIONAL SHOOTO 2020 Vol.6 Supported by ONE Championship 第2部,プロフェッショナル修斗公式戦,東京/渋谷TSUTAYA O-EAST,PRO_SHOOTO_MAINLINE,3199,2,,ウェルター級,5分2R,1184,ヨシイノウエ,パラエストラTB,計量結果 :77.1 Kg,,1298,飯田健夫,フリー,計量結果 :76.9 Kg,,F1_LOSS_F2_WIN,opacity (single fighter dimmed),2,04:23,submision,S,腕十字固め,［レフェリー］長瀬達郎 ［サブレフェリー］ 豊永　稔 1R 10-9 横山忠志 1R 10-9 片岡誠人 1R 10-9
102,2020-09-19,PROFESSIONAL SHOOTO 2020 Vol.6 Supported by ONE Championship 第2部,プロフェッショナル修斗公式戦,東京/渋谷TSUTAYA O-EAST,PRO_SHOOTO_MAINLINE,3198,1,,バンタム級,5分2R,1139,大竹陽,HAGANE GYM,計量結果 :60.4 Kg,,959,関口祐冬,修斗GYM東京,計量結果 :61.2 Kg,,F1_LOSS_F2_WIN,opacity (single fighter dimmed),1,02:19,ko,KO,,［レフェリー］片岡誠人
102,2020-09-19,PROFESSIONAL SHOOTO 2020 Vol.6 Supported by ONE Championship 第2部,プロフェッショナル修斗公式戦,東京/渋谷TSUTAYA O-EAST,PRO_SHOOTO_MAINLINE,3200,,,フェザー級,,1253,新井拓巳,ストライプル新百合ケ丘,,,1299,チョウスソン,NAUGHTY HOUSE,,,UNRESOLVED,"both dimmed, no score, no judge tallies, no note keyword match",,,,,,
93,2020-08-01,PROFESSIONAL SHOOTO 2020 Vol.5 Supported by ONE Championship,プロフェッショナル修斗公式戦,東京・後楽園ホール,PRO_SHOOTO_MAINLINE,3179,5,修斗女子初代スーパーアトム級王座決定トーナメント,女子スーパーアトム級,5分3R,1208,黒部三奈,マスタージャパン,計量結果 :50.0 Kg,,1171,杉本恵,AACC,計量結果 :49.8 Kg,,F1_WIN_F2_LOSS,score 3-0 (overrides opacity if needed),,,ud,判定 3-0,,勝利した赤：黒部が初代女子スーパーアトム級王者に。 ［レフェリー］片岡誠人 ［サブレフェリー］ 豊永　稔 30-27（1R 10-9／2R 10-9／3R 10-9） 福田正人 30-27（1R 10-9／2R 10-9／3R 10-9） 田澤康宏 30-27（1R 10-9／2R 10-9／3R 10-9）
93,2020-08-01,PROFESSIONAL SHOOTO 2020 Vol.5 Supported by ONE Championship,プロフェッショナル修斗公式戦,東京・後楽園ホール,PRO_SHOOTO_MAINLINE,3180,4,環太平洋バンタム級チャンピオン決定戦,,5分3R,140,田丸匠,NASCER DO SOL,計量結果 :61.1 Kg,,195,安藤達也,フリー,計量結果 :61.2 Kg,ando-tatsuya,F1_LOSS_F2_WIN,opacity (single fighter dimmed),1,03:23,tko,TKO,グラウンドパンチ,勝利した青：安藤が第9代環太平洋バンタム級王者に。 ［レフェリー］片岡誠人
93,2020-08-01,PROFESSIONAL SHOOTO 2020 Vol.5 Supported by ONE Championship,プロフェッショナル修斗公式戦,東京・後楽園ホール,PRO_SHOOTO_MAINLINE,3181,3,,フライ級,5分3R,672,木内SKINNYZOMBIE崇雅,和術慧舟會GODS,計量結果 :56.3 Kg,,22,黒澤亮平,パラエストラ松戸,計量結果 :56.7 Kg,,F1_LOSS_F2_WIN,opacity (single fighter dimmed),1,00:24,ko,KO,,［レフェリー］片岡誠人
93,2020-08-01,PROFESSIONAL SHOOTO 2020 Vol.5 Supported by ONE Championship,プロフェッショナル修斗公式戦,東京・後楽園ホール,PRO_SHOOTO_MAINLINE,3185,2,インフィニティリーグ,バンタム級,5分2R,147,石井逸人,TRIBE TOKYO M.M.A,計量結果 :65.3 Kg,,171,小野島恒太,Combat Workout Diamonds,計量結果 :65.6 Kg,,DRAW,note text mentions draw,,,,,,※引き分けのため、共に1Pを獲得。（共に累計3P） ［レフェリー］片岡誠人 ［サブレフェリー］ 豊永　稔 19-19（1R 9-10／2R 10-9） 福田正人 19-19（1R 9-10／2R 10-9） 長瀬達郎 19-19（1R 9-10／2R 10-9）
93,2020-08-01,PROFESSIONAL SHOOTO 2020 Vol.5 Supported by ONE Championship,プロフェッショナル修斗公式戦,東京・後楽園ホール,PRO_SHOOTO_MAINLINE,3182,1,,ウェルター級,5分2R,1242,宮路智之,THE BLACKBELT JAPAN,計量結果 :73.4 Kg,,701,たてお,ELEVEN,計量結果 :76.6 Kg,tateo,DRAW,score tied 0-0,,,ud,判定 0-0,,［レフェリー］片岡誠人 ［サブレフェリー］ 豊永　稔 19-19（1R 10-9／2R 9-10） 福田正人 19-19（1R 10-9／2R 9-10） 長瀬達郎 19-19（1R 10-9／2R 9-10）
100,2020-07-12,PROFESSIONAL SHOOTO 2020 Vol.4 in OSAKA Supported by ONE Championship,,メルパルクホールOSAKA,PRO_SHOOTO_MAINLINE,3171,10,世界ライト級チャンピオン決定戦,ライト級,5分5R,4,川名TENCHO雄生,Y&K MMA ACADEMY,計量結果 :70.2 Kg,,1056,キャプテン☆アフリカ,総合格闘技道場コブラ会,計量結果 :702 Kg,captain-africa,F1_WIN_F2_LOSS,opacity (single fighter dimmed),1,03:48,ko,KO,,勝利した赤：川名が第13代世界ライト級に。 ［レフェリー］片岡誠人
100,2020-07-12,PROFESSIONAL SHOOTO 2020 Vol.4 in OSAKA Supported by ONE Championship,,メルパルクホールOSAKA,PRO_SHOOTO_MAINLINE,3172,9,,フライ級,5分5R,11,前田吉朗,パンクラス大阪稲垣組,計量結果 :56.3 Kg,,149,福田龍彌,MIBURO,計量結果 :56.7 Kg,fukuda-ryuya,F1_LOSS_F2_WIN,opacity (single fighter dimmed),3,04:57,tko,TKO,グラウンドパンチ,勝利した青：福田が世界フライ級暫定王者に。 ［レフェリー］吉田元貴 ［サブレフェリー］ 片岡誠人 1R 9-10/2R 9-10 安芸佳孝 1R 8-10/2R 8-10 豊島考尚 1R 8-10/2R 8-10
100,2020-07-12,PROFESSIONAL SHOOTO 2020 Vol.4 in OSAKA Supported by ONE Championship,,メルパルクホールOSAKA,PRO_SHOOTO_MAINLINE,3173,8,,フライ級,5分3R,59,小巻洋平,総合格闘技道場reliable,計量結果 :56.1 Kg,,1049,本田良介,CAVE,計量結果 :56.5 Kg,honda-ryosuke,F1_LOSS_F2_WIN,opacity (single fighter dimmed),1,04:51,submision,S,スリーパーホールド,［レフェリー］片岡誠人
100,2020-07-12,PROFESSIONAL SHOOTO 2020 Vol.4 in OSAKA Supported by ONE Championship,,メルパルクホールOSAKA,PRO_SHOOTO_MAINLINE,3183,7,,,3分3R,1289,有井渚海,及川道場,計量結果 :54.8 Kg,,1291,紀之定健真,BLACK☆Jr,計量結果 :55.0 Kg,,F1_WIN_F2_LOSS,score 3-0 (overrides opacity if needed),,,ud,判定 3-0,,［レフェリー］朝武孝雄 ［ジャッジ］ 山本諭志 30-24（1R 10-8／2R 10-9／3R 10-7） 安芸佳孝 30-24（1R 10-8／2R 10-9／3R 10-7） 豊島考尚 30-24（1R 10-8／2R 10-9／3R 10-7）
100,2020-07-12,PROFESSIONAL SHOOTO 2020 Vol.4 in OSAKA Supported by ONE Championship,,メルパルクホールOSAKA,PRO_SHOOTO_MAINLINE,3184,6,,,3分3R,1287,内藤啓人,BELLWOOD FIGHT TEAM,計量結果 :55.0 Kg,,1293,匠郎,KSS健生館,計量結果 :54.9 Kg,,F1_WIN_F2_LOSS,opacity (single fighter dimmed),3,02:22,tko,TKO,,［レフェリー］朝武孝雄 ［ジャッジ］ 山本諭志 1R 10-10／2R 10-9 安芸佳孝 1R 10-9／2R 10-9 豊島考尚 1R 9-10／2R 10-9
100,2020-07-12,PROFESSIONAL SHOOTO 2020 Vol.4 in OSAKA Supported by ONE Championship,,メルパルクホールOSAKA,PRO_SHOOTO_MAINLINE,3174,5,,フェザー級,5分2R,1127,南出剛,創道塾,計量結果 :65.5 Kg,,225,服部賢大,修斗GYM神戸,計量結果 :65.7 Kg,,F1_LOSS_F2_WIN,opacity (single fighter dimmed),1,03:14,ko,KO,,［レフェリー］吉田元貴
100,2020-07-12,PROFESSIONAL SHOOTO 2020 Vol.4 in OSAKA Supported by ONE Championship,,メルパルクホールOSAKA,PRO_SHOOTO_MAINLINE,3176,4,,ライト級,5分2R,314,山本健斗デリカット,総合格闘技道場コブラ会,計量結果 :70.1 Kg,,1120,ムテカツ,総合格闘技ゴンズジム,計量結果 :70.3 Kg,,F1_WIN_F2_LOSS,opacity (single fighter dimmed),1,02:48,tko,TKO,レフェリーストップ,［レフェリー］吉田元貴
100,2020-07-12,PROFESSIONAL SHOOTO 2020 Vol.4 in OSAKA Supported by ONE Championship,,メルパルクホールOSAKA,PRO_SHOOTO_MAINLINE,3177,3,,バンタム級,5分2R,223,西村大地,パラエストラ天満,計量結果 :61.0 Kg,,1218,宇田悠斗,総合格闘技道場HOPE,計量結果 :60.6 Kg,,F1_LOSS_F2_WIN,score 0-1 (overrides opacity if needed),,,ud,判定 0-1,,［レフェリー］吉田元貴 ［サブレフェリー］ 片岡誠人 19-19（1R 9-10／2R 10-9） 安芸佳孝 19-19（1R 9-10／2R 10-9） 豊島考尚 18-20（1R 9-10／2R 9-10）
100,2020-07-12,PROFESSIONAL SHOOTO 2020 Vol.4 in OSAKA Supported by ONE Championship,,メルパルクホールOSAKA,PRO_SHOOTO_MAINLINE,3178,2,,ライト級,5分2R,777,青柳洸志,修斗GYM神戸,計量結果 :69.7 Kg,,1222,鍵山onion雄介,総合格闘技道場コブラ会,計量結果 :70.2 Kg,,F1_LOSS_F2_WIN,score 0-3 (overrides opacity if needed),,,ud,判定 0-3,,［レフェリー］片岡誠人 ［サブレフェリー］ 吉田元貴 18-20（1R 9-10／2R 9-10） 安芸佳孝 18-20（1R 9-10／2R 9-10） 豊島考尚 17-20（1R 9-10／2R 8-10）
100,2020-07-12,PROFESSIONAL SHOOTO 2020 Vol.4 in OSAKA Supported by ONE Championship,,メルパルクホールOSAKA,PRO_SHOOTO_MAINLINE,3175,1,,ウェルター級,5分2R,977,林RICE陽太,パラエストラ東大阪,計量結果 :76.9 Kg,,1286,石田拓穂,リライアブル,計量結果 :76.9 Kg,,F1_WIN_F2_LOSS,opacity (single fighter dimmed),1,,tko,TKO,,1R終了時、青：石田の膝の負傷のため ［レフェリー］片岡誠人
92,2020-05-31,PROFESSIONAL SHOOTO 2020 Vol.3 ABEMAテレビマッチ Supported by ONE Championship,プロフェッショナル修斗公式戦,非公開,PRO_SHOOTO_MAINLINE,3163,8,世界バンタム級暫定王者決定戦,バンタム級,5分5R,169,岡田遼,パラエストラ千葉,計量結果 :61.2 Kg,,1116,倉本一真,"リバーサルジム新宿Me,We",計量結果 :61.1 Kg,,F1_WIN_F2_LOSS,opacity (single fighter dimmed),2,03:02,tko,TKO,,※勝利した赤：岡田が世界バンタム級暫定王者に。 ［レフェリー］片岡誠人 ［サブレフェリー］ 田澤康宏 1R 9-10 長瀬達郎 1R 10-9 豊永　稔 1R 9-10
92,2020-05-31,PROFESSIONAL SHOOTO 2020 Vol.3 ABEMAテレビマッチ Supported by ONE Championship,プロフェッショナル修斗公式戦,非公開,PRO_SHOOTO_MAINLINE,3166,7,,ライト級,5分3R,288,SASUKE,MASTER JAPAN,計量結果 :70.1 Kg,sasuke,258,西浦ウィッキー聡生,KRAZY BEE,計量結果 :69.7 Kg,,F1_WIN_F2_LOSS,score 3-0 (overrides opacity if needed),,,ud,判定 3-0,,［レフェリー］豊永　稔 ［サブレフェリー］ 田澤康宏 27-30（1R 9-10／2R 9-10／3R 9-10） 長瀬達郎 27-30（1R 9-10／2R 9-10／3R 9-10） 片岡誠人 27-30（1R 9-10／2R 9-10／3R 9-10）
92,2020-05-31,PROFESSIONAL SHOOTO 2020 Vol.3 ABEMAテレビマッチ Supported by ONE Championship,プロフェッショナル修斗公式戦,非公開,PRO_SHOOTO_MAINLINE,3170,6,,,10分1R,1284,世羅智茂,CARPEDIEM,計量結果 :71.6 Kg,,1285,岩本建汰,IGLOO,計量結果 :71.6 Kg,,UNRESOLVED,"both dimmed, no score, no judge tallies, no note keyword match",,,,,,［レフェリー］片岡誠人
92,2020-05-31,PROFESSIONAL SHOOTO 2020 Vol.3 ABEMAテレビマッチ Supported by ONE Championship,プロフェッショナル修斗公式戦,非公開,PRO_SHOOTO_MAINLINE,3169,5,,バンタム級,5分3R,100,清水清隆,TRIBE TOKYO M.M.A,計量結果 :61.1 Kg,,27,小堀貴広,総合格闘技ゴンズジム,計量結果 :59.9 Kg,,F1_WIN_F2_LOSS,opacity (single fighter dimmed),2,04:34,ko,KO,,［レフェリー］豊永　稔 ［サブレフェリー］ 田澤康宏 1R 10-9 長瀬達郎 1R 10-9 片岡誠人 1R 10-9
92,2020-05-31,PROFESSIONAL SHOOTO 2020 Vol.3 ABEMAテレビマッチ Supported by ONE Championship,プロフェッショナル修斗公式戦,非公開,PRO_SHOOTO_MAINLINE,3164,4,修斗女子初代スーパーアトム級王座決定トーナメント,女子スーパーアトム級,5分3R,1208,黒部三奈,マスタージャパン,計量結果 :52.1 Kg,,1238,大島沙緒里,AACC,計量結果 :49.8 Kg,oshima-saori,F1_WIN_F2_LOSS,opacity (single fighter dimmed),3,01:54,ko,KO,,勝利した赤：黒部がトーナメント決勝戦に進出。 ［レフェリー］片岡誠人 ［サブレフェリー］ 田澤康宏 1R 10-9／2R 10-9 長瀬達郎 1R 9-10／2R 10-9 豊永　稔 1R 10-9／2R 10-9
92,2020-05-31,PROFESSIONAL SHOOTO 2020 Vol.3 ABEMAテレビマッチ Supported by ONE Championship,プロフェッショナル修斗公式戦,非公開,PRO_SHOOTO_MAINLINE,3165,3,修斗女子初代スーパーアトム級王座決定トーナメント,女子スーパーアトム級,5分3R,1171,杉本恵,AACC,計量結果 :52.0 Kg,,1274,中村未来,マルスジム,計量結果 :51.8 Kg,,F1_WIN_F2_LOSS,opacity (single fighter dimmed),2,03:32,submision,S,スリーパーホールド,勝利した赤：杉本がトーナメント決勝戦に進出。 ［レフェリー］片岡誠人 ［サブレフェリー］ 田澤康宏 1R 10-9 長瀬達郎 1R 10-9 豊永　稔 1R 10-9
92,2020-05-31,PROFESSIONAL SHOOTO 2020 Vol.3 ABEMAテレビマッチ Supported by ONE Championship,プロフェッショナル修斗公式戦,非公開,PRO_SHOOTO_MAINLINE,3167,2,,フェザー級,5分3R,147,石井逸人,TRIBE TOKYO M.M.A,計量結果 :65.6 Kg,,214,齋藤翼,総合格闘技道場津田沼道場/FIGHT FARM,計量結果 :65.6 Kg,,F1_WIN_F2_LOSS,score 3-0 (overrides opacity if needed),,,ud,判定 3-0,,［レフェリー］豊永　稔 ［サブレフェリー］ 田澤康宏 29-27（1R 10-9／2R 10-8／3R 9-10） 長瀬達郎 29-28（1R 10-9／2R 10-9／3R 9-10） 片岡誠人 29-28（1R 10-9／2R 10-9／3R 9-10）
92,2020-05-31,PROFESSIONAL SHOOTO 2020 Vol.3 ABEMAテレビマッチ Supported by ONE Championship,プロフェッショナル修斗公式戦,非公開,PRO_SHOOTO_MAINLINE,3168,1,,ライト級,5分2R,1183,木下カラテ,和術慧舟會HEARTS,計量結果 :69.8 Kg,kinoshita-karate,1283,西川大和,西川道場,計量結果 :69.8 Kg,,F1_LOSS_F2_WIN,score 0-3 (overrides opacity if needed),,,ud,判定 0-3,,［レフェリー］豊永　稔 ［サブレフェリー］ 田澤康宏 18-20（1R 9-10／2R 9-10） 長瀬達郎 18-20（1R 9-10／2R 9-10） 片岡誠人 18-20（1R 9-10／2R 9-10）
90,2020-03-29,【中止】PROFESSIONAL SHOOTO 2020 Supported by ONE Championship,プロフェッショナル修斗公式戦,東京・後楽園ホール,PRO_SHOOTO_MAINLINE;CANCELLED_LABEL_IN_TITLE,3133,7,世界フェザー級チャンピオンシップ,フェザー級,5分5R,5,斎藤裕,パラエストラ小岩,,saito-yutaka,15,内藤太尊,roots,,,UNRESOLVED,"both dimmed, no score, no judge tallies, no note keyword match",,,,,,
90,2020-03-29,【中止】PROFESSIONAL SHOOTO 2020 Supported by ONE Championship,プロフェッショナル修斗公式戦,東京・後楽園ホール,PRO_SHOOTO_MAINLINE;CANCELLED_LABEL_IN_TITLE,3159,6,,フライ級,5分3R,100,清水清隆,TRIBE TOKYO M.M.A,,,1144,平良達郎,Theパラエストラ沖縄,,taira-tatsuro,UNRESOLVED,"both dimmed, no score, no judge tallies, no note keyword match",,,,,,
90,2020-03-29,【中止】PROFESSIONAL SHOOTO 2020 Supported by ONE Championship,プロフェッショナル修斗公式戦,東京・後楽園ホール,PRO_SHOOTO_MAINLINE;CANCELLED_LABEL_IN_TITLE,3158,5,,バンタム級,5分3R,963,手塚基伸,総合格闘技道場コブラ会,,,195,安藤達也,フリー,,ando-tatsuya,UNRESOLVED,"both dimmed, no score, no judge tallies, no note keyword match",,,,,,
90,2020-03-29,【中止】PROFESSIONAL SHOOTO 2020 Supported by ONE Championship,プロフェッショナル修斗公式戦,東京・後楽園ホール,PRO_SHOOTO_MAINLINE;CANCELLED_LABEL_IN_TITLE,3155,4,,ストロー級,5分3R,672,木内SKINNYZOMBIE崇雅,和術慧舟會GODS,,,22,黒澤亮平,パラエストラ松戸,,,UNRESOLVED,"both dimmed, no score, no judge tallies, no note keyword match",,,,,,
90,2020-03-29,【中止】PROFESSIONAL SHOOTO 2020 Supported by ONE Championship,プロフェッショナル修斗公式戦,東京・後楽園ホール,PRO_SHOOTO_MAINLINE;CANCELLED_LABEL_IN_TITLE,3156,3,修斗女子初代スーパーアトム級王座決定トーナメント,女子スーパーアトム級,5分2R,1208,黒部三奈,マスタージャパン,,,1238,大島沙緒里,AACC,,oshima-saori,UNRESOLVED,"both dimmed, no score, no judge tallies, no note keyword match",,,,,,
90,2020-03-29,【中止】PROFESSIONAL SHOOTO 2020 Supported by ONE Championship,プロフェッショナル修斗公式戦,東京・後楽園ホール,PRO_SHOOTO_MAINLINE;CANCELLED_LABEL_IN_TITLE,3162,2,修斗女子初代スーパーアトム級王座決定トーナメント,女子スーパーアトム級,5分2R,1171,杉本恵,AACC,,,1274,中村未来,マルスジム,,,UNRESOLVED,"both dimmed, no score, no judge tallies, no note keyword match",,,,,,
90,2020-03-29,【中止】PROFESSIONAL SHOOTO 2020 Supported by ONE Championship,プロフェッショナル修斗公式戦,東京・後楽園ホール,PRO_SHOOTO_MAINLINE;CANCELLED_LABEL_IN_TITLE,3161,1,,フェザー級,5分2R,350,小林孝秀,SLACK,,,1141,野瀬翔平,MASTER JAPAN FUKUOKA,,nose-shohei,UNRESOLVED,"both dimmed, no score, no judge tallies, no note keyword match",,,,,,
99,2020-03-21,MOBSTYLES 20th ANNIVERSARY TOUR FIGHT＆MOSH Vol.2 Supported by ONE Championship,プロフェッショナル修斗公式戦,東京/渋谷TSUTAYA O-EAST,PRO_SHOOTO_MAINLINE,3150,6,,フライ級,5分3R,142,内藤頌貴,THE BLACKBELT JAPAN,計量結果 :56.7 Kg,,112,渡辺健太郎,直心会生野道場TK68,計量結果 :56.4 Kg,,F1_WIN_F2_LOSS,opacity (single fighter dimmed),1,05:00,ko,KO,,［レフェリー］片岡誠人
99,2020-03-21,MOBSTYLES 20th ANNIVERSARY TOUR FIGHT＆MOSH Vol.2 Supported by ONE Championship,プロフェッショナル修斗公式戦,東京/渋谷TSUTAYA O-EAST,PRO_SHOOTO_MAINLINE,3151,5,インフィニティリーグ,バンタム級,5分2R,171,小野島恒太,Combat Workout Diamonds,計量結果 :61.2 Kg,,1050,小林佳純,HAGANE GYM,計量結果 :61.2 Kg,,F1_WIN_F2_LOSS,score 3-0 (overrides opacity if needed),,,ud,判定 3-0,,［レフェリー］豊永　稔 ［サブレフェリー］ 田澤康宏 20-17（1R 10-8／2R 10-9） 長瀬達郎 20-18（1R 10-9／2R 10-9） 片岡誠人 20-18（1R 10-9／2R 10-9）
99,2020-03-21,MOBSTYLES 20th ANNIVERSARY TOUR FIGHT＆MOSH Vol.2 Supported by ONE Championship,プロフェッショナル修斗公式戦,東京/渋谷TSUTAYA O-EAST,PRO_SHOOTO_MAINLINE,3153,4,,バンタム級,5分2R,295,ダイキライトイヤー,修斗GYM神戸,計量結果 :61.1 Kg,,1069,榎本明,TRIBE TOKYO MMA,計量結果 :60.9 Kg,,F1_WIN_F2_LOSS,opacity (single fighter dimmed),1,00:29,tko,TKO,,※レフェリーストップ ※※青：榎本の腕の負傷の為。 ［レフェリー］豊永　稔
99,2020-03-21,MOBSTYLES 20th ANNIVERSARY TOUR FIGHT＆MOSH Vol.2 Supported by ONE Championship,プロフェッショナル修斗公式戦,東京/渋谷TSUTAYA O-EAST,PRO_SHOOTO_MAINLINE,3152,3,,ライト級,5分2R,1242,宮路智之,THE BLACKBELT JAPAN,計量結果 :70.3 Kg,,1184,ヨシイノウエ,パラエストラTB,計量結果 :70.1 Kg,,F1_WIN_F2_LOSS,opacity (single fighter dimmed),1,03:54,submision,S,スリーパーホールド,［レフェリー］片岡誠人
99,2020-03-21,MOBSTYLES 20th ANNIVERSARY TOUR FIGHT＆MOSH Vol.2 Supported by ONE Championship,プロフェッショナル修斗公式戦,東京/渋谷TSUTAYA O-EAST,PRO_SHOOTO_MAINLINE,3160,2,,ストロー級,5分2R,49,新井丈,和術慧舟會HEARTS,計量結果 :52.2 Kg,arai-jo,80,牧ヶ谷篤,和術慧舟會群馬支部,計量結果 :52.0 Kg,,F1_WIN_F2_LOSS,score 3-0 (overrides opacity if needed),,,ud,判定 3-0,,［レフェリー］片岡誠人 ［サブレフェリー］ 田澤康宏 20-17（1R 10-9／2R 10-8） 長瀬達郎 20-18（1R 10-9／2R 10-9） 豊永　稔 20-18（1R 10-9／2R 10-9）
99,2020-03-21,MOBSTYLES 20th ANNIVERSARY TOUR FIGHT＆MOSH Vol.2 Supported by ONE Championship,プロフェッショナル修斗公式戦,東京/渋谷TSUTAYA O-EAST,PRO_SHOOTO_MAINLINE,3154,1,,フライ級,5分2R,968,秋山翼,毛利道場,計量結果 :56.6 Kg,,129,輝龍,roots,計量結果 :56.6 Kg,,F1_WIN_F2_LOSS,score 3-0 (overrides opacity if needed),,,ud,判定 3-0,,［レフェリー］豊永　稔 ［サブレフェリー］ 田澤康宏 20-18（1R 10-9／2R 10-9） 長瀬達郎 20-18（1R 10-9／2R 10-9） 片岡誠人 20-18（1R 10-9／2R 10-9）
89,2020-02-16,PROFESSIONAL SHOOTO 2020 Vol.2 Supported by ONE Championship,プロフェッショナル修斗公式戦,東京・ニューピアホール,PRO_SHOOTO_MAINLINE,3136,7,,フェザー級,5分3R,267,青井人,BLOWS,計量結果 :65.5 Kg,aoi-jin,669,久保村ヨシTERU,飛翔塾コンドル,計量結果 :65.6 Kg,,F1_WIN_F2_LOSS,opacity (single fighter dimmed),1,03:20,ko,KO,,［レフェリー］豊永　稔
89,2020-02-16,PROFESSIONAL SHOOTO 2020 Vol.2 Supported by ONE Championship,プロフェッショナル修斗公式戦,東京・ニューピアホール,PRO_SHOOTO_MAINLINE,3137,6,インフィニティリーグ,,5分2R,147,石井逸人,TRIBE TOKYO M.M.A,計量結果 :61.1 Kg,,197,一條貴洋,ストライプル南相馬playground,計量結果 :61.2 Kg,,F1_WIN_F2_LOSS,score 3-0 (overrides opacity if needed),,,ud,判定 3-0,,石井が勝ち点2を獲得 ［レフェリー］福田正人 ［サブレフェリー］ 片岡誠人 20-17（1R 10-9／2R 10-8） 田澤康宏 20-16（1R 10-8／2R 10-8） 長瀬達郎 20-17（1R 10-9／2R 10-8）
89,2020-02-16,PROFESSIONAL SHOOTO 2020 Vol.2 Supported by ONE Championship,プロフェッショナル修斗公式戦,東京・ニューピアホール,PRO_SHOOTO_MAINLINE,3138,5,,フェザー級,5分2R,297,高橋孝徳,"リバーサルジム新宿Me,We",計量結果 :65.7 Kg,,720,YOKOSAI,SAI-GYM,計量結果 :65.4 Kg,,F1_WIN_F2_LOSS,opacity (single fighter dimmed),1,05:00,submision,S,スリーパーホールド,［レフェリー］片岡誠人
89,2020-02-16,PROFESSIONAL SHOOTO 2020 Vol.2 Supported by ONE Championship,プロフェッショナル修斗公式戦,東京・ニューピアホール,PRO_SHOOTO_MAINLINE,3139,4,,ストロー級,5分2R,51,楳沢智治,AACC×SPIDER,計量結果 :52.1 Kg,,1167,田上こゆる,BLOWS,計量結果 :52.1 Kg,,F1_LOSS_F2_WIN,opacity (single fighter dimmed),1,04:47,ko,KO,,［レフェリー］豊永　稔
89,2020-02-16,PROFESSIONAL SHOOTO 2020 Vol.2 Supported by ONE Championship,プロフェッショナル修斗公式戦,東京・ニューピアホール,PRO_SHOOTO_MAINLINE,3145,3,,,5分2R,160,六本木洋,総合格闘技道場STF,計量結果 :59.6 Kg,,1201,関根累,roots,計量結果 :59.9 Kg,,F1_LOSS_F2_WIN,opacity (single fighter dimmed),1,04:09,ko,KO,,［レフェリー］豊永　稔
89,2020-02-16,PROFESSIONAL SHOOTO 2020 Vol.2 Supported by ONE Championship,プロフェッショナル修斗公式戦,東京・ニューピアホール,PRO_SHOOTO_MAINLINE,3141,2,,ストロー級,5分2R,80,牧ヶ谷篤,和術慧舟會群馬支部,,,1252,高橋SUBMISSION雄己,和術慧舟會HEARTS,,,UNRESOLVED,"both dimmed, no score, no judge tallies, no note keyword match",,,,,,
89,2020-02-16,PROFESSIONAL SHOOTO 2020 Vol.2 Supported by ONE Championship,プロフェッショナル修斗公式戦,東京・ニューピアホール,PRO_SHOOTO_MAINLINE,3140,1,,女子スーパーアトム級,5分2R,1234,梅原拓未,GRABAKAジム,計量結果 :48.9 Kg,,1274,中村未来,マルスジム,計量結果 :49.8 Kg,,F1_LOSS_F2_WIN,score 0-3 (overrides opacity if needed),,,ud,判定 0-3,,［レフェリー］福田正人 ［サブレフェリー］ 片岡誠人 18-20（1R 9-10／2R 9-10） 田澤康宏 18-20（1R 9-10／2R 9-10） 長瀬達郎 18-20（1R 9-10／2R 9-10）
86,2020-01-26,PROFESSONAL SHOOTO 2020 Supported by ONE Championship,プロフェッショナル修斗公式戦,東京/後楽園ホール,PRO_SHOOTO_MAINLINE,3099,8,世界ストロー級チャンピオン決定戦,ストロー級,5分5R,59,小巻洋平,総合格闘技道場reliable,計量結果 :52.0 Kg,,84,箕輪ひろば,総合格闘技道場STF,計量結果 :52.1 Kg,minowa-hiroba,F1_LOSS_F2_WIN,opacity (single fighter dimmed),2,04:53,submision,S,,※勝利した青：箕輪が第8代世界ストロー級王者に。 ［レフェリー］豊永　稔 ［サブレフェリー］ 片岡誠人 1R 10-9 福田正人 1R 10-9 松村　慶 1R 10-9
86,2020-01-26,PROFESSONAL SHOOTO 2020 Supported by ONE Championship,プロフェッショナル修斗公式戦,東京/後楽園ホール,PRO_SHOOTO_MAINLINE,3096,7,環太平洋フェザー級チャンピオンシップ,フェザー級,5分3R,255,TOMA,直心会TK68,計量結果 :65.8 Kg,toma,300,仲山貴志,総合格闘技津田沼道場,計量結果 :65.8 Kg,,F1_LOSS_F2_WIN,score 1-2 (overrides opacity if needed),,,ud,判定 1-2,,※赤：TOMAが防衛に失敗。 ※※勝利した青：仲山が第10代環太平洋フェザー級王者に。 ［レフェリー］福田正人 ［サブレフェリー］ 片岡誠人 28-29（1R 9-10／2R 9-10／3R 10-9） 豊永　稔 30-27（1R 10-9／2R 10-9／3R 10-9） 松村　慶 28-29（1R 9-10／2R 10-9／3R 9-10）
86,2020-01-26,PROFESSONAL SHOOTO 2020 Supported by ONE Championship,プロフェッショナル修斗公式戦,東京/後楽園ホール,PRO_SHOOTO_MAINLINE,3102,6,,バンタム級,5分3R,140,田丸匠,NASCER DO SOL,計量結果 :61.2 Kg,,1148,藤井伸樹,ALLIANCE,計量結果 :61.2 Kg,,F1_WIN_F2_LOSS,score 3-0 (overrides opacity if needed),,,ud,判定 3-0,,［レフェリー］片岡誠人 ［サブレフェリー］ 岡田剛史 30-27（1R 10-9／2R 10-9／3R 10-9） 豊永　稔 30-27（1R 10-9／2R 10-9／3R 10-9） 松村　慶 30-27（1R 10-9／2R 10-9／3R 10-9）
86,2020-01-26,PROFESSONAL SHOOTO 2020 Supported by ONE Championship,プロフェッショナル修斗公式戦,東京/後楽園ホール,PRO_SHOOTO_MAINLINE,3097,5,,バンタム級,5分3R,198,魚井フルスイング,和術慧舟會HEARTS,計量結果 :61.2 Kg,,963,手塚基伸,総合格闘技道場コブラ会,計量結果 :61.2 Kg,,F1_LOSS_F2_WIN,opacity (single fighter dimmed),2,00:19,tko,TKO,,［レフェリー］片岡誠人 ［サブレフェリー］ 岡田剛史 1R 9-10 福田正人 1R 9-10 松村　慶 1R 9-10
86,2020-01-26,PROFESSONAL SHOOTO 2020 Supported by ONE Championship,プロフェッショナル修斗公式戦,東京/後楽園ホール,PRO_SHOOTO_MAINLINE,3105,4,,フライ級,5分3R,1144,平良達郎,Theパラエストラ沖縄,計量結果 :56.7 Kg,taira-tatsuro,1192,ジャレッドライアンアルマザン,チーム・ラカイ,計量結果 :58.9 Kg,,F1_WIN_F2_LOSS,opacity (single fighter dimmed),2,00:19,ko,KO,,※※フライ級5分3Rから変更。 ※※※当初の契約体重を超過した青：ジャレッドに全ラウンド減点1とした上で58.9kg契約にて試合を実施。 ［レフェリー］豊永　稔 ［サブレフェリー］ 片岡誠人 1R 10-8 岡田剛史 1R 10-8 松村　慶 1R 10-8
86,2020-01-26,PROFESSONAL SHOOTO 2020 Supported by ONE Championship,プロフェッショナル修斗公式戦,東京/後楽園ホール,PRO_SHOOTO_MAINLINE,3104,3,,ストロー級,5分3R,29,猿丸ジュンジ,修斗GYM東京,計量結果 :52.1 Kg,,1191,ジェロムワナワン,チーム・ラカイ,計量結果 :52.1 Kg,,F1_WIN_F2_LOSS,score 3-0 (overrides opacity if needed),,,ud,判定 3-0,,［レフェリー］豊永　稔 ［サブレフェリー］ 片岡誠人 30-27（1R 10-9／2R 10-9／3R 10-9） 福田正人 29-27（1R 10-9／2R 9-10／3R 10-9） 松村　慶 30-27（1R 10-9／2R 10-9／3R 10-9）
86,2020-01-26,PROFESSONAL SHOOTO 2020 Supported by ONE Championship,プロフェッショナル修斗公式戦,東京/後楽園ホール,PRO_SHOOTO_MAINLINE,3098,2,修斗女子初代スーパーアトム級王座決定トーナメント,女子スーパーアトム級,5分2R,1238,大島沙緒里,AACC,計量結果 :48.0 Kg,oshima-saori,1241,小生由紀,グランドスラム沖縄A・P・P,計量結果 :49.5 Kg,,F1_WIN_F2_LOSS,opacity (single fighter dimmed),2,03:15,ko,KO,,［レフェリー］福田正人 ［サブレフェリー］ 片岡誠人 1R 10-9 岡田剛史 1R 10-9 松村　慶 1R 10-9
86,2020-01-26,PROFESSONAL SHOOTO 2020 Supported by ONE Championship,プロフェッショナル修斗公式戦,東京/後楽園ホール,PRO_SHOOTO_MAINLINE,3125,1,,フェザー級,5分2R,350,小林孝秀,SLACK,計量結果 :65.4 Kg,,1183,木下カラテ,和術慧舟會HEARTS,計量結果 :65.8 Kg,kinoshita-karate,F1_LOSS_F2_WIN,opacity (single fighter dimmed),1,01:24,ko,KO,,［レフェリー］福田正人
86,2020-01-26,PROFESSONAL SHOOTO 2020 Supported by ONE Championship,プロフェッショナル修斗公式戦,東京/後楽園ホール,PRO_SHOOTO_MAINLINE,3103,,2019年度新人王決定トーナメント,ウェルター級,5分2R,1236,井口雅仁,AACC,計量結果 :76.9 Kg,,1256,ハーレー,フリー,計量結果 :76.7 Kg,,F1_LOSS_F2_WIN,opacity (single fighter dimmed),1,04:56,ko,KO,,※※勝利した青：ハーレーが2019年度ウェルター級新人王に。 ［レフェリー］片岡誠人
86,2020-01-26,PROFESSONAL SHOOTO 2020 Supported by ONE Championship,プロフェッショナル修斗公式戦,東京/後楽園ホール,PRO_SHOOTO_MAINLINE,3134,,,キッズ・ジュニア修斗,4分1R,1269,大矢翼,心技館,,,1270,玉城悠,THE BLACKBELT JAPAN,,,F1_LOSS_F2_WIN,opacity (single fighter dimmed),1,03:03,submision,S,腕ひしぎ十字固め,第6試合の前に実施
86,2020-01-26,PROFESSONAL SHOOTO 2020 Supported by ONE Championship,プロフェッショナル修斗公式戦,東京/後楽園ホール,PRO_SHOOTO_MAINLINE,3135,,,,,1271,後久湊,悟心塾,,,1272,山田新大,建武館,,,UNRESOLVED,"both dimmed, no score, no judge tallies, no note keyword match",,,,,,第6試合の前に実施
98,2020-01-19,BORDER-season12-「The1st」,プロフェッショナル修斗公式戦,大阪市平野区／コミュニティプラザ平野,BORDER;PRO_SHOOTO_MAINLINE,3114,10,,バンタム級,5分2R,127,奇天烈,修斗GYMS直心会,計量結果 :61.1 Kg,,777,青柳洸志,修斗GYM神戸,計量結果 :60.9 Kg,,F1_WIN_F2_LOSS,score 3-0 (overrides opacity if needed),,,ud,判定 3-0,,［レフェリー］吉田元貴 ［サブレフェリー］ 豊島考尚 20-18（1R 10-9／2R 10-9） 加納　学 20-19（1R 10-10／2R 10-9） 安芸佳孝 20-19（1R 10-9／2R 10-10）
98,2020-01-19,BORDER-season12-「The1st」,プロフェッショナル修斗公式戦,大阪市平野区／コミュニティプラザ平野,BORDER;PRO_SHOOTO_MAINLINE,3115,9,,フライ級,5分2R,27,小堀貴広,総合格闘技ゴンズジム,計量結果 :56.7 Kg,,129,輝龍,roots,計量結果 :56.3 Kg,,F1_WIN_F2_LOSS,score 3-0 (overrides opacity if needed),,,ud,判定 3-0,,［レフェリー］吉田元貴 ［サブレフェリー］ 豊島考尚 20-19（1R 10-10／2R 10-9） 加納　学 20-19（1R 10-10／2R 10-9） 安芸佳孝 20-18（1R 10-9／2R 10-9）
98,2020-01-19,BORDER-season12-「The1st」,プロフェッショナル修斗公式戦,大阪市平野区／コミュニティプラザ平野,BORDER;PRO_SHOOTO_MAINLINE,3116,8,,バンタム級,5分2R,200,エダ塾長こうすけ,MIBURO,計量結果 :61.2 Kg,,225,服部賢大,修斗GYM神戸,計量結果 :61.2 Kg,,F1_LOSS_F2_WIN,opacity (single fighter dimmed),2,00:51,ko,KO,,［レフェリー］吉田元貴 ［サブレフェリー］ 豊島考尚 1R 10-9 加納　学 1R 10-9 安芸佳孝 1R 10-9
98,2020-01-19,BORDER-season12-「The1st」,プロフェッショナル修斗公式戦,大阪市平野区／コミュニティプラザ平野,BORDER;PRO_SHOOTO_MAINLINE,3117,7,,フライ級,5分2R,1173,當房桂,修斗GYMS直心会,計量結果 :56.4 Kg,,139,谷口No-K友康,Team FreeStyle,計量結果 :56.6 Kg,,F1_WIN_F2_LOSS,score 3-0 (overrides opacity if needed),,,ud,判定 3-0,,［レフェリー］吉田元貴 ［サブレフェリー］ 豊島考尚 20-18（1R 10-9／2R 10-9） 加納　学 20-18（1R 10-9／2R 10-9） 安芸佳孝 20-18（1R 10-9／2R 10-9）
98,2020-01-19,BORDER-season12-「The1st」,プロフェッショナル修斗公式戦,大阪市平野区／コミュニティプラザ平野,BORDER;PRO_SHOOTO_MAINLINE,3118,6,2019年新人王トーナメント,,5分2R,1205,藤野康弘,パラエストラTB,計量結果 :65.7 Kg,,1260,透暉鷹,ISHITUNA MMA GYM,計量結果 :65.7 Kg,,F1_LOSS_F2_WIN,score 0-3 (overrides opacity if needed),,,ud,判定 0-3,,※勝利した青：透暉鷹が2019年度フェザー級新人王に決定。 ［レフェリー］吉田元貴 ［サブレフェリー］ 豊島考尚 18-20（1R 9-10／2R 9-10） 加納　学 18-20（1R 9-10／2R 9-10） 安芸佳孝 18-20（1R 9-10／2R 9-10）
98,2020-01-19,BORDER-season12-「The1st」,プロフェッショナル修斗公式戦,大阪市平野区／コミュニティプラザ平野,BORDER;PRO_SHOOTO_MAINLINE,3119,5,新人王トーナメント,,5分2R,1261,鬼瓦,K友会,計量結果 :70.2 Kg,,1184,ヨシイノウエ,パラエストラTB,計量結果 :70.1 Kg,,F1_LOSS_F2_WIN,score 0-3 (overrides opacity if needed),,,ud,判定 0-3,,※勝利した青：イノウエが2019年度ライト級新人王に決定。 ［レフェリー］吉田元貴 ［サブレフェリー］ 豊島考尚 18-20（1R 9-10／2R 9-10） 加納　学 18-20（1R 9-10／2R 9-10） 安芸佳孝 18-20（1R 9-10／2R 9-10）
98,2020-01-19,BORDER-season12-「The1st」,プロフェッショナル修斗公式戦,大阪市平野区／コミュニティプラザ平野,BORDER;PRO_SHOOTO_MAINLINE,3120,4,,バンタム級,5分2R,1262,宇都宮伍,直心会修斗GYMS,計量結果 :60.8 Kg,,1263,綿谷誠,BLOWS,計量結果 :61.0 Kg,,F1_WIN_F2_LOSS,score 3-0 (overrides opacity if needed),,,ud,判定 3-0,,※1R、青：綿谷によるローブローの反則のため減点1。 ［レフェリー］吉田元貴 ［サブレフェリー］ 豊島考尚 20-17（1R 10-8／2R 10-9） 加納　学 19-18（1R 9-9／2R 10-9） 安芸佳孝 20-17（1R 10-8／2R 10-9）
98,2020-01-19,BORDER-season12-「The1st」,プロフェッショナル修斗公式戦,大阪市平野区／コミュニティプラザ平野,BORDER;PRO_SHOOTO_MAINLINE,3121,3,,ライト級,5分2R,977,林RICE陽太,パラエストラ東大阪,計量結果 :70.1 Kg,,1264,峯望実,TEAM SMOKER,計量結果 :70.3 Kg,,F1_WIN_F2_LOSS,opacity (single fighter dimmed),1,00:17,ko,KO,,［レフェリー］吉田元貴
98,2020-01-19,BORDER-season12-「The1st」,プロフェッショナル修斗公式戦,大阪市平野区／コミュニティプラザ平野,BORDER;PRO_SHOOTO_MAINLINE,3122,2,,ライト級,5分2R,1203,大谷一誠,修斗GYM神戸,計量結果 :69.7 Kg,,1313,CHAN龍,MMA Zジム,計量結果 :68.9 Kg,,F1_LOSS_F2_WIN,score 0-2 (overrides opacity if needed),,,ud,判定 0-2,,［レフェリー］吉田元貴 ［サブレフェリー］ 豊島考尚 18-20（1R 9-10／2R 9-10） 加納　学 18-20（1R 9-10／2R 9-10） 山本諭志 19-19（1R 10-9／2R 9-10）
98,2020-01-19,BORDER-season12-「The1st」,プロフェッショナル修斗公式戦,大阪市平野区／コミュニティプラザ平野,BORDER;PRO_SHOOTO_MAINLINE,3123,1,,バンタム級,5分2R,1268,岩佐和哉,MMA＆BJJ　BLOWS,計量結果 :60.7 Kg,,1182,キシシ,MIBURO,計量結果 :61.2 Kg,,F1_WIN_F2_LOSS,opacity (single fighter dimmed),2,00:04,tko,TKO,,※頭部の出血によるレフェリーストップ。 ［レフェリー］吉田元貴 ［サブレフェリー］ 豊島考尚 1R 10-9 加納　学 1R 10-9 山本諭志 1R 10-9
98,2020-01-19,BORDER-season12-「The1st」,プロフェッショナル修斗公式戦,大阪市平野区／コミュニティプラザ平野,BORDER;PRO_SHOOTO_MAINLINE,3124,,,フェザー級,3分2R,1266,東寛貴,NEW GROUND,計量結果 :65.3 Kg,,1267,麻植裕太,MMA Zジム,計量結果 :65.2 Kg,,F1_WIN_F2_LOSS,score 3-0 (overrides opacity if needed),,,ud,判定 3-0,,［レフェリー］吉田元貴 ［サブレフェリー］ 豊島考尚 20-18（1R 10-9／2R 10-9） 加納　学 20-18（1R 10-9／2R 10-9） 山本諭志 20-18（1R 10-9／2R 10-9）
78,2019-12-22,SHOOTO GIG TOKYO Vol.29 Supported by ONE Championship,プロフェッショナル修斗公式戦,東京/新宿FACE,GIG_UNDERCARD_SERIES;PRO_SHOOTO_MAINLINE,3084,12,,バンタム級,5分3R,285,齊藤曜,和術慧舟會トイカツ道場,計量結果 :61.2 Kg,,130,加藤ケンジ,NeighborHood,計量結果 :61.2 Kg,,F1_LOSS_F2_WIN,opacity (single fighter dimmed),3,01:51,ko,KO,,［レフェリー］片岡誠人 ［サブレフェリー］ 豊永　稔 1R 10-9/2R 10-9 田澤康宏 1R 10-9/2R 10-9 大内　敬 1R 10-9/2R 10-9
78,2019-12-22,SHOOTO GIG TOKYO Vol.29 Supported by ONE Championship,プロフェッショナル修斗公式戦,東京/新宿FACE,GIG_UNDERCARD_SERIES;PRO_SHOOTO_MAINLINE,3085,11,,ストロー級,5分3R,25,飯野タテオ,和術慧舟會HEARTS,計量結果 :52.0 Kg,,80,牧ヶ谷篤,和術慧舟會群馬支部,計量結果 :51.7 Kg,,F1_WIN_F2_LOSS,score 3-0 (overrides opacity if needed),,,ud,判定 3-0,,［レフェリー］豊永　稔 ［サブレフェリー］ 片岡誠人 20-18（1R 10-9/2R 10-9） 田澤康宏 20-18（1R 10-9/2R 10-9） 松村　慶 20-18（1R 10-9/2R 10-9)
78,2019-12-22,SHOOTO GIG TOKYO Vol.29 Supported by ONE Championship,プロフェッショナル修斗公式戦,東京/新宿FACE,GIG_UNDERCARD_SERIES;PRO_SHOOTO_MAINLINE,3086,10,,バンタム級,5分2R,197,一條貴洋,ストライプル南相馬playground,計量結果 :61.2 Kg,,1032,水島宏,roots,計量結果 :61.0 Kg,,F1_WIN_F2_LOSS,opacity (single fighter dimmed),1,00:18,ko,KO,,［レフェリー］豊永　稔
78,2019-12-22,SHOOTO GIG TOKYO Vol.29 Supported by ONE Championship,プロフェッショナル修斗公式戦,東京/新宿FACE,GIG_UNDERCARD_SERIES;PRO_SHOOTO_MAINLINE,3090,9,,フライ級,5分2R,635,鎌田悠介,ピロクテテス新潟,計量結果 :56.4 Kg,,1064,代輔,秋本道場Jungle Junction,計量結果 :56.7 Kg,,F1_WIN_F2_LOSS,opacity (single fighter dimmed),1,02:33,submision,S,三角絞め,［レフェリー］片岡誠人
78,2019-12-22,SHOOTO GIG TOKYO Vol.29 Supported by ONE Championship,プロフェッショナル修斗公式戦,東京/新宿FACE,GIG_UNDERCARD_SERIES;PRO_SHOOTO_MAINLINE,3089,8,,フェザー級,5分2R,1163,須貝THEYAMANBA,ピロクテテス新潟,計量結果 :65.6 Kg,,350,小林孝秀,SLACK,計量結果 :65.4 Kg,,F1_WIN_F2_LOSS,score 1-0 (overrides opacity if needed),,,ud,判定 1-0,,［レフェリー］片岡誠人 ［サブレフェリー］ 豊永　稔 19-19（1R 9-10/2R 10-9） 大内　敬 19-19（1R 9-10/2R 10-9） 松村　慶 20-18（1R 10-9/2R 10-9）
78,2019-12-22,SHOOTO GIG TOKYO Vol.29 Supported by ONE Championship,プロフェッショナル修斗公式戦,東京/新宿FACE,GIG_UNDERCARD_SERIES;PRO_SHOOTO_MAINLINE,3091,7,,バンタム級,5分2R,1050,小林佳純,HAGANE GYM,計量結果 :61.2 Kg,,1082,大越崇弘,TRIBE TOKYO M.M.A,計量結果 :61.0 Kg,,F1_WIN_F2_LOSS,score 1-0 (overrides opacity if needed),,,ud,判定 1-0,,［レフェリー］片岡誠人 ［サブレフェリー］ 豊永　稔 19-19（1R 10-9/2R 9-10） 田澤康宏 20-18（1R 10-9/2R 10-9） 大内　敬 19-19（1R 10-9/2R 9-10）
78,2019-12-22,SHOOTO GIG TOKYO Vol.29 Supported by ONE Championship,プロフェッショナル修斗公式戦,東京/新宿FACE,GIG_UNDERCARD_SERIES;PRO_SHOOTO_MAINLINE,3088,6,,,5分2R,1249,上原平,リバーサルジム横浜グランドスラム,計量結果 :71.8 Kg,,1250,水野怜,roots,計量結果 :72.0 Kg,,F1_WIN_F2_LOSS,opacity (single fighter dimmed),1,00:33,ko,KO,,［レフェリー］豊永　稔
78,2019-12-22,SHOOTO GIG TOKYO Vol.29 Supported by ONE Championship,プロフェッショナル修斗公式戦,東京/新宿FACE,GIG_UNDERCARD_SERIES;PRO_SHOOTO_MAINLINE,3093,5,,バンタム級,5分2R,567,鬼神光司,ブレイブハート,計量結果 :61.2 Kg,,1251,三好涼太,総合格闘技道場CROWN,計量結果 :60.9 Kg,,F1_WIN_F2_LOSS,score 2-0 (overrides opacity if needed),,,ud,判定 2-0,,［レフェリー］豊永　稔 ［サブレフェリー］ 片岡誠人 20-18（1R 10-9/2R 10-9） 田澤康宏 20-18（1R 10-9/2R 10-9） 大内　敬 19-19（1R 9-10/2R 10-9）
78,2019-12-22,SHOOTO GIG TOKYO Vol.29 Supported by ONE Championship,プロフェッショナル修斗公式戦,東京/新宿FACE,GIG_UNDERCARD_SERIES;PRO_SHOOTO_MAINLINE,3092,4,,フェザー級,5分2R,1183,木下カラテ,和術慧舟會HEARTS,計量結果 :65.7 Kg,kinoshita-karate,1204,平澤克明,飛翔塾コンドル,計量結果 :65.6 Kg,,F1_WIN_F2_LOSS,opacity (single fighter dimmed),1,00:31,ko,KO,,［レフェリー］片岡誠人
78,2019-12-22,SHOOTO GIG TOKYO Vol.29 Supported by ONE Championship,プロフェッショナル修斗公式戦,東京/新宿FACE,GIG_UNDERCARD_SERIES;PRO_SHOOTO_MAINLINE,3087,3,新人王決定トーナメント,バンタム級,5分2R,1185,野尻定由,MASTER JAPAN FUKUOKA,計量結果 :61.0 Kg,,1248,林宏仲,パラエストラ岐阜,計量結果 :60.6 Kg,,F1_WIN_F2_LOSS,opacity (single fighter dimmed),2,02:43,ko,KO,,勝利した赤：野尻が2019年度バンタム級新人王に決定。 ［レフェリー］田澤康宏 ［サブレフェリー］ 豊永　稔 1R 9-10 大内　敬 1R 9-10 松村　慶 1R 9-10
78,2019-12-22,SHOOTO GIG TOKYO Vol.29 Supported by ONE Championship,プロフェッショナル修斗公式戦,東京/新宿FACE,GIG_UNDERCARD_SERIES;PRO_SHOOTO_MAINLINE,3094,2,,ストロー級,5分2R,1252,高橋SUBMISSION雄己,和術慧舟會HEARTS,計量結果 :53.4 Kg,,1255,大城匡史,THE BLACKBELT JAPAN,計量結果 :55.0 Kg,,F1_WIN_F2_LOSS,opacity (single fighter dimmed),1,01:13,submision,S,フットチョーク,［レフェリー］田澤康宏
78,2019-12-22,SHOOTO GIG TOKYO Vol.29 Supported by ONE Championship,プロフェッショナル修斗公式戦,東京/新宿FACE,GIG_UNDERCARD_SERIES;PRO_SHOOTO_MAINLINE,3095,1,,バンタム級,5分2R,1253,新井拓巳,ストライプル新百合ケ丘,計量結果 :61.2 Kg,,1254,中桐涼輔,トイカツ道場,計量結果 :61.2 Kg,,DRAW,score tied 0-0,,,ud,判定 0-0,,［レフェリー］田澤康宏 ［サブレフェリー］ 片岡誠人 19-19（1R 10-9/2R 9-10） 大内　敬 19-19（1R 9-10/2R 10-9） 松村　慶 19-19（1R 9-10/2R 10-9）
97,2019-12-15,プロフェッショナル修斗公式戦香川大会「FORCE 12」,令和元年台風19号災害チャリティー,香川県高松市/高松シンボルタワー　展示場,FORCE_REGIONAL;PRO_SHOOTO_MAINLINE,3106,8,,バンタム級,5分3R,295,ダイキライトイヤー,修斗GYM神戸,計量結果 :60.9 Kg,,181,直撃我聞,-,計量結果 :60.7 Kg,,F1_WIN_F2_LOSS,opacity (single fighter dimmed),3,01:15,submision,S,三角締め,［レフェリー］吉田元貴 ［サブレフェリー］ 山本諭志 1R 10-10/2R 10-9 岡田剛史 1R 10-9/2R 10-9 小池義昭 1R 10-9/2R 10-9
97,2019-12-15,プロフェッショナル修斗公式戦香川大会「FORCE 12」,令和元年台風19号災害チャリティー,香川県高松市/高松シンボルタワー　展示場,FORCE_REGIONAL;PRO_SHOOTO_MAINLINE,3107,7,,フライ級,5分2R,1067,高岡宏気,FORCE GYM,計量結果 :56.5 Kg,takaoka-hiroki,1139,大竹陽,HAGANE GYM,計量結果 :56.6 Kg,,F1_WIN_F2_LOSS,score 1-0 (overrides opacity if needed),,,ud,判定 1-0,,［レフェリー］吉田元貴 ［サブレフェリー］ 山本諭志 19-19（1R 9-10/2R 10-9） 岡田剛史 20-18（1R 10-9/2R 10-9） 小池義昭 19-19（1R 9-10/2R 10-9）
97,2019-12-15,プロフェッショナル修斗公式戦香川大会「FORCE 12」,令和元年台風19号災害チャリティー,香川県高松市/高松シンボルタワー　展示場,FORCE_REGIONAL;PRO_SHOOTO_MAINLINE,3108,6,,フライ級,5分2R,1129,安芸柊斗,MMA Zジム,,,1257,TARKER,シマジリアンズ,,,UNRESOLVED,"both dimmed, no score, no judge tallies, no note keyword match",,,,,,
97,2019-12-15,プロフェッショナル修斗公式戦香川大会「FORCE 12」,令和元年台風19号災害チャリティー,香川県高松市/高松シンボルタワー　展示場,FORCE_REGIONAL;PRO_SHOOTO_MAINLINE,3109,5,,,5分2R,1243,津田麗茉,ブレイブハート,計量結果 :58.4 Kg,,1218,宇田悠斗,総合格闘技道場HOPE,計量結果 :56.3 Kg,,F1_LOSS_F2_WIN,opacity (single fighter dimmed),1,00:37,ko,KO,,※※赤：津田のトーナメント棄権により宇田が2019年度フライ級新人王に決定。 ※※※当初の契約体重を超過した赤：津田に全ラウンド減点1とした上で58.4kg契約にて試合を実施。 ［レフェリー］吉田元貴
97,2019-12-15,プロフェッショナル修斗公式戦香川大会「FORCE 12」,令和元年台風19号災害チャリティー,香川県高松市/高松シンボルタワー　展示場,FORCE_REGIONAL;PRO_SHOOTO_MAINLINE,3110,4,,バンタム級,5分2R,153,堀川55滉介,TEAM一領具足,計量結果 :61.1 Kg,,1258,田主丸航,MMA RANGERS GYM,計量結果 :60.5 Kg,,F1_WIN_F2_LOSS,score 3-0 (overrides opacity if needed),,,ud,判定 3-0,,［レフェリー］吉田元貴 ［サブレフェリー］ 山本諭志 20-18（1R 10-9/2R 10-9） 岡田剛史 20-18（1R 10-9/2R 10-9） 小池義昭 20-18（1R 10-9/2R 10-9）
97,2019-12-15,プロフェッショナル修斗公式戦香川大会「FORCE 12」,令和元年台風19号災害チャリティー,香川県高松市/高松シンボルタワー　展示場,FORCE_REGIONAL;PRO_SHOOTO_MAINLINE,3111,3,,,5分2R,1211,割石晃司,MMA Zジム,計量結果 :62.4 Kg,,625,浅利孝政,BURST,計量結果 :62.5 Kg,,F1_LOSS_F2_WIN,opacity (single fighter dimmed),1,04:21,tko,TKO,,セコンドのタオル投入 ［レフェリー］吉田元貴
97,2019-12-15,プロフェッショナル修斗公式戦香川大会「FORCE 12」,令和元年台風19号災害チャリティー,香川県高松市/高松シンボルタワー　展示場,FORCE_REGIONAL;PRO_SHOOTO_MAINLINE,3112,2,,ストロー級,5分2R,1132,大勝たくにい,MMA Zジム,計量結果 :52.0 Kg,,53,オーガ丸畑,ゼロ戦クラブ水島支部,計量結果 :52.0 Kg,,F1_WIN_F2_LOSS,opacity (single fighter dimmed),2,03:38,submision,S,スリーパーホールド,［レフェリー］吉田元貴 ［サブレフェリー］ 山本諭志 1R 10-9 岡田剛史 1R 10-9 小池義昭 1R 10-9
97,2019-12-15,プロフェッショナル修斗公式戦香川大会「FORCE 12」,令和元年台風19号災害チャリティー,香川県高松市/高松シンボルタワー　展示場,FORCE_REGIONAL;PRO_SHOOTO_MAINLINE,3113,1,,ストロー級,5分2R,1226,わっしょい内田,パーソナルスタイルス,計量結果 :52.1 Kg,,1259,宇田龍我,総合格闘技道場HOPE,計量結果 :52.1 Kg,,F1_LOSS_F2_WIN,opacity (single fighter dimmed),1,03:18,submision,S,スリーパーホールド,［レフェリー］吉田元貴
77,2019-11-24,SHOOTO 30th ANNIVERSARY TOUR FINAL Supported by ONE Championship,プロフェッショナル修斗公式戦,東京/後楽園ホール,PRO_SHOOTO_MAINLINE,3054,11,,フェザー級,5分3R,1169,マーカスヘルド,GERMAN TOP TEAM,計量結果 :65.4 Kg,,8,宇野薫,UNO DOJO,計量結果 :65.5 Kg,uno-caol,F1_LOSS_F2_WIN,opacity (single fighter dimmed),2,01:56,submision,S,スリーパーホールド,［レフェリー］片岡誠人 ［サブレフェリー］ 豊永　稔 1R 10-9 福田正人 1R 10-9 長瀬達郎 1R 10-9
77,2019-11-24,SHOOTO 30th ANNIVERSARY TOUR FINAL Supported by ONE Championship,プロフェッショナル修斗公式戦,東京/後楽園ホール,PRO_SHOOTO_MAINLINE,3056,10,,バンタム級,5分3R,183,根津優太,&MOSH,計量結果 :61.1 Kg,,1116,倉本一真,"リバーサルジム新宿Me,We",計量結果 :61.0 Kg,,F1_LOSS_F2_WIN,opacity (single fighter dimmed),3,00:01,tko,TKO,,赤：根津陣営のバトン投入による棄権のため。 ［レフェリー］豊永　稔 ［サブレフェリー］ 片岡誠人 1R 9-10/2R 8-10 福田正人 1R 8-10/2R 8-10 長瀬達郎 1R 8-10/2R 9-10
77,2019-11-24,SHOOTO 30th ANNIVERSARY TOUR FINAL Supported by ONE Championship,プロフェッショナル修斗公式戦,東京/後楽園ホール,PRO_SHOOTO_MAINLINE,3062,9,,フライ級,5分3R,100,清水清隆,TRIBE TOKYO M.M.A,計量結果 :56.7 Kg,,1237,ショージンミキ,Prodigy Training Center,計量結果 :56.4 Kg,,F1_WIN_F2_LOSS,opacity (single fighter dimmed),1,04:19,tko,TKO,,［レフェリー］豊永　稔
77,2019-11-24,SHOOTO 30th ANNIVERSARY TOUR FINAL Supported by ONE Championship,プロフェッショナル修斗公式戦,東京/後楽園ホール,PRO_SHOOTO_MAINLINE,3064,8,修斗女子初代スーパーアトム級王座決定トーナメント,女子スーパーアトム級,,1208,黒部三奈,マスタージャパン,計量結果 :49.9 Kg,,1235,ターニャアンゲラー,ジャーマン・トップチーム,計量結果 :49.1 Kg,,F1_WIN_F2_LOSS,opacity (single fighter dimmed),2,04:52,ko,KO,,［レフェリー］福田正人 ［サブレフェリー］ 片岡誠人 1R 10-9 横山忠志 1R 10-9 長瀬達郎 1R 10-9
77,2019-11-24,SHOOTO 30th ANNIVERSARY TOUR FINAL Supported by ONE Championship,プロフェッショナル修斗公式戦,東京/後楽園ホール,PRO_SHOOTO_MAINLINE,3065,7,修斗女子初代スーパーアトム級王座決定トーナメント,,,1234,梅原拓未,GRABAKAジム,計量結果 :48.9 Kg,,1207,イイェジ,TEAM J,計量結果 :49.8 Kg,,F1_LOSS_F2_WIN,opacity (single fighter dimmed),2,03:21,ko,KO,,［レフェリー］福田正人 ［サブレフェリー］ 片岡誠人 1R 9-10 豊永　稔 1R 8-10 長瀬達郎 1R 8-10
77,2019-11-24,SHOOTO 30th ANNIVERSARY TOUR FINAL Supported by ONE Championship,プロフェッショナル修斗公式戦,東京/後楽園ホール,PRO_SHOOTO_MAINLINE,3057,6,,ライト級,5分3R,321,AB,和術慧舟會駿河道場,計量結果 :70.3 Kg,,1056,キャプテン☆アフリカ,総合格闘技道場コブラ会,計量結果 :70.2 Kg,captain-africa,F1_LOSS_F2_WIN,opacity (single fighter dimmed),2,01:10,tko,TKO,,AB選手の出血によるレフェリーストップ ［レフェリー］豊永　稔 ［サブレフェリー］ 片岡誠人 1R 9-10 横山忠志 1R 9-10 長瀬達郎 1R 10-9
77,2019-11-24,SHOOTO 30th ANNIVERSARY TOUR FINAL Supported by ONE Championship,プロフェッショナル修斗公式戦,東京/後楽園ホール,PRO_SHOOTO_MAINLINE,3058,5,,ライト級,5分3R,1102,田中有,総合格闘技道場reliable,計量結果 :69.9 Kg,,388,岡野裕城,マッハ道場,計量結果 :70.2 Kg,,F1_WIN_F2_LOSS,score 3-0 (overrides opacity if needed),,,ud,判定 3-0,,［レフェリー］豊永　稔 ［サブレフェリー］ 福田正人 29-28（1R 10-9/2R 10-9/3R 9-10） 横山忠志 29-28（1R 10-9/2R 10-9/3R 9-10） 長瀬達郎 29-28（1R 10-9/2R 10-9/3R 9-10）
77,2019-11-24,SHOOTO 30th ANNIVERSARY TOUR FINAL Supported by ONE Championship,プロフェッショナル修斗公式戦,東京/後楽園ホール,PRO_SHOOTO_MAINLINE,3063,4,,バンタム級,5分3R,171,小野島恒太,Combat Workout Diamonds,計量結果 :61.2 Kg,,963,手塚基伸,総合格闘技道場コブラ会,計量結果 :61.2 Kg,,F1_LOSS_F2_WIN,score 0-3 (overrides opacity if needed),,,ud,判定 0-3,,［レフェリー］片岡誠人 ［サブレフェリー］ 福田正人 28-29（1R 9-10/2R 10-9/3R 9-10） 横山忠志 28-29（1R 9-10/2R 10-9/3R 9-10） 長瀬達郎 28-29（1R 9-10/2R 10-9/3R 9-10）
77,2019-11-24,SHOOTO 30th ANNIVERSARY TOUR FINAL Supported by ONE Championship,プロフェッショナル修斗公式戦,東京/後楽園ホール,PRO_SHOOTO_MAINLINE,3059,3,Woman’s SHOOTO -50kg インフィニティリーグ2019,女子,5分2R,1171,杉本恵,AACC,計量結果 :50.0 Kg,,1195,廣瀬里美,パラエストラ松戸,計量結果 :49.0 Kg,,F1_WIN_F2_LOSS,opacity (single fighter dimmed),1,02:20,submision,S,スリーパーホールド,杉本 恵選手のインフィニティリーグ2019優勝が確定。 ［レフェリー］片岡誠人
77,2019-11-24,SHOOTO 30th ANNIVERSARY TOUR FINAL Supported by ONE Championship,プロフェッショナル修斗公式戦,東京/後楽園ホール,PRO_SHOOTO_MAINLINE,3060,2,Woman’s SHOOTO -50kg インフィニティリーグ2019,女子,5分2R,1196,北野きゅう,高田馬場道場,計量結果 :49.9 Kg,,1188,原田よき,赤崎道場A-SPIRIT,計量結果 :49.6 Kg,,F1_WIN_F2_LOSS,"note judge tallies [('19', '19'), ('20', '18'), ('19', '19')] -> favors1=1 favors2=0 ties=2",,,,,,両者ともに1Pを獲得、累計は勝ち点3に。 ［レフェリー］福田正人 ［サブレフェリー］ 豊永　稔 19-19（1R 9-10/2R 10-9） 片岡誠人 20-18（1R 10-9/2R 10-9） 長瀬達郎 19-19（1R 9-10/2R 10-9）
77,2019-11-24,SHOOTO 30th ANNIVERSARY TOUR FINAL Supported by ONE Championship,プロフェッショナル修斗公式戦,東京/後楽園ホール,PRO_SHOOTO_MAINLINE,3069,1,,フェザー級,5分2R,314,山本健斗デリカット,総合格闘技道場コブラ会,計量結果 :65.7 Kg,,288,SASUKE,MASTER JAPAN,計量結果 :65.7 Kg,sasuke,F1_LOSS_F2_WIN,score 0-2 (overrides opacity if needed),,,ud,判定 0-2,,［レフェリー］福田正人 ［サブレフェリー］ 豊永　稔 18-20（1R 9-10/2R 9-10） 横山忠志 19-19（1R 10-9/2R 9-10） 長瀬達郎 18-20（1R 9-10/2R 9-10）
77,2019-11-24,SHOOTO 30th ANNIVERSARY TOUR FINAL Supported by ONE Championship,プロフェッショナル修斗公式戦,東京/後楽園ホール,PRO_SHOOTO_MAINLINE,3070,,2019年新人王トーナメント,フェザー級,5分2R,1151,田村渓,パラエストラ松戸,計量結果 :65.6 Kg,,1205,藤野康弘,パラエストラTB,計量結果 :65.7 Kg,,F1_LOSS_F2_WIN,score 0-3 (overrides opacity if needed),,,ud,判定 0-3,,青：藤野が新人王決定トーナメント決勝に進出。 ［レフェリー］片岡誠人 ［サブレフェリー］ 豊永　稔 18-20（1R 9-10/2R 9-10） 横山忠志 18-20（1R 9-10/2R 9-10） 長瀬達郎 18-20（1R 9-10/2R 9-10）
77,2019-11-24,SHOOTO 30th ANNIVERSARY TOUR FINAL Supported by ONE Championship,プロフェッショナル修斗公式戦,東京/後楽園ホール,PRO_SHOOTO_MAINLINE,3083,,,キッズ・ジュニア修斗,3分1R,1246,赤羽幾也,CROW FOREST,計量結果 :52.6 Kg,,1247,佐々木瞬真,パラエストラ千葉,計量結果 :52.0 Kg,,F1_WIN_F2_LOSS,score 2-1 (overrides opacity if needed),,,ud,判定 2-1,,［レフェリー］片岡誠人 ［サブレフェリー］ 福田正人 9-10 小島邦裕 10-9 長瀬達郎 10-9
87,2019-11-24,越後風神祭り７,,新潟ロッツ,ECHIGO_REGIONAL,3101,2,,フェザー級,5分2R,1162,加藤裕彦,SAI-GYM,計量結果 :65.6 Kg,,1204,平澤克明,飛翔塾コンドル,計量結果 :65.4 Kg,,F1_WIN_F2_LOSS,score 1-0 (overrides opacity if needed),,,ud,判定 1-0,,［レフェリー］大内　敬 ［サブレフェリー］ 生駒純司 20-19（1R 10-9/2R 10-10） 藤石義和 19-19（1R 10-9/2R 9-10） 小島邦裕 19-19（1R 10-9/2R 9-10）
87,2019-11-24,越後風神祭り７,,新潟ロッツ,ECHIGO_REGIONAL,3100,1,,,5分3R,1163,須貝THEYAMANBA,ピロクテテス新潟,計量結果 :65.3 Kg,,565,近内忠史,ブレイブハート,計量結果 :68.0 Kg,,F1_WIN_F2_LOSS,score 3-0 (overrides opacity if needed),,,ud,判定 3-0,,［第１試合］68.0kg契約 5分2R ○須貝THE YAMANBA（ピロクテテス新潟）65.3kg 判定 3-0 ×近内忠史（ブレイブハート）68.0kg ［レフェリー］大内　敬 ［サブレフェリー］ 生駒純司 20-16（1R 10-8/2R 10-8） 山田泰範 20-16（1R 10-8/2R 10-8） 小島邦裕 20-16（1R 10-8/2R 10-8） ※当初の契約体重を超過した青：近内に全ラウンド減点1
87,2019-11-24,越後風神祭り７,,新潟ロッツ,ECHIGO_REGIONAL,3142,,,ライト級,5分2R,720,YOKOSAI,SAI-GYM,計量結果 :70.3 Kg,,1161,磯部雄太,駿東修闘クラブ,計量結果 :70.2 Kg,,F1_WIN_F2_LOSS,opacity (single fighter dimmed),1,01:59,submision,S,三角絞め,［レフェリー］大内　敬
87,2019-11-24,越後風神祭り７,,新潟ロッツ,ECHIGO_REGIONAL,3143,,,フェザー級,5分2R,276,葛西達,ストロングウィル古川,計量結果 :65.6 Kg,,350,小林孝秀,SLACK,計量結果 :65.6 Kg,,F1_WIN_F2_LOSS,opacity (single fighter dimmed),2,03:43,submision,S,スリーパーホールド,［レフェリー］大内　敬 ［サブレフェリー］ 生駒純司 1R 10-9 山田泰範 1R 10-8 藤石義和 1R 10-9
87,2019-11-24,越後風神祭り７,,新潟ロッツ,ECHIGO_REGIONAL,3144,,,フェザー級,5分2R,669,久保村ヨシTERU,飛翔塾コンドル,計量結果 :65.6 Kg,,275,小川将貴,ピロクテテス新潟,計量結果 :65.4 Kg,,F1_WIN_F2_LOSS,opacity (single fighter dimmed),2,04:50,ko,KO,,［レフェリー］大内　敬 ［サブレフェリー］ 生駒純司 1R 9-10 山田泰範 1R 10-10 小島邦裕 1R 10-9
104,2019-11-10,闘裸男25,令和元年台風19号災害チャリティー,広島県広島市/BLUE LIVE HIROSHIMA,TORAO_REGIONAL,3210,,,女子アトム級,5分2R,960,古澤みゆき,BURST,,,920,ヒヤマNFC,NFC,,,F1_WIN_F2_LOSS,opacity (single fighter dimmed),1,03:05,tko,TKO,レフェリーストップ,
85,2019-11-03,沖縄大会 THE SHOOTO OKINAWA vol.２,プロフェッショナル修斗公式戦,ミュージックタウン音市場,OKINAWA_REGIONAL;PRO_SHOOTO_MAINLINE,3071,11,,フライ級,5分3R,144,仲宗根武蔵,Theパラエストラ沖縄,計量結果 :56.55 Kg,,121,梶川卓,スカーフィスト,計量結果 :56.40 Kg,,F1_WIN_F2_LOSS,opacity (single fighter dimmed),3,02:29,ko,KO,,福田正人 1R 10-8/2R 10-9 ［サブレフェリー］ 豊永　稔 1R 10-9/2R 10-9 島袋零二 1R 10-8/2R 10-9
85,2019-11-03,沖縄大会 THE SHOOTO OKINAWA vol.２,プロフェッショナル修斗公式戦,ミュージックタウン音市場,OKINAWA_REGIONAL;PRO_SHOOTO_MAINLINE,3072,10,,フライ級,5分3R,94,大里洋志,スカーフィスト,計量結果 :56.6 Kg,,955,宮城友一,キックボクシングDROP,計量結果 :56.45 Kg,,F1_LOSS_F2_WIN,opacity (single fighter dimmed),1,04:59,submision,S,スリーパーホールド,
85,2019-11-03,沖縄大会 THE SHOOTO OKINAWA vol.２,プロフェッショナル修斗公式戦,ミュージックタウン音市場,OKINAWA_REGIONAL;PRO_SHOOTO_MAINLINE,3073,9,,フライ級,5分2R,1144,平良達郎,Theパラエストラ沖縄,計量結果 :56.55 Kg,taira-tatsuro,1131,大翔,BURST,計量結果 :56.00 Kg,,F1_WIN_F2_LOSS,opacity (single fighter dimmed),1,02:18,ko,KO,,
85,2019-11-03,沖縄大会 THE SHOOTO OKINAWA vol.２,プロフェッショナル修斗公式戦,ミュージックタウン音市場,OKINAWA_REGIONAL;PRO_SHOOTO_MAINLINE,3074,8,,バンタム級,5分2R,1239,西岡裕,パラエストラ千葉,計量結果 :61.05 Kg,,625,浅利孝政,BURST,計量結果 :60.70 Kg,,F1_WIN_F2_LOSS,score 2-0 (overrides opacity if needed),,,ud,判定 2-0,,［レフェリー］ 豊永　稔 20-18（1R 10-9/2R 10-9） ［サブレフェリー］ 福田正人 20-18（1R 10-9/2R 10-9） 小生隆弘 19-19（1R 10-9/2R 9-10）
85,2019-11-03,沖縄大会 THE SHOOTO OKINAWA vol.２,プロフェッショナル修斗公式戦,ミュージックタウン音市場,OKINAWA_REGIONAL;PRO_SHOOTO_MAINLINE,3075,7,,ストロー級,5分2R,1098,旭那拳,THE BLACKBELT JAPAN,計量結果 :52.05 Kg,,1390,石原愼之介,MMA Zジム,計量結果 :51.30 Kg,,F1_WIN_F2_LOSS,opacity (single fighter dimmed),1,03:49,submision,S,,［レフェリー］福田正人
85,2019-11-03,沖縄大会 THE SHOOTO OKINAWA vol.２,プロフェッショナル修斗公式戦,ミュージックタウン音市場,OKINAWA_REGIONAL;PRO_SHOOTO_MAINLINE,3077,6,新人王トーナメント,ストロー級,5分2R,1133,木村旬志,ゼロ戦クラブ,計量結果 :51.55 Kg,,1176,当真佳直,reversaL Gym OKINAWA CROSS×LINE,計量結果 :52.00 Kg,,F1_LOSS_F2_WIN,opacity (single fighter dimmed),1,04:34,submision,S,腕十字固め,［レフェリー］福田正人
85,2019-11-03,沖縄大会 THE SHOOTO OKINAWA vol.２,プロフェッショナル修斗公式戦,ミュージックタウン音市場,OKINAWA_REGIONAL;PRO_SHOOTO_MAINLINE,3078,5,,ライト級,5分2R,1112,ジョナタンバイエス,パラエストラ松戸,計量結果 :69.85 Kg,,1242,宮路智之,THE BLACKBELT JAPAN,計量結果 :70.00 Kg,,F1_LOSS_F2_WIN,opacity (single fighter dimmed),1,01:28,ko,KO,,［レフェリー］豊永　稔
85,2019-11-03,沖縄大会 THE SHOOTO OKINAWA vol.２,プロフェッショナル修斗公式戦,ミュージックタウン音市場,OKINAWA_REGIONAL;PRO_SHOOTO_MAINLINE,3079,4,,バンタム級,5分2R,1052,山城翔,Theパラエストラ沖縄,計量結果 :61.05 Kg,,567,鬼神光司,ブレイブハート,計量結果 :60.85 Kg,,F1_LOSS_F2_WIN,score 0-1 (overrides opacity if needed),,,ud,判定 0-1,,［レフェリー］ 豊永　稔 19-19（1R 10-9/2R 9-10） ［サブレフェリー］ 福田正人 18-20（1R 9-10/2R 9-10） 小生隆弘 19-19（1R 10-9/2R 9-10）
85,2019-11-03,沖縄大会 THE SHOOTO OKINAWA vol.２,プロフェッショナル修斗公式戦,ミュージックタウン音市場,OKINAWA_REGIONAL;PRO_SHOOTO_MAINLINE,3080,3,新人王トーナメント,フライ級,5分2R,1178,タ―カ―,シマジリアンズ,計量結果 :56.30 Kg,,1218,宇田悠斗,総合格闘技道場HOPE,計量結果 :56.10 Kg,,F1_LOSS_F2_WIN,opacity (single fighter dimmed),2,02:26,submision,S,スリーパーホールド,［レフェリー］ 豊永　稔 1R 9-10 福田正人 1R 9-10 小生隆弘 1R 9-10 ※勝利した青：宇田がトーナメント決勝戦進出。決勝戦では津田麗茉と対戦。
85,2019-11-03,沖縄大会 THE SHOOTO OKINAWA vol.２,プロフェッショナル修斗公式戦,ミュージックタウン音市場,OKINAWA_REGIONAL;PRO_SHOOTO_MAINLINE,3081,2,新人王トーナメント,,5分2R,1177,シューティングガイコツ,THE BLACKBELT JAPAN,計量結果 :56.40 Kg,,1243,津田麗茉,ブレイブハート,計量結果 :56.70 Kg,,F1_LOSS_F2_WIN,score 0-1 (overrides opacity if needed),,,ud,判定 0-1,,［レフェリー］ 福田正人 19-19（1R 9-10/2R 10-9） ［サブレフェリー］ 豊永　稔 19-19（1R 9-10/2R 10-9） 島袋零二 18-20（1R 9-10/2R 9-10） ※優勢ポイント1-2により青：津田がトーナメント決勝戦進出。決勝戦では宇田悠斗と対戦。
85,2019-11-03,沖縄大会 THE SHOOTO OKINAWA vol.２,プロフェッショナル修斗公式戦,ミュージックタウン音市場,OKINAWA_REGIONAL;PRO_SHOOTO_MAINLINE,3082,1,,フライ級,5分2R,122,金内サイダー雄哉,THE BLACKBELT JAPAN,計量結果 :56.20 Kg,,1175,親川龍,THE BLACKBELT JAPAN,計量結果 :56.60 Kg,,F1_LOSS_F2_WIN,score 0-2 (overrides opacity if needed),,,ud,判定 0-2,,［レフェリー］ 福田正人 18-20（1R 9-10/2R 9-10） ［サブレフェリー］ 豊永　稔 18-20（1R 9-10/2R 9-10） 島袋零二 19-19（1R 9-10/2R 10-9）
85,2019-11-03,沖縄大会 THE SHOOTO OKINAWA vol.２,プロフェッショナル修斗公式戦,ミュージックタウン音市場,OKINAWA_REGIONAL;PRO_SHOOTO_MAINLINE,3076,,,女子アトム級,3分2R,1241,小生由紀,グランドスラム沖縄A・P・P,計量結果 :47.4 Kg,,1240,佐々木萌,グランドスラム沖縄A・P・P,計量結果 :47.2 Kg,,F1_LOSS_F2_WIN,opacity (single fighter dimmed),2,01:33,submision,S,腕十字固め,※当日計量 ［レフェリー］ 福田正人 1R 10-9 ［サブレフェリー］ 豊永　稔 1R 10-9 小島邦裕 1R 10-9
76,2019-10-20,SHOOTO GIG TOKYO Vol.28 Supported by ONE Championship,プロフェッショナル修斗公式戦,東京/新宿FACE,GIG_UNDERCARD_SERIES;PRO_SHOOTO_MAINLINE,3045,10,,バンタム級,5分2R,130,加藤ケンジ,NeighborHood,計量結果 :61.1 Kg,,1110,ガッツTakato,-,計量結果 :61.2 Kg,,F1_WIN_F2_LOSS,score 3-0 (overrides opacity if needed),,,ud,判定 3-0,,［レフェリー］片岡誠人 ［サブレフェリー］ 福田正人 20-17（1R 10-9/2R 10-8） 長瀬達郎 20-18（1R 10-9/2R 10-9） 田澤康宏 20-18（1R 10-9/2R 10-9）
76,2019-10-20,SHOOTO GIG TOKYO Vol.28 Supported by ONE Championship,プロフェッショナル修斗公式戦,東京/新宿FACE,GIG_UNDERCARD_SERIES;PRO_SHOOTO_MAINLINE,3046,9,,フェザー級,5分2R,269,稲葉聡,秋本道場Jungle Junction,計量結果 :65.7 Kg,,288,SASUKE,MASTER JAPAN,計量結果 :65.5 Kg,sasuke,F1_LOSS_F2_WIN,opacity (single fighter dimmed),1,03:48,submision,S,フロント・スリーパーホールド,［レフェリー］福田正人
76,2019-10-20,SHOOTO GIG TOKYO Vol.28 Supported by ONE Championship,プロフェッショナル修斗公式戦,東京/新宿FACE,GIG_UNDERCARD_SERIES;PRO_SHOOTO_MAINLINE,3047,8,,バンタム級,5分2R,197,一條貴洋,ストライプル南相馬playground,計量結果 :61.2 Kg,,1069,榎本明,TRIBE TOKYO MMA,計量結果 :61.0 Kg,,F1_LOSS_F2_WIN,score 0-3 (overrides opacity if needed),,,ud,判定 0-3,,［レフェリー］福田正人 ［サブレフェリー］ 豊永　稔 18-20（1R 9-10/2R 9-10） 高本裕和 18-20（1R 9-10/2R 9-10） 横山忠志 18-20（1R 9-10/2R 9-10）
76,2019-10-20,SHOOTO GIG TOKYO Vol.28 Supported by ONE Championship,プロフェッショナル修斗公式戦,東京/新宿FACE,GIG_UNDERCARD_SERIES;PRO_SHOOTO_MAINLINE,3048,7,,ストロー級,5分2R,1129,安芸柊斗,MMA Zジム,計量結果 :52.1 Kg,,80,牧ヶ谷篤,和術慧舟會群馬支部,計量結果 :51.9 Kg,,F1_WIN_F2_LOSS,opacity (single fighter dimmed),1,02:35,tko,TKO,,［レフェリー］豊永　稔
76,2019-10-20,SHOOTO GIG TOKYO Vol.28 Supported by ONE Championship,プロフェッショナル修斗公式戦,東京/新宿FACE,GIG_UNDERCARD_SERIES;PRO_SHOOTO_MAINLINE,3050,6,,フライ級,5分2R,1064,代輔,秋本道場Jungle Junction,計量結果 :56.6 Kg,,129,輝龍,roots,計量結果 :56.7 Kg,,F1_LOSS_F2_WIN,opacity (single fighter dimmed),1,02:35,ko,KO,,［レフェリー］豊永　稔
76,2019-10-20,SHOOTO GIG TOKYO Vol.28 Supported by ONE Championship,プロフェッショナル修斗公式戦,東京/新宿FACE,GIG_UNDERCARD_SERIES;PRO_SHOOTO_MAINLINE,3053,5,,フェザー級,5分2R,1055,藤木龍一郎,和術慧舟會AKZA,計量結果 :65.3 Kg,,276,葛西達,ストロングウィル古川,計量結果 :65.8 Kg,,F1_LOSS_F2_WIN,score 0-3 (overrides opacity if needed),,,ud,判定 0-3,,［レフェリー］片岡誠人 ［サブレフェリー］ 高本裕和 18-20（1R 9-10/2R 9-10） 田澤康宏 18-20（1R 9-10/2R 9-10） 横山忠志 18-20（1R 9-10/2R 9-10）
76,2019-10-20,SHOOTO GIG TOKYO Vol.28 Supported by ONE Championship,プロフェッショナル修斗公式戦,東京/新宿FACE,GIG_UNDERCARD_SERIES;PRO_SHOOTO_MAINLINE,3061,4,,ウェルター級,5分2R,1061,宍戸航太,HAGANE GYM,計量結果 :76.9 Kg,,1236,井口雅仁,AACC,計量結果 :77.1 Kg,,F1_WIN_F2_LOSS,score 3-0 (overrides opacity if needed),,,ud,判定 3-0,,［レフェリー］高本裕和 ［サブレフェリー］ 福田正人 20-18（1R 10-9/2R 10-9） 長瀬達郎 20-18（1R 10-9/2R 10-9） 横山忠志 20-18（1R 10-9/2R 10-9）
76,2019-10-20,SHOOTO GIG TOKYO Vol.28 Supported by ONE Championship,プロフェッショナル修斗公式戦,東京/新宿FACE,GIG_UNDERCARD_SERIES;PRO_SHOOTO_MAINLINE,3049,3,,フライ級,5分2R,49,新井丈,和術慧舟會HEARTS,計量結果 :56.5 Kg,arai-jo,1139,大竹陽,HAGANE GYM,計量結果 :56.7 Kg,,F1_WIN_F2_LOSS,opacity (single fighter dimmed),2,02:21,ko,KO,,［レフェリー］福田正人 ［サブレフェリー］ 高本裕和 1R 9-10 長瀬達郎 1R 9-10 豊永　稔 1R 9-10
76,2019-10-20,SHOOTO GIG TOKYO Vol.28 Supported by ONE Championship,プロフェッショナル修斗公式戦,東京/新宿FACE,GIG_UNDERCARD_SERIES;PRO_SHOOTO_MAINLINE,3052,2,,バンタム級,5分2R,1032,水島宏,roots,計量結果 :61.1 Kg,,270,岩鬼,フリー,計量結果 :61.2 Kg,,F1_LOSS_F2_WIN,score 0-1 (overrides opacity if needed),,,ud,判定 0-1,,［レフェリー］高本裕和 ［サブレフェリー］ 片岡誠人 19-19（1R 9-10/2R 10-9） 長瀬達郎 19-19（1R 9-10/2R 10-9） 田澤康宏 18-20（1R 9-10/2R 9-10）
76,2019-10-20,SHOOTO GIG TOKYO Vol.28 Supported by ONE Championship,プロフェッショナル修斗公式戦,東京/新宿FACE,GIG_UNDERCARD_SERIES;PRO_SHOOTO_MAINLINE,3051,1,,バンタム級,5分2R,1152,奥平季之,CROW FOREST,計量結果 :61.2 Kg,,1201,関根累,roots,計量結果 :61.2 Kg,,F1_LOSS_F2_WIN,opacity (single fighter dimmed),1,03:58,tko,TKO,グラウンドパンチ,※レフェリーストップ ［レフェリー］片岡誠人
75,2019-09-22,SHOOTO 30th ANNIVERSARY TOUR 第7戦 Supported by ONE Championship,プロフェッショナル修斗公式戦,東京/後楽園ホール,PRO_SHOOTO_MAINLINE,3036,8,環太平洋バンタム級チャンピオンシップ,,5分3R,169,岡田遼,パラエストラ千葉,計量結果 :61.2 Kg,,195,安藤達也,フリー,計量結果 :61.2 Kg,ando-tatsuya,DRAW,score tied 1-1,,,ud,判定 1-1,,※2R 赤：岡田に対し頭髪への肘による加撃で減点1。 ［レフェリー］福田正人 ［サブレフェリー］ 片岡誠人 28-28（1R 10-9/2R 8-10/3R 10-9） 長瀬達郎 29-27（1R 10-9/2R 9-9/3R 10-9） 豊永　稔 27-29（1R 9-10/2R 8-10/3R 10-9）
75,2019-09-22,SHOOTO 30th ANNIVERSARY TOUR 第7戦 Supported by ONE Championship,プロフェッショナル修斗公式戦,東京/後楽園ホール,PRO_SHOOTO_MAINLINE,3042,7,,フェザー級,5分3R,249,髙谷裕之,EXFIGHTFARM,計量結果 :65.8 Kg,,5,斎藤裕,パラエストラ小岩,計量結果 :65.8 Kg,saito-yutaka,F1_LOSS_F2_WIN,opacity (single fighter dimmed),1,01:17,ko,KO,,［レフェリー］豊永　稔
75,2019-09-22,SHOOTO 30th ANNIVERSARY TOUR 第7戦 Supported by ONE Championship,プロフェッショナル修斗公式戦,東京/後楽園ホール,PRO_SHOOTO_MAINLINE,3044,6,,バンタム級,5分3R,198,魚井フルスイング,和術慧舟會HEARTS,計量結果 :61.2 Kg,,140,田丸匠,NASCER DO SOL,計量結果 :61.1 Kg,,F1_LOSS_F2_WIN,score 1-2 (overrides opacity if needed),,,ud,判定 1-2,,［レフェリー］片岡誠人 ［サブレフェリー］ 横山忠志 30-29（1R 10-9/2R 10-10/3R 10-10） 岡田剛史 28-30（1R 9-10/2R 10-10/3R 9-10） 福田正人 28-29（1R 10-9/2R 9-10/3R 9-10）
75,2019-09-22,SHOOTO 30th ANNIVERSARY TOUR 第7戦 Supported by ONE Championship,プロフェッショナル修斗公式戦,東京/後楽園ホール,PRO_SHOOTO_MAINLINE,3038,5,,バンタム級,5分3R,1148,藤井伸樹,ALLIANCE,計量結果 :61.1 Kg,,214,齋藤翼,総合格闘技道場津田沼道場/FIGHT FARM,計量結果 :61.2 Kg,,F1_WIN_F2_LOSS,score 3-0 (overrides opacity if needed),,,ud,判定 3-0,,［レフェリー］片岡誠人 ［サブレフェリー］ 横山忠志 30-27（1R 10-9/2R 10-9/3R 10-9） 豊永　稔 29-28（1R 9-10/2R 10-9/3R 10-9） 田澤康宏 30-26（1R 10-9/2R 10-9/3R 10-8）
75,2019-09-22,SHOOTO 30th ANNIVERSARY TOUR 第7戦 Supported by ONE Championship,プロフェッショナル修斗公式戦,東京/後楽園ホール,PRO_SHOOTO_MAINLINE,3043,4,,バンタム級,,29,猿丸ジュンジ,修斗GYM東京,計量結果 :52.2 Kg,,1199,中川マイケル,Gracie Techinics,計量結果 :52.2 Kg,,DRAW,score tied 1-1,,,ud,判定 1-1,,［レフェリー］福田正人 ［サブレフェリー］ 横山忠志 28-29（1R 10-9/2R 9-10/3R 9-10） 豊永　稔 29-29（1R 10-9/2R 10-10/3R 9-10） 田澤康宏 29-28（1R 10-9/2R 10-9/3R 9-10）
75,2019-09-22,SHOOTO 30th ANNIVERSARY TOUR 第7戦 Supported by ONE Championship,プロフェッショナル修斗公式戦,東京/後楽園ホール,PRO_SHOOTO_MAINLINE,3037,3,,ストロー級,5分3R,1049,本田良介,CAVE,計量結果 :52.2 Kg,honda-ryosuke,22,黒澤亮平,パラエストラ松戸,計量結果 :52.2 Kg,,F1_WIN_F2_LOSS,score 2-1 (overrides opacity if needed),,,ud,判定 2-1,,［レフェリー］豊永　稔 ［サブレフェリー］ 岡田剛史 30-28（1R 10-9/2R 10-10/3R 10-9） 長瀬達郎 29-28（1R 10-9/2R 9-10/3R 10-9） 田澤康宏 28-29（1R 10-9/2R 9-10/3R 9-10）
75,2019-09-22,SHOOTO 30th ANNIVERSARY TOUR 第7戦 Supported by ONE Championship,プロフェッショナル修斗公式戦,東京/後楽園ホール,PRO_SHOOTO_MAINLINE,3039,2,Woman’s SHOOTO -50kg インフィニティリーグ2019,,5分2R,1171,杉本恵,AACC,計量結果 :49.9 Kg,,1196,北野きゅう,高田馬場道場,計量結果 :49.9 Kg,,F1_WIN_F2_LOSS,opacity (single fighter dimmed),2,02:06,ko,KO,,［レフェリー］豊永　稔 ［サブレフェリー］ 岡田剛史 1R 10-9 長瀬達郎 1R 10-9 田澤康宏 1R 10-9
75,2019-09-22,SHOOTO 30th ANNIVERSARY TOUR 第7戦 Supported by ONE Championship,プロフェッショナル修斗公式戦,東京/後楽園ホール,PRO_SHOOTO_MAINLINE,3040,1,Woman’s SHOOTO -50kg インフィニティリーグ2019,女子,5分2R,1188,原田よき,赤崎道場A-SPIRIT,計量結果 :49.3 Kg,,1195,廣瀬里美,パラエストラ松戸,計量結果 :49.3 Kg,,F1_WIN_F2_LOSS,score 3-0 (overrides opacity if needed),,,ud,判定 3-0,,［レフェリー］岡田剛史 ［サブレフェリー］ 片岡誠人 20-18（1R 10-9/2R 10-9） 長瀬達郎 20-18（1R 10-9/2R 10-9） 福田正人 20-18（1R 10-9/2R 10-9）
75,2019-09-22,SHOOTO 30th ANNIVERSARY TOUR 第7戦 Supported by ONE Championship,プロフェッショナル修斗公式戦,東京/後楽園ホール,PRO_SHOOTO_MAINLINE,3041,,,フェザー級,5分2R,669,久保村ヨシTERU,飛翔塾コンドル,計量結果 :65.7 Kg,,1183,木下カラテ,和術慧舟會HEARTS,計量結果 :65.7 Kg,kinoshita-karate,F1_WIN_F2_LOSS,opacity (single fighter dimmed),1,00:58,ko,KO,,［レフェリー］岡田剛史
75,2019-09-22,SHOOTO 30th ANNIVERSARY TOUR 第7戦 Supported by ONE Championship,プロフェッショナル修斗公式戦,東京/後楽園ホール,PRO_SHOOTO_MAINLINE,3055,,,キッズ・ジュニア修斗,3分1R,1232,横田唯奈,心技館,計量結果 :44.6 Kg,,1233,高山海優,DOBUITA ファイトスポーツジム,計量結果 :45.4 Kg,,F1_WIN_F2_LOSS,opacity (single fighter dimmed),1,00:58,submision,S,腕ひしぎ十字固め,［レフェリー］片岡誠人
84,2019-09-22,BORDER-season11-「The3rd」,,大阪市平野区／コミュニティプラザ平野,BORDER,3126,8,,フライ級,5分3R,112,渡辺健太郎,直心会生野道場TK68,計量結果 :56.3 Kg,,149,福田龍彌,MIBURO,計量結果 :56.5 Kg,fukuda-ryuya,F1_LOSS_F2_WIN,opacity (single fighter dimmed),1,01:20,tko,TKO,,※レフェリーストップ（出血） ［レフェリー］吉田元貴
84,2019-09-22,BORDER-season11-「The3rd」,,大阪市平野区／コミュニティプラザ平野,BORDER,3127,7,,フライ級,5分3R,27,小堀貴広,総合格闘技ゴンズジム,計量結果 :56.7 Kg,,1144,平良達郎,Theパラエストラ沖縄,計量結果 :56.6 Kg,taira-tatsuro,F1_LOSS_F2_WIN,opacity (single fighter dimmed),1,01:00,ko,KO,,［レフェリー］吉田元貴
84,2019-09-22,BORDER-season11-「The3rd」,,大阪市平野区／コミュニティプラザ平野,BORDER,3128,6,,フェザー級,5分2R,1120,ムテカツ,総合格闘技ゴンズジム,計量結果 :65.7 Kg,,1037,ハンセン玲雄,総合格闘技道場reliable,計量結果 :65.7 Kg,,F1_LOSS_F2_WIN,opacity (single fighter dimmed),2,04:28,ko,KO,,［レフェリー］吉田元貴 ［サブレフェリー］ 山本諭志 1R 10-10 安芸佳孝 1R 10-10 豊島孝尚 1R 10-10
84,2019-09-22,BORDER-season11-「The3rd」,,大阪市平野区／コミュニティプラザ平野,BORDER,3129,5,,バンタム級,5分2R,229,藤川智史,総合格闘技道場ARMS,計量結果 :61.2 Kg,,1101,前川大輔,総合格闘技道場コブラ会,計量結果 :61.0 Kg,,F1_LOSS_F2_WIN,opacity (single fighter dimmed),1,01:33,ko,KO,,［レフェリー］吉田元貴
84,2019-09-22,BORDER-season11-「The3rd」,,大阪市平野区／コミュニティプラザ平野,BORDER,3130,4,,バンタム級,5分2R,626,別所竜也,アンドレイオス,計量結果 :61.0 Kg,,1206,木村総一郎,パラエストラ加古川,計量結果 :61.2 Kg,,F1_WIN_F2_LOSS,score 2-0 (overrides opacity if needed),,,ud,判定 2-0,,［レフェリー］吉田元貴 ［サブレフェリー］ 山本諭志:20-20（1R 10-10/2R 10-10） 安芸佳孝:20-19（1R 10-10/2R 10-9） 豊島孝尚:20-19（1R 10-10/2R 10-9）
84,2019-09-22,BORDER-season11-「The3rd」,,大阪市平野区／コミュニティプラザ平野,BORDER,3131,3,,ライト級,5分2R,977,林RICE陽太,パラエストラ東大阪,計量結果 :70.0 Kg,,1261,鬼瓦,K友会,計量結果 :70.1 Kg,,F1_WIN_F2_LOSS,opacity (single fighter dimmed),1,04:05,submision,S,スリーパーホールド,［レフェリー］吉田元貴
84,2019-09-22,BORDER-season11-「The3rd」,,大阪市平野区／コミュニティプラザ平野,BORDER,3132,2,2019年新人王トーナメント,フェザー級,5分2R,1140,後藤陽駆,シューティングジム大阪,計量結果 :65.7 Kg,,1260,透暉鷹,ISHITUNA MMA GYM,計量結果 :65.7 Kg,,F1_LOSS_F2_WIN,opacity (single fighter dimmed),2,03:18,submision,S,V1アームロック,［レフェリー］吉田元貴 ［サブレフェリー］ 山本諭志 1R 9-10 安芸佳孝 1R 9-10 豊島孝尚 1R 9-10 ※勝利した青：透暉鷹が準決勝戦進出。準決勝では中山慎平（修斗ジムroots）と対戦。
74,2019-07-15,SHOOTO 30th ANNIVERSARY TOUR 第6戦 Supported by ONE Championship,プロフェッショナル修斗公式戦,東京/後楽園ホール,PRO_SHOOTO_MAINLINE,2966,11,,フェザー級,5分3R,266,リオン武,ライジングサン,計量結果 :65.8 Kg,,1198,デュアンヴァンヘルフォート,グレイシーバッハ・ネーデルランド,計量結果 :65.6 Kg,,F1_LOSS_F2_WIN,score 0-3 (overrides opacity if needed),,,ud,判定 0-3,,※1R、青：ヘルフォートに頭髪への塗布物の使用による減点1。 ［レフェリー］片岡誠人 ［サブレフェリー］ 豊永　稔 27-29（1R 9-9/2R 9-10/3R 9-10） 福田正人 27-29（1R 9-9/2R 9-10/3R 9-10） 横山忠志 27-29（1R 9-9/2R 9-10/3R 9-10）
74,2019-07-15,SHOOTO 30th ANNIVERSARY TOUR 第6戦 Supported by ONE Championship,プロフェッショナル修斗公式戦,東京/後楽園ホール,PRO_SHOOTO_MAINLINE,3034,10,,バンタム級,5分3R,176,佐藤将光,坂口道場一族,計量結果 :61.1 Kg,sato-shoko,1229,ファンチャンファン,TEAM FINISH・ROAD FC,計量結果 :61.0 Kg,,F1_WIN_F2_LOSS,opacity (single fighter dimmed),1,04:23,ko,KO,,［レフェリー］豊永　稔
74,2019-07-15,SHOOTO 30th ANNIVERSARY TOUR 第6戦 Supported by ONE Championship,プロフェッショナル修斗公式戦,東京/後楽園ホール,PRO_SHOOTO_MAINLINE,3033,9,,フェザー級,5分3R,248,高橋遼伍,KRAZY BEE,計量結果 :65.8 Kg,,297,高橋孝徳,"リバーサルジム新宿Me,We",計量結果 :65.7 Kg,,F1_WIN_F2_LOSS,opacity (single fighter dimmed),2,02:13,tko,TKO,レフェリーストップ,［レフェリー］福田正人 ［サブレフェリー］ 片岡誠人 1R 10-9 田澤康宏 1R 10-9 横山忠志 1R 10-9
74,2019-07-15,SHOOTO 30th ANNIVERSARY TOUR 第6戦 Supported by ONE Championship,プロフェッショナル修斗公式戦,東京/後楽園ホール,PRO_SHOOTO_MAINLINE,2969,8,,女子,5分3R,1208,黒部三奈,マスタージャパン,計量結果 :47.9 Kg,,1207,イイェジ,TEAM J,計量結果 :47.9 Kg,,F1_WIN_F2_LOSS,opacity (single fighter dimmed),2,04:48,submision,S,スリーパーホールド,※テクニカルサブミッション ［レフェリー］福田正人 ［サブレフェリー］ 片岡誠人 1R 9-10 田澤康宏 1R 9-10 長瀬達郎 1R 10-9
74,2019-07-15,SHOOTO 30th ANNIVERSARY TOUR 第6戦 Supported by ONE Championship,プロフェッショナル修斗公式戦,東京/後楽園ホール,PRO_SHOOTO_MAINLINE,2935,7,,バンタム級,5分3R,305,平川智也,マスタージャパン,,,1116,倉本一真,"リバーサルジム新宿Me,We",,,F1_LOSS_F2_WIN,opacity (single fighter dimmed),1,00:35,ko,KO,,［レフェリー］福田正人
74,2019-07-15,SHOOTO 30th ANNIVERSARY TOUR 第6戦 Supported by ONE Championship,プロフェッショナル修斗公式戦,東京/後楽園ホール,PRO_SHOOTO_MAINLINE,2967,6,,バンタム級,5分3R,140,田丸匠,NASCER DO SOL,計量結果 :61.0 Kg,,197,一條貴洋,ストライプル南相馬playground,計量結果 :61.0 Kg,,F1_WIN_F2_LOSS,opacity (single fighter dimmed),1,03:39,submision,S,腕ひしぎ十字固め,［レフェリー］片岡誠人
74,2019-07-15,SHOOTO 30th ANNIVERSARY TOUR 第6戦 Supported by ONE Championship,プロフェッショナル修斗公式戦,東京/後楽園ホール,PRO_SHOOTO_MAINLINE,2970,5,,フェザー級,5分3R,300,仲山貴志,総合格闘技津田沼道場,計量結果 :65.7 Kg,,269,稲葉聡,秋本道場Jungle Junction,計量結果 :65.6 Kg,,F1_WIN_F2_LOSS,score 3-0 (overrides opacity if needed),,,ud,判定 3-0,,［レフェリー］片岡誠人 ［サブレフェリー］ 豊永　稔 29-28（1R 10-9/2R 10-9/3R 9-10） 田澤康宏 29-28（1R 10-9/2R 10-9/3R 9-10） 長瀬達郎 29-28（1R 10-9/2R 10-9/3R 9-10）
74,2019-07-15,SHOOTO 30th ANNIVERSARY TOUR 第6戦 Supported by ONE Championship,プロフェッショナル修斗公式戦,東京/後楽園ホール,PRO_SHOOTO_MAINLINE,2971,4,,フェザー級,5分3R,267,青井人,BLOWS,計量結果 :65.7 Kg,aoi-jin,15,内藤太尊,roots,計量結果 :65.6 Kg,,F1_LOSS_F2_WIN,opacity (single fighter dimmed),2,03:21,ko,KO,,［レフェリー］片岡誠人 ［サブレフェリー］ 豊永　稔 1R 10-9 田澤康宏 1R 10-9 長瀬達郎 1R 10-9
74,2019-07-15,SHOOTO 30th ANNIVERSARY TOUR 第6戦 Supported by ONE Championship,プロフェッショナル修斗公式戦,東京/後楽園ホール,PRO_SHOOTO_MAINLINE,2972,3,,バンタム級,5分3R,130,加藤ケンジ,NeighborHood,計量結果 :61.0 Kg,,171,小野島恒太,Combat Workout Diamonds,計量結果 :61.1 Kg,,F1_LOSS_F2_WIN,score 0-3 (overrides opacity if needed),,,ud,判定 0-3,,［レフェリー］豊永　稔 ［サブレフェリー］ 福田正人 28-29（1R 9-10/2R 9-10/3R 10-9） 田澤康宏 27-30（1R 9-10/2R 9-10/3R 9-10） 横山忠志 28-30（1R 9-10/2R 9-10/3R 10-10）
74,2019-07-15,SHOOTO 30th ANNIVERSARY TOUR 第6戦 Supported by ONE Championship,プロフェッショナル修斗公式戦,東京/後楽園ホール,PRO_SHOOTO_MAINLINE,3032,2,,ライト級,5分3R,321,AB,和術慧舟會駿河道場,計量結果 :70.2 Kg,,345,泉彰洋,MMA／SHOOTOジムBLOWS,計量結果 :69.9 Kg,,F1_WIN_F2_LOSS,opacity (single fighter dimmed),1,04:25,submision,S,腕ひしぎ十字固め,［レフェリー］豊永　稔
74,2019-07-15,SHOOTO 30th ANNIVERSARY TOUR 第6戦 Supported by ONE Championship,プロフェッショナル修斗公式戦,東京/後楽園ホール,PRO_SHOOTO_MAINLINE,2968,1,,バンタム級,5分2R,147,石井逸人,TRIBE TOKYO M.M.A,計量結果 :61.0 Kg,,1110,ガッツTakato,-,計量結果 :61.0 Kg,,F1_WIN_F2_LOSS,score 3-0 (overrides opacity if needed),,,ud,判定 3-0,,［レフェリー］豊永　稔 ［サブレフェリー］ 福田正人 20-17（1R 10-9/2R 10-8） 片岡誠人 20-18（1R 10-9/2R 10-9） 横山忠志 20-18（1R 10-9/2R 10-9）
74,2019-07-15,SHOOTO 30th ANNIVERSARY TOUR 第6戦 Supported by ONE Championship,プロフェッショナル修斗公式戦,東京/後楽園ホール,PRO_SHOOTO_MAINLINE,3031,2,,ライト級,5分2R,355,鈴木淑徳,オフィス淑徳軍,計量結果 :70.2 Kg,,288,SASUKE,MASTER JAPAN,計量結果 :69.8 Kg,sasuke,F1_LOSS_F2_WIN,opacity (single fighter dimmed),1,04:30,tko,TKO,レフェリーストップ,［レフェリー］福田正人
74,2019-07-15,SHOOTO 30th ANNIVERSARY TOUR 第6戦 Supported by ONE Championship,プロフェッショナル修斗公式戦,東京/後楽園ホール,PRO_SHOOTO_MAINLINE,2973,1,,ストロー級,5分2R,49,新井丈,和術慧舟會HEARTS,計量結果 :52.0 Kg,arai-jo,1159,内田タケル,THE BLACKBELT JAPAN,計量結果 :52.0 Kg,uchida-takeru,F1_LOSS_F2_WIN,opacity (single fighter dimmed),2,,submision,S,スリーパーホールド,［レフェリー］福田正人 ［サブレフェリー］ 片岡誠人 1R 9-10 田澤康宏 1R 9-10 長瀬達郎 1R 9-10
74,2019-07-15,SHOOTO 30th ANNIVERSARY TOUR 第6戦 Supported by ONE Championship,プロフェッショナル修斗公式戦,東京/後楽園ホール,PRO_SHOOTO_MAINLINE,3035,,,キッズ・ジュニア修斗,3分1R,1230,高本哲至,高本道場,,,1231,野澤エディ,野澤道場,,,F1_LOSS_F2_WIN,score 0-3 (overrides opacity if needed),,,ud,判定 0-3,,［レフェリー］片岡誠人 ［サブレフェリー］ 小島邦裕 9-10 田澤康宏 9-10 長瀬達郎 9-10
82,2019-06-30,SHOOTO 30th ANNIVERSARY TOUR 第5戦 Supported by ONE Championship,プロフェッショナル修斗公式戦,エディオンアリーナ大阪（大阪府立体育会館・第2競技場）,PRO_SHOOTO_MAINLINE,2936,12,環太平洋フェザー級チャンピオンシップ,フェザー級,5分3R,255,TOMA,直心会TK68,計量結果 :65.8 Kg,toma,296,高野明,MMA修斗ジムBLOWS,計量結果 :65.8 Kg,,F1_WIN_F2_LOSS,score 3-0 (overrides opacity if needed),,,ud,判定 3-0,,※王者：TOMAが初防衛に成功。 ［レフェリー］福田正人 ［サブレフェリー］ 片岡誠人 30-27（1R 10-9/2R 10-9/3R 10-9） 吉田元貴 30-29（1R 10-10/2R 10-9/3R 10-10） 豊島孝尚 30-28（1R 10-10/2R 10-9/3R 10-9）
82,2019-06-30,SHOOTO 30th ANNIVERSARY TOUR 第5戦 Supported by ONE Championship,プロフェッショナル修斗公式戦,エディオンアリーナ大阪（大阪府立体育会館・第2競技場）,PRO_SHOOTO_MAINLINE,2955,11,,フライ級,5分3R,11,前田吉朗,パンクラス大阪稲垣組,計量結果 :56.7 Kg,,142,内藤頌貴,THE BLACKBELT JAPAN,計量結果 :56.6 Kg,,F1_WIN_F2_LOSS,score 2-1 (overrides opacity if needed),,,ud,判定 2-1,,［レフェリー］片岡誠人 ［サブレフェリー］ 福田正人 28-29（1R 10-9/2R 9-10/3R 9-10） 吉田元貴 30-29（1R 10-9/2R 10-10/3R 10-10） 豊島孝尚 30-29（1R 10-9/2R 10-10/3R 10-10）
82,2019-06-30,SHOOTO 30th ANNIVERSARY TOUR 第5戦 Supported by ONE Championship,プロフェッショナル修斗公式戦,エディオンアリーナ大阪（大阪府立体育会館・第2競技場）,PRO_SHOOTO_MAINLINE,2958,10,,ストロー級,5分3R,59,小巻洋平,総合格闘技道場reliable,計量結果 :52.2 Kg,,18,オニボウズ,総合格闘技ゴンズジム,計量結果 :52.2 Kg,,F1_WIN_F2_LOSS,opacity (single fighter dimmed),1,00:40,ko,KO,,［レフェリー］片岡誠人
82,2019-06-30,SHOOTO 30th ANNIVERSARY TOUR 第5戦 Supported by ONE Championship,プロフェッショナル修斗公式戦,エディオンアリーナ大阪（大阪府立体育会館・第2競技場）,PRO_SHOOTO_MAINLINE,2960,9,,フライ級,5分3R,149,福田龍彌,MIBURO,計量結果 :56.6 Kg,fukuda-ryuya,124,亀島聖児,-,計量結果 :56.6 Kg,,F1_WIN_F2_LOSS,score 3-0 (overrides opacity if needed),,,ud,判定 3-0,,［レフェリー］吉田元貴 ［サブレフェリー］ 片岡誠人 30-27（1R 10-9/2R 10-9/3R 10-9） 岡田剛史 30-27（1R 10-9/2R 10-9/3R 10-9） 山本諭志 30-27（1R 10-9/2R 10-9/3R 10-9）
82,2019-06-30,SHOOTO 30th ANNIVERSARY TOUR 第5戦 Supported by ONE Championship,プロフェッショナル修斗公式戦,エディオンアリーナ大阪（大阪府立体育会館・第2競技場）,PRO_SHOOTO_MAINLINE,2962,8,,ライト級,5分3R,1056,キャプテン☆アフリカ,総合格闘技道場コブラ会,計量結果 :70.3 Kg,captain-africa,320,ウエタユウ,MIBURO,計量結果 :70.2 Kg,,F1_WIN_F2_LOSS,score 3-0 (overrides opacity if needed),,,ud,判定 3-0,,［レフェリー］岡田剛史 ［サブレフェリー］ 福田正人 29-28（1R 10-9/2R 10-9/3R 9-10） 吉田元貴 29-28（1R 10-9/2R 10-9/3R 9-10） 山本諭志 29-28（1R 10-9/2R 10-9/3R 9-10）
82,2019-06-30,SHOOTO 30th ANNIVERSARY TOUR 第5戦 Supported by ONE Championship,プロフェッショナル修斗公式戦,エディオンアリーナ大阪（大阪府立体育会館・第2競技場）,PRO_SHOOTO_MAINLINE,2961,7,,バンタム級,5分3R,1127,南出剛,創道塾,計量結果 :60.9 Kg,,295,ダイキライトイヤー,修斗GYM神戸,計量結果 :61.1 Kg,,F1_LOSS_F2_WIN,score 0-2 (overrides opacity if needed),,,ud,判定 0-2,,［レフェリー］片岡誠人 ［サブレフェリー］ 福田正人 28-29（1R 10-9/2R 9-10/3R 9-10） 吉田元貴 28-29（1R 10-9/2R 9-10/3R 9-10） 山本諭志 29-29（1R 10-10/2R 10-9/3R 9-10）
82,2019-06-30,SHOOTO 30th ANNIVERSARY TOUR 第5戦 Supported by ONE Championship,プロフェッショナル修斗公式戦,エディオンアリーナ大阪（大阪府立体育会館・第2競技場）,PRO_SHOOTO_MAINLINE,2956,6,,バンタム級,5分3R,963,手塚基伸,総合格闘技道場コブラ会,計量結果 :61.2 Kg,,127,奇天烈,修斗GYMS直心会,計量結果 :61.2 Kg,,F1_WIN_F2_LOSS,opacity (single fighter dimmed),1,02:52,submision,S,肩固め,［レフェリー］福田正人
82,2019-06-30,SHOOTO 30th ANNIVERSARY TOUR 第5戦 Supported by ONE Championship,プロフェッショナル修斗公式戦,エディオンアリーナ大阪（大阪府立体育会館・第2競技場）,PRO_SHOOTO_MAINLINE,2965,5,,ストロー級,5分2R,1167,田上こゆる,BLOWS,計量結果 :51.9 Kg,,1174,若林耕平,総合格闘技道場コブラ会,計量結果 :52.0 Kg,,F1_WIN_F2_LOSS,score 3-0 (overrides opacity if needed),,,ud,判定 3-0,,［レフェリー］吉田元貴 ［サブレフェリー］ 福田正人 20-18（1R 10-9/2R 10-9） 岡田剛史 20-18（1R 10-9/2R 10-9） 豊島孝尚 20-19（1R 10-10/2R 10-9）
82,2019-06-30,SHOOTO 30th ANNIVERSARY TOUR 第5戦 Supported by ONE Championship,プロフェッショナル修斗公式戦,エディオンアリーナ大阪（大阪府立体育会館・第2競技場）,PRO_SHOOTO_MAINLINE,2963,4,,フライ級,5分2R,27,小堀貴広,総合格闘技ゴンズジム,計量結果 :56.7 Kg,,1067,高岡宏気,FORCE GYM,計量結果 :56.7 Kg,takaoka-hiroki,F1_WIN_F2_LOSS,score 2-0 (overrides opacity if needed),,,ud,判定 2-0,,［レフェリー］吉田元貴 ［サブレフェリー］ 福田正人 19-19（1R 10-9/2R 9-10） 片岡誠人 20-18（1R 10-9/2R 10-9） 岡田剛史 20-18（1R 10-9/2R 10-9）
82,2019-06-30,SHOOTO 30th ANNIVERSARY TOUR 第5戦 Supported by ONE Championship,プロフェッショナル修斗公式戦,エディオンアリーナ大阪（大阪府立体育会館・第2競技場）,PRO_SHOOTO_MAINLINE,2957,3,,フェザー級,5分2R,1140,後藤陽駆,シューティングジム大阪,計量結果 :65.3 Kg,,1120,ムテカツ,総合格闘技ゴンズジム,計量結果 :65.5 Kg,,F1_LOSS_F2_WIN,opacity (single fighter dimmed),,,,,,［レフェリー］岡田剛史 ［サブレフェリー］ 片岡誠人 18-20（1R 9-10/2R 9-10） 吉田元貴 18-20（1R 9-10/2R 9-10） 山本諭志 18-20（1R 9-10/2R 9-10）
82,2019-06-30,SHOOTO 30th ANNIVERSARY TOUR 第5戦 Supported by ONE Championship,プロフェッショナル修斗公式戦,エディオンアリーナ大阪（大阪府立体育会館・第2競技場）,PRO_SHOOTO_MAINLINE,2975,2,,バンタム級,5分2R,777,青柳洸志,修斗GYM神戸,計量結果 :61.1 Kg,,1052,山城翔,Theパラエストラ沖縄,計量結果 :61.0 Kg,,F1_WIN_F2_LOSS,score 3-0 (overrides opacity if needed),,,ud,判定 3-0,,［レフェリー］岡田剛史 ［サブレフェリー］ 片岡誠人 20-19（1R 10-9/2R 10-10） 吉田元貴 20-18（1R 10-9/2R 10-9） 山本諭志 20-18（1R 10-9/2R 10-9）
82,2019-06-30,SHOOTO 30th ANNIVERSARY TOUR 第5戦 Supported by ONE Championship,プロフェッショナル修斗公式戦,エディオンアリーナ大阪（大阪府立体育会館・第2競技場）,PRO_SHOOTO_MAINLINE,2964,1,,ストロー級,5分2R,38,マッチョザバタフライ,総合格闘技道場コブラ会,計量結果 :52.2 Kg,,1390,石原愼之介,MMA Zジム,計量結果 :51.0 Kg,,F1_WIN_F2_LOSS,opacity (single fighter dimmed),1,00:45,submision,S,フロント・スリーパーホールド,［レフェリー］福田正人
82,2019-06-30,SHOOTO 30th ANNIVERSARY TOUR 第5戦 Supported by ONE Championship,プロフェッショナル修斗公式戦,エディオンアリーナ大阪（大阪府立体育会館・第2競技場）,PRO_SHOOTO_MAINLINE,2976,,,キッズ・ジュニア修斗,3分1R,1209,松尾晃弥,BURST,計量結果 :20.6 Kg,,1210,坪田璃一,総合格闘技ゴンズジム,計量結果 :20.5 Kg,,F1_WIN_F2_LOSS,score 3-0 (overrides opacity if needed),,,ud,判定 3-0,,［レフェリー］北川　純 ［サブレフェリー］ 片岡誠人 10-9 岡田剛史 10-9 山本諭志 10-9
73,2019-06-08,SHOOTO GIG TOKYO Vol.27 Supported by ONE Championship,プロフェッショナル修斗公式戦,東京/新宿FACE,GIG_UNDERCARD_SERIES;PRO_SHOOTO_MAINLINE,2937,10,,ストロー級,5分3R,672,木内SKINNYZOMBIE崇雅,和術慧舟會GODS,計量結果 :52.2 Kg,,25,飯野タテオ,和術慧舟會HEARTS,計量結果 :52.0 Kg,,F1_LOSS_F2_WIN,score 0-3 (overrides opacity if needed),,,ud,判定 0-3,,［レフェリー］片岡誠人 ［サブレフェリー］ 豊永　稔 28-29（1R 10-9/2R 9-10/3R 9-10） 福田正人 27-29（1R 10-9/2R 9-10/3R 8-10） 田澤康宏 28-29（1R 10-9/2R 9-10/3R 9-10）
73,2019-06-08,SHOOTO GIG TOKYO Vol.27 Supported by ONE Championship,プロフェッショナル修斗公式戦,東京/新宿FACE,GIG_UNDERCARD_SERIES;PRO_SHOOTO_MAINLINE,2938,9,,バンタム級,5分3R,209,金物屋の秀,SHOOTO GYM K'z FACTORY,計量結果 :61.1 Kg,,171,小野島恒太,Combat Workout Diamonds,計量結果 :61.1 Kg,,F1_LOSS_F2_WIN,score 0-3 (overrides opacity if needed),,,ud,判定 0-3,,※1R、青：小野島によるローブローの反則のため減点1。 ［レフェリー］福田正人 ［サブレフェリー］ 豊永　稔 27-29（1R 9-9/2R 9-10/3R 9-10） 片岡誠人 26-29（1R 9-9/2R 8-10/3R 9-10） 田澤康宏 26-29（1R 9-9/2R 8-10/3R 9-10）
73,2019-06-08,SHOOTO GIG TOKYO Vol.27 Supported by ONE Championship,プロフェッショナル修斗公式戦,東京/新宿FACE,GIG_UNDERCARD_SERIES;PRO_SHOOTO_MAINLINE,2940,8,,フェザー級,5分2R,297,高橋孝徳,"リバーサルジム新宿Me,We",計量結果 :65.7 Kg,,1163,須貝THEYAMANBA,ピロクテテス新潟,計量結果 :65.7 Kg,,F1_WIN_F2_LOSS,opacity (single fighter dimmed),1,02:13,ko,KO,,※グラウンド状態での肘による打撃。 ［レフェリー］豊永　稔
73,2019-06-08,SHOOTO GIG TOKYO Vol.27 Supported by ONE Championship,プロフェッショナル修斗公式戦,東京/新宿FACE,GIG_UNDERCARD_SERIES;PRO_SHOOTO_MAINLINE,2939,7,,ストロー級,5分2R,1144,平良達郎,Theパラエストラ沖縄,計量結果 :56.7 Kg,taira-tatsuro,959,関口祐冬,修斗GYM東京,計量結果 :56.6 Kg,,F1_WIN_F2_LOSS,score 3-0 (overrides opacity if needed),,,ud,判定 3-0,,［レフェリー］豊永　稔 ［サブレフェリー］ 福田正人 20-18（1R 10-9/2R 10-9） 片岡誠人 20-17（1R 10-9/2R 10-8） 田澤康宏 20-18（1R 10-9/2R 10-9）
73,2019-06-08,SHOOTO GIG TOKYO Vol.27 Supported by ONE Championship,プロフェッショナル修斗公式戦,東京/新宿FACE,GIG_UNDERCARD_SERIES;PRO_SHOOTO_MAINLINE,2941,6,,フェザー級,5分2R,669,久保村ヨシTERU,飛翔塾コンドル,計量結果 :65.5 Kg,,1183,木下カラテ,和術慧舟會HEARTS,計量結果 :65.7 Kg,kinoshita-karate,F1_WIN_F2_LOSS,opacity (single fighter dimmed),1,00:51,f,反則失格,,※1R、青：木下のグラウンド状態での膝蹴りにより赤：久保村が試合の続行が不可能になったため。 ［レフェリー］豊永　稔
73,2019-06-08,SHOOTO GIG TOKYO Vol.27 Supported by ONE Championship,プロフェッショナル修斗公式戦,東京/新宿FACE,GIG_UNDERCARD_SERIES;PRO_SHOOTO_MAINLINE,2942,5,,バンタム級,5分2R,567,鬼神光司,ブレイブハート,計量結果 :60.7 Kg,,1069,榎本明,TRIBE TOKYO MMA,計量結果 :61.0 Kg,,F1_LOSS_F2_WIN,opacity (single fighter dimmed),1,00:51,ko,KO,,［レフェリー］福田正人
73,2019-06-08,SHOOTO GIG TOKYO Vol.27 Supported by ONE Championship,プロフェッショナル修斗公式戦,東京/新宿FACE,GIG_UNDERCARD_SERIES;PRO_SHOOTO_MAINLINE,2945,4,,バンタム級,5分2R,1050,小林佳純,HAGANE GYM,計量結果 :61.1 Kg,,1152,奥平季之,CROW FOREST,計量結果 :60.8 Kg,,F1_WIN_F2_LOSS,score 3-0 (overrides opacity if needed),,,ud,判定 3-0,,※2R、赤：よしずみによるグラウンド状態での膝蹴りのため減点1。 ［レフェリー］福田正人 ［サブレフェリー］ 豊永　稔 19-18（1R 10-9/2R 9-9） 片岡誠人 19-17（1R 10-9/2R 9-8） 長瀬達郎 19-18（1R 10-9/2R 9-9）
73,2019-06-08,SHOOTO GIG TOKYO Vol.27 Supported by ONE Championship,プロフェッショナル修斗公式戦,東京/新宿FACE,GIG_UNDERCARD_SERIES;PRO_SHOOTO_MAINLINE,2944,3,,フライ級,5分2R,129,輝龍,roots,計量結果 :56.7 Kg,,80,牧ヶ谷篤,和術慧舟會群馬支部,計量結果 :55.0 Kg,,F1_WIN_F2_LOSS,opacity (single fighter dimmed),1,05:00,ko,KO,,［レフェリー］福田正人
73,2019-06-08,SHOOTO GIG TOKYO Vol.27 Supported by ONE Championship,プロフェッショナル修斗公式戦,東京/新宿FACE,GIG_UNDERCARD_SERIES;PRO_SHOOTO_MAINLINE,2943,2,,フライ級,5分2R,1139,大竹陽,HAGANE GYM,計量結果 :56.7 Kg,,54,小川竜輔,リバーサルジム立川ALPHA,計量結果 :56.5 Kg,,F1_WIN_F2_LOSS,opacity (single fighter dimmed),1,01:35,ko,KO,,［レフェリー］片岡誠人
73,2019-06-08,SHOOTO GIG TOKYO Vol.27 Supported by ONE Championship,プロフェッショナル修斗公式戦,東京/新宿FACE,GIG_UNDERCARD_SERIES;PRO_SHOOTO_MAINLINE,2946,1,,バンタム級,5分2R,1052,山城翔,Theパラエストラ沖縄,計量結果 :61.2 Kg,,1201,関根累,roots,計量結果 :61.1 Kg,,F1_WIN_F2_LOSS,score 3-0 (overrides opacity if needed),,,ud,判定 3-0,,［レフェリー］片岡誠人 ［サブレフェリー］ 豊永　稔 20-18（1R 10-9/2R 10-9） 福田正人 20-18（1R 10-9/2R 10-9） 横山忠志 20-18（1R 10-9/2R 10-9）
73,2019-06-08,SHOOTO GIG TOKYO Vol.27 Supported by ONE Championship,プロフェッショナル修斗公式戦,東京/新宿FACE,GIG_UNDERCARD_SERIES;PRO_SHOOTO_MAINLINE,2974,,,,,171,小野島恒太,Combat Workout Diamonds,,,209,金物屋の秀,SHOOTO GYM K'z FACTORY,,,F1_WIN_F2_LOSS,score 3-0 (overrides opacity if needed),3,,ud,判定 3-0,,
83,2019-05-12,BORDER-season11-「The2nd」,,大阪市平野区／コミュニティプラザ平野,BORDER,2947,7,,フライ級,5分3R,112,渡辺健太郎,直心会生野道場TK68,計量結果 :56.7 Kg,,144,仲宗根武蔵,Theパラエストラ沖縄,計量結果 :56.7 Kg,,F1_WIN_F2_LOSS,opacity (single fighter dimmed),2,04:40,ko,KO,,[レフェリー]吉田元貴 [サブレフェリー] 安芸佳孝1R10-10 山本諭志1R10-10 加納　学1R10-10
83,2019-05-12,BORDER-season11-「The2nd」,,大阪市平野区／コミュニティプラザ平野,BORDER,2948,6,,ストロー級,5分3R,18,オニボウズ,総合格闘技ゴンズジム,計量結果 :52.0 Kg,,1098,旭那拳,THE BLACKBELT JAPAN,計量結果 :52.1 Kg,,F1_WIN_F2_LOSS,score 2-0 (overrides opacity if needed),,,ud,判定 2-0,,[レフェリー]吉田元貴 [サブレフェリー] 安芸佳孝29-28（1R9-10／2R10-9／3R10-9） 山本諭志29-29（1R9-10／2R10-10／3R10-9） 加納　学29-28（1R9-10／2R10-9／3R10-9）
83,2019-05-12,BORDER-season11-「The2nd」,,大阪市平野区／コミュニティプラザ平野,BORDER,2949,5,,バンタム級,5分2R,1101,前川大輔,総合格闘技道場コブラ会,計量結果 :61.1 Kg,,1110,ガッツTakato,-,計量結果 :60.8 Kg,,F1_WIN_F2_LOSS,score 2-1 (overrides opacity if needed),,,ud,判定 2-1,,[レフェリー]吉田元貴 [サブレフェリー] 安芸佳孝20-19（1R10-10／2R10-9） 山本諭志20-19（1R10-9／2R10-10） 加納　学19-20（1R9-10／2R10-10）
83,2019-05-12,BORDER-season11-「The2nd」,,大阪市平野区／コミュニティプラザ平野,BORDER,2950,4,,フェザー級,5分2R,1120,ムテカツ,総合格闘技ゴンズジム,計量結果 :65.5 Kg,,350,小林孝秀,SLACK,計量結果 :65.4 Kg,,F1_LOSS_F2_WIN,score 0-2 (overrides opacity if needed),,,ud,判定 0-2,,[レフェリー]吉田元貴 [サブレフェリー] 安芸佳孝19-20（1R10-10／2R9-10） 山本諭志19-19（1R10-9／2R9-10） 加納　学19-20（1R10-10／2R9-10）
83,2019-05-12,BORDER-season11-「The2nd」,,大阪市平野区／コミュニティプラザ平野,BORDER,2951,3,,フライ級,5分2R,1067,高岡宏気,FORCE GYM,計量結果 :56.6 Kg,takaoka-hiroki,1202,梅川毒一郎,総合格闘技道場コブラ会,計量結果 :56.4 Kg,,F1_WIN_F2_LOSS,score 3-0 (overrides opacity if needed),,,ud,判定 3-0,,[レフェリー]吉田元貴 [サブレフェリー] 安芸佳孝20-18（1R10-9／2R10-9） 山本諭志20-18（1R10-9／2R10-9） 加納　学20-18（1R10-9／2R10-9）
83,2019-05-12,BORDER-season11-「The2nd」,,大阪市平野区／コミュニティプラザ平野,BORDER,2952,2,,ライト級,5分2R,977,林RICE陽太,パラエストラ東大阪,計量結果 :69.9 Kg,,1203,大谷一誠,修斗GYM神戸,計量結果 :69.9 Kg,,F1_WIN_F2_LOSS,score 1-0 (overrides opacity if needed),,,ud,判定 1-0,,[レフェリー]吉田元貴 [サブレフェリー] 安芸佳孝19-19（1R10-9／2R9-10） 山本諭志20-19（1R10-10／2R10-9） 加納　学19-19（1R10-9／2R9-10）
83,2019-05-12,BORDER-season11-「The2nd」,,大阪市平野区／コミュニティプラザ平野,BORDER,2953,1,2019年新人王トーナメント 1回戦,フェザー級,5分2R,1204,平澤克明,飛翔塾コンドル,計量結果 :65.3 Kg,,1205,藤野康弘,パラエストラTB,計量結果 :65.7 Kg,,F1_LOSS_F2_WIN,opacity (single fighter dimmed),2,03:47,ko,KO,,[レフェリー]吉田元貴 [サブレフェリー] 安芸佳孝1R8-10 山本諭志1R9-10 加納　学1R9-10
83,2019-05-12,BORDER-season11-「The2nd」,,大阪市平野区／コミュニティプラザ平野,BORDER,2954,,,フェザー級,3分2R,1122,日野陽信,総合格闘技道場コブラ会,計量結果 :65.3 Kg,,1206,木村総一郎,パラエストラ加古川,計量結果 :65.2 Kg,,F1_LOSS_F2_WIN,opacity (single fighter dimmed),2,02:36,ko,KO,,[レフェリー]吉田元貴 [サブレフェリー] 安芸佳孝1R9-10 山本諭志1R9-10 加納　学1R9-10
72,2019-05-06,SHOOTO 30th ANNIVERSARY TOUR 30周年記念大会 第1部 Supported by ONE Championship,プロフェッショナル修斗公式戦,東京/後楽園ホール,PRO_SHOOTO_MAINLINE,2916,9,世界ライト級チャンピオンシップ,ライト級,5分5R,3,松本光史,フリー,計量結果 :70.1 Kg,,984,小谷直之,ロデオスタイル,計量結果 :70.1 Kg,,F1_WIN_F2_LOSS,opacity (single fighter dimmed),4,00:57,ko,KO,,勝利した王者：松本が二度目の防衛に成功。 ［レフェリー］豊永　稔 ［サブレフェリー］ 福田正人 1R 9-10/2R 10-9/3R 10-9 片岡誠人 1R 9-10/2R 10-9/3R 10-10 田澤康宏 1R 9-10/2R 10-9/3R 10-9
72,2019-05-06,SHOOTO 30th ANNIVERSARY TOUR 30周年記念大会 第1部 Supported by ONE Championship,プロフェッショナル修斗公式戦,東京/後楽園ホール,PRO_SHOOTO_MAINLINE,2921,8,日比交流戦 修斗 vs チーム・ラカイ 3×3,バンタム級,5分3R,169,岡田遼,パラエストラ千葉,計量結果 :61.1 Kg,,1193,ジアンクラウドサクレッグ,チーム・ラカイ,計量結果 :60.9 Kg,,F1_WIN_F2_LOSS,score 3-0 (overrides opacity if needed),,,ud,判定 3-0,,［レフェリー］片岡誠人 ［サブレフェリー］ 豊永　稔 30-27（1R 10-9/2R 10-9/3R 10-9） 福田正人 29-28（1R 9-10/2R 10-9/3R 10-9） 横山忠志 30-28（1R 10-10/2R 10-9/3R 10-9）
72,2019-05-06,SHOOTO 30th ANNIVERSARY TOUR 30周年記念大会 第1部 Supported by ONE Championship,プロフェッショナル修斗公式戦,東京/後楽園ホール,PRO_SHOOTO_MAINLINE,2919,7,日比交流戦 修斗 vs チーム・ラカイ 3×3,フライ級,5分3R,84,箕輪ひろば,総合格闘技道場STF,計量結果 :56.5 Kg,minowa-hiroba,1192,ジャレッドライアンアルマザン,チーム・ラカイ,計量結果 :56.7 Kg,,F1_WIN_F2_LOSS,opacity (single fighter dimmed),3,02:22,submision,S,スリーパーホールド,［レフェリー］福田正人 ［サブレフェリー］ 片岡誠人 1R 9-10/2R 10-9 長瀬達郎 1R 9-10/2R 10-9 横山忠志 1R 9-10/2R 10-9
72,2019-05-06,SHOOTO 30th ANNIVERSARY TOUR 30周年記念大会 第1部 Supported by ONE Championship,プロフェッショナル修斗公式戦,東京/後楽園ホール,PRO_SHOOTO_MAINLINE,2918,6,日比交流戦 修斗 vs チーム・ラカイ 3×3,ストロー級,5分3R,22,黒澤亮平,パラエストラ松戸,計量結果 :52.0 Kg,,1191,ジェロムワナワン,チーム・ラカイ,計量結果 :52.0 Kg,,F1_WIN_F2_LOSS,opacity (single fighter dimmed),1,02:17,ko,KO,,［レフェリー］福田正人
72,2019-05-06,SHOOTO 30th ANNIVERSARY TOUR 30周年記念大会 第1部 Supported by ONE Championship,プロフェッショナル修斗公式戦,東京/後楽園ホール,PRO_SHOOTO_MAINLINE,2922,5,,バンタム級,5分3R,161,石橋佳大,ZEEKジム,計量結果 :61.2 Kg,,1148,藤井伸樹,ALLIANCE,計量結果 :60.9 Kg,,F1_LOSS_F2_WIN,opacity (single fighter dimmed),3,04:50,ko,KO,,［レフェリー］豊永　稔 ［サブレフェリー］ 福田正人 1R 9-10/2R 9-10 長瀬達郎 1R 8-10/2R 10-9 田澤康宏 1R 9-10/2R 9-10
72,2019-05-06,SHOOTO 30th ANNIVERSARY TOUR 30周年記念大会 第1部 Supported by ONE Championship,プロフェッショナル修斗公式戦,東京/後楽園ホール,PRO_SHOOTO_MAINLINE,2923,4,,バンタム級,5分3R,214,齋藤翼,総合格闘技道場津田沼道場/FIGHT FARM,計量結果 :61.1 Kg,,1143,イムジョンミン,MMA STORY,計量結果 :60.4 Kg,,F1_WIN_F2_LOSS,opacity (single fighter dimmed),1,03:04,ko,KO,,［レフェリー］豊永　稔
72,2019-05-06,SHOOTO 30th ANNIVERSARY TOUR 30周年記念大会 第1部 Supported by ONE Championship,プロフェッショナル修斗公式戦,東京/後楽園ホール,PRO_SHOOTO_MAINLINE,2933,3,,,5分2R,1112,ジョナタンバイエス,パラエストラ松戸,計量結果 :76.6 Kg,,1155,キウォンビン,TEAM POSSE,計量結果 :75.7 Kg,,F1_LOSS_F2_WIN,opacity (single fighter dimmed),1,03:53,ko,KO,,［レフェリー］片岡誠人
72,2019-05-06,SHOOTO 30th ANNIVERSARY TOUR 30周年記念大会 第1部 Supported by ONE Championship,プロフェッショナル修斗公式戦,東京/後楽園ホール,PRO_SHOOTO_MAINLINE,2924,2,,女子,5分2R,1108,セラ,PUREBRED,計量結果 :62.8 Kg,,1194,チェウンジ,MAX FC4 FearlessGYM,計量結果 :60.8 Kg,,F1_LOSS_F2_WIN,score 1-2 (overrides opacity if needed),,,ud,判定 1-2,,※セラ選手再計量62.8kg→62.3kg ※当初の契約体重を超過した赤：セラに全ラウンド減点1。 ※※青：チェに頭髪への塗布物の使用による減点1。 ［レフェリー］片岡誠人 ［サブレフェリー］ 豊永　稔 18-17（1R 9-8/2R 9-9） 長瀬達郎 16-19（1R 8-9/2R 8-10） 田澤康宏 17-18（1R 9-8/2R 8-10）
72,2019-05-06,SHOOTO 30th ANNIVERSARY TOUR 30周年記念大会 第1部 Supported by ONE Championship,プロフェッショナル修斗公式戦,東京/後楽園ホール,PRO_SHOOTO_MAINLINE,2925,1,Woman’s SHOOTO -50kg インフィニティリーグ2019,,5分2R,1195,廣瀬里美,パラエストラ松戸,計量結果 :48.7 Kg,,1196,北野きゅう,高田馬場道場,計量結果 :49.9 Kg,,F1_LOSS_F2_WIN,score 0-3 (overrides opacity if needed),,,ud,判定 0-3,,※勝利した青：北野がリーグ戦勝ち点2を獲得。（累計2P） ［レフェリー］福田正人 ［サブレフェリー］ 片岡誠人 18-20（1R 9-10/2R 9-10） 長瀬達郎 18-20（1R 9-10/2R 9-10） 田澤康宏 18-20（1R 9-10/2R 9-10）
81,2019-05-06,SHOOTO 30th ANNIVERSARY TOUR 30周年記念大会 第2部 Supported by ONE Championship,プロフェッショナル修斗公式戦,東京/後楽園ホール,PRO_SHOOTO_MAINLINE,2926,6,世界フライ級チャンピオンシップ,フライ級,5分5R,2,扇久保博正,パラエストラ松戸,計量結果 :56.6 Kg,ougikubo-hiromasa,100,清水清隆,TRIBE TOKYO M.M.A,計量結果 :56.7 Kg,,F1_WIN_F2_LOSS,opacity (single fighter dimmed),4,00:40,technical-ud,テクニカル判定,,※※王者：扇久保が二度目の防衛に成功。 ［レフェリー］豊永　稔 ［サブレフェリー］ 福田正人 1R 10-9/2R 10-9/3R 10-10 片岡誠人 1R 10-9/2R 10-9/3R 10-9 横山忠志 1R 10-9/2R 10-9/3R 10-9 訂正 2019.06.24 ※王者：扇久保が二度目の防衛に成功。 ※※4R 0’40”偶発的なアクシデントにより試合続行が不可能となった為。 ［レフェリー］豊永　稔 ［サブレフェリー］ 福田正人 40-37（1R 10-9/2R 10-9/3R 10-10/4R 10-9） 片岡誠人 40-36（1R 10-9/2R 10-9/3R 10-9/4R 10-9） 横山忠志 40-36（1R 10-9/2R 10-9/3R 10-9/4R 10-9）
81,2019-05-06,SHOOTO 30th ANNIVERSARY TOUR 30周年記念大会 第2部 Supported by ONE Championship,プロフェッショナル修斗公式戦,東京/後楽園ホール,PRO_SHOOTO_MAINLINE,2928,5,,フェザー級,5分3R,5,斎藤裕,パラエストラ小岩,計量結果 :65.7 Kg,saito-yutaka,1197,アギーサルダリ,スポーツヴィジョン,計量結果 :65.8 Kg,,F1_LOSS_F2_WIN,score 0-2 (overrides opacity if needed),,,ud,判定 0-2,,［レフェリー］片岡誠人 ［サブレフェリー］ 福田正人 28-29（1R 10-9/2R 9-10/3R 9-10） 長瀬達郎 28-29（1R 10-9/2R 9-10/3R 9-10） 横山忠志 29-29（1R 10-10/2R 10-9/3R 9-10）
81,2019-05-06,SHOOTO 30th ANNIVERSARY TOUR 30周年記念大会 第2部 Supported by ONE Championship,プロフェッショナル修斗公式戦,東京/後楽園ホール,PRO_SHOOTO_MAINLINE,2929,4,,フェザー級,5分3R,8,宇野薫,UNO DOJO,計量結果 :65.7 Kg,uno-caol,1198,デュアンヴァンヘルフォート,グレイシーバッハ・ネーデルランド,計量結果 :65.5 Kg,,F1_LOSS_F2_WIN,score 0-3 (overrides opacity if needed),,,ud,判定 0-3,,［レフェリー］福田正人 ［サブレフェリー］ 豊永　稔 26-30（1R 9-10/2R 8-10/3R 9-10） 片岡誠人 27-30（1R 9-10/2R 9-10/3R 9-10） 横山忠志 27-30（1R 9-10/2R 9-10/3R 9-10）
81,2019-05-06,SHOOTO 30th ANNIVERSARY TOUR 30周年記念大会 第2部 Supported by ONE Championship,プロフェッショナル修斗公式戦,東京/後楽園ホール,PRO_SHOOTO_MAINLINE,2927,3,,バンタム級,5分3R,183,根津優太,&MOSH,計量結果 :60.8 Kg,,853,祖根寿麻,ZOOMER,計量結果 :61.1 Kg,,F1_WIN_F2_LOSS,opacity (single fighter dimmed),3,02:51,ko,KO,,［レフェリー］豊永　稔 ［サブレフェリー］ 福田正人 1R 10-9/2R 10-8 片岡誠人 1R 10-9/2R 10-9 横山忠志 1R 10-9/2R 10-8
81,2019-05-06,SHOOTO 30th ANNIVERSARY TOUR 30周年記念大会 第2部 Supported by ONE Championship,プロフェッショナル修斗公式戦,東京/後楽園ホール,PRO_SHOOTO_MAINLINE,2932,2,,ストロー級,5分2R,92,阿部マサトシ,AACC,計量結果 :52.2 Kg,,1199,中川マイケル,Gracie Techinics,計量結果 :52.0 Kg,,F1_LOSS_F2_WIN,opacity (single fighter dimmed),1,04:12,ko,KO,,［レフェリー］福田正人
81,2019-05-06,SHOOTO 30th ANNIVERSARY TOUR 30周年記念大会 第2部 Supported by ONE Championship,プロフェッショナル修斗公式戦,東京/後楽園ホール,PRO_SHOOTO_MAINLINE,2930,1,,バンタム級,5分3R,198,魚井フルスイング,和術慧舟會HEARTS,計量結果 :61.1 Kg,,130,加藤ケンジ,NeighborHood,計量結果 :61.2 Kg,,F1_WIN_F2_LOSS,opacity (single fighter dimmed),2,00:16,ko,KO,,［レフェリー］福田正人 ［サブレフェリー］ 豊永　稔 1R 10-9 長瀬達郎 1R 10-9 片岡誠人 1R 10-9
81,2019-05-06,SHOOTO 30th ANNIVERSARY TOUR 30周年記念大会 第2部 Supported by ONE Championship,プロフェッショナル修斗公式戦,東京/後楽園ホール,PRO_SHOOTO_MAINLINE,2931,,,フェザー級,5分3R,16,美木航,NATURAL 9,,,1115,工藤諒司,TRIBE TOKYO M.M.A,,,UNRESOLVED,"both dimmed, no score, no judge tallies, no note keyword match",,,,,,
81,2019-05-06,SHOOTO 30th ANNIVERSARY TOUR 30周年記念大会 第2部 Supported by ONE Championship,プロフェッショナル修斗公式戦,東京/後楽園ホール,PRO_SHOOTO_MAINLINE,2934,,,キッズ・ジュニア修斗,3分1R,1189,小助川綾乃,心技館,,,1200,木村美海,パラエストラ松戸,,,F1_LOSS_F2_WIN,score 1-2 (overrides opacity if needed),,,ud,判定 1-2,,［レフェリー］片岡誠人 ［サブレフェリー］ 横山忠志 1R 9-10 長瀬達郎 1R 10-9 小島邦裕 1R 9-10
149,2019-04-07,FORCE 11,プロフェッショナル修斗公式戦香川大会,香川県高松市/高松シンボルタワー　展示場,FORCE_REGIONAL;PRO_SHOOTO_MAINLINE,3605,8,,フライ級,5分2R,1067,高岡宏気,FORCE GYM,,takaoka-hiroki,223,西村大地,パラエストラ天満,,,F1_WIN_F2_LOSS,score 1-0 (overrides opacity if needed),,,ud,判定 1-0,,[レフェリー] 福田正人 [サブレフェリー] 大内　敬 19-19（1R 9-10/2R 10-9） 小池義昭 19-19（1R 9-10/2R 10-9） 岡田剛史 20-19（1R 10-10/2R 10-9）
149,2019-04-07,FORCE 11,プロフェッショナル修斗公式戦香川大会,香川県高松市/高松シンボルタワー　展示場,FORCE_REGIONAL;PRO_SHOOTO_MAINLINE,3604,7,,ストロー級,5分2R,70,武井徳之,讃州四心會,,,1174,若林耕平,総合格闘技道場コブラ会,,,F1_LOSS_F2_WIN,score 0-3 (overrides opacity if needed),,,ud,判定 0-3,,[レフェリー] 福田正人 [サブレフェリー] 大内　敬 18-20（1R 9-10/2R 9-10） 小池義昭 18-20（1R 9-10/2R 9-10） 岡田剛史 18-20（1R 9-10/2R 9-10）
149,2019-04-07,FORCE 11,プロフェッショナル修斗公式戦香川大会,香川県高松市/高松シンボルタワー　展示場,FORCE_REGIONAL;PRO_SHOOTO_MAINLINE,3603,6,,,5分2R,1211,割石晃司,MMA Zジム,,,624,國頭武,BURST,,,F1_LOSS_F2_WIN,opacity (single fighter dimmed),2,03:40,ko,KO,,[レフェリー] 福田正人 [サブレフェリー] 大内　敬 1R 9-10 小池義昭 1R 9-10 岡田剛史 1R 9-10
149,2019-04-07,FORCE 11,プロフェッショナル修斗公式戦香川大会,香川県高松市/高松シンボルタワー　展示場,FORCE_REGIONAL;PRO_SHOOTO_MAINLINE,3602,5,,バンタム級,5分2R,1128,福永功,MMA Zジム,,,619,近藤洋平,BURST,,,F1_WIN_F2_LOSS,opacity (single fighter dimmed),,02:53,submision,S,スリーパーホールド,[レフェリー] 吉田元貴 [サブレフェリー] 大内　敬 1R 9-10 小池義昭 1R 9-10 福田正人 1R 9-10
149,2019-04-07,FORCE 11,プロフェッショナル修斗公式戦香川大会,香川県高松市/高松シンボルタワー　展示場,FORCE_REGIONAL;PRO_SHOOTO_MAINLINE,3601,4,,,5分2R,1390,石原愼之介,MMA Zジム,,,1133,木村旬志,ゼロ戦クラブ,,,F1_WIN_F2_LOSS,opacity (single fighter dimmed),1,03:32,submision,S,スリーパーホールド,[レフェリー] 吉田元貴
149,2019-04-07,FORCE 11,プロフェッショナル修斗公式戦香川大会,香川県高松市/高松シンボルタワー　展示場,FORCE_REGIONAL;PRO_SHOOTO_MAINLINE,3600,3,,ストロー級,5分2R,1154,大勝たくにぃ,MMA Zジム,,,78,ふじい☆ペリー,BURST,,,F1_WIN_F2_LOSS,score 2-0 (overrides opacity if needed),,,ud,判定 2-0,,[レフェリー] 吉田元貴 [サブレフェリー] 大内　敬 19-19（1R 10-9/2R 9-10） 小池義昭 20-19（1R 10-9/2R 10-10） 福田正人 20-19（1R 10-9/2R 10-10）
149,2019-04-07,FORCE 11,プロフェッショナル修斗公式戦香川大会,香川県高松市/高松シンボルタワー　展示場,FORCE_REGIONAL;PRO_SHOOTO_MAINLINE,3599,2,新人王トーナメント,フライ級,5分2R,1173,當房桂,修斗GYMS直心会,,,1218,宇田悠斗,総合格闘技道場HOPE,,,F1_LOSS_F2_WIN,opacity (single fighter dimmed),1,01:45,ko,KO,,[レフェリー]岡田剛史 ※勝利した青：宇田が新人王トーナメント2回戦進出。
149,2019-04-07,FORCE 11,プロフェッショナル修斗公式戦香川大会,香川県高松市/高松シンボルタワー　展示場,FORCE_REGIONAL;PRO_SHOOTO_MAINLINE,3598,1,新人王トーナメント,ストロー級 1回戦,5分2R,1217,里見拓磨,MMA Zジム,,,1176,当真佳直,reversaL Gym OKINAWA CROSS×LINE,,,F1_LOSS_F2_WIN,score 0-3 (overrides opacity if needed),,,ud,判定 0-3,,[レフェリー]岡田剛史 [サブレフェリー] 大内　敬 18-20（1R 9-10/2R 9-10） 小池義昭 18-20（1R 9-10/2R 9-10） 吉田元貴 18-20（1R 9-10/2R 9-10） ※勝利した青：当真が新人王トーナメント決勝進出。
71,2019-03-24,SHOOTO 30th ANNIVERSARY TOUR 第2戦 Supported by ONE Championship,プロフェッショナル修斗公式戦,,PRO_SHOOTO_MAINLINE,2896,16,,バンタム級,5分3R,305,平川智也,マスタージャパン,計量結果 :60.9 Kg,,195,安藤達也,フリー,計量結果 :61.0 Kg,ando-tatsuya,F1_LOSS_F2_WIN,opacity (single fighter dimmed),2,02:55,submision,S,スリーパーホールド,［レフェリー］豊永　稔 ［サブレフェリー］ 福田正人 1R 9-10 片岡誠人 1R 9-10 横山忠志 1R 10-10
71,2019-03-24,SHOOTO 30th ANNIVERSARY TOUR 第2戦 Supported by ONE Championship,プロフェッショナル修斗公式戦,,PRO_SHOOTO_MAINLINE,2911,15,,,5分3R,940,中村優作,TEAM FAUST,計量結果 :58.6 Kg,nakamura-yusaku,1187,ロドニーモンダラ,UFC GYM BJ PENN,計量結果 :58.7 Kg,,F1_WIN_F2_LOSS,opacity (single fighter dimmed),1,01:57,ko,KO,,［レフェリー］片岡誠人
71,2019-03-24,SHOOTO 30th ANNIVERSARY TOUR 第2戦 Supported by ONE Championship,プロフェッショナル修斗公式戦,,PRO_SHOOTO_MAINLINE,2897,14,,フェザー級,5分3R,15,内藤太尊,roots,計量結果 :65.7 Kg,,1115,工藤諒司,TRIBE TOKYO M.M.A,計量結果 :65.6 Kg,,F1_LOSS_F2_WIN,score 0-2 (overrides opacity if needed),,,ud,判定 0-2,,［レフェリー］片岡誠人 ［サブレフェリー］ 豊永　稔 28-29（1R 9-10/2R 9-10/3R 10-9） 岡田剛史 29-29（1R 9-10/2R 10-10/3R 10-9） 田澤康宏 28-29（1R 9-10/2R 10-9/3R 9-10）
71,2019-03-24,SHOOTO 30th ANNIVERSARY TOUR 第2戦 Supported by ONE Championship,プロフェッショナル修斗公式戦,,PRO_SHOOTO_MAINLINE,2902,13,,ストロー級,5分3R,672,木内SKINNYZOMBIE崇雅,和術慧舟會GODS,計量結果 :52.0 Kg,,51,楳沢智治,AACC×SPIDER,計量結果 :52.1 Kg,,F1_WIN_F2_LOSS,score 2-1 (overrides opacity if needed),,,ud,判定 2-1,,［レフェリー］福田正人 ［サブレフェリー］ 豊永　稔 29-27（1R 10-8/2R 10-9/3R 9-10） 片岡誠人 28-29（1R 10-9/2R 9-10/3R 9-10） 田澤康宏 30-27（1R 10-9/2R 10-9/3R 10-9）
71,2019-03-24,SHOOTO 30th ANNIVERSARY TOUR 第2戦 Supported by ONE Championship,プロフェッショナル修斗公式戦,,PRO_SHOOTO_MAINLINE,2901,12,,バンタム級,5分2R,1116,倉本一真,"リバーサルジム新宿Me,We",計量結果 :61.0 Kg,,199,海下DRAGON竜太,パラエストラTB,計量結果 :61.1 Kg,,F1_WIN_F2_LOSS,opacity (single fighter dimmed),1,04:15,ko,KO,,［レフェリー］豊永　稔
71,2019-03-24,SHOOTO 30th ANNIVERSARY TOUR 第2戦 Supported by ONE Championship,プロフェッショナル修斗公式戦,,PRO_SHOOTO_MAINLINE,2912,11,,フライ級,5分2R,121,梶川卓,スカーフィスト,計量結果 :56.7 Kg,,959,関口祐冬,修斗GYM東京,計量結果 :56.5 Kg,,F1_WIN_F2_LOSS,score 3-0 (overrides opacity if needed),,,ud,判定 3-0,,［レフェリー］福田正人 ［サブレフェリー］ 豊永　稔 20-19（1R 10-10/2R 10-9） 岡田剛史 20-18（1R 10-9/2R 10-9） 横山忠志 20-18（1R 10-9/2R 10-9）
71,2019-03-24,SHOOTO 30th ANNIVERSARY TOUR 第2戦 Supported by ONE Championship,プロフェッショナル修斗公式戦,,PRO_SHOOTO_MAINLINE,2913,10,,ストロー級,5分2R,80,牧ヶ谷篤,和術慧舟會群馬支部,計量結果 :51.7 Kg,,1159,内田タケル,THE BLACKBELT JAPAN,計量結果 :51.9 Kg,uchida-takeru,F1_WIN_F2_LOSS,opacity (single fighter dimmed),1,03:28,submision,S,スリーパーホールド,［レフェリー］福田正人
71,2019-03-24,SHOOTO 30th ANNIVERSARY TOUR 第2戦 Supported by ONE Championship,プロフェッショナル修斗公式戦,,PRO_SHOOTO_MAINLINE,2914,9,Woman’s SHOOTO -50kg インフィニティリーグ2019,女子,5分2R,1188,原田よき,赤崎道場A-SPIRIT,計量結果 :48.4 Kg,,1171,杉本恵,AACC,計量結果 :49.7 Kg,,F1_LOSS_F2_WIN,score 0-3 (overrides opacity if needed),,,ud,判定 0-3,,※勝利した青：杉本が勝ち点3を獲得。 ［レフェリー］片岡誠人 ［サブレフェリー］ 福田正人 18-20（1R 9-10/2R 9-10） 岡田剛史 19-20（1R 10-10/2R 9-10） 田澤康宏 18-20（1R 9-10/2R 9-10）
71,2019-03-24,SHOOTO 30th ANNIVERSARY TOUR 第2戦 Supported by ONE Championship,プロフェッショナル修斗公式戦,,PRO_SHOOTO_MAINLINE,2898,8,,フェザー級,5分2R,297,高橋孝徳,"リバーサルジム新宿Me,We",計量結果 :65.5 Kg,,269,稲葉聡,秋本道場Jungle Junction,計量結果 :65.6 Kg,,F1_WIN_F2_LOSS,score 1-0 (overrides opacity if needed),,,ud,判定 1-0,,［レフェリー］岡田剛史 ［サブレフェリー］ 福田正人 19-19（1R 9-10/2R 10-9） 片岡誠人 20-18（1R 10-9/2R 10-9） 田澤康宏 19-19（1R 9-10/2R 10-9）
71,2019-03-24,SHOOTO 30th ANNIVERSARY TOUR 第2戦 Supported by ONE Championship,プロフェッショナル修斗公式戦,,PRO_SHOOTO_MAINLINE,2899,7,,フェザー級,5分2R,1042,ほしのゆたか,和術慧舟會HEARTS,計量結果 :65.5 Kg,,669,久保村ヨシTERU,飛翔塾コンドル,計量結果 :65.3 Kg,,F1_LOSS_F2_WIN,opacity (single fighter dimmed),2,04:54,ko,KO,,［レフェリー］岡田剛史 ［サブレフェリー］ 福田正人 1R 8-10 片岡誠人 1R 9-10 田澤康宏 1R 8-10
71,2019-03-24,SHOOTO 30th ANNIVERSARY TOUR 第2戦 Supported by ONE Championship,プロフェッショナル修斗公式戦,,PRO_SHOOTO_MAINLINE,2904,6,,ストロー級,5分2R,25,飯野タテオ,和術慧舟會HEARTS,計量結果 :51.9 Kg,,1168,児玉勇也,とらの子レスリングクラブ／トイカツ道場,計量結果 :53.3 Kg,,F1_WIN_F2_LOSS,opacity (single fighter dimmed),1,04:45,ko,KO,,［レフェリー］片岡誠人
71,2019-03-24,SHOOTO 30th ANNIVERSARY TOUR 第2戦 Supported by ONE Championship,プロフェッショナル修斗公式戦,,PRO_SHOOTO_MAINLINE,2900,5,,フェザー級,5分2R,1055,藤木龍一郎,和術慧舟會AKZA,計量結果 :65.2 Kg,,1183,木下カラテ,和術慧舟會HEARTS,計量結果 :65.5 Kg,kinoshita-karate,DRAW,score tied 1-1,,,ud,判定 1-1,,［レフェリー］片岡誠人 ［サブレフェリー］ 豊永　稔 19-20（1R 9-10/2R 10-10） 岡田剛史 20-19（1R 10-10/2R 10-9） 横山忠志 19-19（1R 9-10/2R 10-9）
71,2019-03-24,SHOOTO 30th ANNIVERSARY TOUR 第2戦 Supported by ONE Championship,プロフェッショナル修斗公式戦,,PRO_SHOOTO_MAINLINE,2907,4,,バンタム級,5分2R,567,鬼神光司,ブレイブハート,計量結果 :61.0 Kg,,232,松下祐介,パラエストラTB,計量結果 :61.0 Kg,,F1_WIN_F2_LOSS,score 2-0 (overrides opacity if needed),,,ud,判定 2-0,,［レフェリー］豊永　稔 ［サブレフェリー］ 福田正人 19-19（1R 9-10/2R 10-9） 岡田剛史 20-18（1R 10-9/2R 10-9） 横山忠志 20-18（1R 10-9/2R 10-9）
71,2019-03-24,SHOOTO 30th ANNIVERSARY TOUR 第2戦 Supported by ONE Championship,プロフェッショナル修斗公式戦,,PRO_SHOOTO_MAINLINE,2908,3,,バンタム級,5分2R,270,岩鬼,フリー,計量結果 :61.1 Kg,,1050,小林佳純,HAGANE GYM,計量結果 :61.2 Kg,,F1_LOSS_F2_WIN,score 0-3 (overrides opacity if needed),,,ud,判定 0-3,,［レフェリー］豊永　稔 ［サブレフェリー］ 福田正人 18-20（1R 9-10/2R 9-10） 片岡誠人 18-20（1R 9-10/2R 9-10） 田澤康宏 18-20（1R 9-10/2R 9-10）
71,2019-03-24,SHOOTO 30th ANNIVERSARY TOUR 第2戦 Supported by ONE Championship,プロフェッショナル修斗公式戦,,PRO_SHOOTO_MAINLINE,2909,2,,ライト級,5分2R,1061,宍戸航太,HAGANE GYM,計量結果 :69.9 Kg,,1184,ヨシイノウエ,パラエストラTB,計量結果 :69.7 Kg,,F1_WIN_F2_LOSS,score 1-0 (overrides opacity if needed),,,ud,判定 1-0,,［レフェリー］岡田剛史 ［サブレフェリー］ 豊永　稔 20-19（1R 10-10/2R 10-9） 片岡誠人 19-19（1R 9-10/2R 10-9） 田澤康宏 19-19（1R 9-10/2R 10-9）
71,2019-03-24,SHOOTO 30th ANNIVERSARY TOUR 第2戦 Supported by ONE Championship,プロフェッショナル修斗公式戦,,PRO_SHOOTO_MAINLINE,2910,1,,バンタム級,5分2R,1185,野尻定由,MASTER JAPAN FUKUOKA,計量結果 :61.2 Kg,,1152,奥平季之,CROW FOREST,計量結果 :60.6 Kg,,F1_WIN_F2_LOSS,opacity (single fighter dimmed),2,01:56,ko,KO,,※※勝利した赤：野尻がトーナメント進出。 ［レフェリー］岡田剛史 ［サブレフェリー］ 豊永　稔 1R 10-9 片岡誠人 1R 10-9 田澤康宏 1R 10-9
71,2019-03-24,SHOOTO 30th ANNIVERSARY TOUR 第2戦 Supported by ONE Championship,プロフェッショナル修斗公式戦,,PRO_SHOOTO_MAINLINE,2915,,,キッズ・ジュニア修斗,3分1R,1189,小助川綾乃,心技館,,,1190,上村依鈴,高本道場,,,F1_WIN_F2_LOSS,opacity (single fighter dimmed),1,00:23,submision,S,フロント・スリーパーホールド,［レフェリー］大内　敬
68,2019-01-27,SHOOTO 30th ANNIVERSARY TOUR 開幕戦,プロフェッショナル修斗公式戦,東京/後楽園ホール,PRO_SHOOTO_MAINLINE,2866,11,環太平洋チャンピオンシップ,バンタム級,5分3R,853,祖根寿麻,ZOOMER,計量結果 :61.2 Kg,,169,岡田遼,パラエストラ千葉,計量結果 :61.0 Kg,,F1_LOSS_F2_WIN,opacity (single fighter dimmed),1,04:58,ko,KO,,勝利した挑戦者：岡田が第8代環太平洋バンタム級王者に。 ［レフェリー］片岡誠人
68,2019-01-27,SHOOTO 30th ANNIVERSARY TOUR 開幕戦,プロフェッショナル修斗公式戦,東京/後楽園ホール,PRO_SHOOTO_MAINLINE,2871,10,,フライ級,5分3R,11,前田吉朗,パンクラス大阪稲垣組,計量結果 :56.4 Kg,,100,清水清隆,TRIBE TOKYO M.M.A,計量結果 :56.7 Kg,,F1_LOSS_F2_WIN,opacity (single fighter dimmed),1,04:37,ko,KO,,［レフェリー］豊永　稔
68,2019-01-27,SHOOTO 30th ANNIVERSARY TOUR 開幕戦,プロフェッショナル修斗公式戦,東京/後楽園ホール,PRO_SHOOTO_MAINLINE,2874,9,,フェザー級,5分3R,5,斎藤裕,パラエストラ小岩,計量結果 :65.7 Kg,saito-yutaka,1169,マーカスヘルド,GERMAN TOP TEAM,計量結果 :65.1 Kg,,F1_WIN_F2_LOSS,opacity (single fighter dimmed),2,01:29,ko,KO,,［レフェリー］片岡誠人 ［サブレフェリー］ 豊永　稔 1R 10-8 岡田剛史 1R 10-8 松村　慶 1R 10-8
68,2019-01-27,SHOOTO 30th ANNIVERSARY TOUR 開幕戦,プロフェッショナル修斗公式戦,東京/後楽園ホール,PRO_SHOOTO_MAINLINE,2875,8,,フェザー級 3回戦,5分3R,314,山本健斗デリカット,総合格闘技道場コブラ会,計量結果 :65.4 Kg,,1170,阪本洋平,T-BLOOD,計量結果 :65.7 Kg,,F1_LOSS_F2_WIN,opacity (single fighter dimmed),1,03:06,ko,KO,,［レフェリー］片岡誠人
68,2019-01-27,SHOOTO 30th ANNIVERSARY TOUR 開幕戦,プロフェッショナル修斗公式戦,東京/後楽園ホール,PRO_SHOOTO_MAINLINE,2867,7,,ライト級,5分3R,4,川名TENCHO雄生,Y&K MMA ACADEMY,計量結果 :70.3 Kg,,388,岡野裕城,マッハ道場,計量結果 :70.0 Kg,,F1_WIN_F2_LOSS,score 3-0 (overrides opacity if needed),,,ud,判定 3-0,,［レフェリー］豊永　稔 ［サブレフェリー］ 片岡誠人 30-27（1R 10-9/2R 10-9/3R 10-9） 岡田剛史 29-28（1R 10-9/2R 10-9/3R 9-10） 横山忠志 30-28（1R 10-9/2R 10-9/3R 10-10）
68,2019-01-27,SHOOTO 30th ANNIVERSARY TOUR 開幕戦,プロフェッショナル修斗公式戦,東京/後楽園ホール,PRO_SHOOTO_MAINLINE,2868,6,,バンタム級,5分3R,198,魚井フルスイング,和術慧舟會HEARTS,計量結果 :60.8 Kg,,1148,藤井伸樹,ALLIANCE,計量結果 :61.1 Kg,,F1_WIN_F2_LOSS,score 3-0 (overrides opacity if needed),,,ud,判定 3-0,,［レフェリー］豊永　稔 ［サブレフェリー］ 片岡誠人 30-28（1R 10-9/2R 10-9/3R 10-10） 岡田剛史 30-28（1R 10-9/2R 10-9/3R 10-10） 松村　慶 30-27（1R 10-9/2R 10-9/3R 10-9）
68,2019-01-27,SHOOTO 30th ANNIVERSARY TOUR 開幕戦,プロフェッショナル修斗公式戦,東京/後楽園ホール,PRO_SHOOTO_MAINLINE,2851,5,,フェザー級,5分3R,300,仲山貴志,総合格闘技津田沼道場,計量結果 :65.6 Kg,,267,青井人,BLOWS,計量結果 :65.4 Kg,aoi-jin,F1_WIN_F2_LOSS,opacity (single fighter dimmed),1,02:16,submision,S,スリーパーホールド,［レフェリー］岡田剛史
68,2019-01-27,SHOOTO 30th ANNIVERSARY TOUR 開幕戦,プロフェッショナル修斗公式戦,東京/後楽園ホール,PRO_SHOOTO_MAINLINE,2870,4,,ストロー級,5分3R,22,黒澤亮平,パラエストラ松戸,計量結果 :51.9 Kg,,1168,児玉勇也,とらの子レスリングクラブ／トイカツ道場,計量結果 :52.1 Kg,,F1_WIN_F2_LOSS,opacity (single fighter dimmed),2,03:30,submision,S,スリーパーホールド,［レフェリー］岡田剛史 ［サブレフェリー］ 片岡誠人 1R 10-9 豊永　稔 1R 10-9 松村　慶 1R 10-9
68,2019-01-27,SHOOTO 30th ANNIVERSARY TOUR 開幕戦,プロフェッショナル修斗公式戦,東京/後楽園ホール,PRO_SHOOTO_MAINLINE,2869,3,,バンタム級,5分3R,209,金物屋の秀,SHOOTO GYM K'z FACTORY,計量結果 :60.9 Kg,,214,齋藤翼,総合格闘技道場津田沼道場/FIGHT FARM,計量結果 :61.2 Kg,,F1_LOSS_F2_WIN,score 0-3 (overrides opacity if needed),,,ud,判定 0-3,,［レフェリー］松根良太 ［サブレフェリー］ 片岡誠人 27-30（1R 9-10/2R 9-10/3R 9-10） 岡田剛史 27-30（1R 9-10/2R 9-10/3R 9-10） 横山忠志 28-30（1R 9-10/2R 10-10/3R 9-10）
68,2019-01-27,SHOOTO 30th ANNIVERSARY TOUR 開幕戦,プロフェッショナル修斗公式戦,東京/後楽園ホール,PRO_SHOOTO_MAINLINE,2873,2,,女子,5分2R,1108,セラ,PUREBRED,計量結果 :60.8 Kg,,1166,チェルシー,リバーサルジム立川ALPHA,計量結果 :61.0 Kg,,F1_LOSS_F2_WIN,score 0-3 (overrides opacity if needed),,,ud,判定 0-3,,［レフェリー］岡田剛史 ［サブレフェリー］ 片岡誠人 18-20（1R 9-10/2R 9-10） 松根良太 17-20（1R 9-10/2R 8-10） 横山忠志 16-20（1R 8-10/2R 8-10）
68,2019-01-27,SHOOTO 30th ANNIVERSARY TOUR 開幕戦,プロフェッショナル修斗公式戦,東京/後楽園ホール,PRO_SHOOTO_MAINLINE,2872,1,,ストロー級,5分2R,80,牧ヶ谷篤,和術慧舟會群馬支部,計量結果 :52.0 Kg,,1167,田上こゆる,BLOWS,計量結果 :61.0 Kg,,F1_LOSS_F2_WIN,score 0-3 (overrides opacity if needed),,,ud,判定 0-3,,［レフェリー］片岡誠人 ［サブレフェリー］ 豊永　稔 18-20（1R 9-10/2R 9-10） 松根良太 17-20（1R 9-10/2R 8-10） 横山忠志 18-20（1R 9-10/2R 9-10）
68,2019-01-27,SHOOTO 30th ANNIVERSARY TOUR 開幕戦,プロフェッショナル修斗公式戦,東京/後楽園ホール,PRO_SHOOTO_MAINLINE,2876,2,,女子,3分2R,1171,杉本恵,AACC,計量結果 :49.4 Kg,,1172,木越めぐみ,SHOOTO GYM K'z FACTORY,計量結果 :47.9 Kg,,F1_WIN_F2_LOSS,score 3-0 (overrides opacity if needed),,,ud,判定 3-0,,［レフェリー］豊永　稔 ［サブレフェリー］ 松根良太 20-18（1R 10-9/2R 10-9） 岡田剛史 20-18（1R 10-9/2R 10-9） 松村　慶 20-18（1R 10-9/2R 10-9）
68,2019-01-27,SHOOTO 30th ANNIVERSARY TOUR 開幕戦,プロフェッショナル修斗公式戦,東京/後楽園ホール,PRO_SHOOTO_MAINLINE,2894,1,,キッズ・ジュニア修斗,3分1R,1179,中池武寛,パラエストラ小岩,計量結果 :41.5 Kg,,1180,中山陽心,心技館,計量結果 :43.5 Kg,,F1_WIN_F2_LOSS,opacity (single fighter dimmed),1,02:22,submision,S,腕ひしぎ十字固め,当日計量 ［レフェリー］松根良太
79,2019-01-20,BORDER-season11-「The1st」,,大阪市平野区／コミュニティプラザ平野,BORDER,2877,9,,ライト級,,406,長田拓也,BLOWS,計量結果 :70.3 Kg,,320,ウエタユウ,MIBURO,計量結果 :70.1 Kg,,F1_WIN_F2_LOSS,score 3-0 (overrides opacity if needed),,,ud,判定 3-0,,［レフェリー］吉田元貴 ［サブレフェリー］ 豊島考尚 30-28（1R 10-10／2R 10-9／3R 10-9） 山本諭志 30-28（1R 10-10／2R 10-9／3R 10-9） 安芸佳孝 30-25（1R 10- 9／2R 10-8／3R 10-8）
79,2019-01-20,BORDER-season11-「The1st」,,大阪市平野区／コミュニティプラザ平野,BORDER,2878,8,,バンタム級,5分2R,295,ダイキライトイヤー,修斗GYM神戸,計量結果 :61.1 Kg,,1052,山城翔,Theパラエストラ沖縄,計量結果 :61.1 Kg,,F1_WIN_F2_LOSS,opacity (single fighter dimmed),2,04:40,ko,KO,,［レフェリー］吉田元貴 ［サブレフェリー］ 安芸佳孝 1R 10-9 山本諭志 1R 10-9 豊島考尚 1R 10-9
79,2019-01-20,BORDER-season11-「The1st」,,大阪市平野区／コミュニティプラザ平野,BORDER,2879,7,世界バンタム級チャンピオンシップ,バンタム級,5分2R,1037,ハンセン玲雄,総合格闘技道場reliable,計量結果 :61.1 Kg,,1110,ガッツTakato,-,計量結果 :60.7 Kg,,F1_WIN_F2_LOSS,score 2-0 (overrides opacity if needed),,,ud,判定 2-0,,※勝利した青：ガッツ天斗が2018年バンタム級新人王に決定 ［レフェリー］吉田元貴 ［サブレフェリー］ 安芸佳孝 19-19（1R 9-10／2R 10-9） 加納 学 19-20（1R 9-10／2R 10-10） 豊島考尚 19-20（1R 9-10／2R 10-10）
79,2019-01-20,BORDER-season11-「The1st」,,大阪市平野区／コミュニティプラザ平野,BORDER,2880,6,新人王決定トーナメント,フェザー級,5分2R,1120,ムテカツ,総合格闘技ゴンズジム,計量結果 :65.6 Kg,,1163,須貝THEYAMANBA,ピロクテテス新潟,計量結果 :65.4 Kg,,F1_LOSS_F2_WIN,opacity (single fighter dimmed),,,,,,※勝利した青：須貝THE YAMANBAが2018年フェザー級新人王に決定 ［レフェリー］吉田元貴 ［サブレフェリー］ 安芸佳孝 19-19（1R  9-10／2R 10-9） 加納 学 18-20（1R  9-10／2R 9-10） 豊島考尚 19-20（1R 10-10／2R 9-10）
79,2019-01-20,BORDER-season11-「The1st」,,大阪市平野区／コミュニティプラザ平野,BORDER,2881,5,新人王決定トーナメント,ライト級,5分2R,977,林RICE陽太,パラエストラ東大阪,計量結果 :69.9 Kg,,1160,天雷智也,SLACK,計量結果 :69.6 Kg,,F1_LOSS_F2_WIN,opacity (single fighter dimmed),2,00:26,ko,KO,,※勝利した青：天雷智也が2018年ライト級新人王に決定 ［レフェリー］吉田元貴 ［サブレフェリー］ 山本諭志 1R 10-9 加納 学 1R 10-9 安芸佳孝 1R 19-9
79,2019-01-20,BORDER-season11-「The1st」,,大阪市平野区／コミュニティプラザ平野,BORDER,2882,4,,バンタム級,5分2R,777,青柳洸志,修斗GYM神戸,計量結果 :61.0 Kg,,1101,前川大輔,総合格闘技道場コブラ会,計量結果 :61.1 Kg,,F1_WIN_F2_LOSS,score 3-0 (overrides opacity if needed),,,ud,判定 3-0,,［レフェリー］吉田元貴 ［サブレフェリー］ 山本諭志 20-18（1R 10-9／2R 10-9） 加納 学 20-18（1R 10-9／2R 10-9） 安芸佳孝 20-18（1R 10-9／2R 10-9）
79,2019-01-20,BORDER-season11-「The1st」,,大阪市平野区／コミュニティプラザ平野,BORDER,2883,3,,フェザー級,5分2R,624,國頭武,BURST,計量結果 :65.5 Kg,,1140,後藤陽駆,シューティングジム大阪,計量結果 :65.6 Kg,,F1_WIN_F2_LOSS,opacity (single fighter dimmed),1,03:34,submision,S,肩固め,［レフェリー］吉田元貴
79,2019-01-20,BORDER-season11-「The1st」,,大阪市平野区／コミュニティプラザ平野,BORDER,2884,2,,フライ級,5分2R,1173,當房桂,修斗GYMS直心会,,,153,堀川55滉介,TEAM一領具足,,,NO_CONTEST,note text mentions fight cancelled / withdrawal before bout,,,,,,※堀川“55” 滉介が「感染性胃腸炎」の為欠場
79,2019-01-20,BORDER-season11-「The1st」,,大阪市平野区／コミュニティプラザ平野,BORDER,2885,1,,ストロー級,5分2R,1174,若林耕平,総合格闘技道場コブラ会,計量結果 :51.2 Kg,,1390,石原愼之介,MMA Zジム,計量結果 :51.1 Kg,,F1_WIN_F2_LOSS,opacity (single fighter dimmed),2,04:18,submision,S,スリーパーホールド,［レフェリー］吉田元貴 ［サブレフェリー］ 山本諭志 1R 10-9 加納 学 1R 10-9 豊島考尚 1R 10-10
61,2018-12-15,MOBSTYLES presents インフィニティリーグ2018優勝決定戦,,,UNCLASSIFIED,2730,10,インフィニティリーグ2018,ストロー級,5分2R,84,箕輪ひろば,総合格闘技道場STF,計量結果 :52.1 Kg,minowa-hiroba,35,ニシダ☆ショー,BURST,計量結果 :52.0 Kg,,F1_WIN_F2_LOSS,opacity (single fighter dimmed),2,04:29,submision,S,スリーパーホールド,勝利した赤：箕輪が勝ち点3を獲得。（累計10点・リーグ戦2位） ［レフェリー］片岡誠人 岡田剛史 1R 10-10 大内　敬 1R 10-9 横山忠志 1R 10-9
61,2018-12-15,MOBSTYLES presents インフィニティリーグ2018優勝決定戦,,,UNCLASSIFIED,2731,9,インフィニティリーグ2018,ストロー級,5分2R,51,楳沢智治,AACC×SPIDER,計量結果 :52.2 Kg,,49,新井丈,和術慧舟會HEARTS,計量結果 :52.2 Kg,arai-jo,F1_WIN_F2_LOSS,opacity (single fighter dimmed),2,04:51,submision,S,肩固め,勝利した赤：楳沢が勝ち点3を獲得。（累計8点・リーグ戦3位） ［レフェリー］岡田剛史 片岡誠人 1R 10-9 大内　敬 1R 10-9 横山忠志 1R 10-9
61,2018-12-15,MOBSTYLES presents インフィニティリーグ2018優勝決定戦,,,UNCLASSIFIED,2852,8,,フライ級,5分3R,142,内藤頌貴,THE BLACKBELT JAPAN,計量結果 :56.7 Kg,,27,小堀貴広,総合格闘技ゴンズジム,計量結果 :56.7 Kg,,F1_WIN_F2_LOSS,opacity (single fighter dimmed),2,03:42,ko,KO,,［レフェリー］片岡誠人 岡田剛史 1R 8-10 田澤康宏 1R 9-10 横山忠志 1R 9-10
61,2018-12-15,MOBSTYLES presents インフィニティリーグ2018優勝決定戦,,,UNCLASSIFIED,2857,7,,フェザー級,5分2R,1115,工藤諒司,TRIBE TOKYO M.M.A,計量結果 :65.7 Kg,,669,久保村ヨシTERU,飛翔塾コンドル,計量結果 :65.3 Kg,,F1_WIN_F2_LOSS,opacity (single fighter dimmed),2,02:43,ko,KO,,［レフェリー］片岡誠人 岡田剛史 1R 10-9 大内　敬 1R 9-10 田澤康宏 1R 9-10
61,2018-12-15,MOBSTYLES presents インフィニティリーグ2018優勝決定戦,,,UNCLASSIFIED,2853,6,,ライト級,5分2R,15,内藤太尊,roots,計量結果 :69.5 Kg,,355,鈴木淑徳,オフィス淑徳軍,計量結果 :70.3 Kg,,F1_WIN_F2_LOSS,opacity (single fighter dimmed),1,01:54,ko,KO,,［レフェリー］岡田剛史
61,2018-12-15,MOBSTYLES presents インフィニティリーグ2018優勝決定戦,,,UNCLASSIFIED,2854,5,,フライ級,5分2R,160,六本木洋,総合格闘技道場STF,計量結果 :56.6 Kg,,959,関口祐冬,修斗GYM東京,計量結果 :56.6 Kg,,F1_LOSS_F2_WIN,opacity (single fighter dimmed),2,01:24,ko,KO,,［レフェリー］岡田剛史 片岡誠人 1R 9-10 大内　敬 1R 9-10 小島邦裕 1R 9-10
61,2018-12-15,MOBSTYLES presents インフィニティリーグ2018優勝決定戦,,,UNCLASSIFIED,2855,4,,バンタム級,5分2R,567,鬼神光司,ブレイブハート,計量結果 :61.2 Kg,,1050,小林佳純,HAGANE GYM,計量結果 :61.1 Kg,,F1_WIN_F2_LOSS,score 2-0 (overrides opacity if needed),,,ud,判定 2-0,,［レフェリー］片岡誠人 岡田剛史 20-19（1R 10-10/2R 10-9） 田澤康宏 19-19（1R 9-10/2R 10-9） 横山忠志 20-19（1R 10-10/2R 10-9）
61,2018-12-15,MOBSTYLES presents インフィニティリーグ2018優勝決定戦,,,UNCLASSIFIED,2856,3,新人王決定トーナメント,ストロー級,5分2R,1111,斎藤康太,パラエストラ小岩,計量結果 :51.6 Kg,,1153,津村有哉,リバーサルジム川口REDIPS,計量結果 :52.2 Kg,,F1_WIN_F2_LOSS,score 3-0 (overrides opacity if needed),,,ud,判定 3-0,,※勝利した赤：斉藤が2018年度ストロー級新人王に決定。 ［レフェリー］岡田剛史 片岡誠人 20-19（1R 10-9/2R 10-10） 田澤康宏 20-18（1R 10-9/2R 10-9） 横山忠志 20-19（1R 10-9/2R 10-10）
61,2018-12-15,MOBSTYLES presents インフィニティリーグ2018優勝決定戦,,,UNCLASSIFIED,2858,2,,フェザー級,5分2R,276,葛西達,ストロングウィル古川,計量結果 :67.9 Kg,,1158,中山慎平,roots,計量結果 :67.4 Kg,,DRAW,"note judge tallies [('19', '19'), ('19', '19'), ('19', '19')] -> favors1=0 favors2=0 ties=3 (even)",,,,,,［レフェリー］岡田剛史 片岡誠人 19-19（1R 9-10/2R 10-9） 田澤康宏 19-19（1R 9-10/2R 10-9） 横山忠志 19-19（1R 9-10/2R 10-9）
61,2018-12-15,MOBSTYLES presents インフィニティリーグ2018優勝決定戦,,,UNCLASSIFIED,2859,1,,フライ級,5分2R,54,小川竜輔,リバーサルジム立川ALPHA,計量結果 :56.4 Kg,,1159,内田タケル,THE BLACKBELT JAPAN,計量結果 :55.9 Kg,uchida-takeru,F1_LOSS_F2_WIN,opacity (single fighter dimmed),2,02:55,submision,S,腕ひしぎ十字固め,［レフェリー］片岡誠人 岡田剛史 1R 10-10 田澤康宏 1R 9-10 横山忠志 1R 10-9
69,2018-11-18,プロフェッショナル修斗公式戦「越後風神祭り6」,,新潟県新潟市／新潟LOTS（ニイガタロッツ）,ECHIGO_REGIONAL;PRO_SHOOTO_MAINLINE,2860,6,,フェザー級,5分2R,669,久保村ヨシTERU,飛翔塾コンドル,計量結果 :65.7 Kg,,350,小林孝秀,SLACK,計量結果 :65.5 Kg,,F1_WIN_F2_LOSS,score 3-0 (overrides opacity if needed),,,ud,判定 3-0,,［レフェリー］ 草柳和宏 20-17（1R 10-9／2R 10-8） ［サブ・レフェリー］ 生駒純司 20-18（1R 10-9／2R 10-9） 藤石義和 20-17（1R 10-9／2R 10-8）
69,2018-11-18,プロフェッショナル修斗公式戦「越後風神祭り6」,,新潟県新潟市／新潟LOTS（ニイガタロッツ）,ECHIGO_REGIONAL;PRO_SHOOTO_MAINLINE,2861,5,,フェザー級,5分2R,276,葛西達,ストロングウィル古川,計量結果 :65.8 Kg,,1081,Jセロウ若林,SAI-GYM,計量結果 :65.6 Kg,,DRAW,score tied 1-1,,,ud,判定 1-1,,［レフェリー］ 草柳和宏 20-18（1R 10-9／2R 10-9） ［サブ・レフェリー］ 生駒純司 19-20（1R 9-10／2R 10-10） 藤石義和 20-20（1R 10-10／2R 10-10）
69,2018-11-18,プロフェッショナル修斗公式戦「越後風神祭り6」,,新潟県新潟市／新潟LOTS（ニイガタロッツ）,ECHIGO_REGIONAL;PRO_SHOOTO_MAINLINE,2862,4,,,5分2R,1165,大久保ヤスシ,ピロクテテス柔術アカデミー,,,1164,井田悟,パラエストラTB,,,F1_LOSS_F2_WIN,score 0-2 (overrides opacity if needed),,,ud,判定 0-2,,［レフェリー］ 草柳和宏 19-20（1R 10-10／2R 9-10） ［サブ・レフェリー］ 生駒純司 19-19（1R 10-9／2R 9-10） 小川将貴 19-20（1R 10-10／2R 9-10）
69,2018-11-18,プロフェッショナル修斗公式戦「越後風神祭り6」,,新潟県新潟市／新潟LOTS（ニイガタロッツ）,ECHIGO_REGIONAL;PRO_SHOOTO_MAINLINE,2863,3,新人王決定トーナメント,フェザー級,5分2R,1043,天雷しゅんすけ,UNDER GROUND,計量結果 :65.2 Kg,,1163,須貝THEYAMANBA,ピロクテテス新潟,計量結果 :65.5 Kg,,F1_LOSS_F2_WIN,score 0-2 (overrides opacity if needed),,,ud,判定 0-2,,※勝利した青：須貝が決勝戦進出。 1/20の大阪大会にてムテカツ（兵庫／ゴンズジム）と対戦。 ［レフェリー］ 草柳和宏 19-19（1R 9-10／2R 10-9） ［サブ・レフェリー］ 生駒純司 19-20（1R 9-10／2R 10-10） 山田泰範 18-20（1R 9-10／2R 9-10）
69,2018-11-18,プロフェッショナル修斗公式戦「越後風神祭り6」,,新潟県新潟市／新潟LOTS（ニイガタロッツ）,ECHIGO_REGIONAL;PRO_SHOOTO_MAINLINE,2864,2,新人王決定トーナメント,バンタム級,5分2R,1162,加藤裕彦,SAI-GYM,計量結果 :61.2 Kg,,1110,ガッツTakato,-,計量結果 :60.9 Kg,,F1_LOSS_F2_WIN,opacity (single fighter dimmed),2,02:10,tko,TKO,,※レフェリーストップ ※※勝利した青：天斗が決勝戦進出。 1/20の大阪大会にてハンセン玲雄（兵庫／総合格闘技道場reliable）と対戦。 ［レフェリー］ 草柳和宏 1R 10-9 ［サブ・レフェリー］ 生駒純司 1R 10-9 小川将貴 1R 10-9
69,2018-11-18,プロフェッショナル修斗公式戦「越後風神祭り6」,,新潟県新潟市／新潟LOTS（ニイガタロッツ）,ECHIGO_REGIONAL;PRO_SHOOTO_MAINLINE,2865,1,新人王決定トーナメント,,5分2R,1160,天雷智也,SLACK,計量結果 :69.8 Kg,,1161,磯部雄太,駿東修闘クラブ,計量結果 :70.1 Kg,,F1_WIN_F2_LOSS,score 3-0 (overrides opacity if needed),,,ud,判定 3-0,,※勝利した赤：天雷が決勝戦進出。 1/20の大阪大会にて林RICE陽太（大阪／パラエストラ東大阪）と対戦。 ［レフェリー］ 草柳和宏 20-16（1R 10-8／2R 10-8） ［サブ・レフェリー］ 生駒純司 20-16（1R 10-8／2R 10-8） 小川将貴 20-18（1R 10-9／2R 10-9）
60,2018-11-17,プロフェッショナル修斗後楽園ホール大会,,,UNCLASSIFIED,2849,10,世界バンタム級チャンピオンシップ,バンタム級,5分5R,176,佐藤将光,坂口道場一族,計量結果 :61.0 Kg,sato-shoko,285,齊藤曜,和術慧舟會トイカツ道場,計量結果 :61.0 Kg,,F1_WIN_F2_LOSS,opacity (single fighter dimmed),4,03:26,ko,KO,,王者：佐藤が2度目の防衛に成功。 ［レフェリー］豊永　稔 ［サブレフェリー］ 福田正人 1R 9-10/2R 9-10/3R 10-9 片岡誠人 1R 9-10/2R 9-10/3R 10-9 横山忠志 1R 10-10/2R 10-9/3R 10-9
60,2018-11-17,プロフェッショナル修斗後楽園ホール大会,,,UNCLASSIFIED,2829,9,,フライ級,5分3R,140,田丸匠,NASCER DO SOL,,,18,オニボウズ,総合格闘技ゴンズジム,,,UNRESOLVED,"both dimmed, no score, no judge tallies, no note keyword match",,,,,,
60,2018-11-17,プロフェッショナル修斗後楽園ホール大会,,,UNCLASSIFIED,2828,8,,バンタム級,5分3R,169,岡田遼,パラエストラ千葉,計量結果 :61.1 Kg,,1148,藤井伸樹,ALLIANCE,計量結果 :61.0 Kg,,F1_WIN_F2_LOSS,score 3-0 (overrides opacity if needed),,,ud,判定 3-0,,［レフェリー］片岡誠人 ［サブレフェリー］ 福田正人 29-28（1R 10-9/2R 10-9/3R 9-10） 田澤康宏 30-27（1R 10-9/2R 10-9/3R 10-9） 横山忠志 29-28（1R 10-9/2R 10-9/3R 9-10）
60,2018-11-17,プロフェッショナル修斗後楽園ホール大会,,,UNCLASSIFIED,2830,7,,ライト級,5分3R,984,小谷直之,ロデオスタイル,計量結果 :70.2 Kg,,1056,キャプテン☆アフリカ,総合格闘技道場コブラ会,計量結果 :70.2 Kg,captain-africa,F1_WIN_F2_LOSS,opacity (single fighter dimmed),2,00:51,submision,S,スリーパーホールド,［レフェリー］豊永　稔 ［サブレフェリー］ 福田正人 1R 8-10 松村　慶 1R 8-10 横山忠志 1R 9-10
60,2018-11-17,プロフェッショナル修斗後楽園ホール大会,,,UNCLASSIFIED,2831,6,,バンタム級,5分3R,195,安藤達也,フリー,計量結果 :61.2 Kg,ando-tatsuya,1127,南出剛,創道塾,計量結果 :61.0 Kg,,F1_WIN_F2_LOSS,opacity (single fighter dimmed),1,04:15,submision,S,スリーパーホールド,［レフェリー］福田正人
60,2018-11-17,プロフェッショナル修斗後楽園ホール大会,,,UNCLASSIFIED,2841,5,,ストロー級,5分3R,29,猿丸ジュンジ,修斗GYM東京,計量結果 :52.0 Kg,,1049,本田良介,CAVE,計量結果 :52.0 Kg,honda-ryosuke,F1_WIN_F2_LOSS,opacity (single fighter dimmed),,,technical-ud,テクニカル判定,,"2R0’17""偶発的なローブローにより、赤：猿丸の試合続行が不可能になったため。 ［レフェリー］福田正人 ［サブレフェリー］ 片岡誠人 20-19（1R 10-9/2R 10-10） 田澤康宏 20-19（1R 10-9/2R 10-10） 横山忠志 20-19（1R 10-9/2R 10-10）"
60,2018-11-17,プロフェッショナル修斗後楽園ホール大会,,,UNCLASSIFIED,2833,4,,ストロー級,5分3R,672,木内SKINNYZOMBIE崇雅,和術慧舟會GODS,計量結果 :52.0 Kg,,1129,安芸柊斗,MMA Zジム,計量結果 :52.0 Kg,,F1_WIN_F2_LOSS,opacity (single fighter dimmed),1,02:29,submision,S,フロントスリーパーホールド,［レフェリー］片岡誠人
60,2018-11-17,プロフェッショナル修斗後楽園ホール大会,,,UNCLASSIFIED,2832,3,,ライト級,5分3R,678,福本よう一,頂柔術,計量結果 :70.3 Kg,,1096,エドモンド金子,BRAVE,計量結果 :70.3 Kg,,F1_WIN_F2_LOSS,score 2-1 (overrides opacity if needed),,,ud,判定 2-1,,［レフェリー］豊永　稔 ［サブレフェリー］ 片岡誠人 29-28（1R 9-10/2R 10-9/3R 10-9） 田澤康宏 29-28（1R 9-10/2R 10-9/3R 10-9） 松村　慶 28-29（1R 9-10/2R 9-10/3R 10-9）
60,2018-11-17,プロフェッショナル修斗後楽園ホール大会,,,UNCLASSIFIED,2842,2,,ライト級,5分3R,1155,キウォンビン,TEAM POSSE,計量結果 :69.4 Kg,,363,星野大介,総合格闘技津田沼道場,計量結果 :70.3 Kg,,F1_WIN_F2_LOSS,opacity (single fighter dimmed),1,02:50,submision,S,腕ひしぎ十字固め,［レフェリー］片岡誠人
60,2018-11-17,プロフェッショナル修斗後楽園ホール大会,,,UNCLASSIFIED,2844,1,,バンタム級,5分2R,1116,倉本一真,"リバーサルジム新宿Me,We",計量結果 :61.0 Kg,,270,岩鬼,フリー,計量結果 :61.2 Kg,,F1_WIN_F2_LOSS,opacity (single fighter dimmed),1,01:44,ko,KO,,［レフェリー］片岡誠人
60,2018-11-17,プロフェッショナル修斗後楽園ホール大会,,,UNCLASSIFIED,2850,,,キッズ・ジュニア修斗,4分1R,1156,藤田寛士,坂口道場一族,,,1157,片岡大河,パラエストラチームリバーサル,,,F1_LOSS_F2_WIN,opacity (single fighter dimmed),1,02:48,submision,S,V1アームロック,［レフェリー］遠藤雄介
64,2018-10-26,SHOOTO GIG TOKYO Vol.26,,東京・新宿FACE,GIG_UNDERCARD_SERIES,2845,8,,フェザー級,5分2R,314,山本健斗デリカット,総合格闘技道場コブラ会,計量結果 :65.6 Kg,,1115,工藤諒司,TRIBE TOKYO M.M.A,計量結果 :65.7 Kg,,F1_WIN_F2_LOSS,score 3-0 (overrides opacity if needed),,,ud,判定 3-0,,［レフェリー］豊永　稔 ［サブレフェリー］ 福田正人 20-19（1R 10-10/2R 10-9） 大内　敬 20-18（1R 10-9/2R 10-9） 片岡誠人 20-18（1R 10-9/2R 10-9）
64,2018-10-26,SHOOTO GIG TOKYO Vol.26,,東京・新宿FACE,GIG_UNDERCARD_SERIES,2836,7,,フェザー級,5分2R,1042,ほしのゆたか,和術慧舟會HEARTS,計量結果 :65.4 Kg,,297,高橋孝徳,"リバーサルジム新宿Me,We",計量結果 :65.7 Kg,,F1_LOSS_F2_WIN,score 0-3 (overrides opacity if needed),,,ud,判定 0-3,,［レフェリー］福田正人 ［サブレフェリー］ 豊永　稔 18-20（1R 9-10/2R 9-10） 大内　敬 17-20（1R 8-10/2R 9-10） 横山忠志 16-20（1R 8-10/2R 8-10）
64,2018-10-26,SHOOTO GIG TOKYO Vol.26,,東京・新宿FACE,GIG_UNDERCARD_SERIES,2834,6,,バンタム級,5分2R,209,金物屋の秀,SHOOTO GYM K'z FACTORY,計量結果 :61.2 Kg,,567,鬼神光司,ブレイブハート,計量結果 :61.0 Kg,,F1_WIN_F2_LOSS,score 2-0 (overrides opacity if needed),,,ud,判定 2-0,,福田正人 20-19（1R 10-9/2R 10-10） 松村　慶 20-19（1R 10-10/2R 10-9） 横山忠志 20-20（1R 10-10/2R 10-10）
64,2018-10-26,SHOOTO GIG TOKYO Vol.26,,東京・新宿FACE,GIG_UNDERCARD_SERIES,2838,5,,フライ級,5分2R,160,六本木洋,総合格闘技道場STF,計量結果 :56.5 Kg,,700,芳原零,ブレイブハート,計量結果 :56.5 Kg,,F1_LOSS_F2_WIN,score 0-3 (overrides opacity if needed),,,ud,判定 0-3,,［レフェリー］福田正人 ［サブレフェリー］ 片岡誠人 18-20（1R 9-10/2R 9-10） 大内　敬 18-20（1R 9-10/2R 9-10） 横山忠志 18-20（1R 9-10/2R 9-10）
64,2018-10-26,SHOOTO GIG TOKYO Vol.26,,東京・新宿FACE,GIG_UNDERCARD_SERIES,2839,4,,フライ級,5分2R,1139,大竹陽,HAGANE GYM,計量結果 :56.6 Kg,,1118,長谷川直弘,AACC,計量結果 :56.5 Kg,,F1_LOSS_F2_WIN,score 0-3 (overrides opacity if needed),,,ud,判定 0-3,,［レフェリー］福田正人 ［サブレフェリー］ 片岡誠人 18-20（1R 9-10/2R 9-10） 大内　敬 19-20（1R 9-10/2R 10-10） 横山忠志 18-20（1R 9-10/2R 9-10）
64,2018-10-26,SHOOTO GIG TOKYO Vol.26,,東京・新宿FACE,GIG_UNDERCARD_SERIES,2847,3,,,5分2R,129,輝龍,roots,計量結果 :59.2 Kg,,1152,奥平季之,CROW FOREST,計量結果 :59.6 Kg,,F1_WIN_F2_LOSS,score 3-0 (overrides opacity if needed),,,ud,判定 3-0,,［レフェリー］片岡誠人 ［サブレフェリー］ 豊永　稔 20-18（1R 10-9/2R 10-9） 松村　慶 20-18（1R 10-8/2R 10-10） 福田正人 20-17（1R 10-8/2R 10-9）
64,2018-10-26,SHOOTO GIG TOKYO Vol.26,,東京・新宿FACE,GIG_UNDERCARD_SERIES,2846,2,,,5分2R,561,有川大介,パラエストラ小岩,計量結果 :67.6 Kg,,1151,田村渓,パラエストラ松戸,計量結果 :67.6 Kg,,F1_LOSS_F2_WIN,opacity (single fighter dimmed),1,03:39,ko,KO,,［レフェリー］片岡誠人
64,2018-10-26,SHOOTO GIG TOKYO Vol.26,,東京・新宿FACE,GIG_UNDERCARD_SERIES,2848,1,新人王決定トーナメント,ストロー級,5分2R,1153,津村有哉,リバーサルジム川口REDIPS,計量結果 :52.2 Kg,,1154,大勝たくにぃ,MMA Zジム,計量結果 :52.1 Kg,,F1_WIN_F2_LOSS,score 3-0 (overrides opacity if needed),,,ud,判定 3-0,,［サブレフェリー］ 豊永　稔 20-18（1R 10-9/2R 10-9） 松村　慶 20-18（1R 10-9/2R 10-9） 小島邦裕 20-18（1R 10-9/2R 10-9）
64,2018-10-26,SHOOTO GIG TOKYO Vol.26,,東京・新宿FACE,GIG_UNDERCARD_SERIES,2835,,,ライト級,5分2R,355,鈴木淑徳,オフィス淑徳軍,,,667,小野寺裕也,サイトー會舘,,,UNRESOLVED,"both dimmed, no score, no judge tallies, no note keyword match",,,,,,
59,2018-09-23,プロフェッショナル修斗後楽園ホール大会,,,UNCLASSIFIED,2819,9,,フェザー級,5分3R,255,TOMA,直心会TK68,計量結果 :65.5 Kg,toma,266,リオン武,ライジングサン,計量結果 :65.8 Kg,,F1_LOSS_F2_WIN,score 0-3 (overrides opacity if needed),,,ud,判定 0-3,,［レフェリー］豊永　稔 ［サブ・レフェリー］ 松根良太 27-30（1R 9-10／2R 9-10／3R 9-10） 片岡誠人 27-30（1R 9-10／2R 9-10／3R 9-10） 大内　敬 28-29（1R 9-10／2R 10-9／3R 9-10）
59,2018-09-23,プロフェッショナル修斗後楽園ホール大会,,,UNCLASSIFIED,2820,8,,バンタム級,5分3R,305,平川智也,マスタージャパン,計量結果 :61.1 Kg,,183,根津優太,&MOSH,計量結果 :61.2 Kg,,F1_LOSS_F2_WIN,score 0-3 (overrides opacity if needed),,,ud,判定 0-3,,［レフェリー］片岡誠人 ［サブ・レフェリー］ 松根良太 27-30（1R 9-10／2R 9-10／3R 9-10） 田澤康宏 27-30（1R 9-10／2R 9-10／3R 9-10） 大内　敬 28-29（1R 9-10／2R 9-10／3R 10-9）
59,2018-09-23,プロフェッショナル修斗後楽園ホール大会,,,UNCLASSIFIED,2824,7,,バンタム級,5分3R,161,石橋佳大,ZEEKジム,計量結果 :61.2 Kg,,1136,ドレックスザンボアンガ,TOUGH GUYS INTERNATIONAL,計量結果 :61.2 Kg,,F1_WIN_F2_LOSS,score 3-0 (overrides opacity if needed),,,ud,判定 3-0,,［レフェリー］松根良太 ［サブ・レフェリー］ 豊永　稔 30-26（1R 10-9／2R 10-8／3R 10-9） 片岡誠人 29-27（1R 10-9／2R 10-8／3R 9-10） 松村　慶 30-26（1R 10-9／2R 10-8／3R 10-9）
59,2018-09-23,プロフェッショナル修斗後楽園ホール大会,,,UNCLASSIFIED,2823,6,,ライト級,5分3R,247,大尊伸光,野田ボディビル同好会,計量結果 :70.2 Kg,,1102,田中有,総合格闘技道場reliable,計量結果 :69.9 Kg,,F1_WIN_F2_LOSS,opacity (single fighter dimmed),1,02:20,ko,KO,,1R、赤：大尊に頭髪への塗布物の使用による減点1。 ［レフェリー］片岡誠人
59,2018-09-23,プロフェッショナル修斗後楽園ホール大会,,,UNCLASSIFIED,2825,5,,フライ級,5分3R,147,石井逸人,TRIBE TOKYO M.M.A,計量結果 :56.6 Kg,,100,清水清隆,TRIBE TOKYO M.M.A,計量結果 :56.7 Kg,,F1_LOSS_F2_WIN,opacity (single fighter dimmed),1,04:09,ko,KO,,［レフェリー］片岡誠人
59,2018-09-23,プロフェッショナル修斗後楽園ホール大会,,,UNCLASSIFIED,2821,4,,バンタム級,5分3R,198,魚井フルスイング,和術慧舟會HEARTS,計量結果 :61.1 Kg,,12,土屋大喜,roots,計量結果 :61.1 Kg,,F1_WIN_F2_LOSS,opacity (single fighter dimmed),2,01:30,ko,KO,,［レフェリー］豊永　稔 ［サブ・レフェリー］ 松根良太 1R 10-10 大内　敬 1R 10-10 松村　慶 1R 10-9
59,2018-09-23,プロフェッショナル修斗後楽園ホール大会,,,UNCLASSIFIED,2728,3,インフィニティリーグ2018,ストロー級,5分2R,84,箕輪ひろば,総合格闘技道場STF,計量結果 :52.0 Kg,minowa-hiroba,59,小巻洋平,総合格闘技道場reliable,計量結果 :52.1 Kg,,F1_WIN_F2_LOSS,opacity (single fighter dimmed),1,04:36,ko,KO,,勝利した青：箕輪が勝ち点4（計7点）を獲得。 ［レフェリー］松根良太
59,2018-09-23,プロフェッショナル修斗後楽園ホール大会,,,UNCLASSIFIED,2827,2,,女子,5分2R,1108,セラ,PUREBRED,計量結果 :60.7 Kg,,1147,高森惟舞,BURST,計量結果 :60.0 Kg,,F1_WIN_F2_LOSS,score 3-0 (overrides opacity if needed),,,ud,判定 3-0,,［レフェリー］松根良太 ［サブ・レフェリー］ 豊永　稔 20-18（1R 10-9／2R 10-9） 田澤康宏 20-18（1R 10-9／2R 10-9） 横山忠志 20-18（1R 10-9／2R 10-9）
59,2018-09-23,プロフェッショナル修斗後楽園ホール大会,,,UNCLASSIFIED,2826,1,,バンタム級,5分2R,214,齋藤翼,総合格闘技道場津田沼道場/FIGHT FARM,計量結果 :61.1 Kg,,1032,水島宏,roots,計量結果 :61.0 Kg,,F1_WIN_F2_LOSS,opacity (single fighter dimmed),2,02:03,submision,S,スリーパーホールド,［レフェリー］豊永　稔 ［サブ・レフェリー］ 松根良太 1R 10-9 田澤康宏 1R 10-9 横山忠志 1R 10-9
59,2018-09-23,プロフェッショナル修斗後楽園ホール大会,,,UNCLASSIFIED,2840,,,キッズ・ジュニア修斗,3分1R,1149,渡邉櫂,SHOOTO GYM K'z FACTORY,計量結果 :31.5 Kg,,1150,相澤颯人,心技館,計量結果 :29.1 Kg,,F1_WIN_F2_LOSS,opacity (single fighter dimmed),1,00:54,submision,S,腕ひしぎ十字固め,［レフェリー］大内　敬
59,2018-09-23,プロフェッショナル修斗後楽園ホール大会,,,UNCLASSIFIED,2729,,インフィニティリーグ2018,ストロー級,5分2R,35,ニシダ☆ショー,BURST,,,51,楳沢智治,AACC×SPIDER,,,UNRESOLVED,"both dimmed, no score, no judge tallies, no note keyword match",,,,,,
65,2018-08-03,This is SHOOTO Vol.2,,,UNCLASSIFIED,2809,7,,バンタム級,5分3R,195,安藤達也,フリー,計量結果 :61.1 Kg,ando-tatsuya,209,金物屋の秀,SHOOTO GYM K'z FACTORY,計量結果 :61.2 Kg,,F1_WIN_F2_LOSS,score 3-0 (overrides opacity if needed),,,ud,判定 3-0,,［レフェリー］豊永 稔 ［サブ・レフェリー］ 片岡誠人 30-27（1R 10-9／2R 10-9／3R 10-9） 大内 敬 30-26（1R 10-9／2R 10-9／3R 10-8） 横山忠志 30-27（1R 10-9／2R 10-9／3R 10-9）
65,2018-08-03,This is SHOOTO Vol.2,,,UNCLASSIFIED,2813,6,,フライ級,5分2R,144,仲宗根武蔵,Theパラエストラ沖縄,計量結果 :56.7 Kg,,959,関口祐冬,修斗GYM東京,計量結果 :56.7 Kg,,F1_WIN_F2_LOSS,score 3-0 (overrides opacity if needed),,,ud,判定 3-0,,［レフェリー］片岡誠人 ［サブ・レフェリー］ 豊永 稔 20-19（1R 10-10／2R 10-9） 大内 敬 20-18（1R 10-9／2R 10-9） 田澤康宏 20-18（1R 10-9／2R 10-9）
65,2018-08-03,This is SHOOTO Vol.2,,,UNCLASSIFIED,2816,5,,バンタム級,5分2R,199,海下DRAGON竜太,パラエストラTB,計量結果 :61.2 Kg,,566,緒方史朗,パラエストラ松戸,計量結果 :61.0 Kg,,F1_WIN_F2_LOSS,score 3-0 (overrides opacity if needed),,,ud,判定 3-0,,［レフェリー］豊永 稔 ［サブ・レフェリー］ 片岡誠人 20-18（1R 10-9／2R 10-9） 大内 敬 20-18（1R 10-9／2R 10-9） 田澤康宏 20-18（1R 10-9／2R 10-9）
65,2018-08-03,This is SHOOTO Vol.2,,,UNCLASSIFIED,2815,4,,フライ級,5分2R,25,飯野タテオ,和術慧舟會HEARTS,計量結果 :56.3 Kg,,54,小川竜輔,リバーサルジム立川ALPHA,計量結果 :56.3 Kg,,F1_WIN_F2_LOSS,opacity (single fighter dimmed),1,01:04,ko,KO,,［レフェリー］豊永 稔
65,2018-08-03,This is SHOOTO Vol.2,,,UNCLASSIFIED,2814,3,,ライト級,5分2R,355,鈴木淑徳,オフィス淑徳軍,計量結果 :70.1 Kg,,1058,Ju-seiAquila,パラエストラ小岩,計量結果 :70.1 Kg,,DRAW,score tied 0-0,,,ud,判定 0-0,,［レフェリー］片岡誠人 ［サブ・レフェリー］ 豊永 稔 19-19（1R 10-9／2R 9-10） 田澤康宏 19-19（1R 10-9／2R 9-10） 横山忠志 19-19（1R 10-9／2R 9-10）
65,2018-08-03,This is SHOOTO Vol.2,,,UNCLASSIFIED,2817,2,,バンタム級,5分2R,270,岩鬼,フリー,計量結果 :61.0 Kg,,1050,小林佳純,HAGANE GYM,計量結果 :61.1 Kg,,F1_LOSS_F2_WIN,score 0-1 (overrides opacity if needed),,,ud,判定 0-1,,豊永 稔 19-20（1R 10-10／2R 9-10） 松村 慶 19-19（1R 10-9／2R 9-10） 横山忠志 19-19（1R 10-9／2R 9-10）
65,2018-08-03,This is SHOOTO Vol.2,,,UNCLASSIFIED,2818,1,新人王決定トーナメント 1回戦,フライ級,5分2R,1144,平良達郎,Theパラエストラ沖縄,計量結果 :56.7 Kg,taira-tatsuro,1139,大竹陽,HAGANE GYM,計量結果 :56.3 Kg,,F1_WIN_F2_LOSS,opacity (single fighter dimmed),1,02:46,submision,S,三角絞め,※※勝利した赤：平良がトーナメント決勝戦進出。 ［レフェリー］豊永 稔
58,2018-07-15,プロフェッショナル修斗後楽園ホール大会,,,UNCLASSIFIED,2795,8,世界バンタム級チャンピオンシップ,,5分5R,176,佐藤将光,坂口道場一族,計量結果 :60.9 Kg,sato-shoko,1079,トリスタングリムズリー,-,計量結果 :61.2 Kg,,F1_WIN_F2_LOSS,opacity (single fighter dimmed),1,04:20,ko,KO,,佐藤が初防衛に成功。［レフェリー］豊永　稔
58,2018-07-15,プロフェッショナル修斗後楽園ホール大会,,,UNCLASSIFIED,2796,7,,フライ級,5分3R,140,田丸匠,NASCER DO SOL,計量結果 :56.7 Kg,,28,猿田洋祐,和術慧舟會HEARTS,計量結果 :56.6 Kg,,F1_WIN_F2_LOSS,opacity (single fighter dimmed),3,03:49,tko,TKO,,※レフェリーストップ ［レフェリー］福田正人 ［サブレフェリー］ 豊永　稔 1R 9-10／2R 10-9 片岡誠人 1R 10-10／2R 10-9 横山忠志 1R 10-10／2R 10-9
58,2018-07-15,プロフェッショナル修斗後楽園ホール大会,,,UNCLASSIFIED,2793,6,,フライ級,5分3R,100,清水清隆,TRIBE TOKYO M.M.A,計量結果 :56.6 Kg,,142,内藤頌貴,THE BLACKBELT JAPAN,計量結果 :56.7 Kg,,F1_WIN_F2_LOSS,score 3-0 (overrides opacity if needed),,,ud,判定 3-0,,［レフェリー］片岡誠人 ［サブレフェリー］ 福田正人 30-29（1R 10-10／2R 10-9／3R 10-10） 大内　敬 29-28（1R 10-9／2R 10-9／3R 9-10） 横山忠志 30-29（1R 10-10／2R 10-9／3R 10-10）
58,2018-07-15,プロフェッショナル修斗後楽園ホール大会,,,UNCLASSIFIED,2805,5,,バンタム級,5分3R,130,加藤ケンジ,NeighborHood,計量結果 :61.1 Kg,,1051,笹晋久,THE BLACKBELT JAPAN,計量結果 :61.1 Kg,,F1_WIN_F2_LOSS,score 2-0 (overrides opacity if needed),,,ud,判定 2-0,,［レフェリー］豊永　稔 ［サブレフェリー］ 福田正人 29-28（1R 10-9／2R 10-9／3R 9-10） 大内　敬 29-29（1R 10-10／2R 10-9／3R 9-10） 片岡誠人 30-28（1R 10-9／2R 10-9／3R 10-10）
58,2018-07-15,プロフェッショナル修斗後楽園ホール大会,,,UNCLASSIFIED,2794,4,,フェザー級,5分2R,269,稲葉聡,秋本道場Jungle Junction,計量結果 :65.7 Kg,,1115,工藤諒司,TRIBE TOKYO M.M.A,計量結果 :65.7 Kg,,DRAW,score tied 0-0,,,ud,判定 0-0,,［レフェリー］福田正人 ［サブレフェリー］ 豊永　稔 19-19（1R 10-9／2R 9-10） 大内　敬 19-19（1R 10-9／2R 9-10） 片岡誠人 19-19（1R 10-9／2R 9-10）
58,2018-07-15,プロフェッショナル修斗後楽園ホール大会,,,UNCLASSIFIED,2810,3,,ストロー級,5分2R,672,木内SKINNYZOMBIE崇雅,和術慧舟會GODS,計量結果 :51.9 Kg,,1049,本田良介,CAVE,計量結果 :52.2 Kg,honda-ryosuke,F1_LOSS_F2_WIN,score 0-2 (overrides opacity if needed),,,ud,判定 0-2,,［レフェリー］福田正人 ［サブレフェリー］ 豊永　稔 18-20（1R 9-10／2R 9-10） 片岡誠人 19-19（1R 10-9／2R 9-10） 横山忠志 18-20（1R 9-10／2R 9-10）
58,2018-07-15,プロフェッショナル修斗後楽園ホール大会,,,UNCLASSIFIED,2727,2,インフィニティリーグ2018,ストロー級,5分2R,49,新井丈,和術慧舟會HEARTS,計量結果 :52.2 Kg,arai-jo,59,小巻洋平,総合格闘技道場reliable,計量結果 :52.0 Kg,,F1_LOSS_F2_WIN,opacity (single fighter dimmed),1,01:15,submision,S,スリーパーホールド,勝利した赤：小巻が勝ち点4を獲得。（累計11点） ［レフェリー］片岡誠人
58,2018-07-15,プロフェッショナル修斗後楽園ホール大会,,,UNCLASSIFIED,2811,1,,フェザー級,5分2R,297,高橋孝徳,"リバーサルジム新宿Me,We",計量結果 :65.6 Kg,,642,結城大樹,MASTER JAPAN FUKUOKA,計量結果 :65.7 Kg,,DRAW,score tied 0-0,,,ud,判定 0-0,,［レフェリー］片岡誠人 ［サブレフェリー］ 豊永　稔 19-19（1R 9-10／2R 10-9） 大内　敬 19-19（1R 9-10／2R 10-9） 横山忠志 19-19（1R 9-10／2R 10-9）
58,2018-07-15,プロフェッショナル修斗後楽園ホール大会,,,UNCLASSIFIED,2812,,,,5分2R,624,國頭武,BURST,計量結果 :65.7 Kg,,1141,野瀬翔平,MASTER JAPAN FUKUOKA,計量結果 :65.2 Kg,nose-shohei,DRAW,score tied 0-0,2,,ud,判定 0-0,,［レフェリー］豊永　稔 ［サブレフェリー］ 福田正人 19-19（1R 9-10／2R 10-9） 片岡誠人 19-19（1R 9-10／2R 10-9） 大内　敬 19-19（1R 9-10／2R 10-9）
58,2018-07-15,プロフェッショナル修斗後楽園ホール大会,,,UNCLASSIFIED,2822,,,キッズ・ジュニア修斗,3分1R,1145,髙橋瑞希,crowforest,計量結果 :36.2 Kg,,1146,加藤友英,K'zファクトリー,計量結果 :37.1 Kg,,F1_WIN_F2_LOSS,score 3-0 (overrides opacity if needed),,,ud,判定 3-0,,［レフェリー］大内　敬 ［サブレフェリー］ 片岡誠人 10-9 鈴野利之 10-9 横山忠志 10-9
150,2018-07-01,闘裸男22 Direction of the Cage2,プロフェッショナル修斗公式戦山口大会,新南陽ふれあいセンター/山口県周南市,TORAO_REGIONAL;PRO_SHOOTO_MAINLINE,3606,8,,,5分3R,309,摩嶋一整,毛利道場,計量結果 :67.7 Kg,majima-kazumasa,268,天草ストロンガー四郎,総合格闘技チームソフトコンタクト,計量結果 :65.5 Kg,,F1_WIN_F2_LOSS,opacity (single fighter dimmed),1,03:03,submision,S,スリーパーホールド,［レフェリー］ 福田正人
150,2018-07-01,闘裸男22 Direction of the Cage2,プロフェッショナル修斗公式戦山口大会,新南陽ふれあいセンター/山口県周南市,TORAO_REGIONAL;PRO_SHOOTO_MAINLINE,3607,7,,,5分2R,1212,毛利昭彦,毛利道場,,,334,武田飛翔,Trister Gym,,,F1_WIN_F2_LOSS,opacity (single fighter dimmed),2,02:37,ko,KO,,［レフェリー］福田正人 ［サブレフェリー］ 弘中邦佳 1R 10-10 赤崎勝久 1R 10-10 吉田元貴 1R 9-10
150,2018-07-01,闘裸男22 Direction of the Cage2,プロフェッショナル修斗公式戦山口大会,新南陽ふれあいセンター/山口県周南市,TORAO_REGIONAL;PRO_SHOOTO_MAINLINE,3608,6,,,5分2R,1214,藤井章太,フリー,,,1213,チョンチャンヒョン,フリー,,,F1_WIN_F2_LOSS,opacity (single fighter dimmed),1,01:12,ko,KO,,［レフェリー］福田正人
150,2018-07-01,闘裸男22 Direction of the Cage2,プロフェッショナル修斗公式戦山口大会,新南陽ふれあいセンター/山口県周南市,TORAO_REGIONAL;PRO_SHOOTO_MAINLINE,3609,5,,,5分2R,290,里本一也,パラエストラ広島,,,1215,星野豊,和術慧舟會HEARTS,,,F1_LOSS_F2_WIN,score 0-2 (overrides opacity if needed),,,ud,判定 0-2,,［レフェリー］福田正人 ［サブレフェリー］ 弘中邦佳 19-20（1R 9-10/2R 10-10） 松根良太 19-19（1R 9-10/2R 10-9） 吉田元貴 19-20（1R 9-10/2R 10-10）
150,2018-07-01,闘裸男22 Direction of the Cage2,プロフェッショナル修斗公式戦山口大会,新南陽ふれあいセンター/山口県周南市,TORAO_REGIONAL;PRO_SHOOTO_MAINLINE,3610,4,,フェザー級,5分2R,1106,宮崎清孝,有永道場 Team Resolve,,,204,岡田剛史,TKエスペランサ,,,F1_LOSS_F2_WIN,score 0-1 (overrides opacity if needed),,,ud,判定 0-1,,［レフェリー］吉田元貴 ［サブレフェリー］ 弘中邦佳 19-19（1R 9-10/2R 10-9） 松根良太 19-19（1R 9-10/2R 10-9） 福田正人 19-20（1R 9-10/2R 10-10）
150,2018-07-01,闘裸男22 Direction of the Cage2,プロフェッショナル修斗公式戦山口大会,新南陽ふれあいセンター/山口県周南市,TORAO_REGIONAL;PRO_SHOOTO_MAINLINE,3611,3,,女子アトム級,5分2R,1090,佐藤絵実,毛利道場,,,1216,原田佳来,赤崎道場A-SPIRIT,,,F1_WIN_F2_LOSS,score 2-0 (overrides opacity if needed),,,ud,判定 2-0,,［レフェリー］吉田元貴 ［サブレフェリー］ 弘中邦佳 19-19（1R 9-10/2R 10-9） 松根良太 20-17（1R 10-8/2R 10-9） 福田正人 20-18（1R 10-9/2R 10-9）
150,2018-07-01,闘裸男22 Direction of the Cage2,プロフェッショナル修斗公式戦山口大会,新南陽ふれあいセンター/山口県周南市,TORAO_REGIONAL;PRO_SHOOTO_MAINLINE,3613,2,,バンタム級,5分2R,899,Nori,有永道場 Team Resolve,,,1054,ピットブルタカシ,666FIXXER,,,F1_LOSS_F2_WIN,score 0-1 (overrides opacity if needed),,,ud,判定 0-1,,［レフェリー］吉田元貴 ［サブレフェリー］ 弘中邦佳 19-19（1R 10-9/2R 9-10） 赤崎勝久 19-19（1R 10-9/2R 9-10） 福田正人 18-20（1R 9-10/2R 9-10）
150,2018-07-01,闘裸男22 Direction of the Cage2,プロフェッショナル修斗公式戦山口大会,新南陽ふれあいセンター/山口県周南市,TORAO_REGIONAL;PRO_SHOOTO_MAINLINE,3612,1,,バンタム級,5分2R,968,秋山翼,毛利道場,,,1048,MCたわし,Theパラエストラ沖縄,,,DRAW,score tied 0-0,,,ud,判定 0-0,,［レフェリー］吉田元貴 ［サブレフェリー］ 弘中邦佳 19-19（1R 10-9/2R 9-10） 赤崎勝久 19-19（1R 10-9/2R 9-10） 福田正人 19-19（1R 10-9/2R 9-10）
57,2018-06-17,プロフェッショナル修斗 in OSAKA 2018,,,UNCLASSIFIED,2791,8,第9代環太平洋フェザー級チャンピオン決定戦,フェザー級,5分3R,255,TOMA,直心会TK68,計量結果 :65.8 Kg,toma,314,山本健斗デリカット,総合格闘技道場コブラ会,計量結果 :65.7 Kg,,F1_WIN_F2_LOSS,opacity (single fighter dimmed),1,01:30,ko,KO,,赤：TOMAが第9代環太平洋フェザー級王座を獲得 ［レフェリー］豊永　稔
57,2018-06-17,プロフェッショナル修斗 in OSAKA 2018,,,UNCLASSIFIED,2797,7,,フライ級,5分3R,11,前田吉朗,パンクラス大阪稲垣組,計量結果 :56.5 Kg,,18,オニボウズ,総合格闘技ゴンズジム,計量結果 :56.5 Kg,,F1_WIN_F2_LOSS,score 3-0 (overrides opacity if needed),,,ud,判定 3-0,,［レフェリー］吉田元貴 ［サブレフェリー］ 豊島孝尚　30-27（1R 10-9／2R 10-9／3R 10-9） 片岡誠人　30-27（1R 10-9／2R 10-9／3R 10-9） 豊永　稔　30-27（1R 10-9／2R 10-9／3R 10-9）
57,2018-06-17,プロフェッショナル修斗 in OSAKA 2018,,,UNCLASSIFIED,2808,6,,ライト級,5分3R,1056,キャプテン☆アフリカ,総合格闘技道場コブラ会,計量結果 :70.2 Kg,captain-africa,1142,キムギョンピョ,MMA STORY,計量結果 :70.1 Kg,,F1_LOSS_F2_WIN,opacity (single fighter dimmed),1,01:50,ko,KO,,［レフェリー］吉田元貴
57,2018-06-17,プロフェッショナル修斗 in OSAKA 2018,,,UNCLASSIFIED,2803,5,,フェザー級,5分3R,296,高野明,MMA修斗ジムBLOWS,計量結果 :65.8 Kg,,1143,イムジョンミン,MMA STORY,計量結果 :65.3 Kg,,F1_WIN_F2_LOSS,opacity (single fighter dimmed),3,01:47,ko,KO,,［レフェリー］片岡誠人 ［サブ・レフェリー］ 豊島孝尚　1R 10-10／2R 9-10 豊永　稔　1R 10-9／2R 10-10 田中竜一　1R 10-9／2R 10-9
57,2018-06-17,プロフェッショナル修斗 in OSAKA 2018,,,UNCLASSIFIED,2800,4,,ストロー級,5分2R,38,マッチョザバタフライ,総合格闘技道場コブラ会,計量結果 :52.2 Kg,,1129,安芸柊斗,MMA Zジム,計量結果 :52.2 Kg,,F1_LOSS_F2_WIN,opacity (single fighter dimmed),1,00:30,ko,KO,,［レフェリー］吉田元貴
57,2018-06-17,プロフェッショナル修斗 in OSAKA 2018,,,UNCLASSIFIED,2798,3,,バンタム級,5分3R,127,奇天烈,修斗GYMS直心会,計量結果 :60.9 Kg,,295,ダイキライトイヤー,修斗GYM神戸,計量結果 :61.1 Kg,,F1_WIN_F2_LOSS,score 3-0 (overrides opacity if needed),,,ud,判定 3-0,,［レフェリー］片岡誠人 ［サブ・レフェリー］ 豊島孝尚　30-28（1R 10-9／2R 10-9／3R 10-10） 豊永　稔　30-28（1R 10-9／2R 10-9／3R 10-10） 吉田元貴　30-28（1R 10-9／2R 10-9／3R 10-10）
57,2018-06-17,プロフェッショナル修斗 in OSAKA 2018,,,UNCLASSIFIED,2726,2,インフィニティリーグ2018,ストロー級,5分2R,35,ニシダ☆ショー,BURST,計量結果 :52.0 Kg,,59,小巻洋平,総合格闘技道場reliable,計量結果 :52.2 Kg,,F1_LOSS_F2_WIN,opacity (single fighter dimmed),2,00:11,tko,TKO,,※赤：ニシダの出血によるレフェリーストップ ※※青：小巻は勝ち点3（累計7点）を獲得 ［レフェリー］豊永　稔 ［サブ・レフェリー］ 豊島孝尚　1R 10-9 片岡誠人　1R 10-9 田中竜一　1R 10-9
57,2018-06-17,プロフェッショナル修斗 in OSAKA 2018,,,UNCLASSIFIED,2799,1,,ライト級,5分2R,406,長田拓也,BLOWS,計量結果 :69.9 Kg,,1102,田中有,総合格闘技道場reliable,計量結果 :69.9 Kg,,F1_LOSS_F2_WIN,opacity (single fighter dimmed),2,03:55,ko,KO,,［レフェリー］豊永　稔 ［サブ・レフェリー］ 豊島孝尚　1R 10-10 片岡誠人　1R 10-10 田中竜一　1R 10-10
57,2018-06-17,プロフェッショナル修斗 in OSAKA 2018,,,UNCLASSIFIED,2801,2,,フライ級,5分2R,27,小堀貴広,総合格闘技ゴンズジム,計量結果 :56.6 Kg,,223,西村大地,パラエストラ天満,計量結果 :56.6 Kg,,F1_WIN_F2_LOSS,opacity (single fighter dimmed),1,02:07,submision,S,スリーパーホールド,［レフェリー］片岡誠人
57,2018-06-17,プロフェッショナル修斗 in OSAKA 2018,,,UNCLASSIFIED,2802,1,,フェザー級,5分2R,1120,ムテカツ,総合格闘技ゴンズジム,計量結果 :65.4 Kg,,1140,後藤陽駆,シューティングジム大阪,計量結果 :65.2 Kg,,F1_LOSS_F2_WIN,score 0-3 (overrides opacity if needed),,,ud,判定 0-3,,［レフェリー］片岡誠人 ［サブ・レフェリー］ 豊島孝尚　18-20（1R 10-10／2R 8-10） 吉田元貴　17-20（1R 9-10／2R 8-10） 田中竜一　18-19（1R 10-9／2R 8-10）
56,2018-05-13,プロフェッショナル修斗川崎大会,,,UNCLASSIFIED,2787,8,,,5分3R,5,斎藤裕,パラエストラ小岩,計量結果 :66.1 Kg,saito-yutaka,266,リオン武,ライジングサン,計量結果 :66.0 Kg,,F1_WIN_F2_LOSS,score 3-0 (overrides opacity if needed),,,ud,判定 3-0,,［レフェリー］豊永　稔 ［サブ・レフェリー］ 福田正人 30-29（1R 10-10／2R 10-9／3R 10-10） 松根良太 29-28（1R 10-9／2R 10-9／3R 9-10） 片岡誠人 29-28（1R 10-9／2R 10-9／3R 9-10）
56,2018-05-13,プロフェッショナル修斗川崎大会,,,UNCLASSIFIED,2786,7,世界ストロー級チャンピオンシップ,,5分5R,28,猿田洋祐,和術慧舟會HEARTS,計量結果 :52.1 Kg,,85,村田一着,NEW GROUND,計量結果 :52.2 Kg,,F1_WIN_F2_LOSS,opacity (single fighter dimmed),3,00:45,ko,KO,,※※王者：猿田がタイトル初防衛に成功。 ［レフェリー］福田正人 ［サブ・レフェリー］ 豊永　稔 1R 10-9／2R 10-9 松根良太 1R 10-9／2R 10-9 片岡誠人 1R 10-9／2R 10-9
56,2018-05-13,プロフェッショナル修斗川崎大会,,,UNCLASSIFIED,2783,6,,バンタム級,5分3R,183,根津優太,&MOSH,計量結果 :60.9 Kg,,198,魚井フルスイング,和術慧舟會HEARTS,計量結果 :61.0 Kg,,F1_WIN_F2_LOSS,score 2-1 (overrides opacity if needed),,,ud,判定 2-1,,［レフェリー］豊永　稔 ［サブ・レフェリー］ 松根良太 28-30（1R 9-10／2R 9-10／3R 10-10） 松村　慶 30-29（1R 10-10／2R 10-10／3R 10-9） 横山忠志 30-28（1R 10-9／2R 10-10／3R 10-9）
56,2018-05-13,プロフェッショナル修斗川崎大会,,,UNCLASSIFIED,2785,5,,バンタム級,5分3R,285,齊藤曜,和術慧舟會トイカツ道場,計量結果 :61.1 Kg,,305,平川智也,マスタージャパン,計量結果 :61.0 Kg,,F1_LOSS_F2_WIN,opacity (single fighter dimmed),1,02:31,ko,KO,,［レフェリー］豊永　稔
56,2018-05-13,プロフェッショナル修斗川崎大会,,,UNCLASSIFIED,2784,4,,バンタム級,5分3R,169,岡田遼,パラエストラ千葉,計量結果 :61.2 Kg,,1089,論田愛空隆,心技館,計量結果 :61.1 Kg,,F1_WIN_F2_LOSS,opacity (single fighter dimmed),1,02:48,ko,KO,,［レフェリー］福田正人
56,2018-05-13,プロフェッショナル修斗川崎大会,,,UNCLASSIFIED,2725,3,インフィニティリーグ2018,ストロー級,5分2R,84,箕輪ひろば,総合格闘技道場STF,計量結果 :52.2 Kg,minowa-hiroba,51,楳沢智治,AACC×SPIDER,計量結果 :52.2 Kg,,F1_LOSS_F2_WIN,score 0-2 (overrides opacity if needed),,,ud,判定 0-2,,※勝利した青：楳沢が勝ち点2を獲得。 ［レフェリー］福田正人 ［サブ・レフェリー］ 片岡誠人 19-20（1R 10-10／2R 9-10） 松村　慶 19-20（1R 10-10／2R 9-10） 鈴野利之 19-19（1R 10-9／2R 9-10）
56,2018-05-13,プロフェッショナル修斗川崎大会,,,UNCLASSIFIED,2788,2,,ストロー級,5分2R,29,猿丸ジュンジ,修斗GYM東京,計量結果 :52.2 Kg,,143,永井美自戒,総合格闘技道場コブラ会,計量結果 :52.1 Kg,,F1_WIN_F2_LOSS,score 3-0 (overrides opacity if needed),,,ud,判定 3-0,,［レフェリー］片岡誠人 ［サブ・レフェリー］ 福田正人 20-17（1R 10-9／2R 10-8） 松村　慶 20-18（1R 10-9／2R 10-9） 横山忠志 20-17（1R 10-9／2R 10-8）
56,2018-05-13,プロフェッショナル修斗川崎大会,,,UNCLASSIFIED,2789,1,,フェザー級,5分2R,214,齋藤翼,総合格闘技道場津田沼道場/FIGHT FARM,計量結果 :65.8 Kg,,866,村津孝徳,ライジングサン,計量結果 :65.5 Kg,,F1_WIN_F2_LOSS,score 3-0 (overrides opacity if needed),,,ud,判定 3-0,,［レフェリー］片岡誠人 ［サブ・レフェリー］ 松根良太 20-19（1R 10-9／2R 10-10） 松村　慶 20-18（1R 10-9／2R 10-9） 鈴野利之 20-19（1R 10-9／2R 10-10）
56,2018-05-13,プロフェッショナル修斗川崎大会,,,UNCLASSIFIED,2790,2,,バンタム級,5分2R,1069,榎本明,TRIBE TOKYO MMA,計量結果 :61.0 Kg,,1116,倉本一真,"リバーサルジム新宿Me,We",計量結果 :61.1 Kg,,F1_LOSS_F2_WIN,score 0-3 (overrides opacity if needed),,,ud,判定 0-3,,［レフェリー］松根良太 ［サブ・レフェリー］ 豊永　稔 17-20（1R 8-10／2R 9-10） 横山忠志 18-20（1R 8-10／2R 10-10） 鈴野利之 17-20（1R 8-10／2R 9-10）
56,2018-05-13,プロフェッショナル修斗川崎大会,,,UNCLASSIFIED,2792,1,,フライ級,5分2R,1064,代輔,秋本道場Jungle Junction,計量結果 :56.6 Kg,,1139,大竹陽,HAGANE GYM,計量結果 :56.4 Kg,,F1_WIN_F2_LOSS,score 3-0 (overrides opacity if needed),,,ud,判定 3-0,,［レフェリー］松根良太 ［サブ・レフェリー］ 豊永　稔 20-18（1R 10-9／2R 10-9） 横山忠志 20-17（1R 10-8／2R 10-9） 鈴野利之 20-17（1R 10-8／2R 10-9）
55,2018-04-22,SHOOTO GIG TOKYO Vol.25,,,GIG_UNDERCARD_SERIES,2766,9,,バンタム級,5分2R,209,金物屋の秀,SHOOTO GYM K'z FACTORY,計量結果 :61.0 Kg,,130,加藤ケンジ,NeighborHood,計量結果 :61.2 Kg,,F1_LOSS_F2_WIN,score 1-2 (overrides opacity if needed),,,ud,判定 1-2,,［レフェリー］豊永　稔 ［サブ・レフェリー］ 福田正人 19-20（1R 10-10／2R 9-10） 片岡誠人 18-20（1R 9-10／2R 9-10） 大内　敬 20-19（1R 10-9／2R 10-10）
55,2018-04-22,SHOOTO GIG TOKYO Vol.25,,,GIG_UNDERCARD_SERIES,2781,8,,バンタム級,5分2R,1096,エドモンド金子,BRAVE,計量結果 :70.2 Kg,,1061,宍戸航太,HAGANE GYM,計量結果 :69.9 Kg,,F1_WIN_F2_LOSS,opacity (single fighter dimmed),2,00:29,ko,KO,,［レフェリー］福田正人 ［サブ・レフェリー］ 豊永　稔 1R 10-9 大内　敬 1R 10-9 松村　慶 1R 10-9
55,2018-04-22,SHOOTO GIG TOKYO Vol.25,,,GIG_UNDERCARD_SERIES,2767,7,,ストロー級,5分2R,672,木内SKINNYZOMBIE崇雅,和術慧舟會GODS,計量結果 :51.9 Kg,,1098,旭那拳,THE BLACKBELT JAPAN,計量結果 :51.9 Kg,,F1_WIN_F2_LOSS,opacity (single fighter dimmed),2,02:07,submision,S,スリーパーホールド,［レフェリー］福田正人 ［サブ・レフェリー］ 片岡誠人 1R 10-9 大内　敬 1R 10-9 松村　慶 1R 10-9
55,2018-04-22,SHOOTO GIG TOKYO Vol.25,,,GIG_UNDERCARD_SERIES,2724,6,インフィニティリーグ2018,ストロー級,5分2R,35,ニシダ☆ショー,BURST,計量結果 :51.9 Kg,,49,新井丈,和術慧舟會HEARTS,計量結果 :52.1 Kg,arai-jo,F1_WIN_F2_LOSS,opacity (single fighter dimmed),1,04:02,submision,S,三角絞め,勝利した赤：ニシダが勝ち点4を獲得。 ［レフェリー］片岡誠人
55,2018-04-22,SHOOTO GIG TOKYO Vol.25,,,GIG_UNDERCARD_SERIES,2768,5,,ウェルター級,5分2R,702,田口泰地,RISING SUN,計量結果 :76.9 Kg,,1112,ジョナタンバイエス,パラエストラ松戸,計量結果 :76.4 Kg,,F1_LOSS_F2_WIN,opacity (single fighter dimmed),2,02:23,submision,S,腕ひしぎ十字固め,［レフェリー］豊永　稔 ［サブ・レフェリー］ 片岡誠人 1R 9-10 大内　敬 1R 9-10 横山忠志 1R 9-10
55,2018-04-22,SHOOTO GIG TOKYO Vol.25,,,GIG_UNDERCARD_SERIES,2769,4,,フライ級,5分2R,160,六本木洋,総合格闘技道場STF,計量結果 :56.5 Kg,,1063,志賀竜太郎,TEAM SALT,計量結果 :56.4 Kg,,F1_LOSS_F2_WIN,opacity (single fighter dimmed),1,02:05,ko,KO,,［レフェリー］福田正人
55,2018-04-22,SHOOTO GIG TOKYO Vol.25,,,GIG_UNDERCARD_SERIES,2771,3,,フライ級,5分2R,91,RedPine☆大助,BURST,計量結果 :56.7 Kg,,1135,ツゲダイジ,パラエストラ松戸,計量結果 :56.6 Kg,,F1_WIN_F2_LOSS,opacity (single fighter dimmed),1,00:32,ko,KO,,［レフェリー］片岡誠人
55,2018-04-22,SHOOTO GIG TOKYO Vol.25,,,GIG_UNDERCARD_SERIES,2770,2,,ライト級,5分2R,669,久保村ヨシTERU,飛翔塾コンドル,計量結果 :65.6 Kg,,297,高橋孝徳,"リバーサルジム新宿Me,We",計量結果 :65.8 Kg,,F1_LOSS_F2_WIN,score 0-3 (overrides opacity if needed),,,ud,判定 0-3,,［レフェリー］片岡誠人 ［サブ・レフェリー］ 福田正人 18-20（1R 9-10／2R 9-10） 大内　敬 18-20（1R 9-10／2R 9-10） 松村　慶 18-20（1R 9-10／2R 9-10）
55,2018-04-22,SHOOTO GIG TOKYO Vol.25,,,GIG_UNDERCARD_SERIES,2782,1,,バンタム級,5分2R,566,緒方史朗,パラエストラ松戸,計量結果 :60.7 Kg,,1065,木村健,トライデントジム,計量結果 :60.8 Kg,,F1_LOSS_F2_WIN,score 0-1 (overrides opacity if needed),,,ud,判定 0-1,,［レフェリー］豊永　稔 ［サブ・レフェリー］ 片岡誠人 19-19（1R 9-10／2R 10-9） 松村　慶 19-19（1R 9-10／2R 10-9） 横山忠志 18-19（1R 8-10／2R 10-9）
54,2018-03-25,プロフェッショナル修斗後楽園ホール大会,,,UNCLASSIFIED,2765,9,世界ライト級チャンピオンシップ,ライト級,5分5R,3,松本光史,フリー,計量結果 :70.2 Kg,,388,岡野裕城,マッハ道場,計量結果 :70.1 Kg,,F1_WIN_F2_LOSS,opacity (single fighter dimmed),1,03:07,ko,KO,,［レフェリー］豊永　稔 ※王者：松本が初防衛に成功。
54,2018-03-25,プロフェッショナル修斗後楽園ホール大会,,,UNCLASSIFIED,2747,8,,,,5,斎藤裕,パラエストラ小岩,計量結果 :65.8 Kg,saito-yutaka,1136,ドレックスザンボアンガ,TOUGH GUYS INTERNATIONAL,計量結果 :65.3 Kg,,F1_WIN_F2_LOSS,opacity (single fighter dimmed),3,04:58,ko,KO,,［レフェリー］片岡誠人 ［サブ・レフェリー］ 豊永　稔 1R 10-9／2R 10-8 美木　航 1R 10-9／2R 10-9 松村　慶 1R 10-9／2R 10-9
54,2018-03-25,プロフェッショナル修斗後楽園ホール大会,,,UNCLASSIFIED,2748,7,,ライト級,5分3R,4,川名TENCHO雄生,Y&K MMA ACADEMY,計量結果 :70.3 Kg,,1134,ジンテホ,RONIN CREW,計量結果 :69.7 Kg,,F1_WIN_F2_LOSS,score 3-0 (overrides opacity if needed),,,ud,判定 3-0,,［レフェリー］豊永　稔 ［サブ・レフェリー］ 片岡誠人 30-27（1R 10-9／2R 10-9／3R 10-9） 美木　航 30-27（1R 10-9／2R 10-9／3R 10-9） 松村　慶 29-28（1R 9-10／2R 10-9／3R 10-9）
54,2018-03-25,プロフェッショナル修斗後楽園ホール大会,,,UNCLASSIFIED,2738,6,,ライト級,5分3R,321,AB,和術慧舟會駿河道場,計量結果 :70.3 Kg,,247,大尊伸光,野田ボディビル同好会,計量結果 :70.0 Kg,,F1_LOSS_F2_WIN,score 0-3 (overrides opacity if needed),,,ud,判定 0-3,,［レフェリー］豊永　稔 ［サブ・レフェリー］ 片岡誠人 27-30（1R 9-10／2R 9-10／3R 9-10） 新美吉太郎 26-30（1R 9-10／2R 9-10／3R 8-10） 横山忠志 27-30（1R 9-10／2R 9-10／3R 9-10）
54,2018-03-25,プロフェッショナル修斗後楽園ホール大会,,,UNCLASSIFIED,2739,5,,ライト級,5分3R,1075,鈴木槙吾,アライアンス,計量結果 :70.2 Kg,,1056,キャプテン☆アフリカ,総合格闘技道場コブラ会,計量結果 :70.1 Kg,captain-africa,F1_LOSS_F2_WIN,opacity (single fighter dimmed),1,01:25,submision,S,アームバー,［レフェリー］豊永　稔
54,2018-03-25,プロフェッショナル修斗後楽園ホール大会,,,UNCLASSIFIED,2746,4,,バンタム級,5分3R,12,土屋大喜,roots,計量結果 :60.9 Kg,,1127,南出剛,創道塾,計量結果 :60.9 Kg,,F1_LOSS_F2_WIN,score 1-2 (overrides opacity if needed),,,ud,判定 1-2,,［レフェリー］片岡誠人 ［サブ・レフェリー］ 豊永　稔 28-29（1R 9-10／2R 9-10／3R 10-9） 横山忠志 30-28（1R 10-10／2R 10-9／3R 10-9） 松村　慶 28-29（1R 9-10／2R 9-10／3R 10-9）
54,2018-03-25,プロフェッショナル修斗後楽園ホール大会,,,UNCLASSIFIED,2740,3,,フェザー級,5分3R,300,仲山貴志,総合格闘技津田沼道場,計量結果 :65.7 Kg,,314,山本健斗デリカット,総合格闘技道場コブラ会,計量結果 :65.4 Kg,,F1_LOSS_F2_WIN,opacity (single fighter dimmed),1,02:06,submision,S,フロントスリーパーホールド,［レフェリー］片岡誠人
54,2018-03-25,プロフェッショナル修斗後楽園ホール大会,,,UNCLASSIFIED,2745,2,,フライ級,5分3R,163,井上学,C.A.C.C.スネークピットジャパン,計量結果 :56.5 Kg,,142,内藤頌貴,THE BLACKBELT JAPAN,計量結果 :56.4 Kg,,DRAW,score tied 1-1,,,ud,判定 1-1,,［レフェリー］新美吉太郎 ［サブ・レフェリー］ 豊永　稔 30-29（1R 10-10／2R 10-9／3R 10-10） 片岡誠人 29-29（1R 9-10／2R 10-9／3R 10-10） 美木　航 28-29（1R 9-10／2R 10-9／3R 9-10）
54,2018-03-25,プロフェッショナル修斗後楽園ホール大会,,,UNCLASSIFIED,2723,1,インフィニティリーグ2018,ストロー級,5分2R,84,箕輪ひろば,総合格闘技道場STF,計量結果 :52.2 Kg,minowa-hiroba,49,新井丈,和術慧舟會HEARTS,計量結果 :52.2 Kg,arai-jo,F1_WIN_F2_LOSS,opacity (single fighter dimmed),2,04:05,submision,S,スリーパーホールド,※勝利した赤：箕輪が勝ち点3を獲得。 ［レフェリー］新美吉太郎 ［サブ・レフェリー］ 片岡誠人 1R 10-9 豊永　稔 1R 10-8 松村　慶 1R 10-8
54,2018-03-25,プロフェッショナル修斗後楽園ホール大会,,,UNCLASSIFIED,2772,,,,3分1R,1137,長谷川凌生,THE BLACKBELT JAPAN,計量結果 :26.6 Kg,,1138,本郷竣士,心技館,計量結果 :26.5 Kg,,F1_WIN_F2_LOSS,opacity (single fighter dimmed),1,00:28,,,,［レフェリー］片岡誠人
63,2018-03-25,BORDER-season10-「The1st」,,大阪市平野区／コミュニティプラザ平野,BORDER,2773,8,,バンタム級,5分3R,127,奇天烈,修斗GYMS直心会,計量結果 :60.8 Kg,,197,一條貴洋,ストライプル南相馬playground,計量結果 :61.1 Kg,,F1_WIN_F2_LOSS,opacity (single fighter dimmed),2,02:14,tko,TKO,肘によるカット,[レフェリー]吉田元貴 [サブレフェリー] 山本諭志　1R10-9 加納学　　1R10-9 安芸佳孝　1R10-9
63,2018-03-25,BORDER-season10-「The1st」,,大阪市平野区／コミュニティプラザ平野,BORDER,2774,7,,フェザー級,5分3R,296,高野明,MMA修斗ジムBLOWS,計量結果 :65.8 Kg,,290,里本一也,パラエストラ広島,計量結果 :65.4 Kg,,F1_WIN_F2_LOSS,opacity (single fighter dimmed),2,00:23,ko,KO,,[レフェリー]吉田元貴 [サブレフェリー] 豊島孝尚　1R10-9 加納学　　1R10-9 安芸佳孝　1R10-9
63,2018-03-25,BORDER-season10-「The1st」,,大阪市平野区／コミュニティプラザ平野,BORDER,2775,6,,ライト級,5分2R,349,coBa,総合格闘技道場DOUBLE,計量結果 :70.2 Kg,,1102,田中有,総合格闘技道場reliable,計量結果 :69.8 Kg,,F1_LOSS_F2_WIN,opacity (single fighter dimmed),1,01:44,submision,S,スリーパーホールド,[レフェリー]吉田元貴
63,2018-03-25,BORDER-season10-「The1st」,,大阪市平野区／コミュニティプラザ平野,BORDER,2776,5,,フライ級,5分2R,27,小堀貴広,総合格闘技ゴンズジム,計量結果 :56.6 Kg,,1048,MCたわし,Theパラエストラ沖縄,計量結果 :56.7 Kg,,F1_WIN_F2_LOSS,opacity (single fighter dimmed),1,00:43,submision,S,スリーパーホールド,[レフェリー]吉田元貴
63,2018-03-25,BORDER-season10-「The1st」,,大阪市平野区／コミュニティプラザ平野,BORDER,2777,4,,バンタム級,5分2R,295,ダイキライトイヤー,修斗GYM神戸,計量結果 :61.1 Kg,,1101,前川大輔,総合格闘技道場コブラ会,計量結果 :61.0 Kg,,DRAW,score tied 19-19,,,ud,判定 19-19,,[レフェリー]吉田元貴 [サブレフェリー] 豊島孝尚　19-19（1R9-10／2R10-9） 加納学　　19-19（1R9-10／2R10-9） 山本諭志　19-19（1R9-10／2R10-9）
63,2018-03-25,BORDER-season10-「The1st」,,大阪市平野区／コミュニティプラザ平野,BORDER,2778,3,,フライ級,5分2R,124,亀島聖児,-,計量結果 :56.4 Kg,,223,西村大地,パラエストラ天満,計量結果 :56.6 Kg,,F1_WIN_F2_LOSS,score 2-1 (overrides opacity if needed),,,ud,判定 2-1,,[レフェリー]吉田元貴 [サブレフェリー] 豊島孝尚　20-18（1R10-9／2R10-9） 山本諭志　19-20（1R9-10／2R10-10） 安芸佳孝　20-19（1R10-10／2R10-9）
63,2018-03-25,BORDER-season10-「The1st」,,大阪市平野区／コミュニティプラザ平野,BORDER,2779,2,,フェザー級,5分2R,268,天草ストロンガー四郎,総合格闘技チームソフトコンタクト,計量結果 :65.6 Kg,,274,大森カヲル,SPOK,計量結果 :65.5 Kg,,F1_WIN_F2_LOSS,opacity (single fighter dimmed),1,03:22,ko,KO,,[レフェリー]吉田元貴
63,2018-03-25,BORDER-season10-「The1st」,,大阪市平野区／コミュニティプラザ平野,BORDER,2780,1,,ストロー級,5分2R,143,永井美自戒,総合格闘技道場コブラ会,計量結果 :52.1 Kg,,48,阿部剛,TKエスペランサ,計量結果 :51.8 Kg,,F1_WIN_F2_LOSS,opacity (single fighter dimmed),2,01:07,ko,KO,,[レフェリー]吉田元貴 [サブレフェリー] 豊島孝尚　1R10-8 安芸佳孝　1R10-9 山本諭志　1R10-9
52,2018-02-24,SHOOTO GIG TOKYO Vol.24,,,GIG_UNDERCARD_SERIES,2732,10,,バンタム級,5分3R,305,平川智也,マスタージャパン,計量結果 :61.2 Kg,,201,海老原洋輔,パラエストラ松戸,計量結果 :61.1 Kg,,F1_WIN_F2_LOSS,opacity (single fighter dimmed),1,01:36,ko,KO,,［レフェリー］豊永　稔
52,2018-02-24,SHOOTO GIG TOKYO Vol.24,,,GIG_UNDERCARD_SERIES,2733,9,,バンタム級,5分3R,197,一條貴洋,ストライプル南相馬playground,計量結果 :61.0 Kg,,1051,笹晋久,THE BLACKBELT JAPAN,計量結果 :61.1 Kg,,F1_LOSS_F2_WIN,opacity (single fighter dimmed),2,00:01,tko,TKO,,出血によるレフェリーストップ ［レフェリー］片岡誠人 ［サブ・レフェリー］ 豊永　稔 1R 9-10 大内　敬 1R 9-10 横山忠志 1R 8-10
52,2018-02-24,SHOOTO GIG TOKYO Vol.24,,,GIG_UNDERCARD_SERIES,2734,8,,ウェルター級,5分2R,702,田口泰地,RISING SUN,計量結果 :76.9 Kg,,1062,上野勇貴,AACC×SPIDER,計量結果 :77.0 Kg,,F1_WIN_F2_LOSS,opacity (single fighter dimmed),1,02:33,submision,S,スリーパーホールド,［レフェリー］豊永　稔
52,2018-02-24,SHOOTO GIG TOKYO Vol.24,,,GIG_UNDERCARD_SERIES,2722,7,インフィニティリーグ2018,ストロー級 1回戦,5分2R,51,楳沢智治,AACC×SPIDER,計量結果 :52.2 Kg,,59,小巻洋平,総合格闘技道場reliable,計量結果 :52.2 Kg,,F1_LOSS_F2_WIN,opacity (single fighter dimmed),1,01:16,submision,S,三角締め,※勝利した青：小巻が勝ち点4を獲得 ［レフェリー］豊永　稔。
52,2018-02-24,SHOOTO GIG TOKYO Vol.24,,,GIG_UNDERCARD_SERIES,2735,6,,バンタム級,5分2R,130,加藤ケンジ,NeighborHood,計量結果 :61.1 Kg,,232,松下祐介,パラエストラTB,計量結果 :61.2 Kg,,F1_WIN_F2_LOSS,opacity (single fighter dimmed),1,04:23,ko,KO,,［レフェリー］片岡誠人
52,2018-02-24,SHOOTO GIG TOKYO Vol.24,,,GIG_UNDERCARD_SERIES,2744,5,,バンタム級,5分2R,1110,ガッツTakato,-,計量結果 :61.1 Kg,,1116,倉本一真,"リバーサルジム新宿Me,We",計量結果 :61.0 Kg,,F1_LOSS_F2_WIN,score 0-3 (overrides opacity if needed),,,ud,判定 0-3,,［レフェリー］片岡誠人 ［サブ・レフェリー］ 豊永　稔 18-20（1R 9-10／2R 9-10） 浦　僚克 18-20（1R 9-10／2R 9-10） 横山忠志 18-20（1R 9-10／2R 9-10）
52,2018-02-24,SHOOTO GIG TOKYO Vol.24,,,GIG_UNDERCARD_SERIES,2736,4,,フライ級,5分2R,129,輝龍,roots,計量結果 :56.5 Kg,,959,関口祐冬,修斗GYM東京,計量結果 :56.6 Kg,,F1_LOSS_F2_WIN,opacity (single fighter dimmed),1,00:58,ko,KO,,［レフェリー］豊永　稔
52,2018-02-24,SHOOTO GIG TOKYO Vol.24,,,GIG_UNDERCARD_SERIES,2741,3,,バンタム級,5分2R,1050,小林佳純,HAGANE GYM,計量結果 :61.1 Kg,,1126,マックスレアリ,Versus Performance,計量結果 :61.2 Kg,,DRAW,score tied 1-1,,,ud,判定 1-1,,［レフェリー］片岡誠人 ［サブ・レフェリー］ 豊永　稔 19-19（1R 10-9／2R 9-10） 美木　航 18-20（1R 9-10／2R 9-10） 横山忠志 20-19（1R 10-9／2R 10-10）
52,2018-02-24,SHOOTO GIG TOKYO Vol.24,,,GIG_UNDERCARD_SERIES,2742,2,,フェザー級,5分2R,297,高橋孝徳,"リバーサルジム新宿Me,We",計量結果 :65.6 Kg,,567,鬼神光司,ブレイブハート,計量結果 :65.3 Kg,,F1_WIN_F2_LOSS,score 3-0 (overrides opacity if needed),,,ud,判定 3-0,,［レフェリー］片岡誠人 ［サブ・レフェリー］ 豊永　稔 20-18（1R 10-9／2R 10-9） 美木　航 20-18（1R 10-9／2R 10-9） 横山忠志 20-18（1R 10-9／2R 10-9）
52,2018-02-24,SHOOTO GIG TOKYO Vol.24,,,GIG_UNDERCARD_SERIES,2743,1,,バンタム級,5分2R,270,岩鬼,フリー,計量結果 :61.2 Kg,,1041,藤田健吾,総合格闘技reliable,計量結果 :61.0 Kg,,DRAW,score tied 0-0,,,ud,判定 0-0,,［レフェリー］豊永　稔 ［サブ・レフェリー］ 片岡誠人 19-19（1R 10-9／2R 9-10） 美木　航 19-19（1R 10-9／2R 9-10） 横山忠志 19-19（1R 10-9／2R 9-10）
51,2018-01-28,プロフェッショナル修斗 2018開幕戦,,後楽園ホール／東京,UNCLASSIFIED,2700,8,環太平洋バンタム級チャンピオン決定戦,バンタム級,5分3R,198,魚井フルスイング,和術慧舟會HEARTS,計量結果 :61.2 Kg,,853,祖根寿麻,ZOOMER,計量結果 :61.2 Kg,,F1_LOSS_F2_WIN,score 0-2 (overrides opacity if needed),,,ud,判定 0-2,,※２９－２８、３０－３０、２９－２８ 魚井のフルスイングが何度も祖根をかすめるが、祖根もパンチ、ミドルを返し僅差の判定勝利。
51,2018-01-28,プロフェッショナル修斗 2018開幕戦,,後楽園ホール／東京,UNCLASSIFIED,2699,7,,フライ級,5分3R,140,田丸匠,NASCER DO SOL,,,1097,ライリードゥトロ,I＆I TRAINING CENTER,,,F1_LOSS_F2_WIN,opacity (single fighter dimmed),1,03:40,ko,KO,,田丸がテイクダウンするがドゥトロは凌いで立ち上がる。ドゥトロがスタンドパンチをヒット、そのままパウンド連打でＫＯ。
51,2018-01-28,プロフェッショナル修斗 2018開幕戦,,後楽園ホール／東京,UNCLASSIFIED,2698,6,,フライ級,5分3R,28,猿田洋祐,和術慧舟會HEARTS,計量結果 :56.5 Kg,,100,清水清隆,TRIBE TOKYO M.M.A,計量結果 :56.6 Kg,,F1_WIN_F2_LOSS,score 3-0 (overrides opacity if needed),,,ud,判定 3-0,,※２９－２８、２９－２８、３０－２８ 猿田が先手を取ってテイクダウンするなどペースを握る。３Ｒ、清水がペースを奪い返すが、猿田が最後まで動き続けて判定勝利。
51,2018-01-28,プロフェッショナル修斗 2018開幕戦,,後楽園ホール／東京,UNCLASSIFIED,2709,5,,ライト級,5分3R,3,松本光史,フリー,計量結果 :70.2 Kg,,363,星野大介,総合格闘技津田沼道場,計量結果 :69.9 Kg,,F1_WIN_F2_LOSS,score 3-0 (overrides opacity if needed),,,ud,判定 3-0,,※３０－２８、２９－２８、３０－２７ 松本が打撃でダメージを与えてテイクダウンし試合をコントロール。
51,2018-01-28,プロフェッショナル修斗 2018開幕戦,,後楽園ホール／東京,UNCLASSIFIED,2708,4,,バンタム級,5分3R,176,佐藤将光,坂口道場一族,計量結果 :61.2 Kg,sato-shoko,285,齊藤曜,和術慧舟會トイカツ道場,計量結果 :61.2 Kg,,F1_LOSS_F2_WIN,score 0-3 (overrides opacity if needed),,,ud,判定 0-3,,※３０－２７、３０－２７、３０－２７ ３Ｒとも齊藤がテイクダウンして徹底して佐藤を立たせない。２、３Ｒはギロチンにも捕らえ完封勝利。
51,2018-01-28,プロフェッショナル修斗 2018開幕戦,,後楽園ホール／東京,UNCLASSIFIED,2719,3,,バンタム級,5分3R,12,土屋大喜,roots,計量結果 :61.1 Kg,,195,安藤達也,フリー,計量結果 :61.1 Kg,ando-tatsuya,F1_LOSS_F2_WIN,score 0-3 (overrides opacity if needed),,,ud,判定 0-3,,※３０－２８，３０－２７，３０－２７ お互い打撃をヒットするも徐々に安藤が優勢に。グランドもコントロールし判定勝利。
51,2018-01-28,プロフェッショナル修斗 2018開幕戦,,後楽園ホール／東京,UNCLASSIFIED,2710,2,,ストロー級,5分3R,29,猿丸ジュンジ,修斗GYM東京,計量結果 :52.2 Kg,,85,村田一着,NEW GROUND,計量結果 :52.2 Kg,,F1_LOSS_F2_WIN,opacity (single fighter dimmed),1,00:53,ko,KO,,猿丸がパンチを当てて攻勢も、村田が果敢にパンチを返して打ち合いに。村田のフックが数発ヒットしてKO。
51,2018-01-28,プロフェッショナル修斗 2018開幕戦,,後楽園ホール／東京,UNCLASSIFIED,2721,1,,フェザー級,5分2R,214,齋藤翼,総合格闘技道場津田沼道場/FIGHT FARM,,,669,久保村ヨシTERU,飛翔塾コンドル,,,F1_WIN_F2_LOSS,score 1-0 (overrides opacity if needed),,,ud,判定 1-0,,"※19-19, 19-19, 19-18(齋藤に一票)"
51,2018-01-28,プロフェッショナル修斗 2018開幕戦,,後楽園ホール／東京,UNCLASSIFIED,2737,,,キッズ・ジュニア修斗,4分1R,1124,高野蓮,総合格闘技ゴンズジム,,,1125,小色寛大,心技館,,,F1_WIN_F2_LOSS,opacity (single fighter dimmed),1,00:41,submision,S,フロントスリーパーホールド,休憩時間に実施 打撃から組み付いた両者、高野がスタンドでギロチンに飛びつき、そのままグランドに引き込んで一本勝利。
62,2017-12-23,BORDER-season9-「The3rd」,,大阪市平野区／コミュニティプラザ平野,BORDER,2711,8,,フライ級,5分3R,112,渡辺健太郎,直心会生野道場TK68,計量結果 :56.4 Kg,,121,梶川卓,スカーフィスト,計量結果 :56.6 Kg,,F1_WIN_F2_LOSS,opacity (single fighter dimmed),1,00:53,ko,KO,,[レフェリー]吉田元貴
62,2017-12-23,BORDER-season9-「The3rd」,,大阪市平野区／コミュニティプラザ平野,BORDER,2712,7,新人王決定トーナメント2017,ライト級,,1056,キャプテン☆アフリカ,総合格闘技道場コブラ会,計量結果 :70.2 Kg,captain-africa,1058,Ju-seiAquila,パラエストラ小岩,計量結果 :70 Kg,,F1_WIN_F2_LOSS,opacity (single fighter dimmed),1,01:28,submision,S,腕ひしぎ十字固め,[レフェリー]吉田元貴
62,2017-12-23,BORDER-season9-「The3rd」,,大阪市平野区／コミュニティプラザ平野,BORDER,2713,6,,ライト級,5分2R,1102,田中有,総合格闘技道場reliable,計量結果 :69.6 Kg,,977,林RICE陽太,パラエストラ東大阪,計量結果 :70.1 Kg,,F1_WIN_F2_LOSS,opacity (single fighter dimmed),1,02:26,submision,S,スリーパーホールド,[レフェリー]吉田元貴
62,2017-12-23,BORDER-season9-「The3rd」,,大阪市平野区／コミュニティプラザ平野,BORDER,2714,5,,フライ級,5分2R,155,増田恭介,総合格闘技ゴンズジム,計量結果 :56.7 Kg,,670,黒石大資,スカーフィスト,計量結果 :56.1 Kg,,F1_LOSS_F2_WIN,opacity (single fighter dimmed),2,04:37,ko,KO,,[レフェリー]吉田元貴 [サブ・レフェリー] 山本諭志（1R9-10） 加納学　（1R9-10） 安芸佳孝（1R10-10）
62,2017-12-23,BORDER-season9-「The3rd」,,大阪市平野区／コミュニティプラザ平野,BORDER,2715,4,,フェザー級,5分2R,273,大野虎眼賢良,総合格闘技ゴンズジム,計量結果 :65.5 Kg,,268,天草ストロンガー四郎,総合格闘技チームソフトコンタクト,計量結果 :65.4 Kg,,F1_LOSS_F2_WIN,score 0-3 (overrides opacity if needed),,,ud,判定 0-3,,[レフェリー]吉田元貴 [サブ・レフェリー] 山本諭志18-20（1R9-10／2R9-10） 加納学　17-20（1R8-10／2R9-10） 安芸佳孝18-20（1R9-10／2R9-10）
62,2017-12-23,BORDER-season9-「The3rd」,,大阪市平野区／コミュニティプラザ平野,BORDER,2716,3,,ストロー級,5分2R,59,小巻洋平,総合格闘技道場reliable,計量結果 :52.2 Kg,,91,RedPine☆大助,BURST,計量結果 :52.1 Kg,,F1_WIN_F2_LOSS,opacity (single fighter dimmed),1,02:25,submision,S,スリーパーホールド,[レフェリー]吉田元貴
62,2017-12-23,BORDER-season9-「The3rd」,,大阪市平野区／コミュニティプラザ平野,BORDER,2717,2,,バンタム級,5分2R,777,青柳洸志,修斗GYM神戸,計量結果 :60.9 Kg,,619,近藤洋平,BURST,計量結果 :60.8 Kg,,F1_WIN_F2_LOSS,opacity (single fighter dimmed),2,01:59,ko,KO,,[レフェリー]吉田元貴 [サブ・レフェリー] 山本諭志（1R10-9） 加納学　（1R10-9） 安芸佳孝（1R10-9）
62,2017-12-23,BORDER-season9-「The3rd」,,大阪市平野区／コミュニティプラザ平野,BORDER,2718,1,,フェザー級,5分2R,1120,ムテカツ,総合格闘技ゴンズジム,計量結果 :65.5 Kg,,1043,天雷しゅんすけ,UNDER GROUND,計量結果 :64.9 Kg,,F1_WIN_F2_LOSS,score 3-0 (overrides opacity if needed),,,ud,判定 3-0,,[レフェリー]吉田元貴 [サブ・レフェリー] 山本諭志20-19（1R10-9／2R10-10） 加納学　20-18（1R10-9／2R10-9） 安芸佳孝20-18（1R10-9／2R10-9）
62,2017-12-23,BORDER-season9-「The3rd」,,大阪市平野区／コミュニティプラザ平野,BORDER,2720,,,フェザー級,3分2R,1122,日野陽信,総合格闘技道場コブラ会,計量結果 :65.3 Kg,,1123,佐藤公智,MMA Zジム,計量結果 :64.4 Kg,,F1_LOSS_F2_WIN,score 0-3 (overrides opacity if needed),,,ud,判定 0-3,,[レフェリー]吉田元貴 [サブ・レフェリー] 山本諭志19-20（1R10-10／2R9-10） 加納学　19-20（1R10-10／2R9-10） 北川純18-20（1R9-10／2R9-10）
48,2017-12-17,インフィニティリーグ2017優勝決定戦,,,UNCLASSIFIED,2701,10,,,5分2R,247,大尊伸光,野田ボディビル同好会,計量結果 :74.9 Kg,,702,田口泰地,RISING SUN,計量結果 :74.6 Kg,,F1_WIN_F2_LOSS,opacity (single fighter dimmed),1,03:22,ko,KO,,［レフェリー］豊永　稔
48,2017-12-17,インフィニティリーグ2017優勝決定戦,,,UNCLASSIFIED,2692,9,MOBSTYLES Presents インフィニティリーグ2017,フェザー級,5分2R,314,山本健斗デリカット,総合格闘技道場コブラ会,計量結果 :65.4 Kg,,15,内藤太尊,roots,計量結果 :65.8 Kg,,F1_WIN_F2_LOSS,opacity (single fighter dimmed),1,02:06,ko,KO,,［レフェリー］片岡誠人
48,2017-12-17,インフィニティリーグ2017優勝決定戦,,,UNCLASSIFIED,2706,8,,,5分3R,105,萩原幸太郎,パラエストラ八王子,計量結果 :57.3 Kg,,144,仲宗根武蔵,Theパラエストラ沖縄,計量結果 :57.1 Kg,,F1_LOSS_F2_WIN,opacity (single fighter dimmed),3,02:55,tko,TKO,レフェリーストップ,［レフェリー］福田正人 ［サブ・レフェリー］ 豊永　稔 1R 10-9／2R 9-10 片岡誠人 1R 10-9／2R 9-10 横山朋彦 1R 10-10／2R 9-10
48,2017-12-17,インフィニティリーグ2017優勝決定戦,,,UNCLASSIFIED,2707,7,,フェザー級,5分2R,214,齋藤翼,総合格闘技道場津田沼道場/FIGHT FARM,計量結果 :65.8 Kg,,565,近内忠史,ブレイブハート,計量結果 :65.8 Kg,,F1_WIN_F2_LOSS,score 3-0 (overrides opacity if needed),,,ud,判定 3-0,,［レフェリー］豊永　稔 ［サブ・レフェリー］ 福田正人 20-18（1R 10-9／2R 10-9） 片岡誠人 20-18（1R 10-9／2R 10-9） 横山忠志 20-18（1R 10-9／2R 10-9）
48,2017-12-17,インフィニティリーグ2017優勝決定戦,,,UNCLASSIFIED,2702,6,,バンタム級,5分2R,1050,小林佳純,HAGANE GYM,計量結果 :61.2 Kg,,130,加藤ケンジ,NeighborHood,計量結果 :61.1 Kg,,F1_LOSS_F2_WIN,opacity (single fighter dimmed),2,00:47,ko,KO,,［レフェリー］豊永　稔 ［サブ・レフェリー］ 福田正人 1R 10-9 片岡誠人 1R 10-9 横山忠志 1R 10-10
48,2017-12-17,インフィニティリーグ2017優勝決定戦,,,UNCLASSIFIED,2703,5,,フェザー級,5分2R,297,高橋孝徳,"リバーサルジム新宿Me,We",計量結果 :65.7 Kg,,1115,工藤諒司,TRIBE TOKYO M.M.A,計量結果 :65.5 Kg,,F1_LOSS_F2_WIN,opacity (single fighter dimmed),1,04:43,ko,KO,,［レフェリー］福田正人
48,2017-12-17,インフィニティリーグ2017優勝決定戦,,,UNCLASSIFIED,2693,4,新人王決定トーナメント2017,フライ級,5分2R,1048,MCたわし,Theパラエストラ沖縄,計量結果 :56.7 Kg,,1049,本田良介,CAVE,計量結果 :56.7 Kg,honda-ryosuke,F1_LOSS_F2_WIN,score 0-3 (overrides opacity if needed),,,ud,判定 0-3,,［レフェリー］福田正人 ［サブ・レフェリー］ 豊永　稔 18-20（1R 9-10／2R 9-10） 大内　敬 18-20（1R 9-10／2R 9-10） 横山朋彦 18-20（1R 9-10／2R 9-10） ※勝利した青：本田が、2017年度フライ級新人王に。
48,2017-12-17,インフィニティリーグ2017優勝決定戦,,,UNCLASSIFIED,2694,3,新人王決定トーナメント2017,バンタム級,5分2R,1051,笹晋久,THE BLACKBELT JAPAN,計量結果 :61.2 Kg,,1052,山城翔,Theパラエストラ沖縄,計量結果 :61.2 Kg,,F1_WIN_F2_LOSS,score 3-0 (overrides opacity if needed),,,ud,判定 3-0,,［レフェリー］大内　敬 ［サブ・レフェリー］ 福田正人 20-18（1R 10-9／2R 10-9） 片岡誠人 20-18（1R 10-9／2R 10-9） 横山忠志 20-18（1R 10-9／2R 10-9） ※勝利した赤：笹が、2017年度バンタム級新人王に。
48,2017-12-17,インフィニティリーグ2017優勝決定戦,,,UNCLASSIFIED,2695,2,新人王決定トーナメント2017,フェザー級,5分2R,289,佐藤裕二,毛利道場,計量結果 :65.6 Kg,,1042,ほしのゆたか,和術慧舟會HEARTS,計量結果 :65.4 Kg,,F1_LOSS_F2_WIN,score 0-3 (overrides opacity if needed),,,ud,判定 0-3,,［レフェリー］大内　敬 ［サブ・レフェリー］ 豊永　稔 18-20（1R 9-10／2R 9-10） 片岡誠人 18-20（1R 9-10／2R 9-10） 横山忠志 18-20（1R 9-10／2R 9-10） ※勝利した青：星野が、2017年度フェザー級新人王に。
48,2017-12-17,インフィニティリーグ2017優勝決定戦,,,UNCLASSIFIED,2696,1,新人王決定トーナメント2017,ウェルター級,5分2R,1062,上野勇貴,AACC×SPIDER,計量結果 :76.9 Kg,,1112,ジョナタンバイエス,パラエストラ松戸,計量結果 :76.4 Kg,,F1_WIN_F2_LOSS,opacity (single fighter dimmed),2,02:38,submision,S,スリーパーホールド,［レフェリー］福田正人 ［サブ・レフェリー］ 豊永　稔 1R 9-10 片岡誠人 1R 9-10 横山忠志 1R 8-10 ※勝利した赤：上野が、2017年度ウェルター級新人王に。
48,2017-12-17,インフィニティリーグ2017優勝決定戦,,,UNCLASSIFIED,2691,,MOBSTYLES Presents インフィニティリーグ2017,フェザー級,5分2R,300,仲山貴志,総合格闘技津田沼道場,,,310,三上譲治,修斗GYM東京,,,F1_WIN_F2_LOSS,opacity (single fighter dimmed),,,,,,三上の出場停止の為 中止
48,2017-12-17,インフィニティリーグ2017優勝決定戦,,,UNCLASSIFIED,2704,2,,バンタム級,3分2R,1116,倉本一真,"リバーサルジム新宿Me,We",計量結果 :60.9 Kg,,1117,鈴木弘之,ライジングサン,計量結果 :60.9 Kg,,F1_WIN_F2_LOSS,opacity (single fighter dimmed),1,02:54,ko,KO,,［レフェリー］片岡誠人
48,2017-12-17,インフィニティリーグ2017優勝決定戦,,,UNCLASSIFIED,2705,1,,バンタム級,3分2R,1118,長谷川直弘,AACC,計量結果 :60.9 Kg,,1119,守屋雅史,SUBMIT MMA,計量結果 :60.7 Kg,,F1_WIN_F2_LOSS,opacity (single fighter dimmed),2,00:05,ko,KO,,［レフェリー］片岡誠人 ［サブ・レフェリー］ 福田正人 1R 10-9 大内　敬 1R 10-9 横山忠志 1R 10-9
47,2017-11-19,SHOOTO GIG TOKYO Vol.23,,,GIG_UNDERCARD_SERIES,2681,11,,フライ級,5分3R,142,内藤頌貴,THE BLACKBELT JAPAN,計量結果 :56.7 Kg,,96,北原史寛,パラエストラ札幌,計量結果 :56.0 Kg,,F1_WIN_F2_LOSS,opacity (single fighter dimmed),1,02:07,ko,KO,,［レフェリー］豊永　稔
47,2017-11-19,SHOOTO GIG TOKYO Vol.23,,,GIG_UNDERCARD_SERIES,2682,10,,バンタム級,5分2R,305,平川智也,マスタージャパン,計量結果 :61.1 Kg,,232,松下祐介,パラエストラTB,計量結果 :61.1 Kg,,F1_WIN_F2_LOSS,score 3-0 (overrides opacity if needed),,,ud,判定 3-0,,［レフェリー］豊永　稔 ［サブ・レフェリー］ 福田正人 20-18（1R 10-9／2R 10-9） 片岡誠人 20-18（1R 10-9／2R 10-9） 横山朋彦 20-18（1R 10-9／2R 10-9）
47,2017-11-19,SHOOTO GIG TOKYO Vol.23,,,GIG_UNDERCARD_SERIES,2683,9,,バンタム級,5分2R,171,小野島恒太,Combat Workout Diamonds,計量結果 :61.2 Kg,,1032,水島宏,roots,計量結果 :60.9 Kg,,F1_WIN_F2_LOSS,score 3-0 (overrides opacity if needed),,,ud,判定 3-0,,［レフェリー］福田正人 ［サブ・レフェリー］ 片岡誠人 20-18（1R 10-9／2R 10-9） 横山忠志 20-19（1R 10-9／2R 10-10） 浦　僚克 20-18（1R 10-9／2R 10-9）
47,2017-11-19,SHOOTO GIG TOKYO Vol.23,,,GIG_UNDERCARD_SERIES,2684,8,MOBSTYLES Presents インフィニティリーグ2017,フェザー級,5分2R,255,TOMA,直心会TK68,計量結果 :65.7 Kg,toma,310,三上譲治,修斗GYM東京,計量結果 :65.7 Kg,,F1_WIN_F2_LOSS,opacity (single fighter dimmed),2,00:19,ko,KO,,［レフェリー］福田正人 ［サブ・レフェリー］ 片岡誠人 1R 10-9 豊永　稔 1R 10-10 浦　僚克 1R 10-9
47,2017-11-19,SHOOTO GIG TOKYO Vol.23,,,GIG_UNDERCARD_SERIES,2685,7,,ストロー級,5分2R,55,太田トモアキ,パラエストラ小岩,計量結果 :52.1 Kg,,51,楳沢智治,AACC×SPIDER,計量結果 :52.1 Kg,,F1_LOSS_F2_WIN,score 0-2 (overrides opacity if needed),,,ud,判定 0-2,,［レフェリー］片岡誠人 ［サブ・レフェリー］ 浦　僚克 19-20（1R 10-10／2R 9-10） 横山忠志 18-20（1R 9-10／2R 9-10） 横山朋彦 19-19（1R 10-9／2R 9-10）
47,2017-11-19,SHOOTO GIG TOKYO Vol.23,,,GIG_UNDERCARD_SERIES,2686,6,,ライト級,5分2R,564,木村孔明,パラエストラTB,計量結果 :70.3 Kg,,1061,宍戸航太,HAGANE GYM,計量結果 :70.1 Kg,,F1_LOSS_F2_WIN,opacity (single fighter dimmed),1,04:28,submision,S,スリーパーホールド,［レフェリー］片岡誠人
47,2017-11-19,SHOOTO GIG TOKYO Vol.23,,,GIG_UNDERCARD_SERIES,2687,5,,ライト級,5分2R,1059,森修,トライデントジム,計量結果 :69.8 Kg,,355,鈴木淑徳,オフィス淑徳軍,計量結果 :70.3 Kg,,F1_WIN_F2_LOSS,opacity (single fighter dimmed),1,03:02,ko,KO,,［レフェリー］豊永　稔
47,2017-11-19,SHOOTO GIG TOKYO Vol.23,,,GIG_UNDERCARD_SERIES,2688,4,,フライ級,5分2R,129,輝龍,roots,計量結果 :56.6 Kg,,1063,志賀竜太郎,TEAM SALT,計量結果 :56.1 Kg,,F1_LOSS_F2_WIN,score 0-3 (overrides opacity if needed),,,ud,判定 0-3,,［レフェリー］福田正人 ［サブ・レフェリー］ 浦　僚克 18-20（1R 9-10／2R 9-10） 横山忠志 18-20（1R 9-10／2R 9-10） 横山朋彦 18-20（1R 9-10／2R 9-10）
47,2017-11-19,SHOOTO GIG TOKYO Vol.23,,,GIG_UNDERCARD_SERIES,2690,3,,フライ級,5分2R,959,関口祐冬,修斗GYM東京,計量結果 :56.6 Kg,,1111,斎藤康太,パラエストラ小岩,計量結果 :55.6 Kg,,F1_WIN_F2_LOSS,score 3-0 (overrides opacity if needed),,,ud,判定 3-0,,［レフェリー］福田正人 ［サブ・レフェリー］ 豊永　稔 20-18（1R 10-9／2R 10-9） 横山忠志 20-18（1R 10-9／2R 10-9） 片岡誠人 20-18（1R 10-9／2R 10-9）
47,2017-11-19,SHOOTO GIG TOKYO Vol.23,,,GIG_UNDERCARD_SERIES,2697,2,,フライ級,5分2R,69,高橋弘幸,SAI-GYM,計量結果 :56.4 Kg,,1135,ツゲダイジ,パラエストラ松戸,計量結果 :56.4 Kg,,F1_WIN_F2_LOSS,opacity (single fighter dimmed),2,02:49,ko,KO,,［レフェリー］片岡誠人 ［サブ・レフェリー］ 豊永　稔 1R 10-10 横山忠志 1R 10-10 福田正人 1R 9-10
47,2017-11-19,SHOOTO GIG TOKYO Vol.23,,,GIG_UNDERCARD_SERIES,2689,1,,,5分2R,566,緒方史朗,パラエストラ松戸,計量結果 :60.8 Kg,,1110,ガッツTakato,-,計量結果 :60.9 Kg,,F1_WIN_F2_LOSS,score 2-1 (overrides opacity if needed),,,ud,判定 2-1,,［レフェリー］片岡誠人 ［サブ・レフェリー］ 豊永　稔 20-19（1R 10-10／2R 10-9） 横山忠志 20-18（1R 10-9／2R 10-9） 福田正人 19-20（1R 10-10／2R 9-10）
46,2017-10-15,プロフェッショナル修斗公式戦,,,PRO_SHOOTO_MAINLINE,2637,12,世界フライ級チャンピオンシップ 5回戦,フライ級 5回戦,,2,扇久保博正,パラエストラ松戸,,ougikubo-hiromasa,18,オニボウズ,総合格闘技ゴンズジム,,,F1_WIN_F2_LOSS,opacity (single fighter dimmed),1,04:26,,,,※スリーパー・ホールド ※※勝利した扇久保が初防衛に成功。 ［レフェリー］大内　敬
46,2017-10-15,プロフェッショナル修斗公式戦,,,PRO_SHOOTO_MAINLINE,2641,11,第10代世界バンタム級チャンピオン決定戦,バンタム級,5分5R,176,佐藤将光,坂口道場一族,,sato-shoko,161,石橋佳大,ZEEKジム,,,F1_WIN_F2_LOSS,score 3-0 (overrides opacity if needed),,,ud,判定 3-0,,※勝利した佐藤が、第10代世界バンタム級チャンピオンに。 ［レフェリー］片岡誠人 ［サブ・レフェリー］ 生駒純司 49-48（1R 10-10／2R 10-9／3R 10-10／4R 10-9／5R 9-10） 横山忠志 48-46（1R 10-9／2R 10-9／3R 9-10／4R 10-8／5R 9-10） 渡辺恭介 47-45（1R 10-9／2R 10-9／3R 8-10／4R 10-7／5R 9-10）
46,2017-10-15,プロフェッショナル修斗公式戦,,,PRO_SHOOTO_MAINLINE,2638,10,世界ストロー級チャンピオン決定戦,ストロー級 5回戦,,30,澤田龍人,AACC×剛毅會,,,28,猿田洋祐,和術慧舟會HEARTS,,,F1_LOSS_F2_WIN,opacity (single fighter dimmed),4,02:37,ko,KO,,※グラウンドパンチ ※※勝利した猿田が、第7代世界ストロー級チャンピオンに。 ［レフェリー］松根良太 ［サブ・レフェリー］ 生駒純司 1R 10-10／2R 9-10／3R 9-10 横山忠志 1R 10-9／2R 9-10／3R 9-10 渡辺恭介 1R 10-10／2R 9-10／3R 9-10
46,2017-10-15,プロフェッショナル修斗公式戦,,,PRO_SHOOTO_MAINLINE,2649,9,環太平洋フェザー級チャンピオンシップ,フェザー級,5分3R,248,高橋遼伍,KRAZY BEE,,,267,青井人,BLOWS,,aoi-jin,F1_WIN_F2_LOSS,score 2-0 (overrides opacity if needed),3,,ud,判定 2-0,,※王者、高橋が初防衛に成功。 ［レフェリー］松根良太 ［サブ・レフェリー］ 片岡誠人 29-28（1R 10-9／2R 10-9／3R 9-10） 横山忠志 29-29（1R 9-10／2R 10-10／3R 10-9） 生駒純司 30-28（1R 10-10／2R 10-9／3R 10-9）
46,2017-10-15,プロフェッショナル修斗公式戦,,,PRO_SHOOTO_MAINLINE,2646,8,,フライ級,5分3R,940,中村優作,TEAM FAUST,,nakamura-yusaku,1097,ライリードゥトロ,I＆I TRAINING CENTER,,,F1_LOSS_F2_WIN,opacity (single fighter dimmed),2,02:14,ko,KO,,※スタンドパンチでのダウン後、グラウンドパンチ ［レフェリー］片岡誠人 ［サブ・レフェリー］ 大内　敬 1R 9-10 横山忠志 1R 10-9 生駒純司 1R 10-10
46,2017-10-15,プロフェッショナル修斗公式戦,,,PRO_SHOOTO_MAINLINE,2639,7,,ライト級 3回戦,,4,川名TENCHO雄生,Y&K MMA ACADEMY,,,984,小谷直之,ロデオスタイル,,,F1_WIN_F2_LOSS,score 2-0 (overrides opacity if needed),3,,ud,判定 2-0,,［レフェリー］片岡誠人 ［サブ・レフェリー］ 大内　敬 29-28（1R 9-10／2R 10-9／3R 10-9） 横山忠志 29-29（1R 9-10／2R 10-10／3R 10-9） 生駒純司 29-28（1R 9-10／2R 10-9／3R 10-9）
46,2017-10-15,プロフェッショナル修斗公式戦,,,PRO_SHOOTO_MAINLINE,2650,6,,バンタム級,5分3R,198,魚井フルスイング,和術慧舟會HEARTS,,,1089,論田愛空隆,心技館,,,F1_WIN_F2_LOSS,score 1-0 (overrides opacity if needed),3,,ud,判定 1-0,,［レフェリー］大内　敬 ［サブ・レフェリー］ 松根良太 30-29（1R 10-10／2R 10-10／3R 10-9） 生駒純司 29-29（1R 10-9／2R 10-10／3R 9-10） 片岡誠人 29-29（1R 9-10／2R 10-9／3R 10-10）
46,2017-10-15,プロフェッショナル修斗公式戦,,,PRO_SHOOTO_MAINLINE,2640,5,,ライト級 3回戦,,388,岡野裕城,マッハ道場,,,1075,鈴木槙吾,アライアンス,,,F1_WIN_F2_LOSS,score 2-0 (overrides opacity if needed),3,,ud,判定 2-0,,［レフェリー］松根良太 ［サブ・レフェリー］ 片岡誠人 29-28（1R 9-10／2R 10-8／3R 10-10） 生駒純司 29-29（1R 9-10／2R 10-9／3R 10-10） 渡辺恭介 29-27（1R 9-10／2R 10-8／3R 10-9）
46,2017-10-15,プロフェッショナル修斗公式戦,,,PRO_SHOOTO_MAINLINE,2644,4,,フライ級,5分3R,147,石井逸人,TRIBE TOKYO M.M.A,,,160,六本木洋,総合格闘技道場STF,,,F1_WIN_F2_LOSS,opacity (single fighter dimmed),3,03:07,tko,TKO,肘によるカット,※肘によるカットでレフェリー・ストップ ［レフェリー］松根良太 ［サブ・レフェリー］ 片岡誠人 1R 10-9／2R 10-9 横山忠志 1R 10-9／2R 10-9 渡辺恭介 1R 10-9／2R 10-9
46,2017-10-15,プロフェッショナル修斗公式戦,,,PRO_SHOOTO_MAINLINE,2643,3,,バンタム級,5分3R,127,奇天烈,修斗GYMS直心会,,,853,祖根寿麻,ZOOMER,,,F1_LOSS_F2_WIN,score 0-3 (overrides opacity if needed),3,,ud,判定 0-3,,［レフェリー］片岡誠人 ［サブ・レフェリー］ 大内　敬 29-28（1R 10-9／2R 9-10／3R 10-9） 横山忠志 29-28（1R 10-9／2R 9-10／3R 10-9） 渡辺恭介 30-28（1R 10-9／2R 10-10／3R 10-9）
46,2017-10-15,プロフェッショナル修斗公式戦,,,PRO_SHOOTO_MAINLINE,2645,2,,ストロー級,5分2R,84,箕輪ひろば,総合格闘技道場STF,,minowa-hiroba,78,ふじい☆ペリー,BURST,,,F1_WIN_F2_LOSS,opacity (single fighter dimmed),1,04:36,,,,※パウンド連打 ［レフェリー］片岡誠人
46,2017-10-15,プロフェッショナル修斗公式戦,,,PRO_SHOOTO_MAINLINE,2642,1,,ライト級,5分3R,3,松本光史,フリー,,,247,大尊伸光,野田ボディビル同好会,,,F1_WIN_F2_LOSS,opacity (single fighter dimmed),2,00:53,ko,KO,,※スタンドパンチでダウン後、パウンド連打 ［レフェリー］大内　敬 ［サブ・レフェリー］ 松根良太 1R 10-9 横山忠志 1R 10-9 渡辺恭介 1R 9-10
46,2017-10-15,プロフェッショナル修斗公式戦,,,PRO_SHOOTO_MAINLINE,2680,,,女子,5分2R,1108,セラ,PUREBRED,,,1109,キムヨンギ,-,,,F1_WIN_F2_LOSS,score 3-0 (overrides opacity if needed),2,,ud,判定 3-0,,［レフェリー］大内　敬 ［サブ・レフェリー］ 松根良太 20-18（1R 10-9／2R 10-9） 横山忠志 20-18（1R 10-9／2R 10-9） 渡辺恭介 20-18（1R 10-9／2R 10-9）
50,2017-09-03,BORDER-season9-「The2nd」,,大阪市平野区／コミュニティプラザ平野,BORDER,2658,7,,フェザー級,5分2R,290,里本一也,パラエストラ広島,計量結果 :65.6 Kg,,669,久保村ヨシTERU,飛翔塾コンドル,計量結果 :65.1 Kg,,F1_WIN_F2_LOSS,opacity (single fighter dimmed),2,01:25,submision,S,チキンウィングアームロック,[レフェリー]吉田元貴 [サブレフェリー] 山本諭志　1R9-10 安芸佳孝　1R10-9 加納学　　1R10-10
50,2017-09-03,BORDER-season9-「The2nd」,,大阪市平野区／コミュニティプラザ平野,BORDER,2657,6,新人王決定トーナメント2017,ライト級,5分2R,1103,興梠弘樹,DESTINY GYM,計量結果 :70.2 Kg,,1056,キャプテン☆アフリカ,総合格闘技道場コブラ会,計量結果 :70.15 Kg,captain-africa,F1_LOSS_F2_WIN,opacity (single fighter dimmed),1,00:50,submision,S,腕ひしぎ十字固め,※※勝利したキャプテン☆アフリカがトーナメント決勝進出 決勝ではJu-Sei　Aquila（パラエストラ小岩）と対戦する
50,2017-09-03,BORDER-season9-「The2nd」,,大阪市平野区／コミュニティプラザ平野,BORDER,2656,5,新人王決定トーナメント2017,フライ級,5分2R,1041,藤田健吾,総合格闘技reliable,計量結果 :56.55 Kg,,1048,MCたわし,Theパラエストラ沖縄,計量結果 :56.6 Kg,,F1_LOSS_F2_WIN,score 0-3 (overrides opacity if needed),,,ud,判定 0-3,,[レフェリー]吉田元貴 [サブレフェリー] 山本諭志　18-20（1R9-10／2R9-10） 安芸佳孝　18-20（1R9-10／2R9-10） 加納学　　18-20（1R9-10／2R9-10） ※勝利したMCたわしがトーナメント決勝進出
50,2017-09-03,BORDER-season9-「The2nd」,,大阪市平野区／コミュニティプラザ平野,BORDER,2655,4,,ライト級,5分2R,1102,田中有,総合格闘技道場reliable,計量結果 :69.6 Kg,,1057,伊集守道,Theパラエストラ沖縄,計量結果 :69.95 Kg,,F1_WIN_F2_LOSS,opacity (single fighter dimmed),1,04:15,tko,TKO,,※レフェリーストップ
50,2017-09-03,BORDER-season9-「The2nd」,,大阪市平野区／コミュニティプラザ平野,BORDER,2654,3,,バンタム級,5分2R,1037,ハンセン玲雄,総合格闘技道場reliable,計量結果 :61.15 Kg,,1101,前川大輔,総合格闘技道場コブラ会,計量結果 :61.05 Kg,,F1_LOSS_F2_WIN,score 0-3 (overrides opacity if needed),,,ud,判定 0-3,,[レフェリー]吉田元貴 [サブレフェリー] 山本諭志　18-20（1R9-10／2R9-10） 安芸佳孝　18-20（1R9-10／2R9-10） 加納学　　18-20（1R9-10／2R9-10）
50,2017-09-03,BORDER-season9-「The2nd」,,大阪市平野区／コミュニティプラザ平野,BORDER,2653,2,,フライ級,5分2R,155,増田恭介,総合格闘技ゴンズジム,計量結果 :56.65 Kg,,138,建部誠二,SHOOTO GYM BLOOM,計量結果 :56.5 Kg,,F1_WIN_F2_LOSS,opacity (single fighter dimmed),2,02:21,submision,S,スリーパーホールド,建部選手にはグラウンドでの顔面蹴り上げで減点1 [レフェリー]吉田元貴 [サブレフェリー] 山本諭志　1R9-9 安芸佳孝　1R9-9 加納学　　1R9-9
50,2017-09-03,BORDER-season9-「The2nd」,,大阪市平野区／コミュニティプラザ平野,BORDER,2652,1,,バンタム級,5分2R,223,西村大地,パラエストラ天満,計量結果 :60.8 Kg,,777,青柳洸志,修斗GYM神戸,計量結果 :60.8 Kg,,F1_WIN_F2_LOSS,score 3-0 (overrides opacity if needed),,,ud,判定 3-0,,[レフェリー]吉田元貴 [サブレフェリー] 山本諭志　20-19（1R10-9／2R10-10） 安芸佳孝　20-18（1R10-9／2R10-9） 加納学　　20-18（1R10-9／2R10-9）
50,2017-09-03,BORDER-season9-「The2nd」,,大阪市平野区／コミュニティプラザ平野,BORDER,2651,,,キッズ・ジュニア修斗,3分1R,1099,亀井修真,直心会生野道場TK68,計量結果 :37.2 Kg,,1100,金井拓築,修斗GYMS直心会,計量結果 :38.75 Kg,,DRAW,score tied 1-1,,,ud,判定 1-1,,[レフェリー]北川純 [サブレフェリー] 吉田元貴　1R9-10 加納学　　1R10-9 安芸佳孝　1R10-10
45,2017-09-02,RUN & FIGHT & MOSH Vol.1,,,UNCLASSIFIED,2647,4,新人王決定トーナメント2017,バンタム級,5分2R,1050,小林佳純,HAGANE GYM,計量結果 :61.1 Kg,,1051,笹晋久,THE BLACKBELT JAPAN,計量結果 :61.2 Kg,,F1_LOSS_F2_WIN,opacity (single fighter dimmed),2,01:35,tko,TKO,セコンドによる試合棄権,セコンドによる試合棄権 勝利した赤：笹はトーナメント決勝戦に進出。 ［レフェリー］片岡誠人 ［サブ・レフェリー］ 豊永　稔 1R 10-10 大内　敬 1R 9-10 横山忠志 1R 10-10
45,2017-09-02,RUN & FIGHT & MOSH Vol.1,,,UNCLASSIFIED,2648,3,新人王決定トーナメント2017,ストロー級,5分2R,1098,旭那拳,THE BLACKBELT JAPAN,計量結果 :52.2 Kg,,1046,高橋梨王,修斗GYM東京,計量結果 :52.0 Kg,,F1_WIN_F2_LOSS,opacity (single fighter dimmed),1,04:01,submision,S,スリーパー・ホールド,勝利した赤：旭那はトーナメント決勝戦に進出。 決勝戦では門田省吾（広島／総合格闘技道場BURST）と対戦。 ［レフェリー］片岡誠人
45,2017-09-02,RUN & FIGHT & MOSH Vol.1,,,UNCLASSIFIED,2635,2,MOBSTYLES Presents インフィニティリーグ2017,フェザー級,5分2R,15,内藤太尊,roots,計量結果 :65.7 Kg,,300,仲山貴志,総合格闘技津田沼道場,計量結果 :65.8 Kg,,F1_LOSS_F2_WIN,opacity (single fighter dimmed),1,01:17,submision,S,スリーパー・ホールド,勝利した青：仲山が勝ち点4（計7）を獲得。 ［レフェリー］豊永　稔
45,2017-09-02,RUN & FIGHT & MOSH Vol.1,,,UNCLASSIFIED,2636,1,MOBSTYLES Presents インフィニティリーグ2017,フェザー級,5分2R,314,山本健斗デリカット,総合格闘技道場コブラ会,計量結果 :65.7 Kg,,310,三上譲治,修斗GYM東京,計量結果 :65.8 Kg,,F1_WIN_F2_LOSS,opacity (single fighter dimmed),2,03:24,tko,TKO,レフェリー・ストップ,勝利した赤：山本が勝ち点3（計5）を獲得。 ［レフェリー］豊永　稔 ［サブ・レフェリー］ 片岡誠人 1R 10-9 大内　敬 1R 10-9 横山忠志 1R 10-9
44,2017-07-23,後楽園大会,,,UNCLASSIFIED,2623,7,環太平洋ライト級チャンピオン決定戦,ライト級,5分3R,4,川名TENCHO雄生,Y&K MMA ACADEMY,計量結果 :70.2 Kg,,321,AB,和術慧舟會駿河道場,計量結果 :70.1 Kg,,F1_WIN_F2_LOSS,opacity (single fighter dimmed),2,02:11,ko,KO,,［レフェリー］豊永　稔 ［サブ・レフェリー］ 渡辺恭介 1R 10-9 松根良太 1R 10-9 大内　敬 1R 10-10 ※勝利した赤：川名が第九代環太平洋ライト級王者に。
44,2017-07-23,後楽園大会,,,UNCLASSIFIED,2629,6,,バンタム級,5分3R,176,佐藤将光,坂口道場一族,計量結果 :61.1 Kg,sato-shoko,1076,ルーベンデュラン,CQUENCE JIUJITSU,計量結果 :60.9 Kg,,F1_WIN_F2_LOSS,opacity (single fighter dimmed),1,04:58,ko,KO,,［レフェリー］福田正人
44,2017-07-23,後楽園大会,,,UNCLASSIFIED,2627,5,,フェザー級,5分3R,262,星野勇二,和術慧舟會GODS/NATURAL9,計量結果 :65.2 Kg,,309,摩嶋一整,毛利道場,計量結果 :65.6 Kg,majima-kazumasa,F1_LOSS_F2_WIN,opacity (single fighter dimmed),2,00:12,ko,KO,,［レフェリー］松根良太 ［サブ・レフェリー］ 片岡誠人 1R 10-8 豊永　稔 1R 10-8 横山忠志 1R 10-8
44,2017-07-23,後楽園大会,,,UNCLASSIFIED,2625,4,,ライト級,5分3R,406,長田拓也,BLOWS,計量結果 :69.5 Kg,,329,児山佳宏,THE BLACKBELT JAPAN,計量結果 :69.9 Kg,,F1_WIN_F2_LOSS,opacity (single fighter dimmed),1,01:14,submision,S,スリーパーホールド,［レフェリー］豊永　稔
44,2017-07-23,後楽園大会,,,UNCLASSIFIED,2626,3,,バンタム級,5分3R,169,岡田遼,パラエストラ千葉,計量結果 :61.2 Kg,,209,金物屋の秀,SHOOTO GYM K'z FACTORY,計量結果 :60.9 Kg,,F1_WIN_F2_LOSS,opacity (single fighter dimmed),1,04:52,ko,KO,,［レフェリー］豊永　稔
44,2017-07-23,後楽園大会,,,UNCLASSIFIED,2633,2,,,5分2R,678,福本よう一,頂柔術,計量結果 :72.9 Kg,,355,鈴木淑徳,オフィス淑徳軍,計量結果 :72.7 Kg,,F1_WIN_F2_LOSS,score 3-0 (overrides opacity if needed),,,ud,判定 3-0,,［レフェリー］福田正人 ［サブ・レフェリー］ 渡辺恭介 20-18（1R 10-9／2R 10-9） 片岡誠人 20-18（1R 10-9／2R 10-9） 大内　敬 20-18（1R 10-9／2R 10-9）
44,2017-07-23,後楽園大会,,,UNCLASSIFIED,2628,1,,バンタム級,5分2R,1069,榎本明,TRIBE TOKYO MMA,計量結果 :61.0 Kg,,1089,論田愛空隆,心技館,計量結果 :61.1 Kg,,F1_LOSS_F2_WIN,opacity (single fighter dimmed),1,00:10,ko,KO,,［レフェリー］福田正人
44,2017-07-23,後楽園大会,,,UNCLASSIFIED,2630,2,新人王決定トーナメント2017,ライト級,5分2R,1058,Ju-seiAquila,パラエストラ小岩,計量結果 :69.8 Kg,,1061,宍戸航太,HAGANE GYM,計量結果 :69.9 Kg,,F1_WIN_F2_LOSS,opacity (single fighter dimmed),1,02:58,submision,S,腕ひしぎ十字固め,［レフェリー］片岡誠人 勝利した赤：Ju-seiがトーナメント決勝戦進出。
44,2017-07-23,後楽園大会,,,UNCLASSIFIED,2632,1,新人王決定トーナメント2017,フェザー級,5分2R,1055,藤木龍一郎,和術慧舟會AKZA,計量結果 :64.9 Kg,,289,佐藤裕二,毛利道場,計量結果 :65.8 Kg,,F1_LOSS_F2_WIN,score 0-3 (overrides opacity if needed),,,ud,判定 0-3,,［レフェリー］片岡誠人 ［サブ・レフェリー］ 渡辺恭介 20-18（1R 10-9／2R 10-9） 福田正人 20-17（1R 10-8／2R 10-9） 横山忠志 20-18（1R 10-9／2R 10-9） ※勝利した赤：佐藤がトーナメント決勝戦進出
44,2017-07-23,後楽園大会,,,UNCLASSIFIED,2634,,,キッズ・ジュニア修斗,3分1R,1094,伊集龍皇,パラエストラ小岩,計量結果 :50.9 Kg,,1095,青井心二,心技館,計量結果 :47.1 Kg,,F1_LOSS_F2_WIN,score 0-2 (overrides opacity if needed),,,ud,判定 0-2,,［レフェリー］松根良太 ［サブ・レフェリー］ 渡辺恭介 9-10 横山忠志 9-10
43,2017-06-25,プロフェッショナル修斗公式戦 in OSAKA,,,PRO_SHOOTO_MAINLINE,2607,9,,フライ級,5分3R,18,オニボウズ,総合格闘技ゴンズジム,計量結果 :56.4 Kg,,147,石井逸人,TRIBE TOKYO M.M.A,計量結果 :56.5 Kg,,F1_WIN_F2_LOSS,score 3-0 (overrides opacity if needed),,,ud,判定 3-0,,［レフェリー］豊永　稔 ［サブ・レフェリー］ 松根良太 30-28（1R 10-10／2R 10-9／3R 10-9） 吉田元貴 29-28（1R 9-10／2R 10-9／3R 10-9） 豊島孝尚 29-28（1R 9-10／2R 10-9／3R 10-9）
43,2017-06-25,プロフェッショナル修斗公式戦 in OSAKA,,,PRO_SHOOTO_MAINLINE,2610,8,,フェザー級,5分3R,267,青井人,BLOWS,,aoi-jin,333,タクミ,パレストラ大阪,,,F1_WIN_F2_LOSS,opacity (single fighter dimmed),2,00:51,tko,TKO,,［レフェリー］吉田元貴 ［サブ・レフェリー］ 豊永　稔 1R 10-10 片岡誠人 1R 10-9 豊島孝尚 1R 9-10
43,2017-06-25,プロフェッショナル修斗公式戦 in OSAKA,,,PRO_SHOOTO_MAINLINE,2608,7,,フライ級,5分3R,11,前田吉朗,パンクラス大阪稲垣組,計量結果 :58.4 Kg,,1093,キムヨンハン,クミティムホン,計量結果 :58.4 Kg,,F1_WIN_F2_LOSS,opacity (single fighter dimmed),1,00:54,tko,TKO,,［レフェリー］豊永　稔
43,2017-06-25,プロフェッショナル修斗公式戦 in OSAKA,,,PRO_SHOOTO_MAINLINE,2615,6,,フェザー級,5分3R,334,武田飛翔,Trister Gym,計量結果 :65.6 Kg,,296,高野明,MMA修斗ジムBLOWS,計量結果 :65.8 Kg,,F1_LOSS_F2_WIN,score 0-3 (overrides opacity if needed),,,ud,判定 0-3,,［レフェリー］松根良太 ［サブ・レフェリー］ 豊永　稔 29-30（1R 10-10／2R 9-10／3R 10-10） 片岡誠人 28-29（1R 10-10／2R 10-9／3R 10-9） 豊島孝尚 28-30（1R 10-10／2R 10-9／3R 10-9）
43,2017-06-25,プロフェッショナル修斗公式戦 in OSAKA,,,PRO_SHOOTO_MAINLINE,2613,5,,フライ級,5分3R,105,萩原幸太郎,パラエストラ八王子,計量結果 :56.7 Kg,,149,福田龍彌,MIBURO,計量結果 :56.7 Kg,fukuda-ryuya,F1_LOSS_F2_WIN,score 0-3 (overrides opacity if needed),,,ud,判定 0-3,,［レフェリー］松根良太 ［サブ・レフェリー］ 豊永　稔 28-30（1R 9-10／2R 10-10／3R 9-10） 吉田元貴 27-30（1R 9-10／2R 9-10／3R 9-10） 田中竜一 28-30（1R 9-10／2R 9-10／3R 10-10）
43,2017-06-25,プロフェッショナル修斗公式戦 in OSAKA,,,PRO_SHOOTO_MAINLINE,2614,4,,ストロー級,5分3R,35,ニシダ☆ショー,BURST,計量結果 :51.5 Kg,,38,マッチョザバタフライ,総合格闘技道場コブラ会,計量結果 :52.2 Kg,,F1_WIN_F2_LOSS,opacity (single fighter dimmed),3,03:00,submision,S,三角締め,［レフェリー］吉田元貴 ［サブ・レフェリー］ 松根良太 1R 10-10／2R 10-9 片岡誠人 1R 9-10／2R 10-9 豊島孝尚 1R 10-10／2R 10-9
43,2017-06-25,プロフェッショナル修斗公式戦 in OSAKA,,,PRO_SHOOTO_MAINLINE,2616,3,,バンタム級,5分3R,200,エダ塾長こうすけ,MIBURO,計量結果 :61.2 Kg,,295,ダイキライトイヤー,修斗GYM神戸,計量結果 :61.2 Kg,,DRAW,"note judge tallies [('29', '28'), ('28', '30')] -> favors1=1 favors2=1 ties=0 (even)",,,,,,［レフェリー］吉田元貴 ［サブ・レフェリー］ 松根良太 29-28（1R 9-10／2R 10-9／3R 10-9） 片岡誠人 28-30（1R 10-10／2R 9-10／3R 9-10） 田中竜一 29–29（1R 9-10／2R 10-9／3R 10-10）
43,2017-06-25,プロフェッショナル修斗公式戦 in OSAKA,,,PRO_SHOOTO_MAINLINE,2586,2,MOBSTYLES Presents インフィニティリーグ2017,フェザー級,5分2R,314,山本健斗デリカット,総合格闘技道場コブラ会,計量結果 :65.7 Kg,,255,TOMA,直心会TK68,計量結果 :65.7 Kg,toma,F1_LOSS_F2_WIN,score 0-2 (overrides opacity if needed),,,ud,判定 0-2,,［レフェリー］片岡誠人 ［サブ・レフェリー］ 豊永　稔 18-20（1R 9-10／2R 9-10） 田中竜一 19-20（1R 10-10／2R 9-10） 豊島孝尚 20-20（1R 10-10／2R 10-10） ※勝利した青：TOMAが勝ち点2Pを獲得（累計6P）
43,2017-06-25,プロフェッショナル修斗公式戦 in OSAKA,,,PRO_SHOOTO_MAINLINE,2617,1,,バンタム級,5分2R,221,中本龍平,MMA修斗ジム BLOWS,計量結果 :60.9 Kg,,570,土肥聖帝潤,MIBURO,計量結果 :60.5 Kg,,F1_LOSS_F2_WIN,score 0-3 (overrides opacity if needed),,,ud,判定 0-3,,［レフェリー］吉田元貴 ［サブ・レフェリー］ 松根良太 18-20（1R 9-10／2R 9-10） 片岡誠人 17-20（1R 8-10／2R 9-10） 豊島孝尚 18-20（1R 9-10／2R 9-10）
43,2017-06-25,プロフェッショナル修斗公式戦 in OSAKA,,,PRO_SHOOTO_MAINLINE,2618,3,,ストロー級,5分2R,27,小堀貴広,総合格闘技ゴンズジム,,,59,小巻洋平,総合格闘技道場reliable,,,UNRESOLVED,"both dimmed, no score, no judge tallies, no note keyword match",,,,,,
43,2017-06-25,プロフェッショナル修斗公式戦 in OSAKA,,,PRO_SHOOTO_MAINLINE,2619,1,新人王決定トーナメント2017,バンタム級,5分2R,1054,ピットブルタカシ,666FIXXER,計量結果 :61.0 Kg,,1052,山城翔,Theパラエストラ沖縄,計量結果 :61.0 Kg,,F1_LOSS_F2_WIN,opacity (single fighter dimmed),2,02:20,submision,S,スリーパーホールド,※※勝利した青：山城がトーナメント準決勝に進出。 ［レフェリー］豊永　稔 ［サブ・レフェリー］ 吉田元貴 1R 9-10 片岡誠人 1R 9-10 田中竜一 1R 9-10
43,2017-06-25,プロフェッショナル修斗公式戦 in OSAKA,,,PRO_SHOOTO_MAINLINE,2621,２,,女子アトム級,5分2R,920,ヒヤマNFC,NFC,計量結果 :47.1 Kg,,1090,佐藤絵実,毛利道場,計量結果 :47.6 Kg,,F1_LOSS_F2_WIN,score 0-3 (overrides opacity if needed),,,ud,判定 0-3,,［レフェリー］片岡誠人 ［サブ・レフェリー］ 豊永　稔 18-20（1R 10-10／2R 8-10） 吉田元貴 19-20（1R 10-10／2R 9-10） 田中竜一 19-20（1R 10-10／2R 9-10）
43,2017-06-25,プロフェッショナル修斗公式戦 in OSAKA,,,PRO_SHOOTO_MAINLINE,2622,,,キッズ・ジュニア修斗,3分1R,1091,島田太陽,パラエストラ東大阪,計量結果 :29.8 Kg,,1092,澤田孝希,Kids MMA Team KIZUNA,計量結果 :32.1 Kg,,UNRESOLVED,"both dimmed, no score, no judge tallies, no note keyword match",,,,,,［レフェリー］北川　純 ［サブ・レフェリー］ 片岡誠人 9-10 豊島孝尚 10-9
42,2017-05-12,後楽園ホール大会,,,UNCLASSIFIED,2611,6,,フェザー級,5分3R,248,高橋遼伍,KRAZY BEE,計量結果 :65.7 Kg,,1083,アーノルドクエロ,MMA FACTORY,計量結果 :65.8 Kg,,F1_WIN_F2_LOSS,opacity (single fighter dimmed),3,01:35,ko,KO,,1Rからローを効かせた高橋。2Rもロー、パンチと攻め続ける。3R、足を引きずって後ろに下がるクエロにローで畳み掛けストップ。
42,2017-05-12,後楽園ホール大会,,,UNCLASSIFIED,2602,5,,フライ級,5分3R,100,清水清隆,TRIBE TOKYO M.M.A,計量結果 :56.6 Kg,,102,征矢貴,パラエストラ松戸,計量結果 :56.7 Kg,soya-takaki,F1_WIN_F2_LOSS,opacity (single fighter dimmed),3,00:32,ko,KO,,"1,2R、両者鋭い打撃を見せる緊迫の展開。3R、征矢が入るところ清水のカウンターパンチで征矢がダウンし、ストップ。"
42,2017-05-12,後楽園ホール大会,,,UNCLASSIFIED,2589,4,,ライト級,5分3R,4,川名TENCHO雄生,Y&K MMA ACADEMY,計量結果 :70.2 Kg,,1075,鈴木槙吾,アライアンス,計量結果 :70.0 Kg,,F1_WIN_F2_LOSS,opacity (single fighter dimmed),1,00:21,ko,KO,,開始後すぐに間合いを詰めた川名がいきなりパンチをラッシュ。鈴木も応戦し足を止めての激しい打ち合い。川名のパンチが入り鈴木がダウンしKO。
42,2017-05-12,後楽園ホール大会,,,UNCLASSIFIED,2603,3,,バンタム級,5分3R,198,魚井フルスイング,和術慧舟會HEARTS,計量結果 :61.1 Kg,,1074,加藤惇,キングダムエルガイツ,計量結果 :60.9 Kg,,F1_WIN_F2_LOSS,opacity (single fighter dimmed),1,03:42,ko,KO,,加藤、フルスイングパンチを繰り出す魚井を冷静にさばきテイクダウンを狙う。加藤の前蹴りがクリーンヒットし、パンチで詰めると打ち合いに。魚井のフルスイング左フックが加藤を直撃。加藤、崩れ落ちて失神KO負け。
42,2017-05-12,後楽園ホール大会,,,UNCLASSIFIED,2591,2,,ライト級,5分3R,247,大尊伸光,野田ボディビル同好会,計量結果 :70.1 Kg,,564,木村孔明,パラエストラTB,計量結果 :70.2 Kg,,F1_WIN_F2_LOSS,opacity (single fighter dimmed),1,01:33,submision,S,ネックロック,打撃をもらってバランスを崩した木村、タックルに逃げるが、がぶった大尊が上からネックロックを極めて一本勝ち。
42,2017-05-12,後楽園ホール大会,,,UNCLASSIFIED,2585,1,MOBSTYLES Presents インフィニティリーグ2017,フェザー級,5分2R,15,内藤太尊,roots,計量結果 :65.7 Kg,,255,TOMA,直心会TK68,計量結果 :65.5 Kg,toma,F1_LOSS_F2_WIN,opacity (single fighter dimmed),1,00:56,ko,KO,,※TOMAが勝ち点４を獲得。 どっしり構えるTOMAに対し、内藤が細かい打撃で揺さぶる。しかし内藤が入ってくるところTOMAがカウンター右フック一発でKO勝利。
42,2017-05-12,後楽園ホール大会,,,UNCLASSIFIED,2604,3,新人王決定トーナメント2017,バンタム級,5分2R,1050,小林佳純,HAGANE GYM,計量結果 :60.6 Kg,,1081,Jセロウ若林,SAI-GYM,計量結果 :61.1 Kg,,F1_WIN_F2_LOSS,score 1-0 (overrides opacity if needed),2,,ud,判定 1-0,,"※20-18, 19-19, 19-19（よしずみに一票） ※※新人王トーナメントはよしずみが3-0で3回戦進出 Jセロウが金網際でテイクダウンを狙う展開。1Rはテイクダウンに成功するも、2Rは逆に上を奪われドロー。"
42,2017-05-12,後楽園ホール大会,,,UNCLASSIFIED,2606,1,,バンタム級,5分2R,270,岩鬼,フリー,計量結果 :61.0 Kg,,1082,大越崇弘,TRIBE TOKYO M.M.A,計量結果 :61.0 Kg,,F1_WIN_F2_LOSS,score 2-1 (overrides opacity if needed),2,,ud,判定 2-1,,大越が打撃を当てるが岩木がテイクダウンする展開。岩木が２R終了間際にチョークを極めかけ判定勝利。
42,2017-05-12,後楽園ホール大会,,,UNCLASSIFIED,2612,2,,バンタム級,5分2R,1049,本田良介,CAVE,計量結果 :56.5 Kg,honda-ryosuke,959,関口祐冬,修斗GYM東京,計量結果 :56.5 Kg,,DRAW,score tied 0-0,2,,ud,判定 0-0,,"※19-19, 19-19, 19-19 1R関口がトリッキーな打撃で優勢も、2Rは本田がグランドで試合を優勢に進めドロー。"
42,2017-05-12,後楽園ホール大会,,,UNCLASSIFIED,2590,,,バンタム級,5分3R,12,土屋大喜,roots,,,1076,ルーベンデュラン,CQUENCE JIUJITSU,,,UNRESOLVED,"both dimmed, no score, no judge tallies, no note keyword match",,,,,,
42,2017-05-12,後楽園ホール大会,,,UNCLASSIFIED,2620,,,キッズ・ジュニア修斗,4分1R,1087,有馬鉄太,THE BLACKBELT JAPAN,計量結果 :54.3 Kg,,1088,内田滝琉,NOBUSHI,計量結果 :49.5 Kg,,F1_LOSS_F2_WIN,opacity (single fighter dimmed),1,03:30,submision,S,腕ひしぎ十字固め,上を奪った有馬がスリーパー、アームロック、十字を狙い優勢。しかし内田が下から一瞬で十字に捕らえて一本勝ち。
41,2017-04-23,舞浜アンフィシアター大会,,,UNCLASSIFIED,2567,8,世界フェザー級チャンピオンシップ,フェザー級,5分5R,5,斎藤裕,パラエストラ小岩,計量結果 :65.8 Kg,saito-yutaka,8,宇野薫,UNO DOJO,計量結果 :65.8 Kg,uno-caol,F1_WIN_F2_LOSS,score 3-0 (overrides opacity if needed),,,ud,判定 3-0,,斎藤がテイクダウン、グランドコントロールと、終始試合のペースを握り判定勝利。 ［採点］ 草柳和宏 50-45（1R 10-9／2R 10-9／3R 10-9／4R 10-9／5R 10-9） 松根良太 50-44（1R 10-9／2R 10-9／3R 10-9／4R 10-9／5R 10-8） 渡辺恭介 50-45（1R 10-9／2R 10-9／3R 10-9／4R 10-9／5R 10-9） ※王者：斎藤が初防衛に成功。
41,2017-04-23,舞浜アンフィシアター大会,,,UNCLASSIFIED,2592,7,,フライ級,5分3R,2,扇久保博正,パラエストラ松戸,計量結果 :56.7 Kg,ougikubo-hiromasa,1077,DannyMartinez,ALLIANCE MMA,計量結果 :56.7 Kg,,F1_WIN_F2_LOSS,score 3-0 (overrides opacity if needed),,,ud,判定 3-0,,1R マルティネスのパンチでダウンするも、2、3Rは扇久保がバックを奪う展開で判定勝利。 ［採点］ 草柳和宏 29-28（1R 9-10／2R 10-9／3R 10-9） 横山忠志 29-28（1R 9-10／2R 10-9／3R 10-9） 渡辺恭介 30-28（1R 10-10／2R 10-9／3R 10-9）
41,2017-04-23,舞浜アンフィシアター大会,,,UNCLASSIFIED,2568,6,,ストロー級,5分3R,28,猿田洋祐,和術慧舟會HEARTS,計量結果 :52.2 Kg,,84,箕輪ひろば,総合格闘技道場STF,計量結果 :52.1 Kg,minowa-hiroba,F1_WIN_F2_LOSS,score 3-0 (overrides opacity if needed),,,ud,判定 3-0,,猿田がテイクダウンから終始グランドでコントロール。箕輪に何もさせず完封勝利。 ［採点］ 豊永　稔 30-27（1R 10-9／2R 10-9／3R 10-9） 渡辺恭介 30-26（1R 10-9／2R 10-8／3R 10-9） 片岡誠人 30-26（1R 10-9／2R 10-9／3R 10-8）
41,2017-04-23,舞浜アンフィシアター大会,,,UNCLASSIFIED,2570,5,,ライト級,5分3R,678,福本よう一,頂柔術,計量結果 :70.3 Kg,,984,小谷直之,ロデオスタイル,計量結果 :70.3 Kg,,F1_LOSS_F2_WIN,opacity (single fighter dimmed),1,02:10,submision,S,腕ひしぎ十字固め,テイクダウンした小谷、福本が上体を起こすところ十字を極め一本勝ち。
41,2017-04-23,舞浜アンフィシアター大会,,,UNCLASSIFIED,2593,4,,バンタム級,5分3R,169,岡田遼,パラエストラ千葉,計量結果 :61.2 Kg,,1079,トリスタングリムズリー,-,計量結果 :61.2 Kg,,F1_LOSS_F2_WIN,opacity (single fighter dimmed),2,02:31,submision,S,スリーパーホールド,岡田が打撃で圧倒するも、２Ｒ、一瞬の隙をついてバックを奪ったグリムズリーが大逆転の一本勝ち。 渡辺恭介（1R 10-8） 横山忠志（1R 10-8） 草柳和宏（1R 10-8）
41,2017-04-23,舞浜アンフィシアター大会,,,UNCLASSIFIED,2569,3,,ストロー級,5分3R,30,澤田龍人,AACC×剛毅會,計量結果 :52.1 Kg,,672,木内SKINNYZOMBIE崇雅,和術慧舟會GODS,計量結果 :52.0 Kg,,F1_WIN_F2_LOSS,opacity (single fighter dimmed),1,01:08,ko,KO,,パンチ連打でケージに追い詰め、右フックでダウンを奪った澤田がパウンドをまとめてＫＯ勝利。
41,2017-04-23,舞浜アンフィシアター大会,,,UNCLASSIFIED,2574,2,,バンタム級,5分3R,209,金物屋の秀,SHOOTO GYM K'z FACTORY,計量結果 :61.1 Kg,,197,一條貴洋,ストライプル南相馬playground,計量結果 :61.1 Kg,,F1_WIN_F2_LOSS,score 3-0 (overrides opacity if needed),,,ud,判定 3-0,,金物屋が終始グランドでコントロール。最後は一條を絞め落とすもゴング。 ［採点］ 松根良太 30-27（1R 10-9／2R 10-9／3R 10-9） 横山忠志 30-27（1R 10-9／2R 10-9／3R 10-9） 浦　僚克 30-27（1R 10-9／2R 10-9／3R 10-9）
41,2017-04-23,舞浜アンフィシアター大会,,,UNCLASSIFIED,2587,1,MOBSTYLES Presents インフィニティリーグ2017,フェザー級,5分2R,300,仲山貴志,総合格闘技津田沼道場,計量結果 :65.8 Kg,,314,山本健斗デリカット,総合格闘技道場コブラ会,計量結果 :65.7 Kg,,F1_LOSS_F2_WIN,score 1-2 (overrides opacity if needed),,,ud,判定 1-2,,1R、山本がダウンを奪う。2R、仲山がグランドで攻勢も、僅差で山本が勝ち。 ［採点］ 豊永　稔 20-19（1R 10-10／2R 10-9） 横山忠志 19-20（1R 9-10／2R 10-10） 浦　僚克 19-20（1R 9-10／2R 10-10） ※勝利した青：山本が勝ち点2を獲得。
41,2017-04-23,舞浜アンフィシアター大会,,,UNCLASSIFIED,2571,2,,バンタム級,5分3R,199,海下DRAGON竜太,パラエストラTB,計量結果 :61.1 Kg,,1069,榎本明,TRIBE TOKYO MMA,計量結果 :60.9 Kg,,F1_LOSS_F2_WIN,score 1-2 (overrides opacity if needed),,,ud,判定 1-2,,海下のテイクダウンを防ぎ、打撃でペースを握った榎本が判定勝利。 ［採点］ 豊永　稔 20-19（1R 10-9／2R 10-10） 横山忠志 19-20（1R 10-10／2R 9-10） 浦　僚克 18-20（1R 9-10／2R 9-10）
41,2017-04-23,舞浜アンフィシアター大会,,,UNCLASSIFIED,2588,1,新人王決定トーナメント20171回戦,ライト級,5分2R,1060,モリシマン,STYLE PLUS GYM,計量結果 :69.9 Kg,,1061,宍戸航太,HAGANE GYM,計量結果 :69.8 Kg,,F1_LOSS_F2_WIN,opacity (single fighter dimmed),1,04:24,submision,S,スリーパーホールド,グランドで上をキープした宍戸がスリーパーで一本。 ※勝利した青：宍戸が新人王トーナメント二回戦進出。
39,2017-03-24,後楽園ホール大会,,東京/後楽園ホール,UNCLASSIFIED,2554,6,環太平洋バンタム級チャンピオンシップ,バンタム級,5分3R,161,石橋佳大,ZEEKジム,計量結果 :61.1 Kg,,176,佐藤将光,坂口道場一族,計量結果 :61.0 Kg,sato-shoko,F1_LOSS_F2_WIN,score 0-1 (overrides opacity if needed),,,ud,判定 0-1,,佐藤が打撃でダメージを与えるが石橋も反撃して上を奪う。 期待に違わぬ大激闘の末ドロー。 松根良太 29-29（1R 10-10／2R 9-10／3R 10-9） 福田正人 29-29（1R 10-10／2R 9-10／3R 10-9） 横山忠志 29-30（1R 10-10／2R 9-10／3R 10-10） ※石橋が初防衛に成功。
39,2017-03-24,後楽園ホール大会,,東京/後楽園ホール,UNCLASSIFIED,2555,5,,フライ級,5分3R,140,田丸匠,NASCER DO SOL,計量結果 :56.7 Kg,,147,石井逸人,TRIBE TOKYO M.M.A,計量結果 :56.6 Kg,,DRAW,score tied 0-0,,,ud,判定 0-0,,1R田丸、2R覇彌斗が取り、3Rは一進一退のドロー。白熱の攻防を繰り広げた両者に観客席から大きな拍手が。 松根良太 29-29（1R 9-10／2R 10-9／3R 10-10） 福田正人 29-29（1R 9-10／2R 10-9／3R 10-10） 大内 敬 28-28（1R 8-10／2R 10-9／3R 10-9）
39,2017-03-24,後楽園ホール大会,,東京/後楽園ホール,UNCLASSIFIED,2556,4,,バンタム級,5分3R,170,小蒼卓也,スカーフィスト,計量結果 :56.5 Kg,,198,魚井フルスイング,和術慧舟會HEARTS,計量結果 :60.8 Kg,,F1_LOSS_F2_WIN,opacity (single fighter dimmed),1,00:18,ko,KO,,小蒼が膝蹴りで間合いを詰めるところ、魚井のフルスイング左フックがカウンターでヒットしダウン。追撃を狙うところでストップ。
39,2017-03-24,後楽園ホール大会,,東京/後楽園ホール,UNCLASSIFIED,2563,3,,フライ級,5分3R,100,清水清隆,TRIBE TOKYO M.M.A,計量結果 :56.7 Kg,,94,大里洋志,スカーフィスト,計量結果 :56.5 Kg,,F1_WIN_F2_LOSS,opacity (single fighter dimmed),1,03:48,ko,KO,,お互い鋭い打撃を見せる中、清水が踏み込んで右ストレートをクリーンヒット。大里ダウンしてストップ。
39,2017-03-24,後楽園ホール大会,,東京/後楽園ホール,UNCLASSIFIED,2564,2,,フライ級,5分3R,163,井上学,C.A.C.C.スネークピットジャパン,計量結果 :56.5 Kg,,121,梶川卓,スカーフィスト,計量結果 :56.7 Kg,,F1_WIN_F2_LOSS,score 3-0 (overrides opacity if needed),,,ud,判定 3-0,,"1,2R、井上がケージ下で上をキープ、3Rはバックからコントロールし完封勝利。 片岡誠人 30-27（1R 10-9／2R 10-9／3R 10-9） 大内 敬 30-27（1R 10-9／2R 10-9／3R 10-9） 渡辺恭介 30-27（1R 10-9／2R 10-9／3R 10-9）"
39,2017-03-24,後楽園ホール大会,,東京/後楽園ホール,UNCLASSIFIED,2572,1,MOBSTYLES Presents インフィニティリーグ2017,フェザー級,5分2R,15,内藤太尊,roots,計量結果 :65.6 Kg,,310,三上譲治,修斗GYM東京,計量結果 :65.7 Kg,,F1_WIN_F2_LOSS,opacity (single fighter dimmed),1,00:57,ko,KO,,内藤の右フックがクリーンヒット、三上が後方に倒れ、すぐにストップ。 ※1RKO勝利の内藤が勝ち点4を獲得
39,2017-03-24,後楽園ホール大会,,東京/後楽園ホール,UNCLASSIFIED,2565,2,新人王決定トーナメント2017,バンタム級 1回戦,5分2R,1066,聖剛,秋本道場Jungle Junction,計量結果 :60.7 Kg,,1050,小林佳純,HAGANE GYM,計量結果 :61.1 Kg,,F1_LOSS_F2_WIN,score 0-1 (overrides opacity if needed),,,ud,判定 0-1,,横山忠志 19-19（1R 10-9／2R 9-10） 豊永稔 19-20（1R 10-10／2R 9-10） 松根良太 19-19（1R 10-9／2R 9-10） ※優勢ポイント0-3でよしずみがトーナメント２回戦進出。
39,2017-03-24,後楽園ホール大会,,東京/後楽園ホール,UNCLASSIFIED,2566,1,新人王決定トーナメント2017,ライト級 1回戦,5分2R,1058,Ju-seiAquila,パラエストラ小岩,計量結果 :69.0 Kg,,1059,森修,トライデントジム,計量結果 :70.1 Kg,,F1_WIN_F2_LOSS,score 3-0 (overrides opacity if needed),,,ud,判定 3-0,,1R、2Rともaquilaがグランドで上の展開。 横山忠志 20-18（1R 10-9／2R 10-9） 豊永稔 20-18（1R 10-9／2R 10-9） 松根良太 20-17（1R 10-8／2R 10-9）
39,2017-03-24,後楽園ホール大会,,東京/後楽園ホール,UNCLASSIFIED,2573,3,,ウェルター級,5分2R,702,田口泰地,RISING SUN,計量結果 :76.6 Kg,,1062,上野勇貴,AACC×SPIDER,計量結果 :76.8 Kg,,F1_WIN_F2_LOSS,opacity (single fighter dimmed),1,02:33,submision,S,フロントスリーパーホールド,田口がテイクダウンからパウンド。上野が逃れようとするところ上からギロチンで一本。
39,2017-03-24,後楽園ホール大会,,東京/後楽園ホール,UNCLASSIFIED,2575,,,キッズ・ジュニア修斗,3分1R,1070,大塚歩空,総合格闘技道場STF,,,1071,高澤浩和,心技館,,,F1_WIN_F2_LOSS,opacity (single fighter dimmed),,01:49,submision,S,スリーパーホールド,打撃戦から寝技に持ち込んだ大塚がバックを奪いスリーパーで一本勝ち。
27,2017-03-19,BORDER-season9-「The1st」,,大坂市平野区/コミュニティプラザ平野,BORDER,2471,13,,フライ級,5分3R,142,内藤頌貴,THE BLACKBELT JAPAN,計量結果 :56.7 Kg,,127,奇天烈,修斗GYMS直心会,計量結果 :56.7 Kg,,F1_WIN_F2_LOSS,score 3-0 (overrides opacity if needed),,,ud,判定 3-0,,［サブ］ 山本諭志 30-29（1R 10-10、2R 10-10、3R 10-9） 加納学 30-28（1R 10-10、2R10-9、3R 10-9） 安芸佳孝 29-28（1R 9-10、2R 10-9、3R 10-9）
27,2017-03-19,BORDER-season9-「The1st」,,大坂市平野区/コミュニティプラザ平野,BORDER,2470,12,インフィニティリーグ 2016,,5分2R,18,オニボウズ,総合格闘技ゴンズジム,計量結果 :56.6 Kg,,121,梶川卓,スカーフィスト,計量結果 :56.7 Kg,,F1_WIN_F2_LOSS,opacity (single fighter dimmed),1,01:47,ko,KO,,※グランドパンチ ※1RKO勝利を修めたオニボウズがリーグ戦勝ち点4を獲得→勝ち点8に
27,2017-03-19,BORDER-season9-「The1st」,,大坂市平野区/コミュニティプラザ平野,BORDER,2469,11,新人王決定トーナメント2016,,5分2R,221,中本龍平,MMA修斗ジム BLOWS,計量結果 :61.2 Kg,,899,Nori,有永道場 Team Resolve,計量結果 :61.1 Kg,,F1_WIN_F2_LOSS,opacity (single fighter dimmed),1,01:47,ko,KO,,※スタンドパンチ ※勝利した中本がトーナメント決勝進出
27,2017-03-19,BORDER-season9-「The1st」,,大坂市平野区/コミュニティプラザ平野,BORDER,2468,10,新人王決定トーナメント2016,,5分2R,314,山本健斗デリカット,総合格闘技道場コブラ会,計量結果 :65.7 Kg,,296,高野明,MMA修斗ジムBLOWS,計量結果 :65.8 Kg,,F1_WIN_F2_LOSS,score 1-0 (overrides opacity if needed),,,ud,判定 1-0,,［サブ］ 山本諭志 20-20（1R 10-10、2R 10-10 優勢:山本） 加納学 20-20（1R 10-10、2R10-10 優勢:高野） 安芸佳孝 20-19（1R 10-9、2R 10-10） ※優勢ポイント2-1で山本が決勝進出
27,2017-03-19,BORDER-season9-「The1st」,,大坂市平野区/コミュニティプラザ平野,BORDER,2467,9,新人王決定トーナメント2016,,5分2R,670,黒石大資,スカーフィスト,計量結果 :56.5 Kg,,619,近藤洋平,BURST,計量結果 :56.5 Kg,,F1_WIN_F2_LOSS,score 3-0 (overrides opacity if needed),,,ud,判定 3-0,,［サブ］ 山本諭志 20-18（1R 10-9、2R 10-9） 加納学 20-18（1R 10-9、2R10-9） 安芸佳孝 20-18（1R 10-9、2R 10-9） ※勝利した黒石が決勝進出
27,2017-03-19,BORDER-season9-「The1st」,,大坂市平野区/コミュニティプラザ平野,BORDER,2466,8,,ストロー級,5分2R,27,小堀貴広,総合格闘技ゴンズジム,計量結果 :52.2 Kg,,91,RedPine☆大助,BURST,計量結果 :52.2 Kg,,F1_WIN_F2_LOSS,score 3-0 (overrides opacity if needed),,,ud,判定 3-0,,［サブ］ 山本諭志 20-18（1R 10-9、2R 10-9） 加納学 20-18（1R 10-9、2R10-9） 安芸佳孝 20-18（1R 10-9、2R 10-9）
27,2017-03-19,BORDER-season9-「The1st」,,大坂市平野区/コミュニティプラザ平野,BORDER,2464,7,,フライ級,5分2R,155,増田恭介,総合格闘技ゴンズジム,計量結果 :56.4 Kg,,139,谷口No-K友康,Team FreeStyle,計量結果 :56.3 Kg,,F1_WIN_F2_LOSS,opacity (single fighter dimmed),2,04:54,submision,S,フロントスリーパーホールド,［サブ］ 山本諭志 1R 10-10 加納学 1R 10-10 安芸佳孝 1R 10-9
27,2017-03-19,BORDER-season9-「The1st」,,大坂市平野区/コミュニティプラザ平野,BORDER,2463,6,,バンタム級,5分2R,223,西村大地,パラエストラ天満,計量結果 :61.0 Kg,,556,栗畑勇佑,ナゴヤファイトクラブ,計量結果 :60.9 Kg,,F1_WIN_F2_LOSS,score 3-0 (overrides opacity if needed),,,ud,判定 3-0,,［サブ］ 山本諭志 20-18（1R 10-9、2R 10-9） 加納学 20-18（1R 10-9、2R10-9） 安芸佳孝 20-18（1R 10-9、2R 10-9）
27,2017-03-19,BORDER-season9-「The1st」,,大坂市平野区/コミュニティプラザ平野,BORDER,2462,5,,バンタム級,5分2R,571,じゅん,総合格闘技reliable,計量結果 :61.0 Kg,,626,別所竜也,アンドレイオス,計量結果 :61.1 Kg,,F1_WIN_F2_LOSS,opacity (single fighter dimmed),1,04:30,submision,S,三角絞め,
38,2017-02-24,THIS is SHOOTO Vol.1,,,UNCLASSIFIED,2550,7,MOBSTYLES Presents インフィニティリーグ2017,フェザー級,5分2R,15,内藤太尊,roots,計量結果 :65.4 Kg,,310,三上譲治,修斗GYM東京,,,UNRESOLVED,"both dimmed, no score, no judge tallies, no note keyword match",,,,,,
38,2017-02-24,THIS is SHOOTO Vol.1,,,UNCLASSIFIED,2552,6,,ライト級,5分2R,355,鈴木淑徳,オフィス淑徳軍,計量結果 :70.2 Kg,,564,木村孔明,パラエストラTB,計量結果 :70.1 Kg,,F1_LOSS_F2_WIN,opacity (single fighter dimmed),2,03:38,ko,KO,,
38,2017-02-24,THIS is SHOOTO Vol.1,,,UNCLASSIFIED,2553,5,,バンタム級,5分2R,209,金物屋の秀,SHOOTO GYM K'z FACTORY,計量結果 :61.0 Kg,,270,岩鬼,フリー,計量結果 :61.2 Kg,,F1_WIN_F2_LOSS,opacity (single fighter dimmed),1,04:04,submision,S,スリーパーホールド,
38,2017-02-24,THIS is SHOOTO Vol.1,,,UNCLASSIFIED,2551,4,,フライ級,5分2R,160,六本木洋,総合格闘技道場STF,計量結果 :56.3 Kg,,129,輝龍,roots,計量結果 :56.5 Kg,,F1_WIN_F2_LOSS,opacity (single fighter dimmed),1,00:22,ko,KO,,
38,2017-02-24,THIS is SHOOTO Vol.1,,,UNCLASSIFIED,2559,3,,ストロー級,5分2R,55,太田トモアキ,パラエストラ小岩,計量結果 :52.2 Kg,,49,新井丈,和術慧舟會HEARTS,計量結果 :51.2 Kg,arai-jo,F1_WIN_F2_LOSS,opacity (single fighter dimmed),2,04:00,ko,KO,,
38,2017-02-24,THIS is SHOOTO Vol.1,,,UNCLASSIFIED,2560,2,,ストロー級,5分2R,51,楳沢智治,AACC×SPIDER,計量結果 :52.0 Kg,,1046,高橋梨王,修斗GYM東京,計量結果 :52.0 Kg,,F1_WIN_F2_LOSS,opacity (single fighter dimmed),2,02:28,submision,S,スリーパーホールド,
38,2017-02-24,THIS is SHOOTO Vol.1,,,UNCLASSIFIED,2557,1,,,5分2R,1033,ジェイクムラタ,ZEEKジム,計量結果 :64.4 Kg,,1051,笹晋久,THE BLACKBELT JAPAN,計量結果 :64.8 Kg,,F1_LOSS_F2_WIN,opacity (single fighter dimmed),1,02:23,ko,KO,,
38,2017-02-24,THIS is SHOOTO Vol.1,,,UNCLASSIFIED,2561,,新人王決定トーナメント20171回戦,フライ級 1回戦,5分2R,1063,志賀竜太郎,TEAM SALT,計量結果 :56.6 Kg,,1064,代輔,秋本道場Jungle Junction,計量結果 :56.5 Kg,,DRAW,score tied 0-0,2,,ud,判定 0-0,,※優勢ポイント2-1で代輔が新人王トーナメント2回戦進出
36,2017-01-29,後楽園ホール大会,,,UNCLASSIFIED,2546,7,,フェザー級 3回戦,5分3R,5,斎藤裕,パラエストラ小岩,,saito-yutaka,1044,マイクグランディ,TEAM KAOBON,,,F1_LOSS_F2_WIN,score 0-3 (overrides opacity if needed),3,,ud,判定 0-3,,"28-29, 27-30, 26-30"
36,2017-01-29,後楽園ホール大会,,,UNCLASSIFIED,2535,6,,フライ級 3回戦,5分3R,11,前田吉朗,パンクラス大阪稲垣組,,,147,石井逸人,TRIBE TOKYO M.M.A,,,F1_LOSS_F2_WIN,score 0-3 (overrides opacity if needed),3,,ud,判定 0-3,,"28-29, 29-30, 28-30"
36,2017-01-29,後楽園ホール大会,,,UNCLASSIFIED,2525,5,,ストロー級 3回戦,5分3R,29,猿丸ジュンジ,修斗GYM東京,,,28,猿田洋祐,和術慧舟會HEARTS,,,F1_LOSS_F2_WIN,score 0-1 (overrides opacity if needed),3,,ud,判定 0-1,,"28-30, 29-29, 29-29"
36,2017-01-29,後楽園ホール大会,,,UNCLASSIFIED,2537,4,,バンタム級 3回戦,5分3R,176,佐藤将光,坂口道場一族,,sato-shoko,853,祖根寿麻,ZOOMER,,,F1_WIN_F2_LOSS,opacity (single fighter dimmed),2,00:01,tko,TKO,肘によるカット,
36,2017-01-29,後楽園ホール大会,,,UNCLASSIFIED,2548,3,,フェザー級 3回戦,5分3R,329,児山佳宏,THE BLACKBELT JAPAN,,,267,青井人,BLOWS,,aoi-jin,F1_LOSS_F2_WIN,opacity (single fighter dimmed),1,02:07,ko,KO,,
36,2017-01-29,後楽園ホール大会,,,UNCLASSIFIED,2549,2,,ライト級 3回戦,5分3R,1021,山本勇気,パラエストラ千葉,,,1045,ホンソンビン,クミティムホン,,,F1_WIN_F2_LOSS,score 2-0 (overrides opacity if needed),3,,ud,判定 2-0,,"28-28, 29-28, 29-28"
36,2017-01-29,後楽園ホール大会,,,UNCLASSIFIED,2536,1,,フライ級,5分3R,100,清水清隆,TRIBE TOKYO M.M.A,,,127,奇天烈,修斗GYMS直心会,,,UNRESOLVED,"both dimmed, no score, no judge tallies, no note keyword match",,,,,,
36,2017-01-29,後楽園ホール大会,,,UNCLASSIFIED,2576,,,キッズ・ジュニア修斗,4分1R,1072,鶴屋怜,パラエストラ千葉,,tsuruya-rei,1073,吉井龍城,修斗GYMS直心会,,,F1_WIN_F2_LOSS,score 2-0 (overrides opacity if needed),,,ud,判定 2-0,,"[判定2-0] ※10-9, 10-9 テイクダウンしグランドでも終始上からコントロールした鶴屋が勝利。"
12,2016-12-18,インフィニティリーグ2016優勝決定戦,,,UNCLASSIFIED,2496,9,インフィニティリーグ 2016,フライ級 2回戦,5分2R,96,北原史寛,パラエストラ札幌,,,18,オニボウズ,総合格闘技ゴンズジム,,,F1_LOSS_F2_WIN,opacity (single fighter dimmed),1,02:38,ko,KO,,1RKO勝ちのオニボウズが勝ち点4を獲得→勝ち点12となり、インフィニティリーグ2016優勝
12,2016-12-18,インフィニティリーグ2016優勝決定戦,,,UNCLASSIFIED,2497,8,インフィニティリーグ 2016,フライ級 2回戦,5分2R,102,征矢貴,パラエストラ松戸,,soya-takaki,150,藤田ケオン寿大,AACC,,,F1_WIN_F2_LOSS,score 2-0 (overrides opacity if needed),2,,ud,判定 2-0,,判定勝利した征矢が勝ち点2を獲得→勝ち点8に 片岡誠人 19-19（1R 10-9／2R 9-10） 渡辺恭介 20-17（1R 10-8／2R 10-9） 横山忠志 20-18（1R 10-9／2R 10-9）
12,2016-12-18,インフィニティリーグ2016優勝決定戦,,,UNCLASSIFIED,2495,7,,ストロー級 3回戦,5分3R,672,木内SKINNYZOMBIE崇雅,和術慧舟會GODS,,,25,飯野タテオ,和術慧舟會HEARTS,,,F1_WIN_F2_LOSS,opacity (single fighter dimmed),1,01:47,submision,S,フロントスリーパーホールド,
12,2016-12-18,インフィニティリーグ2016優勝決定戦,,,UNCLASSIFIED,2532,6,,フライ級 3回戦,5分3R,160,六本木洋,総合格闘技道場STF,,,105,萩原幸太郎,パラエストラ八王子,,,F1_LOSS_F2_WIN,opacity (single fighter dimmed),3,04:39,submision,S,スリーパーホールド,豊永稔 （1R 9-10／2R 10-10） 渡辺恭介 （1R 9-10／2R 10-9） 横山忠志 （1R 8-10／2R 10-9）
12,2016-12-18,インフィニティリーグ2016優勝決定戦,,,UNCLASSIFIED,2498,5,新人王決定トーナメント2016,ストロー級 2回戦,5分2R,84,箕輪ひろば,総合格闘技道場STF,,minowa-hiroba,966,大西ヒロト,パラエストラ札幌,,,F1_WIN_F2_LOSS,opacity (single fighter dimmed),1,03:25,submision,S,スリーパーホールド,箕輪が2016年度フライ級新人王に。
12,2016-12-18,インフィニティリーグ2016優勝決定戦,,,UNCLASSIFIED,2530,4,新人王決定トーナメント2016,バンタム級 2回戦,5分2R,221,中本龍平,MMA修斗ジム BLOWS,,,197,一條貴洋,ストライプル南相馬playground,,,F1_LOSS_F2_WIN,score 0-3 (overrides opacity if needed),2,,ud,判定 0-3,,一條が2016年度フェザー級新人王に。 片岡誠人 18-20（1R 8-10／2R 10-10） 渡辺恭介 18-20（1R 9-10／2R 9-10） 横山忠志 18-20（1R 9-10／2R 9-10）
12,2016-12-18,インフィニティリーグ2016優勝決定戦,,,UNCLASSIFIED,2531,3,新人王決定トーナメント2016,ライト級 2回戦,5分2R,406,長田拓也,BLOWS,,,703,間宮晃仁,MARS GYM,,,F1_WIN_F2_LOSS,score 2-0 (overrides opacity if needed),2,,ud,判定 2-0,,長田が2016年度ウェルター級新人王に。 片岡誠人 20-19（1R 10-9／2R 10-10） 渡辺恭介 20-19（1R 10-9／2R 10-10） 横山忠志 19-19（1R 10-9／2R 9-10）
12,2016-12-18,インフィニティリーグ2016優勝決定戦,,,UNCLASSIFIED,2529,2,新人王決定トーナメント2016,フライ級 2回戦,5分2R,670,黒石大資,スカーフィスト,,,635,鎌田悠介,ピロクテテス新潟,,,F1_LOSS_F2_WIN,score 0-3 (overrides opacity if needed),2,,ud,判定 0-3,,鎌田が2016年度バンタム級新人王に。 豊永稔 19-20（1R 10-10／2R 9-10） 渡辺恭介 18-20（1R 9-10／2R 9-10） 横山忠志 18-20（1R 9-10／2R 9-10）
12,2016-12-18,インフィニティリーグ2016優勝決定戦,,,UNCLASSIFIED,2533,1,,フライ級,5分2R,129,輝龍,roots,,,130,加藤ケンジ,NeighborHood,,,UNRESOLVED,"both dimmed, no score, no judge tallies, no note keyword match",,,,,,
12,2016-12-18,インフィニティリーグ2016優勝決定戦,,,UNCLASSIFIED,2534,,,ストロー級 2回戦,5分2R,51,楳沢智治,AACC×SPIDER,,,54,小川竜輔,リバーサルジム立川ALPHA,,,F1_WIN_F2_LOSS,opacity (single fighter dimmed),2,00:48,ko,KO,,豊永稔（1R 10-9） 渡辺恭介（1R 10-9） 大内敬（1R 10-9）
37,2016-12-11,BORDER-season8-「The3rd」,,大阪市平野区／コミュニティプラザ平野,BORDER,2538,11,,ストロー級 3回戦,,38,マッチョザバタフライ,総合格闘技道場コブラ会,,,35,ニシダ☆ショー,BURST,,,F1_WIN_F2_LOSS,score 1-0 (overrides opacity if needed),3,,ud,判定 1-0,,
37,2016-12-11,BORDER-season8-「The3rd」,,大阪市平野区／コミュニティプラザ平野,BORDER,2539,10,,,,255,TOMA,直心会TK68,,toma,309,摩嶋一整,毛利道場,,majima-kazumasa,F1_LOSS_F2_WIN,opacity (single fighter dimmed),2,02:07,submision,S,スリーパーホールド,※摩嶋が体重を落とせず、契約体重を68kg契約に変更。
37,2016-12-11,BORDER-season8-「The3rd」,,大阪市平野区／コミュニティプラザ平野,BORDER,2540,9,,バンタム級 2回戦,,208,金海裕輝,総合格闘技道場コブラ会,,,295,ダイキライトイヤー,修斗GYM神戸,,,F1_WIN_F2_LOSS,score 2-0 (overrides opacity if needed),2,,ud,判定 2-0,,
37,2016-12-11,BORDER-season8-「The3rd」,,大阪市平野区／コミュニティプラザ平野,BORDER,2541,8,,フェザー級 2回戦,,314,山本健斗デリカット,総合格闘技道場コブラ会,,,288,SASUKE,MASTER JAPAN,,sasuke,F1_WIN_F2_LOSS,opacity (single fighter dimmed),1,04:37,ko,KO,,※山本が2016年ライト級新人王に。
37,2016-12-11,BORDER-season8-「The3rd」,,大阪市平野区／コミュニティプラザ平野,BORDER,2542,7,,フェザー級 2回戦,,296,高野明,MMA修斗ジムBLOWS,,,279,カーリー,パラエストラ松戸,,,F1_WIN_F2_LOSS,opacity (single fighter dimmed),1,02:58,ko,KO,,
37,2016-12-11,BORDER-season8-「The3rd」,,大阪市平野区／コミュニティプラザ平野,BORDER,2543,6,,フライ級 2回戦,,124,亀島聖児,-,,,968,秋山翼,毛利道場,,,F1_WIN_F2_LOSS,score 2-1 (overrides opacity if needed),2,,ud,判定 2-1,,
37,2016-12-11,BORDER-season8-「The3rd」,,大阪市平野区／コミュニティプラザ平野,BORDER,2544,5,,バンタム級 2回戦,,1053,ちゃんまえ,総合格闘技道場コブラ会,,,777,青柳洸志,修斗GYM神戸,,,DRAW,score tied 0-0,2,,ud,判定 0-0,,
37,2016-12-11,BORDER-season8-「The3rd」,,大阪市平野区／コミュニティプラザ平野,BORDER,2545,4,,フライ級 2回戦,,139,谷口No-K友康,Team FreeStyle,,,1041,藤田健吾,総合格闘技reliable,,,F1_LOSS_F2_WIN,opacity (single fighter dimmed),1,03:49,submision,S,腕ひしぎ十字固め,
11,2016-11-12,環太平洋ダブルチャンピオンシップ,インターナショナル修斗コミッション認定,,UNCLASSIFIED,2485,7,環太平洋フェザー級チャンピオン決定戦,バンタム級 3回戦,5分3R,169,岡田遼,パラエストラ千葉,,,161,石橋佳大,ZEEKジム,,,F1_LOSS_F2_WIN,opacity (single fighter dimmed),3,02:30,submision,S,スリーパーホールド,石橋が第5代環太平洋フェザー級王者に。 片岡誠人（1R 9-10／2R 9-10） 渡辺恭介（1R 10-10／2R 10-10） 福田正人（1R 10-10／2R 10-9）
11,2016-11-12,環太平洋ダブルチャンピオンシップ,インターナショナル修斗コミッション認定,,UNCLASSIFIED,2486,6,環太平洋ライト級チャンピオン決定戦,フェザー級 3回戦,5分3R,305,平川智也,マスタージャパン,,,248,高橋遼伍,KRAZY BEE,,,F1_LOSS_F2_WIN,opacity (single fighter dimmed),2,02:01,ko,KO,,スタンドパンチ。 高橋が第8代環太平洋ライト級王者に。 片岡誠人（1R 8-10） 松根良太（1R 7-10） 横山忠志（1R 8-10）
11,2016-11-12,環太平洋ダブルチャンピオンシップ,インターナショナル修斗コミッション認定,,UNCLASSIFIED,2487,5,,,5分3R,93,漆谷康宏,T.T.M URUSHI DOJO,,,140,田丸匠,NASCER DO SOL,,,F1_LOSS_F2_WIN,opacity (single fighter dimmed),1,04:48,submision,S,腕ひしぎ十字固め,
11,2016-11-12,環太平洋ダブルチャンピオンシップ,インターナショナル修斗コミッション認定,,UNCLASSIFIED,2491,4,,バンタム級 3回戦,5分3R,195,安藤達也,フリー,,ando-tatsuya,1036,KEVINTHEHARD-HITTINGHILLBILLYCROOM,LUTTRELL’S MMA & FITNESS,,,F1_WIN_F2_LOSS,opacity (single fighter dimmed),2,03:13,submision,S,スリーパーホールド,片岡誠人（1R 9-10） 大内敬（1R 9-10） 横山忠志（1R 10-10）
11,2016-11-12,環太平洋ダブルチャンピオンシップ,インターナショナル修斗コミッション認定,,UNCLASSIFIED,2490,3,,バンタム級 3回戦,5分3R,29,猿丸ジュンジ,修斗GYM東京,,,27,小堀貴広,総合格闘技ゴンズジム,,,F1_WIN_F2_LOSS,opacity (single fighter dimmed),1,02:07,ko,KO,,グランドパンチ
11,2016-11-12,環太平洋ダブルチャンピオンシップ,インターナショナル修斗コミッション認定,,UNCLASSIFIED,2494,2,,ライト級 3回戦,5分3R,388,岡野裕城,マッハ道場,,,348,児玉京大,シューティングジム大阪,,,F1_WIN_F2_LOSS,opacity (single fighter dimmed),1,03:55,ko,KO,,グランドパンチ
11,2016-11-12,環太平洋ダブルチャンピオンシップ,インターナショナル修斗コミッション認定,,UNCLASSIFIED,2488,1,,ストロー級 2回戦,5分2R,693,藤原敬典,秋本道場 Jungle Junction,,,571,じゅん,総合格闘技reliable,,,F1_WIN_F2_LOSS,opacity (single fighter dimmed),2,03:10,ko,KO,,スタンドパンチ 豊永稔（1R 10-10） 渡辺恭介（1R 10-10） 福田正人（1R 10-10）
11,2016-11-12,環太平洋ダブルチャンピオンシップ,インターナショナル修斗コミッション認定,,UNCLASSIFIED,2499,,,フェザー級 2回戦,5分2R,214,齋藤翼,総合格闘技道場津田沼道場/FIGHT FARM,,,1037,ハンセン玲雄,総合格闘技道場reliable,,,F1_WIN_F2_LOSS,score 3-0 (overrides opacity if needed),2,,ud,判定 3-0,,判定 3-0 松根良太 20-18（1R 10-9／2R 10-9） 渡辺恭介 20-18（1R 10-9／2R 10-9） 横山忠志 20-18（1R 10-9／2R 10-9）
35,2016-11-06,SHOOTO GRANZ 2016,インターナショナル修斗コミッション認定,,UNCLASSIFIED,2502,12,,フライ級 3回戦,5分3R,94,大里洋志,スカーフィスト,,,1039,魚住良太,メビウススポーツアカデミー,,,F1_WIN_F2_LOSS,score 3-0 (overrides opacity if needed),,,ud,判定 3-0,,"［メイン］鹿糠智樹 30-27（1R:10-9,2R:10-9,3R:10-9） ［サ　ブ］吉田和行 30-28（1R:10-9,2R:10-10,3R:10-9） 佐々木郁矢 30-27（1R:10-9,2R:10-9,3R:10-9）"
35,2016-11-06,SHOOTO GRANZ 2016,インターナショナル修斗コミッション認定,,UNCLASSIFIED,2503,11,,バンタム級 3回戦,5分3R,170,小蒼卓也,スカーフィスト,,,201,海老原洋輔,パラエストラ松戸,,,F1_WIN_F2_LOSS,opacity (single fighter dimmed),1,01:29,tko,TKO,グラウンドパンチ,
35,2016-11-06,SHOOTO GRANZ 2016,インターナショナル修斗コミッション認定,,UNCLASSIFIED,2504,10,インフィニティリーグ 2016,フライ級 2回戦,5分2R,121,梶川卓,スカーフィスト,,,150,藤田ケオン寿大,AACC,,,F1_WIN_F2_LOSS,score 3-0 (overrides opacity if needed),,,ud,判定 3-0,,"［メイン］鹿糠智樹 20-18（1R:10-9,2R:10-9） ［サ　ブ］金内裕哉 20-18（1R:10-9,2R:10-9） 吉田和行 20-18（1R:10-9,2R:10-9）"
35,2016-11-06,SHOOTO GRANZ 2016,インターナショナル修斗コミッション認定,,UNCLASSIFIED,2505,8,,,5分2R,151,藤田成保,T-Pleasure,,,131,小泉慶嗣,和術慧舟會東京本部,,,DRAW,score tied 0-0,,,ud,判定 0-0,,"［メイン］鹿糠智樹 20-20（1R:10-10,2R:10-10） ［サ　ブ］金内裕哉 19-19（1R:10-9,2R:9-10） 吉田和行 19-19（1R:10-9,2R:9-10）"
35,2016-11-06,SHOOTO GRANZ 2016,インターナショナル修斗コミッション認定,,UNCLASSIFIED,2506,7,新人王決定トーナメント2016,バンタム級 2回戦,5分2R,197,一條貴洋,ストライプル南相馬playground,,,567,鬼神光司,ブレイブハート,,,F1_WIN_F2_LOSS,opacity (single fighter dimmed),2,03:30,submision,S,スリーパーホールド,［メイン］鹿糠智樹 1R:10-10 ［サ　ブ］金内裕哉 1R:9-10 佐々木郁矢 1R:9-10
35,2016-11-06,SHOOTO GRANZ 2016,インターナショナル修斗コミッション認定,,UNCLASSIFIED,2507,6,,ライト級 2回戦,5分2R,667,小野寺裕也,サイトー會舘,,,564,木村孔明,パラエストラTB,,,F1_WIN_F2_LOSS,opacity (single fighter dimmed),2,02:26,submision,S,Vクロスアームロック,［メイン］鹿糠智樹 1R(10-9) ［サ　ブ］金内裕哉 1R(10-10) 吉田和行 1R(10-10)
35,2016-11-06,SHOOTO GRANZ 2016,インターナショナル修斗コミッション認定,,UNCLASSIFIED,2508,5,,ライト級 2回戦,5分2R,357,高橋圭典,マッハ道場,,,565,近内忠史,ブレイブハート,,,F1_WIN_F2_LOSS,opacity (single fighter dimmed),2,04:31,submision,S,スリーパーホールド,［メイン］鹿糠智樹 1R(10-10) ［サ　ブ］金内裕哉 1R(10-10) 佐々木郁矢 1R(9-10)
10,2016-10-16,SHOOTO GIG TOKYO Vol.22,インターナショナル修斗コミッション認定,,GIG_UNDERCARD_SERIES,2461,12,,フライ級 3回戦,5分3R,163,井上学,C.A.C.C.スネークピットジャパン,計量結果 :57.6 Kg,,160,六本木洋,総合格闘技道場STF,計量結果 :56.6 Kg,,F1_WIN_F2_LOSS,score 3-0 (overrides opacity if needed),,,ud,判定 3-0,,［サブ］ 松根良太 30-28（1R 10-10／2R 10-9／3R 10-9） 渡辺恭介 30-28（1R 10-10／2R 10-9／3R 10-9） 大内敬 29-28（1R 9-10／2R 10-9／3R 10-9）
10,2016-10-16,SHOOTO GIG TOKYO Vol.22,インターナショナル修斗コミッション認定,,GIG_UNDERCARD_SERIES,2489,11,,ライト級,5分3R,345,泉彰洋,MMA／SHOOTOジムBLOWS,計量結果 :70.1 Kg,,678,福本よう一,頂柔術,計量結果 :70.2 Kg,,F1_LOSS_F2_WIN,opacity (single fighter dimmed),2,00:07,tko,TKO,※セコンドのタオル投入（右膝負傷）,［サブ］ 片岡誠人 1R 9-10 渡辺恭介 1R 9-10 大内敬 1R 9-10
10,2016-10-16,SHOOTO GIG TOKYO Vol.22,インターナショナル修斗コミッション認定,,GIG_UNDERCARD_SERIES,2460,10,,バンタム級 2回戦,5分2R,12,土屋大喜,roots,計量結果 :60.9 Kg,,199,海下DRAGON竜太,パラエストラTB,計量結果 :60.8 Kg,,F1_WIN_F2_LOSS,score 3-0 (overrides opacity if needed),,,ud,判定 3-0,,［サブ］ 片岡誠人 20-18（1R 10-9／2R 10-9） 渡辺恭介 20-18（1R 10-9／2R 10-9） 横山忠志 20-19（1R 10-10／2R 10-9）
10,2016-10-16,SHOOTO GIG TOKYO Vol.22,インターナショナル修斗コミッション認定,,GIG_UNDERCARD_SERIES,2458,9,,フライ級 3回戦,5分3R,108,ヒートたけし,和術慧舟會船橋道場,計量結果 :56.3 Kg,,105,萩原幸太郎,パラエストラ八王子,計量結果 :56.6 Kg,,F1_LOSS_F2_WIN,score 0-3 (overrides opacity if needed),,,ud,判定 0-3,,［サブ］ 片岡誠人 26-30（1R 9-10／2R 9-10／3R 8-10） 大内敬 27-30（1R 9-10／2R 9-10／3R 9-10） 横山忠志 28-30（1R 9-10／2R 10-10／3R 9-10）
10,2016-10-16,SHOOTO GIG TOKYO Vol.22,インターナショナル修斗コミッション認定,,GIG_UNDERCARD_SERIES,2459,8,,,5分2R,186,誠,SHOOTO GYM K'z FACTORY,計量結果 :62.5 Kg,,294,スーパー均くん,K.O. SHOOTO GYM,計量結果 :62.9 Kg,,F1_WIN_F2_LOSS,score 3-0 (overrides opacity if needed),,,ud,判定 3-0,,［サブ］ 片岡誠人 20-17（1R 10-8／2R 10-9） 渡辺恭介 20-17（1R 10-8／2R 10-9） 横山忠志 20-17（1R 10-8／2R 10-9）
10,2016-10-16,SHOOTO GIG TOKYO Vol.22,インターナショナル修斗コミッション認定,,GIG_UNDERCARD_SERIES,2457,7,,バンタム級 2回戦,5分2R,209,金物屋の秀,SHOOTO GYM K'z FACTORY,計量結果 :61.0 Kg,,232,松下祐介,パラエストラTB,計量結果 :61.0 Kg,,DRAW,score tied 0-0,,,ud,判定 0-0,,［サブ］ 片岡誠人 19-19（1R 10-9／2R 9-10） 渡辺恭介 19-19（1R 10-9／2R 9-10） 横山忠志 19-19（1R 10-9／2R 9-10）
10,2016-10-16,SHOOTO GIG TOKYO Vol.22,インターナショナル修斗コミッション認定,,GIG_UNDERCARD_SERIES,2456,6,,フェザー級 2回戦,5分2R,300,仲山貴志,総合格闘技津田沼道場,計量結果 :65.7 Kg,,297,高橋孝徳,"リバーサルジム新宿Me,We",計量結果 :65.5 Kg,,F1_WIN_F2_LOSS,score 2-0 (overrides opacity if needed),,,ud,判定 2-0,,［サブ］ 片岡誠人 19-19（1R 10-9／2R 9-10） 渡辺恭介 20-18（1R 10-9／2R 10-9） 大内敬 20-19（1R 10-9／2R 10-10）
10,2016-10-16,SHOOTO GIG TOKYO Vol.22,インターナショナル修斗コミッション認定,,GIG_UNDERCARD_SERIES,2473,5,,フェザー級 2回戦,5分2R,214,齋藤翼,総合格闘技道場津田沼道場/FIGHT FARM,計量結果 :65.7 Kg,,563,鷹島大樹,"リバーサルジム新宿Me,We",計量結果 :65.5 Kg,,F1_WIN_F2_LOSS,score 3-0 (overrides opacity if needed),,,ud,判定 3-0,,［サブ］ 片岡誠人 20-18（1R 10-9／2R 10-9） 松根良太 20-18（1R 10-9／2R 10-9） 大内敬 20-18（1R 10-9／2R 10-9）
10,2016-10-16,SHOOTO GIG TOKYO Vol.22,インターナショナル修斗コミッション認定,,GIG_UNDERCARD_SERIES,2453,4,新人王決定トーナメント2016,ストロー級 2回戦,5分2R,84,箕輪ひろば,総合格闘技道場STF,計量結果 :51.9 Kg,minowa-hiroba,59,小巻洋平,総合格闘技道場reliable,計量結果 :52.1 Kg,,F1_WIN_F2_LOSS,opacity (single fighter dimmed),2,03:48,submision,S,V1アームロック,［サブ］ 片岡誠人 1R 9-10 松根良太 1R 10-9 大内敬 1R 10-9 ※箕輪がトーナメント決勝進出
10,2016-10-16,SHOOTO GIG TOKYO Vol.22,インターナショナル修斗コミッション認定,,GIG_UNDERCARD_SERIES,2455,3,新人王決定トーナメント2016,ストロー級 2回戦,5分2R,54,小川竜輔,リバーサルジム立川ALPHA,計量結果 :52.0 Kg,,966,大西ヒロト,パラエストラ札幌,計量結果 :51.7 Kg,,F1_LOSS_F2_WIN,opacity (single fighter dimmed),1,04:51,submision,S,三角絞め,大西がトーナメント決勝進出
10,2016-10-16,SHOOTO GIG TOKYO Vol.22,インターナショナル修斗コミッション認定,,GIG_UNDERCARD_SERIES,2474,2,,フェザー級 2回戦,5分2R,233,山田丑伍郎,修斗GYM東京,計量結果 :65.8 Kg,,866,村津孝徳,ライジングサン,計量結果 :65.7 Kg,,F1_LOSS_F2_WIN,score 0-1 (overrides opacity if needed),,,ud,判定 0-1,,［サブ］ 豊永稔 20-20（1R 10-10／2R 10-10） 大内敬 19-20（1R 9-10／2R 10-10） 横山忠志 20-20（1R 10-10／2R 10-10）
10,2016-10-16,SHOOTO GIG TOKYO Vol.22,インターナショナル修斗コミッション認定,,GIG_UNDERCARD_SERIES,2454,1,,バンタム級 2回戦,5分2R,566,緒方史朗,パラエストラ松戸,計量結果 :61.1 Kg,,1032,水島宏,roots,計量結果 :61.0 Kg,,F1_LOSS_F2_WIN,opacity (single fighter dimmed),1,04:46,submision,S,腕ひしぎ十字固め,
10,2016-10-16,SHOOTO GIG TOKYO Vol.22,インターナショナル修斗コミッション認定,,GIG_UNDERCARD_SERIES,2452,,新人王決定トーナメント2016 2回戦,フライ級 2回戦,5分2R,119,榎木勇介,TURNING POINT MMA,計量結果 :56.5 Kg,,568,塩谷洸太,和術慧舟會FourRhombus,計量結果 :56.3 Kg,,F1_WIN_F2_LOSS,score 2-0 (overrides opacity if needed),2,,ud,判定 2-0,,［サブ］ 豊永稔 19-19（1R 9-10／2R 10-9） 渡辺恭介 20-19（1R 10-10／2R 10-9） 横山忠志 20-18（1R 10-9／2R 10-9） ※榎木がトーナメント準決勝進出
19,2016-09-19,VTJ 8th,,,VTJ,2326,11,,,5分5R,965,ISAO,坂口道場一族,計量結果 :65.6 Kg,isao,5,斎藤裕,パラエストラ小岩,計量結果 :65.5 Kg,saito-yutaka,F1_WIN_F2_LOSS,score 2-1 (overrides opacity if needed),,,ud,判定 2-1,,［ジャッジ］ 片岡誠人　47-48 （1R 9-10/2R 10-9/3R 10-9/4R 9-10/5R 9-10） 渡辺恭介　49-47 （1R 10-10/2R 10-9/3R 10-9/4R 9-10/5R 10-9） 福田正人　47-48 （1R 9-10/2R 10-9/3R 10-9/4R 9-10/5R 9-10）
19,2016-09-19,VTJ 8th,,,VTJ,2442,10,,,5分3R,266,リオン武,ライジングサン,計量結果 :66.1 Kg,,982,内村洋次郎,イングラム,計量結果 :66.2 Kg,,F1_WIN_F2_LOSS,opacity (single fighter dimmed),2,04:17,ko,KO,,［ジャッジ］ 片岡誠人（1R 10-9） 磯野 元（1R 9-10） 横山忠志（1R 10-9）
19,2016-09-19,VTJ 8th,,,VTJ,2443,9,,,5分3R,3,松本光史,フリー,計量結果 :70.0 Kg,,1031,エフレインエクステロ,MMAラボ,計量結果 :73.45 Kg,,F1_LOSS_F2_WIN,score 0-3 (overrides opacity if needed),,,ud,判定 0-3,,［ジャッジ］ 片岡誠人　27-30 （1R 9-10/2R 9-10/3R 9-10） 渡辺恭介　28-30 （1R 10-10/2R 9-10/3R 9-10） 横山忠志　28-29（1R 10-9/2R 9-10/3R 9-10） ※エフレインは1度目の計量で73.5kg、再計量でも73.45kgと計量をクリアする事ができませんでしたが、松本選手が最終計量結果である73.45kgの契約体重を承諾し、試合を行う事となりました。
19,2016-09-19,VTJ 8th,,,VTJ,2445,8,,,5分3R,30,澤田龍人,AACC×剛毅會,計量結果 :51.9 Kg,,1020,アンソニードゥー,アメリカン・キックボクシング・アカデミー,計量結果 :52.2 Kg,,F1_WIN_F2_LOSS,opacity (single fighter dimmed),1,03:54,submision,S,リアネイキッドチョーク,
19,2016-09-19,VTJ 8th,,,VTJ,2444,7,,,5分3R,334,武田飛翔,Trister Gym,計量結果 :70.0 Kg,,1021,山本勇気,パラエストラ千葉,計量結果 :70.2 Kg,,F1_LOSS_F2_WIN,opacity (single fighter dimmed),3,03:35,submision,S,リアネイキッドチョーク,［ジャッジ］ 豊永 稔（1R 10-9/2R 10-9） 磯野 元（1R 10-9/2R 9-10） 片岡誠人（1R 10-9/2R 10-10）
19,2016-09-19,VTJ 8th,,,VTJ,2450,6,,,5分3R,169,岡田遼,パラエストラ千葉,計量結果 :61.0 Kg,,1030,ハユンソ,GEEK submission,計量結果 :60.5 Kg,,F1_WIN_F2_LOSS,opacity (single fighter dimmed),1,00:53,ko,KO,,
19,2016-09-19,VTJ 8th,,,VTJ,2451,5,,,5分3R,176,佐藤将光,坂口道場一族,計量結果 :61.1 Kg,sato-shoko,295,ダイキライトイヤー,修斗GYM神戸,計量結果 :61.2 Kg,,F1_WIN_F2_LOSS,opacity (single fighter dimmed),3,01:30,tko,TKO,グランドパンチ,［ジャッジ］ 片岡誠人（1R 10-9/2R 10-9） 渡辺恭介（1R 10-9/2R 10-9） 横山忠志（1R 10-9/2R 10-9）
19,2016-09-19,VTJ 8th,,,VTJ,2449,4,,,3分3R,1028,藤島崇志,R-BLOOD,計量結果 :70.0 Kg,,1029,小島祥雄,MASTER JAPAN,計量結果 :70.1 Kg,,F1_LOSS_F2_WIN,score 1-2 (overrides opacity if needed),,,ud,判定 1-2,,［ジャッジ］ 福田正人　28-29 （1R 9-10/2R 10-9/3R 9-10） 磯野 元　28-29 （1R 9-10/2R 10-9/3R 9-10） 横山忠志　29-28 （1R 9-10/2R 9-10/3R 10-9）
19,2016-09-19,VTJ 8th,,,VTJ,2448,3,,,3分3R,1026,山本哲也,SUBMIT MMA,計量結果 :65.4 Kg,,1027,関鉄也,SONIC SQUAD,計量結果 :65.7 Kg,,F1_WIN_F2_LOSS,score 3-0 (overrides opacity if needed),,,ud,判定 3-0,,［ジャッジ］ 福田正人　29-28 （1R 10-9/2R 10-9/3R 9-10） 磯野 元　29-28 （1R 10-9/2R 10-9/3R 9-10） 横山忠志　29-28 （1R 10-9/2R 10-9/3R 9-10）
19,2016-09-19,VTJ 8th,,,VTJ,2447,2,,,3分3R,1024,大村友也,キングダム立川コロッセオ,計量結果 :60.8 Kg,,1025,寺本雄輝,"リバーサルジム新宿Me,We",計量結果 :60.8 Kg,,F1_WIN_F2_LOSS,opacity (single fighter dimmed),1,02:05,submision,S,リアネイキッドチョーク,
19,2016-09-19,VTJ 8th,,,VTJ,2446,1,,,3分3R,1022,薄井直輝,R-BLOOD,計量結果 :56.3 Kg,,1023,永谷駿也,和術慧舟會船橋道場,計量結果 :56.6 Kg,,F1_WIN_F2_LOSS,score 2-1 (overrides opacity if needed),,,ud,判定 2-1,,［ジャッジ］ 福田正人　29-28 （1R 9-10/2R 10-9/3R 10-9） 渡辺恭介　28-29 （1R 9-10/2R 9-10/3R 10-9） 横山忠志　29-28 （1R 9-10/2R 10-9/3R 10-9）
40,2016-09-04,BORDER-season8-「The2nd」,,,BORDER,2577,9,,ライト級,5分3R,321,AB,和術慧舟會駿河道場,,,406,長田拓也,BLOWS,,,F1_WIN_F2_LOSS,opacity (single fighter dimmed),1,01:59,submision,S,三角絞め,
40,2016-09-04,BORDER-season8-「The2nd」,,,BORDER,2578,8,MOBSTYLES Presents インフィニティリーグ2017,フェザー級,5分2R,255,TOMA,直心会TK68,,toma,300,仲山貴志,総合格闘技津田沼道場,,,F1_LOSS_F2_WIN,opacity (single fighter dimmed),2,04:40,submision,S,スリーパーホールド,※仲山が勝ち点3を獲得。 ［サブ］ 山本諭志（1R 10-9） 豊島孝尚（1R 10-9） 安芸佳孝（1R 10-9）
40,2016-09-04,BORDER-season8-「The2nd」,,,BORDER,2579,7,,バンタム級,5分2R,221,中本龍平,MMA修斗ジム BLOWS,,,229,藤川智史,総合格闘技道場ARMS,,,F1_WIN_F2_LOSS,score 2-0 (overrides opacity if needed),2,,ud,判定 2-0,,山本諭志 20-19（1R 10-10／2R 10-9） 豊島孝尚 20-20（1R 10-10／2R 10-10） 安芸佳孝 20-19（1R 10-10／2R 10-9）
40,2016-09-04,BORDER-season8-「The2nd」,,,BORDER,2580,6,,ストロー級,5分2R,27,小堀貴広,総合格闘技ゴンズジム,,,48,阿部剛,TKエスペランサ,,,F1_WIN_F2_LOSS,opacity (single fighter dimmed),1,04:23,submision,S,腕十字固め,
40,2016-09-04,BORDER-season8-「The2nd」,,,BORDER,2581,5,,フライ級,5分2R,124,亀島聖児,-,,,635,鎌田悠介,ピロクテテス新潟,,,F1_WIN_F2_LOSS,opacity (single fighter dimmed),1,03:08,ko,KO,,
40,2016-09-04,BORDER-season8-「The2nd」,,,BORDER,2582,4,,フェザー級,5分2R,273,大野虎眼賢良,総合格闘技ゴンズジム,,,275,小川将貴,ピロクテテス新潟,,,F1_LOSS_F2_WIN,opacity (single fighter dimmed),2,02:10,submision,S,スリーパーホールド,山本諭志（1R 10-9） 豊島孝尚（1R 10-10） 安芸佳孝（1R 10-10）
40,2016-09-04,BORDER-season8-「The2nd」,,,BORDER,2583,3,,フライ級,5分2R,155,増田恭介,総合格闘技ゴンズジム,,,152,九州力,総合格闘技道場STEAM,,,F1_WIN_F2_LOSS,opacity (single fighter dimmed),2,03:10,submision,S,スリーパーホールド,山本諭志（1R 10-9） 豊島孝尚（1R 10-9） 安芸佳孝（1R 10-9）
40,2016-09-04,BORDER-season8-「The2nd」,,,BORDER,2584,2,,バンタム級,5分2R,777,青柳洸志,修斗GYM神戸,,,626,別所竜也,アンドレイオス,,,F1_WIN_F2_LOSS,score 3-0 (overrides opacity if needed),2,,ud,判定 3-0,,山本諭志 20-18（1R 10-9／2R 10-9） 豊島孝尚 20-18（1R 10-9／2R 10-9） 安芸佳孝 20-18（1R 10-9／2R 10-9）
7,2016-07-17,プロフェッショナル修斗公式戦,インターナショナル修斗コミッション認定,,PRO_SHOOTO_MAINLINE,1672,11,世界フライ級チャンピオン決定戦,ストロー級 5回戦,5分5R,22,黒澤亮平,パラエストラ松戸,計量結果 :52.1 Kg,,30,澤田龍人,AACC×剛毅會,計量結果 :52.1 Kg,,F1_WIN_F2_LOSS,opacity (single fighter dimmed),2,04:41,ko,KO,,飛鳥が第６代世界王者に
7,2016-07-17,プロフェッショナル修斗公式戦,インターナショナル修斗コミッション認定,,PRO_SHOOTO_MAINLINE,1675,10,,バンタム級 3回戦,5分3R,161,石橋佳大,ZEEKジム,計量結果 :61.1 Kg,,195,安藤達也,フリー,計量結果 :61.2 Kg,ando-tatsuya,F1_WIN_F2_LOSS,opacity (single fighter dimmed),2,02:04,submision,S,スリーパーホールド,
7,2016-07-17,プロフェッショナル修斗公式戦,インターナショナル修斗コミッション認定,,PRO_SHOOTO_MAINLINE,2102,9,,バンタム級 3回戦,5分3R,12,土屋大喜,roots,計量結果 :61.0 Kg,,853,祖根寿麻,ZOOMER,計量結果 :61.1 Kg,,F1_LOSS_F2_WIN,score 0-3 (overrides opacity if needed),,,ud,判定 0-3,,
7,2016-07-17,プロフェッショナル修斗公式戦,インターナショナル修斗コミッション認定,,PRO_SHOOTO_MAINLINE,2265,8,,,5分3R,28,猿田洋祐,和術慧舟會HEARTS,計量結果 :52.8 Kg,,921,ルイスゴンザレス,チーム・タイタン,計量結果 :52.7 Kg,,F1_WIN_F2_LOSS,score 3-0 (overrides opacity if needed),,,ud,判定 3-0,,
7,2016-07-17,プロフェッショナル修斗公式戦,インターナショナル修斗コミッション認定,,PRO_SHOOTO_MAINLINE,1677,7,,ライト級 3回戦,5分3R,321,AB,和術慧舟會駿河道場,計量結果 :70.2 Kg,,329,児山佳宏,THE BLACKBELT JAPAN,計量結果 :70.3 Kg,,F1_LOSS_F2_WIN,score 1-2 (overrides opacity if needed),,,ud,判定 1-2,,
7,2016-07-17,プロフェッショナル修斗公式戦,インターナショナル修斗コミッション認定,,PRO_SHOOTO_MAINLINE,2231,6,インフィニティリーグ 2016,フライ級,5分2R,102,征矢貴,パラエストラ松戸,計量結果 :56.7 Kg,soya-takaki,121,梶川卓,スカーフィスト,計量結果 :56.7 Kg,,F1_WIN_F2_LOSS,opacity (single fighter dimmed),1,01:29,ko,KO,,征矢が勝ち点4を獲得→勝ち点6に
7,2016-07-17,プロフェッショナル修斗公式戦,インターナショナル修斗コミッション認定,,PRO_SHOOTO_MAINLINE,2232,5,インフィニティリーグ 2016,フライ級,5分2R,96,北原史寛,パラエストラ札幌,計量結果 :56.6 Kg,,150,藤田ケオン寿大,AACC,計量結果 :56.5 Kg,,F1_WIN_F2_LOSS,score 2-1 (overrides opacity if needed),,,ud,判定 2-1,,北原が勝ち点4を獲得→勝ち点6に
7,2016-07-17,プロフェッショナル修斗公式戦,インターナショナル修斗コミッション認定,,PRO_SHOOTO_MAINLINE,2266,4,,女子アトム級,5分2R,919,浅倉カンナ,パラエストラ松戸,計量結果 :46.7 Kg,,920,ヒヤマNFC,NFC,計量結果 :47.0 Kg,,F1_WIN_F2_LOSS,opacity (single fighter dimmed),1,03:43,submision,S,スリーパーホールド,
7,2016-07-17,プロフェッショナル修斗公式戦,インターナショナル修斗コミッション認定,,PRO_SHOOTO_MAINLINE,1681,3,新人王決定トーナメント2016 2回戦,フェザー級 2回戦,5分2R,701,たてお,ELEVEN,計量結果 :65.5 Kg,tateo,288,SASUKE,MASTER JAPAN,計量結果 :65.7 Kg,sasuke,F1_WIN_F2_LOSS,score 1-0 (overrides opacity if needed),,,ud,判定 1-0,,優勢ポイント1-2で飯田選手がトーナメント準決勝進出
7,2016-07-17,プロフェッショナル修斗公式戦,インターナショナル修斗コミッション認定,,PRO_SHOOTO_MAINLINE,1684,2,新人王決定トーナメント2016 1回戦,ライト級 2回戦,5分2R,702,田口泰地,RISING SUN,計量結果 :70.0 Kg,,703,間宮晃仁,MARS GYM,計量結果 :70.0 Kg,,F1_LOSS_F2_WIN,score 0-3 (overrides opacity if needed),,,ud,判定 0-3,,間宮がトーナメント準決勝進出
7,2016-07-17,プロフェッショナル修斗公式戦,インターナショナル修斗コミッション認定,,PRO_SHOOTO_MAINLINE,1678,1,新人王決定トーナメント2016 2回戦,フライ級 2回戦,5分2R,700,芳原零,ブレイブハート,計量結果 :56.5 Kg,,635,鎌田悠介,ピロクテテス新潟,計量結果 :56.6 Kg,,F1_LOSS_F2_WIN,score 0-2 (overrides opacity if needed),2,,ud,判定 0-2,,鎌田がトーナメント準決勝進出
6,2016-07-03,SHOOTO GIG WEST Vol.18,インターナショナル修斗コミッション認定,,GIG_UNDERCARD_SERIES,1552,11,,ストロー級 2回戦,5分2R,38,マッチョザバタフライ,総合格闘技道場コブラ会,計量結果 :52.2 Kg,,58,木村拓茉,パラエストラ和泉,計量結果 :51.9 Kg,,F1_WIN_F2_LOSS,opacity (single fighter dimmed),1,04:10,submision,S,フロントスリーパーホールド,
6,2016-07-03,SHOOTO GIG WEST Vol.18,インターナショナル修斗コミッション認定,,GIG_UNDERCARD_SERIES,2226,10,,バンタム級,5分2R,225,服部賢大,修斗GYM神戸,計量結果 :61.0 Kg,,198,魚井フルスイング,和術慧舟會HEARTS,計量結果 :60.4 Kg,,F1_LOSS_F2_WIN,opacity (single fighter dimmed),1,03:32,ko,KO,,
6,2016-07-03,SHOOTO GIG WEST Vol.18,インターナショナル修斗コミッション認定,,GIG_UNDERCARD_SERIES,2225,9,,ライト級,5分2R,334,武田飛翔,Trister Gym,計量結果 :69.9 Kg,,355,鈴木淑徳,オフィス淑徳軍,計量結果 :70.0 Kg,,F1_WIN_F2_LOSS,score 3-0 (overrides opacity if needed),,,ud,判定 3-0,,
6,2016-07-03,SHOOTO GIG WEST Vol.18,インターナショナル修斗コミッション認定,,GIG_UNDERCARD_SERIES,2224,8,,フライ級,5分2R,149,福田龍彌,MIBURO,計量結果 :56.7 Kg,fukuda-ryuya,128,木村ケンイチ,総合格闘技ハーヴェスト,計量結果 :56.3 Kg,,F1_WIN_F2_LOSS,opacity (single fighter dimmed),1,00:28,ko,KO,,
6,2016-07-03,SHOOTO GIG WEST Vol.18,インターナショナル修斗コミッション認定,,GIG_UNDERCARD_SERIES,1555,7,新人王決定トーナメント2016 1回戦,バンタム級 2回戦,5分2R,219,玉城優介,Theパラエストラ沖縄,計量結果 :60.8 Kg,,221,中本龍平,MMA修斗ジム BLOWS,計量結果 :60.8 Kg,,F1_LOSS_F2_WIN,opacity (single fighter dimmed),2,01:29,ko,KO,,
6,2016-07-03,SHOOTO GIG WEST Vol.18,インターナショナル修斗コミッション認定,,GIG_UNDERCARD_SERIES,1556,6,新人王決定トーナメント2016 2回戦,フェザー級 2回戦,5分2R,296,高野明,MMA修斗ジムBLOWS,計量結果 :65.8 Kg,,695,宋鬼子,総合格闘技道場コブラ会,計量結果 :65.4 Kg,,F1_WIN_F2_LOSS,score 3-0 (overrides opacity if needed),,,ud,判定 3-0,,
6,2016-07-03,SHOOTO GIG WEST Vol.18,インターナショナル修斗コミッション認定,,GIG_UNDERCARD_SERIES,1551,5,,ストロー級 3回戦,,85,村田一着,NEW GROUND,計量結果 :51.2 Kg,,27,小堀貴広,総合格闘技ゴンズジム,計量結果 :52.2 Kg,,F1_WIN_F2_LOSS,opacity (single fighter dimmed),1,03:46,ko,KO,,
6,2016-07-03,SHOOTO GIG WEST Vol.18,インターナショナル修斗コミッション認定,,GIG_UNDERCARD_SERIES,1553,4,,フライ級 2回戦,5分2R,127,奇天烈,修斗GYMS直心会,計量結果 :56.6 Kg,,144,仲宗根武蔵,Theパラエストラ沖縄,計量結果 :56.5 Kg,,F1_WIN_F2_LOSS,opacity (single fighter dimmed),2,02:35,ko,KO,,
6,2016-07-03,SHOOTO GIG WEST Vol.18,インターナショナル修斗コミッション認定,,GIG_UNDERCARD_SERIES,2227,3,,バンタム級,5分2R,229,藤川智史,総合格闘技道場ARMS,計量結果 :61.1 Kg,,862,川俣丈次,パラエストラ東大阪,計量結果 :60.8 Kg,,F1_WIN_F2_LOSS,score 3-0 (overrides opacity if needed),,,ud,判定 3-0,,
6,2016-07-03,SHOOTO GIG WEST Vol.18,インターナショナル修斗コミッション認定,,GIG_UNDERCARD_SERIES,1554,2,新人王決定トーナメント2016 2回戦,フライ級 2回戦,5分2R,670,黒石大資,スカーフィスト,計量結果 :55.8 Kg,,143,永井美自戒,総合格闘技道場コブラ会,計量結果 :56.7 Kg,,F1_WIN_F2_LOSS,opacity (single fighter dimmed),1,01:58,ko,KO,,
6,2016-07-03,SHOOTO GIG WEST Vol.18,インターナショナル修斗コミッション認定,,GIG_UNDERCARD_SERIES,1557,1,新人王決定トーナメント2016 1回戦,フェザー級 2回戦,5分2R,314,山本健斗デリカット,総合格闘技道場コブラ会,計量結果 :65.7 Kg,,669,久保村ヨシTERU,飛翔塾コンドル,計量結果 :65.3 Kg,,F1_WIN_F2_LOSS,score 2-1 (overrides opacity if needed),,,ud,判定 2-1,,
5,2016-06-19,VTJ in OSAKA,,,VTJ,1547,,,,5分3R,140,田丸匠,NASCER DO SOL,,,509,田中寛之,直心会TK68,,,F1_WIN_F2_LOSS,opacity (single fighter dimmed),2,03:46,submision,S,フロントスリーパーホールド,
5,2016-06-19,VTJ in OSAKA,,,VTJ,1548,,,,5分2R,570,土肥聖帝潤,MIBURO,,,571,じゅん,総合格闘技reliable,,,F1_WIN_F2_LOSS,opacity (single fighter dimmed),2,01:38,tko,TKO,出血によるドクターストップ,
5,2016-06-19,VTJ in OSAKA,,,VTJ,1549,,,,5分2R,295,ダイキライトイヤー,修斗GYM神戸,,,573,村田崇,修斗GYMS直心会,,,F1_WIN_F2_LOSS,opacity (single fighter dimmed),1,02:46,submision,S,三角絞め,
5,2016-06-19,VTJ in OSAKA,,,VTJ,1550,,,,5分2R,574,鷹亜希,修斗GYMS直心会,,,279,カーリー,パラエストラ松戸,,,F1_LOSS_F2_WIN,score 0-3 (overrides opacity if needed),,,ud,判定 0-3,,
5,2016-06-19,VTJ in OSAKA,,,VTJ,2219,,,,3分3R,774,鈴木敦順,総合格闘技スタジオSTYLE,,,406,長田拓也,BLOWS,,,F1_LOSS_F2_WIN,opacity (single fighter dimmed),1,02:27,submision,S,スリーパーホールド,
5,2016-06-19,VTJ in OSAKA,,,VTJ,2220,,,,3分3R,776,秋葉太樹,総合格闘技道場reliable,,,777,青柳洸志,修斗GYM神戸,,,F1_WIN_F2_LOSS,score 3-0 (overrides opacity if needed),,,ud,判定 3-0,,
5,2016-06-19,VTJ in OSAKA,,,VTJ,2228,,,,5分2R,267,青井人,BLOWS,,aoi-jin,585,ファンチョンホ,リョン・プロモーション,,,F1_WIN_F2_LOSS,opacity (single fighter dimmed),1,04:19,submision,S,三角絞め,
5,2016-06-19,VTJ in OSAKA,,,VTJ,2229,,,,5分2R,554,久遠,ZERO,,,898,パクジョンウン,チームストロングウルフ,,,UNRESOLVED,"both dimmed, no score, no judge tallies, no note keyword match",,,,,,
5,2016-06-19,VTJ in OSAKA,,,VTJ,2230,,,,5分3R,179,竹中大地,パラエストラ和泉,,,897,アランフィルポット,ネクストジェネレーション・ノースアイルランド,,,F1_WIN_F2_LOSS,opacity (single fighter dimmed),1,02:37,submision,S,スリーパーホールド,
3,2016-05-28,SHOOTO GIG TOKYO Vol.21,インターナショナル修斗コミッション認定,,GIG_UNDERCARD_SERIES,1529,11,インフィニティリーグ 2016,,,96,北原史寛,パラエストラ札幌,,,102,征矢貴,パラエストラ松戸,計量結果 :56.6 Kg,soya-takaki,F1_WIN_F2_LOSS,score 1-0 (overrides opacity if needed),2,,ud,判定 1-0,,
3,2016-05-28,SHOOTO GIG TOKYO Vol.21,インターナショナル修斗コミッション認定,,GIG_UNDERCARD_SERIES,1530,10,,バンタム級 3回戦,,176,佐藤将光,坂口道場一族,計量結果 :61.1 Kg,sato-shoko,294,スーパー均くん,K.O. SHOOTO GYM,計量結果 :60.8 Kg,,F1_WIN_F2_LOSS,opacity (single fighter dimmed),3,03:59,submision,S,スリーパーホールド,
3,2016-05-28,SHOOTO GIG TOKYO Vol.21,インターナショナル修斗コミッション認定,,GIG_UNDERCARD_SERIES,1531,9,,フライ級 2回戦,,108,ヒートたけし,和術慧舟會船橋道場,計量結果 :56.5 Kg,,160,六本木洋,総合格闘技道場STF,計量結果 :56.7 Kg,,F1_LOSS_F2_WIN,opacity (single fighter dimmed),1,04:05,ko,KO,,
3,2016-05-28,SHOOTO GIG TOKYO Vol.21,インターナショナル修斗コミッション認定,,GIG_UNDERCARD_SERIES,1532,8,,バンタム級 2回戦,,232,松下祐介,パラエストラTB,計量結果 :61.1 Kg,,198,魚井フルスイング,和術慧舟會HEARTS,計量結果 :61.2 Kg,,F1_LOSS_F2_WIN,score 0-2 (overrides opacity if needed),2,,ud,判定 0-2,,
3,2016-05-28,SHOOTO GIG TOKYO Vol.21,インターナショナル修斗コミッション認定,,GIG_UNDERCARD_SERIES,1533,7,,バンタム級 2回戦,,199,海下DRAGON竜太,パラエストラTB,計量結果 :61.2 Kg,,194,阿部貴広,トイカツ道場,計量結果 :61.1 Kg,,UNRESOLVED,"both dimmed, no score, no judge tallies, no note keyword match",2,,,,,
3,2016-05-28,SHOOTO GIG TOKYO Vol.21,インターナショナル修斗コミッション認定,,GIG_UNDERCARD_SERIES,1534,6,,フェザー級 2回戦,,297,高橋孝徳,"リバーサルジム新宿Me,We",計量結果 :65.4 Kg,,214,齋藤翼,総合格闘技道場津田沼道場/FIGHT FARM,計量結果 :65.7 Kg,,F1_WIN_F2_LOSS,score 3-0 (overrides opacity if needed),2,,ud,判定 3-0,,
3,2016-05-28,SHOOTO GIG TOKYO Vol.21,インターナショナル修斗コミッション認定,,GIG_UNDERCARD_SERIES,1535,5,,ストロー級 2回戦,,51,楳沢智治,AACC×SPIDER,計量結果 :52.1 Kg,,49,新井丈,和術慧舟會HEARTS,計量結果 :50.7 Kg,arai-jo,F1_LOSS_F2_WIN,opacity (single fighter dimmed),2,00:24,ko,KO,,
3,2016-05-28,SHOOTO GIG TOKYO Vol.21,インターナショナル修斗コミッション認定,,GIG_UNDERCARD_SERIES,1536,4,,フェザー級 2回戦,,233,山田丑伍郎,修斗GYM東京,計量結果 :65.7 Kg,,561,有川大介,パラエストラ小岩,計量結果 :65.7 Kg,,UNRESOLVED,"both dimmed, no score, no judge tallies, no note keyword match",2,,,,,
3,2016-05-28,SHOOTO GIG TOKYO Vol.21,インターナショナル修斗コミッション認定,,GIG_UNDERCARD_SERIES,1537,3,,ライト級 2回戦,,564,木村孔明,パラエストラTB,計量結果 :70.3 Kg,,565,近内忠史,ブレイブハート,計量結果 :70.3 Kg,,F1_WIN_F2_LOSS,opacity (single fighter dimmed),2,04:54,submision,S,スリーパーホールド,
3,2016-05-28,SHOOTO GIG TOKYO Vol.21,インターナショナル修斗コミッション認定,,GIG_UNDERCARD_SERIES,1538,2,新人王決定トーナメント2016 1回戦,ストロー級 2回戦,,84,箕輪ひろば,総合格闘技道場STF,計量結果 :51.9 Kg,minowa-hiroba,548,ZONO,赤崎道場A-SPIRIT,計量結果 :51.3 Kg,,F1_WIN_F2_LOSS,opacity (single fighter dimmed),1,04:04,submision,S,スリーパーホールド,
3,2016-05-28,SHOOTO GIG TOKYO Vol.21,インターナショナル修斗コミッション認定,,GIG_UNDERCARD_SERIES,1539,1,新人王決定トーナメント2016 1回戦,バンタム級 2回戦,,566,緒方史朗,パラエストラ松戸,計量結果 :61.1 Kg,,567,鬼神光司,ブレイブハート,計量結果 :61.2 Kg,,F1_LOSS_F2_WIN,score 0-3 (overrides opacity if needed),2,,ud,判定 0-3,,
1,2016-04-23,FIGHT & MOSH,インターナショナル修斗コミッション認定プロフェッショナル修斗公式戦,,PRO_SHOOTO_MAINLINE,1508,9,世界バンタム級チャンピオンシップ,フライ級 5回戦,,1,菅原雅顕,四街道スポーツジム,計量結果 :56.5 Kg,,2,扇久保博正,パラエストラ松戸,計量結果 :56.6 Kg,ougikubo-hiromasa,F1_LOSS_F2_WIN,opacity (single fighter dimmed),5,04:48,submision,S,フロントスリーパーホールド,
1,2016-04-23,FIGHT & MOSH,インターナショナル修斗コミッション認定プロフェッショナル修斗公式戦,,PRO_SHOOTO_MAINLINE,892,8,世界ウェルター級チャンピオン決定戦,ライト級 5回戦,,3,松本光史,フリー,計量結果 :70.2 Kg,,4,川名TENCHO雄生,Y&K MMA ACADEMY,計量結果 :70.3 Kg,,F1_WIN_F2_LOSS,opacity (single fighter dimmed),3,00:44,submision,S,スリーパーホールド,
1,2016-04-23,FIGHT & MOSH,インターナショナル修斗コミッション認定プロフェッショナル修斗公式戦,,PRO_SHOOTO_MAINLINE,913,7,,フェザー級 3回戦,,5,斎藤裕,パラエストラ小岩,計量結果 :65.6 Kg,saito-yutaka,7,キムミンジェ,CMA KOREA スパルタンジム,計量結果 :65.6 Kg,,F1_WIN_F2_LOSS,opacity (single fighter dimmed),1,03:11,submision,S,スリーパーホールド,
1,2016-04-23,FIGHT & MOSH,インターナショナル修斗コミッション認定プロフェッショナル修斗公式戦,,PRO_SHOOTO_MAINLINE,928,6,,フェザー級 2回戦,,8,宇野薫,UNO DOJO,計量結果 :65.8 Kg,uno-caol,585,ファンチョンホ,リョン・プロモーション,計量結果 :64.6 Kg,,F1_WIN_F2_LOSS,opacity (single fighter dimmed),2,00:31,submision,S,スリーパーホールド,
1,2016-04-23,FIGHT & MOSH,インターナショナル修斗コミッション認定プロフェッショナル修斗公式戦,,PRO_SHOOTO_MAINLINE,763,5,,フライ級 3回戦,,11,前田吉朗,パンクラス大阪稲垣組,計量結果 :56.6 Kg,,111,ランボー宏輔,パラエストラ千葉,計量結果 :56.5 Kg,,F1_WIN_F2_LOSS,opacity (single fighter dimmed),2,02:43,submision,S,スリーパーホールド,
1,2016-04-23,FIGHT & MOSH,インターナショナル修斗コミッション認定プロフェッショナル修斗公式戦,,PRO_SHOOTO_MAINLINE,958,4,,フェザー級 3回戦,,248,高橋遼伍,KRAZY BEE,計量結果 :65.7 Kg,,15,内藤太尊,roots,計量結果 :65.5 Kg,,F1_WIN_F2_LOSS,score 3-0 (overrides opacity if needed),3,,ud,判定 3-0,,
1,2016-04-23,FIGHT & MOSH,インターナショナル修斗コミッション認定プロフェッショナル修斗公式戦,,PRO_SHOOTO_MAINLINE,736,3,,バンタム級 3回戦,,13,CORO,和術慧舟會TLIVE,計量結果 :61.1 Kg,coro,12,土屋大喜,roots,計量結果 :61.0 Kg,,F1_LOSS_F2_WIN,opacity (single fighter dimmed),3,03:47,submision,S,肩固め,
1,2016-04-23,FIGHT & MOSH,インターナショナル修斗コミッション認定プロフェッショナル修斗公式戦,,PRO_SHOOTO_MAINLINE,985,2,,フェザー級 2回戦,,16,美木航,NATURAL 9,計量結果 :65.7 Kg,,267,青井人,BLOWS,計量結果 :65.2 Kg,aoi-jin,UNRESOLVED,"both dimmed, no score, no judge tallies, no note keyword match",2,,,,,
1,2016-04-23,FIGHT & MOSH,インターナショナル修斗コミッション認定プロフェッショナル修斗公式戦,,PRO_SHOOTO_MAINLINE,757,1,インフィニティリーグ 2016,フライ級 2回戦,,18,オニボウズ,総合格闘技ゴンズジム,計量結果 :56.6 Kg,,150,藤田ケオン寿大,AACC,計量結果 :56.1 Kg,,F1_WIN_F2_LOSS,score 2-0 (overrides opacity if needed),2,,ud,判定 2-0,,
4,2016-03-27,BORDER -season8-「The 1st」,インターナショナル修斗コミッション認定,,BORDER,1012,7,,バンタム級 2回戦,,208,金海裕輝,総合格闘技道場コブラ会,計量結果 :61.1 Kg,,230,藤中淳司,シューティングジム大阪,計量結果 :61.1 Kg,,F1_WIN_F2_LOSS,score 3-0 (overrides opacity if needed),2,,ud,判定 3-0,,
4,2016-03-27,BORDER -season8-「The 1st」,インターナショナル修斗コミッション認定,,BORDER,761,6,,バンタム級 2回戦,,35,ニシダ☆ショー,BURST,計量結果 :52.2 Kg,,58,木村拓茉,パラエストラ和泉,計量結果 :51.8 Kg,,F1_WIN_F2_LOSS,opacity (single fighter dimmed),1,02:22,submision,S,三角絞め,
4,2016-03-27,BORDER -season8-「The 1st」,インターナショナル修斗コミッション認定,,BORDER,1027,5,,バンタム級 2回戦,,225,服部賢大,修斗GYM神戸,計量結果 :61.2 Kg,,229,藤川智史,総合格闘技道場ARMS,計量結果 :61.1 Kg,,UNRESOLVED,"both dimmed, no score, no judge tallies, no note keyword match",2,,,,,
4,2016-03-27,BORDER -season8-「The 1st」,インターナショナル修斗コミッション認定,,BORDER,1033,4,,バンタム級 2回戦,,205,小田寛一,SHOOTO GYM BLOOM,計量結果 :61.1 Kg,,221,中本龍平,MMA修斗ジム BLOWS,計量結果 :61.1 Kg,,F1_LOSS_F2_WIN,opacity (single fighter dimmed),1,01:12,ko,KO,,
4,2016-03-27,BORDER -season8-「The 1st」,インターナショナル修斗コミッション認定,,BORDER,1037,3,新人王決定トーナメント2016 1回戦,フェザー級 2回戦,,298,田原樹也,PUREBRED鳥取,計量結果 :64.9 Kg,,296,高野明,MMA修斗ジムBLOWS,計量結果 :65.7 Kg,,UNRESOLVED,"both dimmed, no score, no judge tallies, no note keyword match",2,,,,,
4,2016-03-27,BORDER -season8-「The 1st」,インターナショナル修斗コミッション認定,,BORDER,1038,2,新人王決定トーナメント2016 1回戦,フライ級 1回戦,,143,永井美自戒,総合格闘技道場コブラ会,計量結果 :56.7 Kg,,155,増田恭介,総合格闘技ゴンズジム,計量結果 :56.3 Kg,,F1_WIN_F2_LOSS,score 3-0 (overrides opacity if needed),2,,ud,判定 3-0,,
4,2016-03-27,BORDER -season8-「The 1st」,インターナショナル修斗コミッション認定,,BORDER,1041,1,,ストロー級 2回戦,,78,ふじい☆ペリー,BURST,計量結果 :52.1 Kg,,59,小巻洋平,総合格闘技道場reliable,計量結果 :52.2 Kg,,F1_LOSS_F2_WIN,score 0-2 (overrides opacity if needed),2,,ud,判定 0-2,,
8,2016-03-21,プロフェッショナル修斗公式戦,インターナショナル修斗コミッション認定,,PRO_SHOOTO_MAINLINE,1117,11,環太平洋フェザー級チャンピオン決定戦,バンタム級 3回戦,,179,竹中大地,パラエストラ和泉,計量結果 :61.0 Kg,,170,小蒼卓也,スカーフィスト,計量結果 :61.0 Kg,,F1_WIN_F2_LOSS,opacity (single fighter dimmed),1,02:41,submision,S,スリーパーホールド,
8,2016-03-21,プロフェッショナル修斗公式戦,インターナショナル修斗コミッション認定,,PRO_SHOOTO_MAINLINE,1136,10,,バンタム級 3回戦,,169,岡田遼,パラエストラ千葉,計量結果 :61.0 Kg,,182,徹肌ィ朗,和術慧舟會岩手支部,計量結果 :61.2 Kg,,F1_WIN_F2_LOSS,score 3-0 (overrides opacity if needed),3,,ud,判定 3-0,,
8,2016-03-21,プロフェッショナル修斗公式戦,インターナショナル修斗コミッション認定,,PRO_SHOOTO_MAINLINE,1160,9,,バンタム級 3回戦,,195,安藤達也,フリー,計量結果 :61.2 Kg,ando-tatsuya,201,海老原洋輔,パラエストラ松戸,計量結果 :61.1 Kg,,F1_WIN_F2_LOSS,opacity (single fighter dimmed),1,01:07,ko,KO,,
8,2016-03-21,プロフェッショナル修斗公式戦,インターナショナル修斗コミッション認定,,PRO_SHOOTO_MAINLINE,620,8,,フライ級 3回戦,,94,大里洋志,スカーフィスト,計量結果 :56.5 Kg,,140,田丸匠,NASCER DO SOL,計量結果 :56.5 Kg,,F1_LOSS_F2_WIN,opacity (single fighter dimmed),1,03:13,submision,S,腕ひしぎ十字固め,
8,2016-03-21,プロフェッショナル修斗公式戦,インターナショナル修斗コミッション認定,,PRO_SHOOTO_MAINLINE,68,7,,ストロー級 3回戦,,25,飯野タテオ,和術慧舟會HEARTS,計量結果 :52.0 Kg,,38,マッチョザバタフライ,総合格闘技道場コブラ会,計量結果 :51.8 Kg,,F1_WIN_F2_LOSS,score 3-0 (overrides opacity if needed),3,,ud,判定 3-0,,
8,2016-03-21,プロフェッショナル修斗公式戦,インターナショナル修斗コミッション認定,,PRO_SHOOTO_MAINLINE,1170,6,,フェザー級 3回戦,,272,太田拓己,PUREBRED鳥取,計量結果 :65.3 Kg,,305,平川智也,マスタージャパン,計量結果 :65.7 Kg,,F1_LOSS_F2_WIN,opacity (single fighter dimmed),2,01:17,ko,KO,,
8,2016-03-21,プロフェッショナル修斗公式戦,インターナショナル修斗コミッション認定,,PRO_SHOOTO_MAINLINE,657,5,インフィニティリーグ 2016,フライ級 2回戦,,96,北原史寛,パラエストラ札幌,計量結果 :56.5 Kg,,121,梶川卓,スカーフィスト,計量結果 :56.7 Kg,,F1_LOSS_F2_WIN,score 0-3 (overrides opacity if needed),2,,ud,判定 0-3,,
8,2016-03-21,プロフェッショナル修斗公式戦,インターナショナル修斗コミッション認定,,PRO_SHOOTO_MAINLINE,135,4,,ストロー級 2回戦,,28,猿田洋祐,和術慧舟會HEARTS,計量結果 :52.1 Kg,,79,前山哲兵,AACC,計量結果 :52.0 Kg,,F1_WIN_F2_LOSS,score 3-0 (overrides opacity if needed),2,,ud,判定 3-0,,
8,2016-03-21,プロフェッショナル修斗公式戦,インターナショナル修斗コミッション認定,,PRO_SHOOTO_MAINLINE,342,3,新人王決定トーナメント2016 1回戦,ストロー級 2回戦,,49,新井丈,和術慧舟會HEARTS,,arai-jo,54,小川竜輔,リバーサルジム立川ALPHA,,,F1_WIN_F2_LOSS,score 1-0 (overrides opacity if needed),2,,ud,判定 1-0,,
8,2016-03-21,プロフェッショナル修斗公式戦,インターナショナル修斗コミッション認定,,PRO_SHOOTO_MAINLINE,1193,2,新人王決定トーナメント2016 1回戦,フェザー級 2回戦,,276,葛西達,ストロングウィル古川,計量結果 :65.6 Kg,,288,SASUKE,MASTER JAPAN,計量結果 :65.8 Kg,sasuke,F1_LOSS_F2_WIN,score 0-3 (overrides opacity if needed),2,,ud,判定 0-3,,
8,2016-03-21,プロフェッショナル修斗公式戦,インターナショナル修斗コミッション認定,,PRO_SHOOTO_MAINLINE,1195,1,新人王決定トーナメント2016 1回戦,フライ級 2回戦,,129,輝龍,roots,計量結果 :56.4 Kg,,119,榎木勇介,TURNING POINT MMA,計量結果 :56.3 Kg,,F1_LOSS_F2_WIN,score 0-1 (overrides opacity if needed),2,,ud,判定 0-1,,
28,2016-02-27,SHOOTO GIG TOKYO Vol.20,インターナショナル修斗コミッション認定,新宿FACE,GIG_UNDERCARD_SERIES,117,9,,ストロー級 3回戦,,27,小堀貴広,総合格闘技ゴンズジム,,,30,澤田龍人,AACC×剛毅會,,,F1_LOSS_F2_WIN,opacity (single fighter dimmed),2,01:20,ko,KO,,
28,2016-02-27,SHOOTO GIG TOKYO Vol.20,インターナショナル修斗コミッション認定,新宿FACE,GIG_UNDERCARD_SERIES,641,8,インフィニティリーグ 2016,フライ級 2回戦,,18,オニボウズ,総合格闘技ゴンズジム,,,102,征矢貴,パラエストラ松戸,,soya-takaki,F1_WIN_F2_LOSS,score 2-0 (overrides opacity if needed),2,,ud,判定 2-0,,
28,2016-02-27,SHOOTO GIG TOKYO Vol.20,インターナショナル修斗コミッション認定,新宿FACE,GIG_UNDERCARD_SERIES,1196,7,,フライ級 3回戦,,106,塙真一,パラエストラ小岩,,,142,内藤頌貴,THE BLACKBELT JAPAN,,,F1_LOSS_F2_WIN,score 0-3 (overrides opacity if needed),3,,ud,判定 0-3,,
28,2016-02-27,SHOOTO GIG TOKYO Vol.20,インターナショナル修斗コミッション認定,新宿FACE,GIG_UNDERCARD_SERIES,847,6,,バンタム級 2回戦,,199,海下DRAGON竜太,パラエストラTB,,,209,金物屋の秀,SHOOTO GYM K'z FACTORY,,,F1_LOSS_F2_WIN,score 0-1 (overrides opacity if needed),2,,ud,判定 0-1,,
28,2016-02-27,SHOOTO GIG TOKYO Vol.20,インターナショナル修斗コミッション認定,新宿FACE,GIG_UNDERCARD_SERIES,809,5,,フライ級 2回戦,,108,ヒートたけし,和術慧舟會船橋道場,,,132,斉藤健史,SHOOTO GYM K'z FACTORY,,,F1_LOSS_F2_WIN,score 0-3 (overrides opacity if needed),2,,ud,判定 0-3,,
28,2016-02-27,SHOOTO GIG TOKYO Vol.20,インターナショナル修斗コミッション認定,新宿FACE,GIG_UNDERCARD_SERIES,838,4,,バンタム級 2回戦,,198,魚井フルスイング,和術慧舟會HEARTS,,,233,山田丑伍郎,修斗GYM東京,,,F1_WIN_F2_LOSS,score 3-0 (overrides opacity if needed),2,,ud,判定 3-0,,
28,2016-02-27,SHOOTO GIG TOKYO Vol.20,インターナショナル修斗コミッション認定,新宿FACE,GIG_UNDERCARD_SERIES,833,3,,バンタム級 2回戦,,232,松下祐介,パラエストラTB,,,194,阿部貴広,トイカツ道場,,,F1_WIN_F2_LOSS,score 3-0 (overrides opacity if needed),2,,ud,判定 3-0,,
28,2016-02-27,SHOOTO GIG TOKYO Vol.20,インターナショナル修斗コミッション認定,新宿FACE,GIG_UNDERCARD_SERIES,1235,2,,,,275,小川将貴,ピロクテテス新潟,,,281,霧狼,パラエストラ小岩,,,F1_WIN_F2_LOSS,opacity (single fighter dimmed),1,02:39,submision,S,スリーパーホールド,
28,2016-02-27,SHOOTO GIG TOKYO Vol.20,インターナショナル修斗コミッション認定,新宿FACE,GIG_UNDERCARD_SERIES,1236,1,,フライ級 2回戦,,130,加藤ケンジ,NeighborHood,,,635,鎌田悠介,ピロクテテス新潟,,,F1_LOSS_F2_WIN,score 0-2 (overrides opacity if needed),2,,ud,判定 0-2,,
29,2016-01-11,プロフェッショナル修斗公式戦,インターナショナル修斗コミッション認定,後楽園ホール,PRO_SHOOTO_MAINLINE,914,7,,フェザー級 5回戦,,5,斎藤裕,パラエストラ小岩,,saito-yutaka,257,中村ジュニア,マッハ道場,,,F1_WIN_F2_LOSS,score 3-0 (overrides opacity if needed),5,,ud,判定 3-0,,
29,2016-01-11,プロフェッショナル修斗公式戦,インターナショナル修斗コミッション認定,後楽園ホール,PRO_SHOOTO_MAINLINE,893,6,,ライト級 3回戦,,3,松本光史,フリー,,,321,AB,和術慧舟會駿河道場,,,F1_WIN_F2_LOSS,opacity (single fighter dimmed),1,03:59,submision,S,スリーパーホールド,
29,2016-01-11,プロフェッショナル修斗公式戦,インターナショナル修斗コミッション認定,後楽園ホール,PRO_SHOOTO_MAINLINE,959,5,,フェザー級 3回戦,,248,高橋遼伍,KRAZY BEE,,,300,仲山貴志,総合格闘技津田沼道場,,,F1_WIN_F2_LOSS,opacity (single fighter dimmed),2,02:27,ko,KO,,
29,2016-01-11,プロフェッショナル修斗公式戦,インターナショナル修斗コミッション認定,後楽園ホール,PRO_SHOOTO_MAINLINE,134,4,,フライ級 2回戦,,28,猿田洋祐,和術慧舟會HEARTS,,,160,六本木洋,総合格闘技道場STF,,,F1_WIN_F2_LOSS,opacity (single fighter dimmed),2,00:18,ko,KO,,
29,2016-01-11,プロフェッショナル修斗公式戦,インターナショナル修斗コミッション認定,後楽園ホール,PRO_SHOOTO_MAINLINE,859,3,,フェザー級 2回戦,,297,高橋孝徳,"リバーサルジム新宿Me,We",,,15,内藤太尊,roots,,,F1_LOSS_F2_WIN,score 0-3 (overrides opacity if needed),2,,ud,判定 0-3,,
29,2016-01-11,プロフェッショナル修斗公式戦,インターナショナル修斗コミッション認定,後楽園ホール,PRO_SHOOTO_MAINLINE,67,2,,ストロー級 2回戦,,25,飯野タテオ,和術慧舟會HEARTS,,,70,武井徳之,讃州四心會,,,F1_WIN_F2_LOSS,opacity (single fighter dimmed),2,01:30,ko,KO,,
29,2016-01-11,プロフェッショナル修斗公式戦,インターナショナル修斗コミッション認定,後楽園ホール,PRO_SHOOTO_MAINLINE,527,1,,ストロー級 2回戦,,84,箕輪ひろば,総合格闘技道場STF,,minowa-hiroba,80,牧ヶ谷篤,和術慧舟會群馬支部,,,F1_WIN_F2_LOSS,opacity (single fighter dimmed),2,01:15,ko,KO,,
33,2015-12-23,BORDER -season7-「The 3rd」,,大阪・コミュニティプラザ平野,BORDER,116,14,,ストロー級 3回戦,,27,小堀貴広,総合格闘技ゴンズジム,,,38,マッチョザバタフライ,総合格闘技道場コブラ会,,,F1_LOSS_F2_WIN,score 0-3 (overrides opacity if needed),3,,ud,判定 0-3,,
33,2015-12-23,BORDER -season7-「The 3rd」,,大阪・コミュニティプラザ平野,BORDER,1254,13,,フェザー級 2回戦,,273,大野虎眼賢良,総合格闘技ゴンズジム,,,290,里本一也,パラエストラ広島,,,F1_LOSS_F2_WIN,score 0-2 (overrides opacity if needed),2,,ud,判定 0-2,,
33,2015-12-23,BORDER -season7-「The 3rd」,,大阪・コミュニティプラザ平野,BORDER,866,12,,フェザー級 2回戦,,295,ダイキライトイヤー,修斗GYM神戸,,,284,虎刃殺獅,NEW GROUND,,,F1_LOSS_F2_WIN,opacity (single fighter dimmed),1,04:30,submision,S,スリーパーホールド,
33,2015-12-23,BORDER -season7-「The 3rd」,,大阪・コミュニティプラザ平野,BORDER,798,11,,フライ級 2回戦,,140,田丸匠,NASCER DO SOL,,,148,悠輝平,パラエストラ愛媛,,,F1_WIN_F2_LOSS,opacity (single fighter dimmed),2,01:35,ko,KO,,
33,2015-12-23,BORDER -season7-「The 3rd」,,大阪・コミュニティプラザ平野,BORDER,379,10,,ストロー級 2回戦,,58,木村拓茉,パラエストラ和泉,,,91,RedPine☆大助,BURST,,,F1_WIN_F2_LOSS,opacity (single fighter dimmed),2,04:58,submision,S,腕ひしぎ十字固め,
33,2015-12-23,BORDER -season7-「The 3rd」,,大阪・コミュニティプラザ平野,BORDER,1292,9,,ウェルター級 2回戦,,390,加藤正憲,C.K STYLES MMA,,,402,ソーキ,NASCER DO SOL,,,F1_LOSS_F2_WIN,opacity (single fighter dimmed),1,03:33,submision,S,アームロック,
33,2015-12-23,BORDER -season7-「The 3rd」,,大阪・コミュニティプラザ平野,BORDER,1294,8,,フライ級 2回戦,,124,亀島聖児,-,,,139,谷口No-K友康,Team FreeStyle,,,F1_WIN_F2_LOSS,opacity (single fighter dimmed),1,03:37,ko,KO,,
33,2015-12-23,BORDER -season7-「The 3rd」,,大阪・コミュニティプラザ平野,BORDER,497,7,,ストロー級 2回戦,,77,樋口サイコパス将吾,修斗GYMS直心会,,,90,吉本少彦名,トリスケリオン柔術アカデミー,,,F1_LOSS_F2_WIN,score 0-2 (overrides opacity if needed),2,,ud,判定 0-2,,
33,2015-12-23,BORDER -season7-「The 3rd」,,大阪・コミュニティプラザ平野,BORDER,1300,6,,フェザー級 2回戦,,274,大森カヲル,SPOK,,,314,山本健斗デリカット,総合格闘技道場コブラ会,,,F1_WIN_F2_LOSS,score 2-1 (overrides opacity if needed),2,,ud,判定 2-1,,
33,2015-12-23,BORDER -season7-「The 3rd」,,大阪・コミュニティプラザ平野,BORDER,380,5,,ストロー級 2回戦,,59,小巻洋平,総合格闘技道場reliable,,,81,蒔田Gandhi伸吾,TKエスペランサ,,,F1_LOSS_F2_WIN,opacity (single fighter dimmed),2,03:34,f,反則失格,,
31,2015-12-20,インフィニティリーグ2015フェザー級最終戦,インターナショナル修斗コミッション認定,新宿FACE,UNCLASSIFIED,1137,10,,バンタム級 2回戦,,169,岡田遼,パラエストラ千葉,,,186,誠,SHOOTO GYM K'z FACTORY,,,F1_WIN_F2_LOSS,score 1-0 (overrides opacity if needed),2,,ud,判定 1-0,,
31,2015-12-20,インフィニティリーグ2015フェザー級最終戦,インターナショナル修斗コミッション認定,新宿FACE,UNCLASSIFIED,1011,9,,バンタム級 2回戦,,208,金海裕輝,総合格闘技道場コブラ会,,,170,小蒼卓也,スカーフィスト,,,F1_LOSS_F2_WIN,opacity (single fighter dimmed),1,02:39,submision,S,スリーパーホールド,
31,2015-12-20,インフィニティリーグ2015フェザー級最終戦,インターナショナル修斗コミッション認定,新宿FACE,UNCLASSIFIED,656,8,,フライ級 3回戦,,96,北原史寛,パラエストラ札幌,,,111,ランボー宏輔,パラエストラ千葉,,,F1_LOSS_F2_WIN,score 0-3 (overrides opacity if needed),3,,ud,判定 0-3,,
31,2015-12-20,インフィニティリーグ2015フェザー級最終戦,インターナショナル修斗コミッション認定,新宿FACE,UNCLASSIFIED,1310,7,,ライト級 2回戦,,364,松嶋こよみ,AACC,,matsushima-koyomi,344,荒川大輔,ベラトレオ,,,F1_WIN_F2_LOSS,opacity (single fighter dimmed),1,00:16,ko,KO,,
31,2015-12-20,インフィニティリーグ2015フェザー級最終戦,インターナショナル修斗コミッション認定,新宿FACE,UNCLASSIFIED,1253,6,,フェザー級 2回戦,,309,摩嶋一整,毛利道場,,majima-kazumasa,315,湯川和弥,シューティングジム横浜,,,F1_WIN_F2_LOSS,opacity (single fighter dimmed),1,03:59,submision,S,腕ひしぎ十字固め,
31,2015-12-20,インフィニティリーグ2015フェザー級最終戦,インターナショナル修斗コミッション認定,新宿FACE,UNCLASSIFIED,853,5,,バンタム級 5回戦,,233,山田丑伍郎,修斗GYM東京,,,229,藤川智史,総合格闘技道場ARMS,,,F1_LOSS_F2_WIN,score 0-3 (overrides opacity if needed),2,,ud,判定 0-3,,
31,2015-12-20,インフィニティリーグ2015フェザー級最終戦,インターナショナル修斗コミッション認定,新宿FACE,UNCLASSIFIED,837,4,,バンタム級 2回戦,,198,魚井フルスイング,和術慧舟會HEARTS,,,209,金物屋の秀,SHOOTO GYM K'z FACTORY,,,F1_LOSS_F2_WIN,score 0-3 (overrides opacity if needed),2,,ud,判定 0-3,,
31,2015-12-20,インフィニティリーグ2015フェザー級最終戦,インターナショナル修斗コミッション認定,新宿FACE,UNCLASSIFIED,1194,3,,フライ級 2回戦,,129,輝龍,roots,,,142,内藤頌貴,THE BLACKBELT JAPAN,,,F1_LOSS_F2_WIN,opacity (single fighter dimmed),1,01:21,ko,KO,,
31,2015-12-20,インフィニティリーグ2015フェザー級最終戦,インターナショナル修斗コミッション認定,新宿FACE,UNCLASSIFIED,846,2,,バンタム級 2回戦,,199,海下DRAGON竜太,パラエストラTB,,,214,齋藤翼,総合格闘技道場津田沼道場/FIGHT FARM,,,F1_WIN_F2_LOSS,score 3-0 (overrides opacity if needed),2,,ud,判定 3-0,,
31,2015-12-20,インフィニティリーグ2015フェザー級最終戦,インターナショナル修斗コミッション認定,新宿FACE,UNCLASSIFIED,348,1,,ストロー級 2回戦,,51,楳沢智治,AACC×SPIDER,,,64,宍野ジョー,トイカツ道場,,,F1_WIN_F2_LOSS,score 3-0 (overrides opacity if needed),2,,ud,判定 3-0,,
17,2015-10-03,VTJ in OKINAWA,,,VTJ;OKINAWA_REGIONAL,2314,9,,,5分3R,187,松根良太,Theパラエストラ沖縄,,,904,カナハヤット,チームクエスト・タイ,,,F1_WIN_F2_LOSS,opacity (single fighter dimmed),1,03:30,submision,S,腕ひしぎ十字固め,
17,2015-10-03,VTJ in OKINAWA,,,VTJ;OKINAWA_REGIONAL,2313,8,,,5分3R,948,ミノワマン,フリー,,,949,ザットガイ,天下一道場沖縄,,,F1_LOSS_F2_WIN,score 0-3 (overrides opacity if needed),3,,ud,判定 0-3,,
17,2015-10-03,VTJ in OKINAWA,,,VTJ;OKINAWA_REGIONAL,2312,7,,,5分3R,107,BJ,ワイルドシーサー沖縄,,,137,曹竜也,闘心,,,F1_WIN_F2_LOSS,score 2-1 (overrides opacity if needed),3,,ud,判定 2-1,,
17,2015-10-03,VTJ in OKINAWA,,,VTJ;OKINAWA_REGIONAL,2311,6,,,5分3R,853,祖根寿麻,ZOOMER,,,950,伊禮真也,和術慧舟會HEARTS,,,F1_LOSS_F2_WIN,score 1-2 (overrides opacity if needed),3,,ud,判定 1-2,,
17,2015-10-03,VTJ in OKINAWA,,,VTJ;OKINAWA_REGIONAL,2310,5,,,5分3R,951,安谷屋智弘,闘心,,,22,黒澤亮平,パラエストラ松戸,,,F1_LOSS_F2_WIN,score 0-2 (overrides opacity if needed),3,,ud,判定 0-2,,
17,2015-10-03,VTJ in OKINAWA,,,VTJ;OKINAWA_REGIONAL,2309,4,,,5分2R,952,Kイチロー,Good Sun,,,16,美木航,NATURAL 9,,,F1_LOSS_F2_WIN,opacity (single fighter dimmed),1,02:56,tko,TKO,,
17,2015-10-03,VTJ in OKINAWA,,,VTJ;OKINAWA_REGIONAL,2308,3,,,5分2R,953,BAGGIO,Theパラエストラ沖縄,,,574,鷹亜希,修斗GYMS直心会,,,F1_LOSS_F2_WIN,opacity (single fighter dimmed),1,01:13,ko,KO,,
17,2015-10-03,VTJ in OKINAWA,,,VTJ;OKINAWA_REGIONAL,2307,2,,,5分2R,954,イケザ・ビーストクリス,reversalGYM OKINAWA CROSS×LINE,,,334,武田飛翔,Trister Gym,,,F1_LOSS_F2_WIN,score 0-1 (overrides opacity if needed),2,,ud,判定 0-1,,
17,2015-10-03,VTJ in OKINAWA,,,VTJ;OKINAWA_REGIONAL,2306,1,,,5分2R,955,宮城友一,キックボクシングDROP,,,956,ぐっさん,Good Sun,,,F1_WIN_F2_LOSS,opacity (single fighter dimmed),2,01:19,submision,S,リアネイキッドチョーク,
16,2015-09-13,VTJ 7th,,舞浜アンフィシアター,VTJ,2294,11,,,5分3R,1,菅原雅顕,四街道スポーツジム,,,100,清水清隆,TRIBE TOKYO M.M.A,,,F1_WIN_F2_LOSS,score 2-1 (overrides opacity if needed),3,,ud,判定 2-1,,
16,2015-09-13,VTJ 7th,,舞浜アンフィシアター,VTJ,2293,10,,,5分3R,11,前田吉朗,パンクラス大阪稲垣組,,,102,征矢貴,パラエストラ松戸,,soya-takaki,F1_WIN_F2_LOSS,score 3-0 (overrides opacity if needed),3,,ud,判定 3-0,,
16,2015-09-13,VTJ 7th,,舞浜アンフィシアター,VTJ,2292,9,,,5分3R,176,佐藤将光,坂口道場一族,,sato-shoko,195,安藤達也,フリー,,ando-tatsuya,F1_WIN_F2_LOSS,score 2-1 (overrides opacity if needed),3,,ud,判定 2-1,,
16,2015-09-13,VTJ 7th,,舞浜アンフィシアター,VTJ,2291,8,,,5分3R,939,中村大介,夕月堂本舗,,nakamura-daisuke,4,川名TENCHO雄生,Y&K MMA ACADEMY,,,F1_LOSS_F2_WIN,opacity (single fighter dimmed),3,02:26,ko,KO,,
16,2015-09-13,VTJ 7th,,舞浜アンフィシアター,VTJ,2290,7,,,5分2R,940,中村優作,TEAM FAUST,,nakamura-yusaku,941,グォンサンス,GAON GYM,,,F1_WIN_F2_LOSS,opacity (single fighter dimmed),2,00:36,ko,KO,,
16,2015-09-13,VTJ 7th,,舞浜アンフィシアター,VTJ,2289,6,,,5分2R,179,竹中大地,パラエストラ和泉,,,643,ジョンチュンイル,全州チームシュプレース,,,F1_WIN_F2_LOSS,opacity (single fighter dimmed),1,02:16,submision,S,リアネイキッドチョーク,
16,2015-09-13,VTJ 7th,,舞浜アンフィシアター,VTJ,2288,5,,,5分2R,15,内藤太尊,roots,,,942,ユンミンウク,KOREAN TOP TEAM,,,F1_WIN_F2_LOSS,opacity (single fighter dimmed),2,00:54,ko,KO,,
16,2015-09-13,VTJ 7th,,舞浜アンフィシアター,VTJ,2282,4,,,5分3R,678,福本よう一,頂柔術,,,363,星野大介,総合格闘技津田沼道場,,,F1_WIN_F2_LOSS,score 3-0 (overrides opacity if needed),3,,ud,判定 3-0,,
16,2015-09-13,VTJ 7th,,舞浜アンフィシアター,VTJ,2281,3,,,5分2R,310,三上譲治,修斗GYM東京,,,564,木村孔明,パラエストラTB,,,F1_WIN_F2_LOSS,opacity (single fighter dimmed),1,04:46,submision,S,リアネイキッドチョーク,
16,2015-09-13,VTJ 7th,,舞浜アンフィシアター,VTJ,2280,2,,,3分3R,157,水野稜,roots,,,943,田村淳,拳心會,,,DRAW,score tied 1-1,3,,ud,判定 1-1,,
16,2015-09-13,VTJ 7th,,舞浜アンフィシアター,VTJ,2279,1,,,3分3R,944,玉田育子,AACC,,,919,浅倉カンナ,パラエストラ松戸,,,F1_LOSS_F2_WIN,score 0-3 (overrides opacity if needed),3,,ud,判定 0-3,,
18,2015-06-21,VTJ in OSAKA,,BODYMAKERコロシアム（大阪府立体育館）第二競技場,VTJ,2325,11,,,5分3R,11,前田吉朗,パンクラス大阪稲垣組,,,112,渡辺健太郎,直心会生野道場TK68,,,F1_WIN_F2_LOSS,score 3-0 (overrides opacity if needed),3,,ud,判定 3-0,,
18,2015-06-21,VTJ in OSAKA,,BODYMAKERコロシアム（大阪府立体育館）第二競技場,VTJ,2324,10,,,5分3R,940,中村優作,TEAM FAUST,,nakamura-yusaku,904,カナハヤット,チームクエスト・タイ,,,F1_WIN_F2_LOSS,opacity (single fighter dimmed),2,02:22,ko,KO,,
18,2015-06-21,VTJ in OSAKA,,BODYMAKERコロシアム（大阪府立体育館）第二競技場,VTJ,2323,9,,,5分3R,100,清水清隆,TRIBE TOKYO M.M.A,,,125,春日井健士,志村道場,,,F1_LOSS_F2_WIN,score 1-2 (overrides opacity if needed),3,,ud,判定 1-2,,
18,2015-06-21,VTJ in OSAKA,,BODYMAKERコロシアム（大阪府立体育館）第二競技場,VTJ,2322,8,,,5分3R,963,手塚基伸,総合格闘技道場コブラ会,,,964,遠藤大翼,和術慧舟會駿河道場,,,F1_LOSS_F2_WIN,score 1-2 (overrides opacity if needed),3,,ud,判定 1-2,,
18,2015-06-21,VTJ in OSAKA,,BODYMAKERコロシアム（大阪府立体育館）第二競技場,VTJ,2321,7,,,5分3R,179,竹中大地,パラエストラ和泉,,,570,土肥聖帝潤,MIBURO,,,F1_WIN_F2_LOSS,opacity (single fighter dimmed),2,04:09,ko,KO,,
18,2015-06-21,VTJ in OSAKA,,BODYMAKERコロシアム（大阪府立体育館）第二競技場,VTJ,2320,6,,,5分2R,853,祖根寿麻,ZOOMER,,,962,金太郎,パンクラス大阪稲垣組,,kintaro,F1_WIN_F2_LOSS,opacity (single fighter dimmed),1,03:52,ko,KO,,
18,2015-06-21,VTJ in OSAKA,,BODYMAKERコロシアム（大阪府立体育館）第二競技場,VTJ,2319,5,,,5分2R,295,ダイキライトイヤー,修斗GYM神戸,,,574,鷹亜希,修斗GYMS直心会,,,F1_WIN_F2_LOSS,opacity (single fighter dimmed),1,02:34,submision,S,リアネイキッドチョーク,
18,2015-06-21,VTJ in OSAKA,,BODYMAKERコロシアム（大阪府立体育館）第二競技場,VTJ,2318,4,,,3分3R,961,山口友花里,空手道白心会,,,920,ヒヤマNFC,NFC,,,F1_WIN_F2_LOSS,opacity (single fighter dimmed),1,01:22,submision,S,リアネイキッドチョーク,
18,2015-06-21,VTJ in OSAKA,,BODYMAKERコロシアム（大阪府立体育館）第二競技場,VTJ,2317,3,,,3分3R,919,浅倉カンナ,パラエストラ松戸,,,960,古澤みゆき,BURST,,,F1_WIN_F2_LOSS,opacity (single fighter dimmed),2,02:17,submision,S,リアネイキッドチョーク,
18,2015-06-21,VTJ in OSAKA,,BODYMAKERコロシアム（大阪府立体育館）第二競技場,VTJ,2316,2,,,3分3R,958,若松佑弥,TRIBE TOKYO M.M.A,,yuya-wakamatsu,959,関口祐冬,修斗GYM東京,,,F1_LOSS_F2_WIN,opacity (single fighter dimmed),1,02:43,submision,S,腕ひしぎ十字固め,
18,2015-06-21,VTJ in OSAKA,,BODYMAKERコロシアム（大阪府立体育館）第二競技場,VTJ,2315,1,,,3分3R,573,村田崇,修斗GYMS直心会,,,957,堂土美来,シューティングジム大阪,,,F1_WIN_F2_LOSS,opacity (single fighter dimmed),1,00:13,ko,KO,,
21,2014-10-04,VTJ 6th,,大田区総合体育館,VTJ,2346,13,,,5分5R,2,扇久保博正,パラエストラ松戸,,ougikubo-hiromasa,971,シーザースクラヴォス,TEAM SKLAVOS,,,F1_WIN_F2_LOSS,score 3-0 (overrides opacity if needed),5,,ud,判定 3-0,,
21,2014-10-04,VTJ 6th,,大田区総合体育館,VTJ,2345,12,,,5分3R,266,リオン武,ライジングサン,,,965,ISAO,坂口道場一族,,isao,F1_LOSS_F2_WIN,score 0-3 (overrides opacity if needed),3,,ud,判定 0-3,,
21,2014-10-04,VTJ 6th,,大田区総合体育館,VTJ,2344,11,,,5分3R,249,髙谷裕之,EXFIGHTFARM,,,248,高橋遼伍,KRAZY BEE,,,F1_WIN_F2_LOSS,opacity (single fighter dimmed),2,00:38,ko,KO,,
21,2014-10-04,VTJ 6th,,大田区総合体育館,VTJ,2343,10,,,5分3R,8,宇野薫,UNO DOJO,,uno-caol,647,ラージャシッペン,REIGN MMA,,,F1_WIN_F2_LOSS,opacity (single fighter dimmed),2,04:33,submision,S,リアネイキッドチョーク,
21,2014-10-04,VTJ 6th,,大田区総合体育館,VTJ,2342,9,,,5分3R,338,弘中邦佳,MASTER JAPAN,,,973,キムドンヒョン,TEAM M.A.D,,,F1_WIN_F2_LOSS,opacity (single fighter dimmed),2,02:23,submision,S,肩固め,
21,2014-10-04,VTJ 6th,,大田区総合体育館,VTJ,2341,8,,,5分3R,109,マモル,STGY,,,28,猿田洋祐,和術慧舟會HEARTS,,,F1_WIN_F2_LOSS,opacity (single fighter dimmed),2,00:25,tko,TKO,,
21,2014-10-04,VTJ 6th,,大田区総合体育館,VTJ,2340,7,,,5分3R,171,小野島恒太,Combat Workout Diamonds,,,176,佐藤将光,坂口道場一族,,sato-shoko,F1_LOSS_F2_WIN,opacity (single fighter dimmed),1,03:05,ko,KO,,
21,2014-10-04,VTJ 6th,,大田区総合体育館,VTJ,2339,6,,,5分3R,974,鈴木隼人,BRAVE,,,149,福田龍彌,MIBURO,,fukuda-ryuya,F1_WIN_F2_LOSS,score 3-0 (overrides opacity if needed),3,,ud,判定 3-0,,
21,2014-10-04,VTJ 6th,,大田区総合体育館,VTJ,2338,5,,,5分2R,240,大澤茂樹,ハニートラップ,,,310,三上譲治,修斗GYM東京,,,F1_LOSS_F2_WIN,opacity (single fighter dimmed),1,02:01,ko,KO,,
21,2014-10-04,VTJ 6th,,大田区総合体育館,VTJ,2337,4,,,5分2R,975,沼尻和之,マッハ道場,,,976,大原樹里,KIBAマーシャルアーツクラブ,,,F1_LOSS_F2_WIN,opacity (single fighter dimmed),2,02:07,tko,TKO,,
21,2014-10-04,VTJ 6th,,大田区総合体育館,VTJ,2336,3,,,3分3R,15,内藤太尊,roots,,,977,林RICE陽太,パラエストラ東大阪,,,F1_WIN_F2_LOSS,score 3-0 (overrides opacity if needed),3,,ud,判定 3-0,,
21,2014-10-04,VTJ 6th,,大田区総合体育館,VTJ,2335,2,,,3分3R,305,平川智也,マスタージャパン,,,278,金子大輝,リバーサルジム川口REDIPS,,,F1_WIN_F2_LOSS,score 3-0 (overrides opacity if needed),3,,ud,判定 3-0,,
21,2014-10-04,VTJ 6th,,大田区総合体育館,VTJ,2334,1,,,3分3R,978,NACHI,ERUPT,,,919,浅倉カンナ,パラエストラ松戸,,,F1_LOSS_F2_WIN,score 0-3 (overrides opacity if needed),3,,ud,判定 0-3,,
22,2014-06-28,VTJ 5th,,BODYMAKERコロシアム第2競技場,VTJ,2355,8,,,5分3R,162,石原夜叉坊,Team Alpha male Japan,,,979,ジョジュンファン,ジュンシムジム,,,F1_WIN_F2_LOSS,opacity (single fighter dimmed),2,03:24,ko,KO,,
22,2014-06-28,VTJ 5th,,BODYMAKERコロシアム第2競技場,VTJ,2354,7,,,5分3R,110,神酒龍一,CAVE,,,971,シーザースクラヴォス,TEAM SKLAVOS,,,F1_LOSS_F2_WIN,score 0-3 (overrides opacity if needed),3,,ud,判定 0-3,,
22,2014-06-28,VTJ 5th,,BODYMAKERコロシアム第2競技場,VTJ,2353,6,,,5分3R,2,扇久保博正,パラエストラ松戸,,ougikubo-hiromasa,904,カナハヤット,チームクエスト・タイ,,,F1_WIN_F2_LOSS,opacity (single fighter dimmed),1,01:20,submision,S,リアネイキッド・チョーク,
22,2014-06-28,VTJ 5th,,BODYMAKERコロシアム第2競技場,VTJ,2352,5,,,5分3R,333,タクミ,パレストラ大阪,,,16,美木航,NATURAL 9,,,F1_WIN_F2_LOSS,opacity (single fighter dimmed),2,02:28,submision,S,リアネイキッド・チョーク,
22,2014-06-28,VTJ 5th,,BODYMAKERコロシアム第2競技場,VTJ,2351,4,,,5分3R,191,山本賢治,修斗GYM東京,,,940,中村優作,TEAM FAUST,,nakamura-yusaku,F1_LOSS_F2_WIN,score 1-2 (overrides opacity if needed),3,,ud,判定 1-2,,
22,2014-06-28,VTJ 5th,,BODYMAKERコロシアム第2競技場,VTJ,2350,3,,,3分3R,98,KODO,修斗GYM神戸,,,981,伊是名秀宣,チーム・ソフトコンタクト,,,F1_WIN_F2_LOSS,opacity (single fighter dimmed),3,02:25,submision,S,ギロチンチョーク,
22,2014-06-28,VTJ 5th,,BODYMAKERコロシアム第2競技場,VTJ,2349,2,,,3分3R,292,ジャックナイフツネオ,シューティングジム大阪,,,309,摩嶋一整,毛利道場,,majima-kazumasa,F1_WIN_F2_LOSS,score 2-1 (overrides opacity if needed),3,,ud,判定 2-1,,
22,2014-06-28,VTJ 5th,,BODYMAKERコロシアム第2競技場,VTJ,2348,1,,,3分3R,296,高野明,MMA修斗ジムBLOWS,,,574,鷹亜希,修斗GYMS直心会,,,F1_WIN_F2_LOSS,opacity (single fighter dimmed),2,00:01,tko,TKO,,
23,2014-02-23,VTJ 4th,,大田区総合体育館,VTJ,2368,13,,,5分3R,249,髙谷裕之,EXFIGHTFARM,,,982,内村洋次郎,イングラム,,,F1_WIN_F2_LOSS,opacity (single fighter dimmed),1,01:27,ko,KO,,
23,2014-02-23,VTJ 4th,,大田区総合体育館,VTJ,2367,12,,,5分3R,8,宇野薫,UNO DOJO,,uno-caol,983,ジェシーブロック,TWISTED GENETIKS,,,F1_WIN_F2_LOSS,score 3-0 (overrides opacity if needed),3,,ud,判定 3-0,,
23,2014-02-23,VTJ 4th,,大田区総合体育館,VTJ,2366,11,,,5分3R,329,児山佳宏,THE BLACKBELT JAPAN,,,984,小谷直之,ロデオスタイル,,,F1_LOSS_F2_WIN,score 0-3 (overrides opacity if needed),3,,ud,判定 0-3,,
23,2014-02-23,VTJ 4th,,大田区総合体育館,VTJ,2365,10,,,5分3R,110,神酒龍一,CAVE,,,11,前田吉朗,パンクラス大阪稲垣組,,,F1_WIN_F2_LOSS,score 3-0 (overrides opacity if needed),3,,ud,判定 3-0,,
23,2014-02-23,VTJ 4th,,大田区総合体育館,VTJ,2364,9,,,5分3R,109,マモル,STGY,,,971,シーザースクラヴォス,TEAM SKLAVOS,,,F1_LOSS_F2_WIN,opacity (single fighter dimmed),1,01:28,submision,S,リアネイキッド・チョーク,
23,2014-02-23,VTJ 4th,,大田区総合体育館,VTJ,2363,8,,,5分3R,2,扇久保博正,パラエストラ松戸,,ougikubo-hiromasa,125,春日井健士,志村道場,,,F1_WIN_F2_LOSS,score 2-0 (overrides opacity if needed),3,,ud,判定 2-0,,
23,2014-02-23,VTJ 4th,,大田区総合体育館,VTJ,2362,7,,,5分3R,904,カナハヤット,チームクエスト・タイ,,,985,フレディアルティーガ,TWISTED GENETIKS,,,F1_WIN_F2_LOSS,score 3-0 (overrides opacity if needed),3,,ud,判定 3-0,,
23,2014-02-23,VTJ 4th,,大田区総合体育館,VTJ,2361,6,,,5分3R,16,美木航,NATURAL 9,,,986,キムジェウォン,EXTREAM COMBAT TEAM,,,F1_LOSS_F2_WIN,score 0-3 (overrides opacity if needed),3,,ud,判定 0-3,,
23,2014-02-23,VTJ 4th,,大田区総合体育館,VTJ,2360,5,,,5分3R,987,宇良健吾,イングラム,,,363,星野大介,総合格闘技津田沼道場,,,F1_WIN_F2_LOSS,score 2-1 (overrides opacity if needed),3,,ud,判定 2-1,,
23,2014-02-23,VTJ 4th,,大田区総合体育館,VTJ,2359,4,,,5分3R,175,佐々木憂流迦,和術慧舟會駿河道場,,,162,石原夜叉坊,Team Alpha male Japan,,,F1_WIN_F2_LOSS,opacity (single fighter dimmed),2,01:46,submision,S,リアネイキッド・チョーク,
23,2014-02-23,VTJ 4th,,大田区総合体育館,VTJ,2358,3,,,3分3R,39,室伏カツヤ,roots,,,981,伊是名秀宣,チーム・ソフトコンタクト,,,F1_WIN_F2_LOSS,score 3-0 (overrides opacity if needed),3,,ud,判定 3-0,,
23,2014-02-23,VTJ 4th,,大田区総合体育館,VTJ,2357,2,,,3分3R,310,三上譲治,修斗GYM東京,,,988,奥津和志,マッハ道場,,,F1_WIN_F2_LOSS,score 3-0 (overrides opacity if needed),3,,ud,判定 3-0,,
23,2014-02-23,VTJ 4th,,大田区総合体育館,VTJ,2356,1,,,3分3R,405,チョモランマ１／２,総斗會三村道場,,,989,鈴木JAPAN,AACC,,,F1_LOSS_F2_WIN,score 0-1 (overrides opacity if needed),3,,ud,判定 0-1,,
24,2013-10-05,VTJ 3rd,,大田区総合体育館,VTJ,2380,12,,,5分3R,434,藤井惠,AACC,,,990,ジェシカアギラー,アメリカントップチーム,,,F1_LOSS_F2_WIN,opacity (single fighter dimmed),2,,technical-ud,テクニカル判定,,
24,2013-10-05,VTJ 3rd,,大田区総合体育館,VTJ,2379,11,,,5分3R,8,宇野薫,UNO DOJO,,uno-caol,991,ダニエルロメロ,チーム・アルファメール,,,F1_WIN_F2_LOSS,opacity (single fighter dimmed),2,02:25,submision,S,ネックロック,
24,2013-10-05,VTJ 3rd,,大田区総合体育館,VTJ,2378,10,,,5分3R,992,所英男,リバーサルジム武蔵小杉所プラス,,tokoro-hideo,993,ウィルカンプザーノ,MOHLER MMA,,,F1_LOSS_F2_WIN,score 1-2 (overrides opacity if needed),3,,ud,判定 1-2,,
24,2013-10-05,VTJ 3rd,,大田区総合体育館,VTJ,2377,9,,,5分3R,266,リオン武,ライジングサン,,,263,矢地祐介,KRAZY BEE,,yachi-yusuke,F1_LOSS_F2_WIN,score 0-3 (overrides opacity if needed),3,,ud,判定 0-3,,
24,2013-10-05,VTJ 3rd,,大田区総合体育館,VTJ,2376,8,,,5分3R,175,佐々木憂流迦,和術慧舟會駿河道場,,,994,パクグンド,グレイシーバッハコリア,,,F1_WIN_F2_LOSS,opacity (single fighter dimmed),1,01:36,submision,S,リアネイキッド・チョーク,
24,2013-10-05,VTJ 3rd,,大田区総合体育館,VTJ,2375,7,,,5分3R,984,小谷直之,ロデオスタイル,,,363,星野大介,総合格闘技津田沼道場,,,F1_WIN_F2_LOSS,opacity (single fighter dimmed),1,03:57,submision,S,腕ひしぎ十字固め,
24,2013-10-05,VTJ 3rd,,大田区総合体育館,VTJ,2374,6,,,5分3R,963,手塚基伸,総合格闘技道場コブラ会,,,183,根津優太,&MOSH,,,F1_LOSS_F2_WIN,score 0-3 (overrides opacity if needed),3,,ud,判定 0-3,,
24,2013-10-05,VTJ 3rd,,大田区総合体育館,VTJ,2373,5,,,5分3R,258,西浦ウィッキー聡生,KRAZY BEE,,,240,大澤茂樹,ハニートラップ,,,F1_WIN_F2_LOSS,score 2-1 (overrides opacity if needed),3,,ud,判定 2-1,,
24,2013-10-05,VTJ 3rd,,大田区総合体育館,VTJ,2372,4,,,5分3R,987,宇良健吾,イングラム,,,3,松本光史,フリー,,,F1_LOSS_F2_WIN,score 0-3 (overrides opacity if needed),3,,ud,判定 0-3,,
24,2013-10-05,VTJ 3rd,,大田区総合体育館,VTJ,2371,3,,,3分3R,30,澤田龍人,AACC×剛毅會,,,69,高橋弘幸,SAI-GYM,,,F1_WIN_F2_LOSS,score 3-0 (overrides opacity if needed),3,,ud,判定 3-0,,
24,2013-10-05,VTJ 3rd,,大田区総合体育館,VTJ,2370,2,,,3分3R,121,梶川卓,スカーフィスト,,,995,伊藤盛一郎,リバーサルジム横浜グランドスラム,,seiichiro-ito,F1_LOSS_F2_WIN,opacity (single fighter dimmed),1,01:35,submision,S,腕ひしぎ十字固め,
24,2013-10-05,VTJ 3rd,,大田区総合体育館,VTJ,2369,1,,,3分3R,977,林RICE陽太,パラエストラ東大阪,,,996,倉金祐二,パラエストラ千葉,,,F1_WIN_F2_LOSS,opacity (single fighter dimmed),2,02:18,ko,KO,,
25,2013-06-22,VTJ 2nd,,TDCホール,VTJ,2391,11,,,5分5R,185,堀口恭司,KRAZY BEE,,horiguchi-kyoji,239,石渡伸太郎,CAVE,,,F1_WIN_F2_LOSS,opacity (single fighter dimmed),5,00:41,tko,TKO,,
25,2013-06-22,VTJ 2nd,,TDCホール,VTJ,2390,10,,,5分3R,249,髙谷裕之,EXFIGHTFARM,,,991,ダニエルロメロ,チーム・アルファメール,,,F1_LOSS_F2_WIN,opacity (single fighter dimmed),1,03:21,ko,KO,,
25,2013-06-22,VTJ 2nd,,TDCホール,VTJ,2389,9,,,5分3R,992,所英男,リバーサルジム武蔵小杉所プラス,,tokoro-hideo,997,テイラーマコーストン,FTCC,,,F1_WIN_F2_LOSS,opacity (single fighter dimmed),2,01:34,submision,S,ヒールホールド,
25,2013-06-22,VTJ 2nd,,TDCホール,VTJ,2388,8,,,5分3R,8,宇野薫,UNO DOJO,,uno-caol,998,アンソニーアヴィラ,チーム・アルファメール,,,F1_WIN_F2_LOSS,opacity (single fighter dimmed),3,01:53,submision,S,リアネイキッド・チョーク,
25,2013-06-22,VTJ 2nd,,TDCホール,VTJ,2387,7,,,5分3R,109,マモル,STGY,,,41,山上幹臣,総合格闘技道場STF,,,F1_LOSS_F2_WIN,score 0-2 (overrides opacity if needed),3,,ud,判定 0-2,,
25,2013-06-22,VTJ 2nd,,TDCホール,VTJ,2386,6,,,5分3R,258,西浦ウィッキー聡生,KRAZY BEE,,,183,根津優太,&MOSH,,,F1_LOSS_F2_WIN,score 0-3 (overrides opacity if needed),3,,ud,判定 0-3,,
25,2013-06-22,VTJ 2nd,,TDCホール,VTJ,2385,5,,,5分3R,162,石原夜叉坊,Team Alpha male Japan,,,999,森興二,クロスワンジム湘南,,,F1_WIN_F2_LOSS,opacity (single fighter dimmed),1,02:12,ko,KO,,
25,2013-06-22,VTJ 2nd,,TDCホール,VTJ,2384,4,,,3分3R,1000,ガブリエルゾボラビー,GRABAKAジム,,,1001,ルーカスタニ,Ts team impacto bjj,,,F1_WIN_F2_LOSS,score 3-0 (overrides opacity if needed),3,,ud,判定 3-0,,
25,2013-06-22,VTJ 2nd,,TDCホール,VTJ,2383,3,,,3分3R,1002,渡部修斗,NEXUSENSE,,,1003,久保慎太郎,GRAACA MMA 釜石ベース,,,F1_WIN_F2_LOSS,score 3-0 (overrides opacity if needed),3,,ud,判定 3-0,,
25,2013-06-22,VTJ 2nd,,TDCホール,VTJ,2382,2,,,3分3R,4,川名TENCHO雄生,Y&K MMA ACADEMY,,,354,菅原和政,MASTER JAPAN FUKUOKA,,,F1_WIN_F2_LOSS,score 3-0 (overrides opacity if needed),3,,ud,判定 3-0,,
25,2013-06-22,VTJ 2nd,,TDCホール,VTJ,2381,1,,,3分3R,64,宍野ジョー,トイカツ道場,,,30,澤田龍人,AACC×剛毅會,,,F1_LOSS_F2_WIN,opacity (single fighter dimmed),3,02:36,submision,S,腕ひしぎ十字固め,
26,2012-12-24,VTJ 1st,,国立代々木競技場第２体育館,VTJ,2399,8,,,5分3R,245,佐藤ルミナ,roots,,,992,所英男,リバーサルジム武蔵小杉所プラス,,tokoro-hideo,F1_LOSS_F2_WIN,opacity (single fighter dimmed),1,00:39,ko,KO,,
26,2012-12-24,VTJ 1st,,国立代々木競技場第２体育館,VTJ,2398,7,,,5分3R,338,弘中邦佳,MASTER JAPAN,,,1004,カーロプラター,THGJITSU,,,F1_WIN_F2_LOSS,score 3-0 (overrides opacity if needed),3,,ud,判定 3-0,,
26,2012-12-24,VTJ 1st,,国立代々木競技場第２体育館,VTJ,2397,6,,,5分3R,109,マモル,STGY,,,1005,ダレルモナヒュー,ミレニアMMA,,,F1_LOSS_F2_WIN,score 1-2 (overrides opacity if needed),3,,ud,判定 1-2,,
26,2012-12-24,VTJ 1st,,国立代々木競技場第２体育館,VTJ,2396,5,,,5分3R,185,堀口恭司,KRAZY BEE,,horiguchi-kyoji,1006,イアンラブランド,SPORTS LAB,,,F1_WIN_F2_LOSS,score 3-0 (overrides opacity if needed),3,,ud,判定 3-0,,
26,2012-12-24,VTJ 1st,,国立代々木競技場第２体育館,VTJ,2395,4,,,5分2R,434,藤井惠,AACC,,,1007,V.V.MEI,フリー,,,F1_WIN_F2_LOSS,score 3-0 (overrides opacity if needed),2,,ud,判定 3-0,,
26,2012-12-24,VTJ 1st,,国立代々木競技場第２体育館,VTJ,2394,3,,,5分3R,266,リオン武,ライジングサン,,,167,大沢ケンジ,和術慧舟會HEARTS,,,F1_LOSS_F2_WIN,score 0-3 (overrides opacity if needed),3,,ud,判定 0-3,,
26,2012-12-24,VTJ 1st,,国立代々木競技場第２体育館,VTJ,2393,2,,,5分3R,377,中村K太郎,和術慧舟會K太郎道場,,,1008,鈴木信達,フリー,,,F1_WIN_F2_LOSS,opacity (single fighter dimmed),1,02:03,submision,S,リアネイキッド・チョーク,
26,2012-12-24,VTJ 1st,,国立代々木競技場第２体育館,VTJ,2392,1,,,5分3R,363,星野大介,総合格闘技津田沼道場,,,1009,クンタップジャレンチャイソムチャイ,ムエタイワールドジム,,,F1_WIN_F2_LOSS,opacity (single fighter dimmed),1,02:19,submision,S,腕ひしぎ十字固め,
