shooto_fighter_id,name_kanji,name_romaji,gym,weight_class_label,last_result_date,source_url,url_contains_romaji,slug_candidate_from_romaji_TABLE_TEXT_NOT_URL,mnews_fighters_ts_match_via_findFighterSlugByName,is_required_60_missing,is_required_19_listed
9,ジェイソン ブリッツ チルダーズ,Jason Childers,BULLPEN MUAYTHAI,フェザー級 [ -65.8 Kg ],,https://www.shooto-mma.com/fighters/?id=9,"NO (numeric id only, confirmed across all 27 weight-class listing pages + all=1 full listing; consistent with PR #234)",jason-childers,,,
1675,大貫 吏翔,RITO OONUKI,心技館,キッズ・ジュニア修斗,2024-03-23,https://www.shooto-mma.com/fighters/?id=1675,"NO (numeric id only, confirmed across all 27 weight-class listing pages + all=1 full listing; consistent with PR #234)",rito-oonuki,,,
1634,岡見 勇信,YUSHIN OKAMI,EXFIGHT,ミドル級 [ -83.9 Kg ],2024-11-30,https://www.shooto-mma.com/fighters/?id=1634,"NO (numeric id only, confirmed across all 27 weight-class listing pages + all=1 full listing; consistent with PR #234)",yushin-okami,,,
1676,佐久間 丈,JO SAKUMA,フォーランバス,キッズ・ジュニア修斗,2026-06-01,https://www.shooto-mma.com/fighters/?id=1676,"NO (numeric id only, confirmed across all 27 weight-class listing pages + all=1 full listing; consistent with PR #234)",jo-sakuma,,,
1081,Jセロウ 若林,J SEROU WAKABAYASHI,SAI-GYM,バンタム級 [ -61.2 Kg ],2023-11-19,https://www.shooto-mma.com/fighters/?id=1081,"NO (numeric id only, confirmed across all 27 weight-class listing pages + all=1 full listing; consistent with PR #234)",j-serou-wakabayashi,,,
1792,山﨑 龍青,,MMA＆BJJ BLOWS,バンタム級 [ -61.2 Kg ]A,2025-04-13,https://www.shooto-mma.com/fighters/?id=1792,"NO (numeric id only, confirmed across all 27 weight-class listing pages + all=1 full listing; consistent with PR #234)",,,,
2049,高井 悠人,,MMA RANGERS GYM,A,2026-06-28,https://www.shooto-mma.com/fighters/?id=2049,"NO (numeric id only, confirmed across all 27 weight-class listing pages + all=1 full listing; consistent with PR #234)",,,,
2050,脇 輝男,,MASTER JAPAN YAMAGUCHI UBE,A,2026-06-28,https://www.shooto-mma.com/fighters/?id=2050,"NO (numeric id only, confirmed across all 27 weight-class listing pages + all=1 full listing; consistent with PR #234)",,,,
2051,真 生,,MMA RANGERS GYM,A,2026-06-28,https://www.shooto-mma.com/fighters/?id=2051,"NO (numeric id only, confirmed across all 27 weight-class listing pages + all=1 full listing; consistent with PR #234)",,,,
1798,翔べ！ ゆうすけ！,,マスタージャパン,フェザー級 [ -65.8 Kg ]A,2026-06-01,https://www.shooto-mma.com/fighters/?id=1798,"NO (numeric id only, confirmed across all 27 weight-class listing pages + all=1 full listing; consistent with PR #234)",,,,
1799,吉田 琉一郎,,THE BLACKBELT JAPAN,バンタム級 [ -61.2 Kg ]A,2025-04-20,https://www.shooto-mma.com/fighters/?id=1799,"NO (numeric id only, confirmed across all 27 weight-class listing pages + all=1 full listing; consistent with PR #234)",,,,
1800,下間 英史,,THE BLACKBELT JAPAN,バンタム級 [ -61.2 Kg ]A,2026-07-13,https://www.shooto-mma.com/fighters/?id=1800,"NO (numeric id only, confirmed across all 27 weight-class listing pages + all=1 full listing; consistent with PR #234)",,,,
1802,通事 安朋,,THE BLACKBELT JAPAN,キッズ・ジュニア修斗A,2025-10-19,https://www.shooto-mma.com/fighters/?id=1802,"NO (numeric id only, confirmed across all 27 weight-class listing pages + all=1 full listing; consistent with PR #234)",,,,
1803,河上 純登,,THE BLACKBELT JAPAN,キッズ・ジュニア修斗A,2025-09-02,https://www.shooto-mma.com/fighters/?id=1803,"NO (numeric id only, confirmed across all 27 weight-class listing pages + all=1 full listing; consistent with PR #234)",,,,
1804,筒井 拓登,,BURST,キッズ・ジュニア修斗A,2025-04-20,https://www.shooto-mma.com/fighters/?id=1804,"NO (numeric id only, confirmed across all 27 weight-class listing pages + all=1 full listing; consistent with PR #234)",,,,
781,クリス ブレナン,Chris Brennan,,ライト級 [ -70.3 Kg ]A,2002-09-16,https://www.shooto-mma.com/fighters/?id=781,"NO (numeric id only, confirmed across all 27 weight-class listing pages + all=1 full listing; consistent with PR #234)",chris-brennan,,,
1805,齋藤 大樹,,ピロクテテス新潟,フライ級 [ -56.7 Kg ]A,2025-11-22,https://www.shooto-mma.com/fighters/?id=1805,"NO (numeric id only, confirmed across all 27 weight-class listing pages + all=1 full listing; consistent with PR #234)",,,,
782,レオ サントス,Leonardo Santos,ノヴァ・ウニオン,ライト級 [ -70.3 Kg ]A,2002-06-29,https://www.shooto-mma.com/fighters/?id=782,"NO (numeric id only, confirmed across all 27 weight-class listing pages + all=1 full listing; consistent with PR #234)",leonardo-santos,,,
1806,塩野谷 容大,,ファイティングラボ新潟,フライ級 [ -56.7 Kg ]A,2026-04-05,https://www.shooto-mma.com/fighters/?id=1806,"NO (numeric id only, confirmed across all 27 weight-class listing pages + all=1 full listing; consistent with PR #234)",,,,
783,ポール ロドリゲス,Pail Rodriguez,,ライト級 [ -70.3 Kg ]A,2000-07-16,https://www.shooto-mma.com/fighters/?id=783,"NO (numeric id only, confirmed across all 27 weight-class listing pages + all=1 full listing; consistent with PR #234)",pail-rodriguez,,,
785,ステファン パーリング,Stephen Palling,,フェザー級 [ -65.8 Kg ]A,2004-05-03,https://www.shooto-mma.com/fighters/?id=785,"NO (numeric id only, confirmed across all 27 weight-class listing pages + all=1 full listing; consistent with PR #234)",stephen-palling,,,
1809,パク ジョンジュン,JONG JUN PARK,Team Geek MMA,フェザー級 [ -65.8 Kg ]A,2025-05-25,https://www.shooto-mma.com/fighters/?id=1809,"NO (numeric id only, confirmed across all 27 weight-class listing pages + all=1 full listing; consistent with PR #234)",jong-jun-park,,YES,
1812,小池 翔,SHO,誠空会,キックボクシングA,2025-05-25,https://www.shooto-mma.com/fighters/?id=1812,"NO (numeric id only, confirmed across all 27 weight-class listing pages + all=1 full listing; consistent with PR #234)",sho,,,
789,アンデウソン シウバ,Anderson Silva,,ウェルター級 [ -77.1 Kg ]A,2001-08-26,https://www.shooto-mma.com/fighters/?id=789,"NO (numeric id only, confirmed across all 27 weight-class listing pages + all=1 full listing; consistent with PR #234)",anderson-silva,,,
790,フランク トリッグ,Frank Trigg,,ウェルター級 [ -77.1 Kg ]A,2000-12-17,https://www.shooto-mma.com/fighters/?id=790,"NO (numeric id only, confirmed across all 27 weight-class listing pages + all=1 full listing; consistent with PR #234)",frank-trigg,,,
1814,THE ROCK MFC,THE ROCK MFC,MFC MUAY THAI FIGHTER CLUB,キックボクシングA,2025-05-25,https://www.shooto-mma.com/fighters/?id=1814,"NO (numeric id only, confirmed across all 27 weight-class listing pages + all=1 full listing; consistent with PR #234)",the-rock-mfc,,,
791,ルイス アゼレド,Luiz Azeredo,,ウェルター級 [ -77.1 Kg ]A,2000-08-04,https://www.shooto-mma.com/fighters/?id=791,"NO (numeric id only, confirmed across all 27 weight-class listing pages + all=1 full listing; consistent with PR #234)",luiz-azeredo,,,
1815,フィルダウス フェイジエフ,FIRDAVS FAYZIEV,マスタージャパン ウズベキスタン,A,2025-05-18,https://www.shooto-mma.com/fighters/?id=1815,"NO (numeric id only, confirmed across all 27 weight-class listing pages + all=1 full listing; consistent with PR #234)",firdavs-fayziev,,,
793,マセロ アグア,Marcelo Aguiar,,ウェルター級 [ -77.1 Kg ]A,,https://www.shooto-mma.com/fighters/?id=793,"NO (numeric id only, confirmed across all 27 weight-class listing pages + all=1 full listing; consistent with PR #234)",marcelo-aguiar,,,
1818,平 賢二郎,,ロータス福岡古賀道場,フライ級 [ -56.7 Kg ]A,2025-05-11,https://www.shooto-mma.com/fighters/?id=1818,"NO (numeric id only, confirmed across all 27 weight-class listing pages + all=1 full listing; consistent with PR #234)",,,,
797,アレックス クック,Alex Cook,,ウェルター級 [ -77.1 Kg ]A,,https://www.shooto-mma.com/fighters/?id=797,"NO (numeric id only, confirmed across all 27 weight-class listing pages + all=1 full listing; consistent with PR #234)",alex-cook,,,
1821,山口 カケル,,TEAM BANANA,バンタム級 [ -61.2 Kg ]A,2025-05-11,https://www.shooto-mma.com/fighters/?id=1821,"NO (numeric id only, confirmed across all 27 weight-class listing pages + all=1 full listing; consistent with PR #234)",,,,
1822,河野 慶樹,,柔術&MMAアカデミーG-face,バンタム級 [ -61.2 Kg ]A,2025-05-11,https://www.shooto-mma.com/fighters/?id=1822,"NO (numeric id only, confirmed across all 27 weight-class listing pages + all=1 full listing; consistent with PR #234)",,,,
1823,はやぶさ,,MMA RANGERS GYM,ライト級 [ -70.3 Kg ]A,2025-05-11,https://www.shooto-mma.com/fighters/?id=1823,"NO (numeric id only, confirmed across all 27 weight-class listing pages + all=1 full listing; consistent with PR #234)",,,,
1824,大地,,有永道場Team Resolve,ライト級 [ -70.3 Kg ]A,2026-05-17,https://www.shooto-mma.com/fighters/?id=1824,"NO (numeric id only, confirmed across all 27 weight-class listing pages + all=1 full listing; consistent with PR #234)",,,,
801,ジェフ カーラン,Jeff Curran,,フェザー級 [ -65.8 Kg ]A,2003-05-09,https://www.shooto-mma.com/fighters/?id=801,"NO (numeric id only, confirmed across all 27 weight-class listing pages + all=1 full listing; consistent with PR #234)",jeff-curran,,,
1825,平尾 大和,,KAMIKAZE DOJO MMA,ウェルター級 [ -77.1 Kg ]A,2026-05-17,https://www.shooto-mma.com/fighters/?id=1825,"NO (numeric id only, confirmed across all 27 weight-class listing pages + all=1 full listing; consistent with PR #234)",,,,
1827,佐野 光輝,,グラップラーズギルド,ストロー級 [ -52.2 Kg ]A,2026-06-28,https://www.shooto-mma.com/fighters/?id=1827,"NO (numeric id only, confirmed across all 27 weight-class listing pages + all=1 full listing; consistent with PR #234)",,,,
1828,井上 滉人,,MMA IKUSU,バンタム級 [ -61.2 Kg ]A,2026-07-12,https://www.shooto-mma.com/fighters/?id=1828,"NO (numeric id only, confirmed across all 27 weight-class listing pages + all=1 full listing; consistent with PR #234)",,,,
1829,皇治,KOJI,,A,2025-05-18,https://www.shooto-mma.com/fighters/?id=1829,"NO (numeric id only, confirmed across all 27 weight-class listing pages + all=1 full listing; consistent with PR #234)",koji,kouzi,,
809,ジョン ホーキ,Joao Roque,ノヴァ・ウニオン,フェザー級 [ -65.8 Kg ]A,2005-03-11,https://www.shooto-mma.com/fighters/?id=809,"NO (numeric id only, confirmed across all 27 weight-class listing pages + all=1 full listing; consistent with PR #234)",joao-roque,,,
811,ペル エクルンド,Per Eklund,,ライト級 [ -70.3 Kg ]A,2006-10-14,https://www.shooto-mma.com/fighters/?id=811,"NO (numeric id only, confirmed across all 27 weight-class listing pages + all=1 full listing; consistent with PR #234)",per-eklund,,,
1843,KOKI,,MMA RANGERS GYM,バンタム級 [ -61.2 Kg ]A,2025-06-22,https://www.shooto-mma.com/fighters/?id=1843,"NO (numeric id only, confirmed across all 27 weight-class listing pages + all=1 full listing; consistent with PR #234)",,,,
821,カルロス アレッシャンドリ ペレイラ,Carlos Alexandre,ドラゴンファイトチーム,ウェルター級 [ -77.1 Kg ]A,2010-08-07,https://www.shooto-mma.com/fighters/?id=821,"NO (numeric id only, confirmed across all 27 weight-class listing pages + all=1 full listing; consistent with PR #234)",carlos-alexandre,,,
1845,森本 健介,,毛利道場,バンタム級 [ -61.2 Kg ]A,2026-05-17,https://www.shooto-mma.com/fighters/?id=1845,"NO (numeric id only, confirmed across all 27 weight-class listing pages + all=1 full listing; consistent with PR #234)",,,,
1847,深町 拓海,,グラップラーズギルド,フェザー級 [ -65.8 Kg ]A,2026-07-12,https://www.shooto-mma.com/fighters/?id=1847,"NO (numeric id only, confirmed across all 27 weight-class listing pages + all=1 full listing; consistent with PR #234)",,,,
1848,SOKO,,有永道場 Team Resolve,ミドル級 [ -83.9 Kg ]A,2026-05-17,https://www.shooto-mma.com/fighters/?id=1848,"NO (numeric id only, confirmed across all 27 weight-class listing pages + all=1 full listing; consistent with PR #234)",,,,
830,エルナニ ペルペトゥオ,Hernani Perpetuo,ノヴァ・ウニオン,ウェルター級 [ -77.1 Kg ]A,2013-08-25,https://www.shooto-mma.com/fighters/?id=830,"NO (numeric id only, confirmed across all 27 weight-class listing pages + all=1 full listing; consistent with PR #234)",hernani-perpetuo,,YES,
319,ヴィラミー シケリム,Willamy Chiquerim,ノヴァ・ウニオン,ライト級 [ -70.3 Kg ]A,2010-05-30,https://www.shooto-mma.com/fighters/?id=319,"NO (numeric id only, confirmed across all 27 weight-class listing pages + all=1 full listing; consistent with PR #234)",willamy-chiquerim,,,
1856,藤井 愛斗,,パラエストラ小岩,フライ級 [ -56.7 Kg ]A,2025-08-31,https://www.shooto-mma.com/fighters/?id=1856,"NO (numeric id only, confirmed across all 27 weight-class listing pages + all=1 full listing; consistent with PR #234)",,,,
1857,塩津 奏太,SHIOTSU SOTA,心技館,フェザー級 [ -65.8 Kg ]A,2026-05-31,https://www.shooto-mma.com/fighters/?id=1857,"NO (numeric id only, confirmed across all 27 weight-class listing pages + all=1 full listing; consistent with PR #234)",shiotsu-sota,,,
1858,清水 和也,,アルンジム,A,2025-08-31,https://www.shooto-mma.com/fighters/?id=1858,"NO (numeric id only, confirmed across all 27 weight-class listing pages + all=1 full listing; consistent with PR #234)",,,,
1859,彬大,,roots,バンタム級 [ -61.2 Kg ]A,2026-04-19,https://www.shooto-mma.com/fighters/?id=1859,"NO (numeric id only, confirmed across all 27 weight-class listing pages + all=1 full listing; consistent with PR #234)",,,,
1860,大貫 瑠夏,,,A,2025-08-31,https://www.shooto-mma.com/fighters/?id=1860,"NO (numeric id only, confirmed across all 27 weight-class listing pages + all=1 full listing; consistent with PR #234)",,,,
1861,渡邉 陽大,,ブレイブハート,A,2025-08-31,https://www.shooto-mma.com/fighters/?id=1861,"NO (numeric id only, confirmed across all 27 weight-class listing pages + all=1 full listing; consistent with PR #234)",,,,
1862,井上 颯人,,心技館,フライ級 [ -56.7 Kg ]A,2026-04-05,https://www.shooto-mma.com/fighters/?id=1862,"NO (numeric id only, confirmed across all 27 weight-class listing pages + all=1 full listing; consistent with PR #234)",,,,
1863,福島 祐貴,,BURST,フライ級 [ -56.7 Kg ]A,2026-07-12,https://www.shooto-mma.com/fighters/?id=1863,"NO (numeric id only, confirmed across all 27 weight-class listing pages + all=1 full listing; consistent with PR #234)",,,,
841,トミー デプレット,Tommy Depret,,ウェルター級 [ -77.1 Kg ]A,2013-08-25,https://www.shooto-mma.com/fighters/?id=841,"NO (numeric id only, confirmed across all 27 weight-class listing pages + all=1 full listing; consistent with PR #234)",tommy-depret,,,
1867,於久 孝充,,G-FREE,フライ級 [ -56.7 Kg ]A,2026-04-26,https://www.shooto-mma.com/fighters/?id=1867,"NO (numeric id only, confirmed across all 27 weight-class listing pages + all=1 full listing; consistent with PR #234)",,,,
588,デニス ホールマン,Dennis Hallman,,ライト級 [ -70.3 Kg ]A,2000-04-02,https://www.shooto-mma.com/fighters/?id=588,"NO (numeric id only, confirmed across all 27 weight-class listing pages + all=1 full listing; consistent with PR #234)",dennis-hallman,,,
1868,山口 裕也,,柔術兄弟,ライト級 [ -70.3 Kg ]A,2025-09-07,https://www.shooto-mma.com/fighters/?id=1868,"NO (numeric id only, confirmed across all 27 weight-class listing pages + all=1 full listing; consistent with PR #234)",,,,
589,ディン トーマス,Din Thomas,アメリカントップチーム,ライト級 [ -70.3 Kg ]A,,https://www.shooto-mma.com/fighters/?id=589,"NO (numeric id only, confirmed across all 27 weight-class listing pages + all=1 full listing; consistent with PR #234)",din-thomas,,,
1870,弥益 ドミネーター 聡志,,team SOS,ライト級 [ -70.3 Kg ]A,2025-09-02,https://www.shooto-mma.com/fighters/?id=1870,"NO (numeric id only, confirmed across all 27 weight-class listing pages + all=1 full listing; consistent with PR #234)",,,,
1871,デウジヴァン・ソウザ,,GRANOLA JIUJITSU TEAM,フライ級 [ -56.7 Kg ]A,2025-09-02,https://www.shooto-mma.com/fighters/?id=1871,"NO (numeric id only, confirmed across all 27 weight-class listing pages + all=1 full listing; consistent with PR #234)",,,,
1872,窪田 登馬,,Splicing,キッズ・ジュニア修斗A,2025-09-02,https://www.shooto-mma.com/fighters/?id=1872,"NO (numeric id only, confirmed across all 27 weight-class listing pages + all=1 full listing; consistent with PR #234)",,,,
1875,砂辺 光久,,reversaL Gym OKINAWA CROSS×LINE,フライ級 [ -56.7 Kg ]A,2026-04-19,https://www.shooto-mma.com/fighters/?id=1875,"NO (numeric id only, confirmed across all 27 weight-class listing pages + all=1 full listing; consistent with PR #234)",,,YES,
1876,髙松 一喜,,TOKYO INSTITUTE,キッズ・ジュニア修斗A,2025-10-19,https://www.shooto-mma.com/fighters/?id=1876,"NO (numeric id only, confirmed across all 27 weight-class listing pages + all=1 full listing; consistent with PR #234)",,,,
1883,近藤 世里菜,,総合格闘技道場ARMS,女子A,2025-10-26,https://www.shooto-mma.com/fighters/?id=1883,"NO (numeric id only, confirmed across all 27 weight-class listing pages + all=1 full listing; consistent with PR #234)",,,,
1884,新谷 幸輝,,TEAM AGENT,キッズ・ジュニア修斗A,2025-10-26,https://www.shooto-mma.com/fighters/?id=1884,"NO (numeric id only, confirmed across all 27 weight-class listing pages + all=1 full listing; consistent with PR #234)",,,,
614,ジェシアス カバウカンチ,Gesias Cavalcante,,ライト級 [ -70.3 Kg ]A,2004-07-16,https://www.shooto-mma.com/fighters/?id=614,"NO (numeric id only, confirmed across all 27 weight-class listing pages + all=1 full listing; consistent with PR #234)",gesias-cavalcante,,,
876,ゴンズイ,Gonzui,総合格闘技ゴンズジム,ウェルター級 [ -77.1 Kg ]A,2005-06-03,https://www.shooto-mma.com/fighters/?id=876,"NO (numeric id only, confirmed across all 27 weight-class listing pages + all=1 full listing; consistent with PR #234)",gonzui,,,
887,ロナルド ジューン,Ronald Jhun,ジーザスイズロード,ウェルター級 [ -77.1 Kg ]A,2006-07-21,https://www.shooto-mma.com/fighters/?id=887,"NO (numeric id only, confirmed across all 27 weight-class listing pages + all=1 full listing; consistent with PR #234)",ronald-jhun,,,
901,ダニエル リマ,Daniel Lima,ファイブ・リングス・ドージョー,バンタム級 [ -61.2 Kg ]A,2007-09-22,https://www.shooto-mma.com/fighters/?id=901,"NO (numeric id only, confirmed across all 27 weight-class listing pages + all=1 full listing; consistent with PR #234)",daniel-lima,,,
1940,吉澤 ジョアン 英司,,心技館,A,2026-04-05,https://www.shooto-mma.com/fighters/?id=1940,"NO (numeric id only, confirmed across all 27 weight-class listing pages + all=1 full listing; consistent with PR #234)",,,,
1941,駒沢 伊月,,SAI-GYM,A,2026-04-05,https://www.shooto-mma.com/fighters/?id=1941,"NO (numeric id only, confirmed across all 27 weight-class listing pages + all=1 full listing; consistent with PR #234)",,,,
1942,中西 敦也,,ASH,A,2026-04-05,https://www.shooto-mma.com/fighters/?id=1942,"NO (numeric id only, confirmed across all 27 weight-class listing pages + all=1 full listing; consistent with PR #234)",,,,
1943,Ken,,SAI-GYM,A,2026-04-05,https://www.shooto-mma.com/fighters/?id=1943,"NO (numeric id only, confirmed across all 27 weight-class listing pages + all=1 full listing; consistent with PR #234)",,,,
677,ブライアン コブ,Brian Cobb,,ライト級 [ -70.3 Kg ]A,2007-08-18,https://www.shooto-mma.com/fighters/?id=677,"NO (numeric id only, confirmed across all 27 weight-class listing pages + all=1 full listing; consistent with PR #234)",brian-cobb,,,
1957,西村 良太,,正道会館菱川道場,フェザー級 [ -65.8 Kg ]A,2026-04-26,https://www.shooto-mma.com/fighters/?id=1957,"NO (numeric id only, confirmed across all 27 weight-class listing pages + all=1 full listing; consistent with PR #234)",,,,
934,エリック パーソン,Erik Paulson,,ミドル級 [ -83.9 Kg ]A,,https://www.shooto-mma.com/fighters/?id=934,"NO (numeric id only, confirmed across all 27 weight-class listing pages + all=1 full listing; consistent with PR #234)",erik-paulson,,,
1958,植村 天翔,,MIBURO,A,2026-04-26,https://www.shooto-mma.com/fighters/?id=1958,"NO (numeric id only, confirmed across all 27 weight-class listing pages + all=1 full listing; consistent with PR #234)",,,,
1961,今井 大暢,,FIGHT FARM,A,2026-05-17,https://www.shooto-mma.com/fighters/?id=1961,"NO (numeric id only, confirmed across all 27 weight-class listing pages + all=1 full listing; consistent with PR #234)",,,,
1962,雑賀 晴士,,パラエストラTB,フェザー級 [ -65.8 Kg ]A,2026-05-17,https://www.shooto-mma.com/fighters/?id=1962,"NO (numeric id only, confirmed across all 27 weight-class listing pages + all=1 full listing; consistent with PR #234)",,,,
1963,小柳 竜星,,HAGANE GYM,A,2026-05-17,https://www.shooto-mma.com/fighters/?id=1963,"NO (numeric id only, confirmed across all 27 weight-class listing pages + all=1 full listing; consistent with PR #234)",,,,
1964,大川 夏生,,パラエストラ小岩,バンタム級 [ -61.2 Kg ]A,2026-05-17,https://www.shooto-mma.com/fighters/?id=1964,"NO (numeric id only, confirmed across all 27 weight-class listing pages + all=1 full listing; consistent with PR #234)",,,,
1980,勝者,,,A,,https://www.shooto-mma.com/fighters/?id=1980,"NO (numeric id only, confirmed across all 27 weight-class listing pages + all=1 full listing; consistent with PR #234)",,,,
1747,大西 佑磨,,総合格闘技ゴンズジム,フェザー級 [ -65.8 Kg ]A,2026-04-26,https://www.shooto-mma.com/fighters/?id=1747,"NO (numeric id only, confirmed across all 27 weight-class listing pages + all=1 full listing; consistent with PR #234)",,,,
1748,片岡 雄大,,修斗GYM大阪,フェザー級 [ -65.8 Kg ]A,2024-09-29,https://www.shooto-mma.com/fighters/?id=1748,"NO (numeric id only, confirmed across all 27 weight-class listing pages + all=1 full listing; consistent with PR #234)",,,,
1749,岩橋 拓哉,,28,フライ級 [ -56.7 Kg ]A,2024-09-29,https://www.shooto-mma.com/fighters/?id=1749,"NO (numeric id only, confirmed across all 27 weight-class listing pages + all=1 full listing; consistent with PR #234)",,,,
1750,継谷 碧,,修斗GYM神戸,フライ級 [ -56.7 Kg ]A,2024-09-29,https://www.shooto-mma.com/fighters/?id=1750,"NO (numeric id only, confirmed across all 27 weight-class listing pages + all=1 full listing; consistent with PR #234)",,,,
1755,水嶋 敬志,,THE BLACKBELT JAPAN,バンタム級 [ -61.2 Kg ]A,2026-04-19,https://www.shooto-mma.com/fighters/?id=1755,"NO (numeric id only, confirmed across all 27 weight-class listing pages + all=1 full listing; consistent with PR #234)",,,,
1756,濱口 浩大,,BURST,ストロー級 [ -52.2 Kg ]A,2024-11-10,https://www.shooto-mma.com/fighters/?id=1756,"NO (numeric id only, confirmed across all 27 weight-class listing pages + all=1 full listing; consistent with PR #234)",,,,
1760,山下 康一郎,,CARPEDIEM,ライト級 [ -70.3 Kg ]A,2025-07-13,https://www.shooto-mma.com/fighters/?id=1760,"NO (numeric id only, confirmed across all 27 weight-class listing pages + all=1 full listing; consistent with PR #234)",,,,
1761,佐藤 りの,,毛利道場,キッズ・ジュニア修斗A,2024-11-17,https://www.shooto-mma.com/fighters/?id=1761,"NO (numeric id only, confirmed across all 27 weight-class listing pages + all=1 full listing; consistent with PR #234)",,,,
1762,近藤 玲汰,,BURST,キッズ・ジュニア修斗A,2024-11-17,https://www.shooto-mma.com/fighters/?id=1762,"NO (numeric id only, confirmed across all 27 weight-class listing pages + all=1 full listing; consistent with PR #234)",,,,
740,ヒカルド リッキー ボテーリョ,Ricardo Botelho,,ライト級 [ -70.3 Kg ]A,,https://www.shooto-mma.com/fighters/?id=740,"NO (numeric id only, confirmed across all 27 weight-class listing pages + all=1 full listing; consistent with PR #234)",ricardo-botelho,,,
2021,リン フーシュン,,i Fighting,A,2026-06-01,https://www.shooto-mma.com/fighters/?id=2021,"NO (numeric id only, confirmed across all 27 weight-class listing pages + all=1 full listing; consistent with PR #234)",,,,
1766,一回戦①の勝者,,,A,,https://www.shooto-mma.com/fighters/?id=1766,"NO (numeric id only, confirmed across all 27 weight-class listing pages + all=1 full listing; consistent with PR #234)",,,,
2022,ジョー バード,,Hawaii Elite MMA,A,2026-06-01,https://www.shooto-mma.com/fighters/?id=2022,"NO (numeric id only, confirmed across all 27 weight-class listing pages + all=1 full listing; consistent with PR #234)",,,,
1767,一回戦②の勝者,,,A,,https://www.shooto-mma.com/fighters/?id=1767,"NO (numeric id only, confirmed across all 27 weight-class listing pages + all=1 full listing; consistent with PR #234)",,,,
1770,チョン チャヒョン,CHAH YUN,韓国・ユンジュチーム,ストロー級 [ -52.2 Kg ]A,2024-12-15,https://www.shooto-mma.com/fighters/?id=1770,"NO (numeric id only, confirmed across all 27 weight-class listing pages + all=1 full listing; consistent with PR #234)",chah-yun,,,
1771,小笠原 颯希,,X-TREME EBINA,A,2024-12-15,https://www.shooto-mma.com/fighters/?id=1771,"NO (numeric id only, confirmed across all 27 weight-class listing pages + all=1 full listing; consistent with PR #234)",,,,
1772,遠藤 ジュリアン 桜,,リバーサルジム立川ALPHA,A,2026-01-18,https://www.shooto-mma.com/fighters/?id=1772,"NO (numeric id only, confirmed across all 27 weight-class listing pages + all=1 full listing; consistent with PR #234)",,,,
237,アレッシャンドリ フランカ ノゲイラ,Alexandre Nogueira,修斗ブラジル道場,フェザー級 [ -65.8 Kg ]A,2005-03-11,https://www.shooto-mma.com/fighters/?id=237,"NO (numeric id only, confirmed across all 27 weight-class listing pages + all=1 full listing; consistent with PR #234)",alexandre-nogueira,,,
238,アントニオ カルバーリョ,Antonio Carvalho,シャオ・フランコMA,フェザー級 [ -65.8 Kg ]A,2007-11-08,https://www.shooto-mma.com/fighters/?id=238,"NO (numeric id only, confirmed across all 27 weight-class listing pages + all=1 full listing; consistent with PR #234)",antonio-carvalho,,,
752,フィンセント ラトゥール,Vincent Latoel,,ライト級 [ -70.3 Kg ]A,2009-08-27,https://www.shooto-mma.com/fighters/?id=752,"NO (numeric id only, confirmed across all 27 weight-class listing pages + all=1 full listing; consistent with PR #234)",vincent-latoel,,,
1777,サカイロック,,ALMA FIGHT GYM SHUKO,フェザー級 [ -65.8 Kg ]A,2024-04-29,https://www.shooto-mma.com/fighters/?id=1777,"NO (numeric id only, confirmed across all 27 weight-class listing pages + all=1 full listing; consistent with PR #234)",,,,
1778,TAKUMI,,Bushi-Doo武士道,ストロー級 [ -52.2 Kg ]A,2026-04-05,https://www.shooto-mma.com/fighters/?id=1778,"NO (numeric id only, confirmed across all 27 weight-class listing pages + all=1 full listing; consistent with PR #234)",,,,
757,レイ クーパー,Ray Cooper,ジーザスイズロード,ライト級 [ -70.3 Kg ]A,2005-05-04,https://www.shooto-mma.com/fighters/?id=757,"NO (numeric id only, confirmed across all 27 weight-class listing pages + all=1 full listing; consistent with PR #234)",ray-cooper,,,
1786,田中 和広,,SISU MMA &BJJ,A,2025-09-07,https://www.shooto-mma.com/fighters/?id=1786,"NO (numeric id only, confirmed across all 27 weight-class listing pages + all=1 full listing; consistent with PR #234)",,,,
1788,ISODA,,直心会生野道場TK68,フェザー級 [ -65.8 Kg ]A,2026-04-26,https://www.shooto-mma.com/fighters/?id=1788,"NO (numeric id only, confirmed across all 27 weight-class listing pages + all=1 full listing; consistent with PR #234)",,,,
1789,北原 蓮,,修斗GYM神戸,ライト級 [ -70.3 Kg ]A,2025-04-13,https://www.shooto-mma.com/fighters/?id=1789,"NO (numeric id only, confirmed across all 27 weight-class listing pages + all=1 full listing; consistent with PR #234)",,,,
510,ホビソン モウラ,Robson Moura,ノヴァ・ウニオン,フライ級 [ -56.7 Kg ]A,2004-09-26,https://www.shooto-mma.com/fighters/?id=510,"NO (numeric id only, confirmed across all 27 weight-class listing pages + all=1 full listing; consistent with PR #234)",robson-moura,,,
1790,原田 直人,,コブラ会EAST,ライト級 [ -70.3 Kg ]A,2025-04-13,https://www.shooto-mma.com/fighters/?id=1790,"NO (numeric id only, confirmed across all 27 weight-class listing pages + all=1 full listing; consistent with PR #234)",,,,
1791,P助,,修斗GYM神戸,ライト級 [ -70.3 Kg ]A,2026-05-17,https://www.shooto-mma.com/fighters/?id=1791,"NO (numeric id only, confirmed across all 27 weight-class listing pages + all=1 full listing; consistent with PR #234)",,,,
23,ATCH アナーキー,ATCH Anarchy,パラエストラ函館,ストロー級 [ -52.2 Kg ]A,2014-12-21,https://www.shooto-mma.com/fighters/?id=23,"NO (numeric id only, confirmed across all 27 weight-class listing pages + all=1 full listing; consistent with PR #234)",atch-anarchy,,,
1833,te-a,ティーエー,AACC,女子バンタム級A,2026-01-18,https://www.shooto-mma.com/fighters/?id=1833,"NO (numeric id only, confirmed across all 27 weight-class listing pages + all=1 full listing; consistent with PR #234)",ティーエー,,,
1865,高橋 宙斗,SORATO TAKAHASHI,MMA空手道場鷹,ミドル級 [ -83.9 Kg ]A,2025-10-11,https://www.shooto-mma.com/fighters/?id=1865,"NO (numeric id only, confirmed across all 27 weight-class listing pages + all=1 full listing; consistent with PR #234)",sorato-takahashi,,,
1864,松宮 陸生,,パラエストラ小岩,ミドル級 [ -83.9 Kg ]A,2026-04-11,https://www.shooto-mma.com/fighters/?id=1864,"NO (numeric id only, confirmed across all 27 weight-class listing pages + all=1 full listing; consistent with PR #234)",,,,
366,青木 真也,Shinya Aoki,パラエストラ東京,ウェルター級 [ -77.1 Kg ]A,2007-02-17,https://www.shooto-mma.com/fighters/?id=366,"NO (numeric id only, confirmed across all 27 weight-class listing pages + all=1 full listing; consistent with PR #234)",shinya-aoki,shinya-aoki,,
1850,青野 ひかる,HIKARU AONO,FIGHT LYNX,女子アトム級 [ -47.6 Kg ]A,2026-03-29,https://www.shooto-mma.com/fighters/?id=1850,"NO (numeric id only, confirmed across all 27 weight-class listing pages + all=1 full listing; consistent with PR #234)",hikaru-aono,,YES,
575,赤木 敏倫,Toshimichi Akagi,総合格闘技道場ちっちゃいコブラ会,フライ級 [ -56.7 Kg ]A,2011-01-10,https://www.shooto-mma.com/fighters/?id=575,"NO (numeric id only, confirmed across all 27 weight-class listing pages + all=1 full listing; consistent with PR #234)",toshimichi-akagi,,,
453,赤木 康洋,Yasuhiro Akagi,ALIVE,フライ級 [ -56.7 Kg ]A,2010-06-13,https://www.shooto-mma.com/fighters/?id=453,"NO (numeric id only, confirmed across all 27 weight-class listing pages + all=1 full listing; consistent with PR #234)",yasuhiro-akagi,,,
1129,安芸 柊斗,SYUTO AKI,MMA Zジム,ストロー級 [ -52.2 Kg ]A,2026-05-24,https://www.shooto-mma.com/fighters/?id=1129,"NO (numeric id only, confirmed across all 27 weight-class listing pages + all=1 full listing; consistent with PR #234)",syuto-aki,,,
456,秋本 じん,Jin Akimoto,秋本道場Jungle Junction,バンタム級 [ -61.2 Kg ]A,2009-01-18,https://www.shooto-mma.com/fighters/?id=456,"NO (numeric id only, confirmed across all 27 weight-class listing pages + all=1 full listing; consistent with PR #234)",jin-akimoto,,,
1197,アギー サルダリ,AGY SARDARY,スポーツヴィジョン,フェザー級 [ -65.8 Kg ]A,2019-05-06,https://www.shooto-mma.com/fighters/?id=1197,"NO (numeric id only, confirmed across all 27 weight-class listing pages + all=1 full listing; consistent with PR #234)",agy-sardary,,,
1842,浅井 大海,ASAI HIROMI,柔術&MMAアカデミーG-face,フライ級 [ -56.7 Kg ]A,2026-04-26,https://www.shooto-mma.com/fighters/?id=1842,"NO (numeric id only, confirmed across all 27 weight-class listing pages + all=1 full listing; consistent with PR #234)",asai-hiromi,,,
808,朝日 昇,Noboru Asahi,東京イエローマンズ,フェザー級 [ -65.8 Kg ]A,,https://www.shooto-mma.com/fighters/?id=808,"NO (numeric id only, confirmed across all 27 weight-class listing pages + all=1 full listing; consistent with PR #234)",noboru-asahi,,,
24,阿部 博之,Hiroyuki Abe,ドラゴンテイル,ストロー級 [ -52.2 Kg ]A,2012-07-16,https://www.shooto-mma.com/fighters/?id=24,"NO (numeric id only, confirmed across all 27 weight-class listing pages + all=1 full listing; consistent with PR #234)",hiroyuki-abe,,,
92,阿部 マサトシ,Masatoshi Abe,AACC,ストロー級 [ -52.2 Kg ]A,2022-05-22,https://www.shooto-mma.com/fighters/?id=92,"NO (numeric id only, confirmed across all 27 weight-class listing pages + all=1 full listing; consistent with PR #234)",masatoshi-abe,,,
236,阿部 裕幸,Hiroyuki Abe,AACC,フェザー級 [ -65.8 Kg ]A,2012-09-30,https://www.shooto-mma.com/fighters/?id=236,"NO (numeric id only, confirmed across all 27 weight-class listing pages + all=1 full listing; consistent with PR #234)",hiroyuki-abe,,,
1085,アミルカール アウベス,,ノヴァ・ウニオン,ウェルター級 [ -77.1 Kg ]A,,https://www.shooto-mma.com/fighters/?id=1085,"NO (numeric id only, confirmed across all 27 weight-class listing pages + all=1 full listing; consistent with PR #234)",,,,
1769,荒尾 祐太,,チーム吉鷹,A,2024-12-29,https://www.shooto-mma.com/fighters/?id=1769,"NO (numeric id only, confirmed across all 27 weight-class listing pages + all=1 full listing; consistent with PR #234)",,,,
1830,有馬 伶弍,REIJI ARIMA,龍生塾,キックボクシングA,2025-11-22,https://www.shooto-mma.com/fighters/?id=1830,"NO (numeric id only, confirmed across all 27 weight-class listing pages + all=1 full listing; consistent with PR #234)",reiji-arima,,,
1373,アルフレド ムアイアド,ALFREDO MUAIAD,BLACKHOUSE SANTIAGO,フライ級 [ -56.7 Kg ]A,2021-11-06,https://www.shooto-mma.com/fighters/?id=1373,"NO (numeric id only, confirmed across all 27 weight-class listing pages + all=1 full listing; consistent with PR #234)",alfredo-muaiad,,,
701,たてお,TATEO IIDA,ELEVEN,フェザー級 [ -65.8 Kg ]A,2026-02-28,https://www.shooto-mma.com/fighters/?id=701,"NO (numeric id only, confirmed across all 27 weight-class listing pages + all=1 full listing; consistent with PR #234)",tateo-iida,tateo,,YES
1797,飯野 雄斗,YUTO IINO,THE BLACKBELT JAPAN,フェザー級 [ -65.8 Kg ]A,2026-06-01,https://www.shooto-mma.com/fighters/?id=1797,"NO (numeric id only, confirmed across all 27 weight-class listing pages + all=1 full listing; consistent with PR #234)",yuto-iino,,YES,
25,飯野 タテオ,Iino Tateo,和術慧舟會HEARTS,ストロー級 [ -52.2 Kg ]A,2021-06-26,https://www.shooto-mma.com/fighters/?id=25,"NO (numeric id only, confirmed across all 27 weight-class listing pages + all=1 full listing; consistent with PR #234)",iino-tateo,,,
649,井口 攝,Setsu Iguchi,,フライ級 [ -56.7 Kg ]A,2006-05-12,https://www.shooto-mma.com/fighters/?id=649,"NO (numeric id only, confirmed across all 27 weight-class listing pages + all=1 full listing; consistent with PR #234)",setsu-iguchi,,,
488,池田 久雄,Hisao Ikeda,,フライ級 [ -56.7 Kg ]A,2002-01-12,https://www.shooto-mma.com/fighters/?id=488,"NO (numeric id only, confirmed across all 27 weight-class listing pages + all=1 full listing; consistent with PR #234)",hisao-ikeda,,,
26,生駒 純司,Junji Ikoma,直心会格闘技道場,ストロー級 [ -52.2 Kg ]A,2012-04-01,https://www.shooto-mma.com/fighters/?id=26,"NO (numeric id only, confirmed across all 27 weight-class listing pages + all=1 full listing; consistent with PR #234)",junji-ikoma,,,
147,石井 逸人,HAYATO ISHII,TRIBE TOKYO M.M.A,フライ級 [ -56.7 Kg ]A,2024-05-19,https://www.shooto-mma.com/fighters/?id=147,"NO (numeric id only, confirmed across all 27 weight-class listing pages + all=1 full listing; consistent with PR #234)",hayato-ishii,,,
660,石川 真,Makoto Ishikawa,PUREBRED大宮,フェザー級 [ -65.8 Kg ]A,2006-02-17,https://www.shooto-mma.com/fighters/?id=660,"NO (numeric id only, confirmed across all 27 weight-class listing pages + all=1 full listing; consistent with PR #234)",makoto-ishikawa,,,
929,石川 義将,Yoshimasa Ishikawa,シューティングジム横浜,ウェルター級 [ -77.1 Kg ]A,,https://www.shooto-mma.com/fighters/?id=929,"NO (numeric id only, confirmed across all 27 weight-class listing pages + all=1 full listing; consistent with PR #234)",yoshimasa-ishikawa,,,
317,石田 光洋,Mitsuhiro Ishida,T-BLOOD,ライト級 [ -70.3 Kg ]A,2006-02-17,https://www.shooto-mma.com/fighters/?id=317,"NO (numeric id only, confirmed across all 27 weight-class listing pages + all=1 full listing; consistent with PR #234)",mitsuhiro-ishida,,,
1869,石原 海渡,KAITO ISHIHARA,C.K STYLES MMA,ライト級 [ -70.3 Kg ]A,2026-07-12,https://www.shooto-mma.com/fighters/?id=1869,"NO (numeric id only, confirmed across all 27 weight-class listing pages + all=1 full listing; consistent with PR #234)",kaito-ishihara,,,
162,石原 夜叉坊,YASHABO ISHIHARA,Team Alpha male Japan,バンタム級 [ -61.2 Kg ]A,2026-06-01,https://www.shooto-mma.com/fighters/?id=162,"NO (numeric id only, confirmed across all 27 weight-class listing pages + all=1 full listing; consistent with PR #234)",yashabo-ishihara,,,
161,石橋 佳大,Keita Ishibashi,ZEEKジム,バンタム級 [ -61.2 Kg ]A,2022-03-21,https://www.shooto-mma.com/fighters/?id=161,"NO (numeric id only, confirmed across all 27 weight-class listing pages + all=1 full listing; consistent with PR #234)",keita-ishibashi,,,
239,石渡 伸太郎,Shintaro Ishiwatari,CAVE,フェザー級 [ -65.8 Kg ]A,2013-06-22,https://www.shooto-mma.com/fighters/?id=239,"NO (numeric id only, confirmed across all 27 weight-class listing pages + all=1 full listing; consistent with PR #234)",shintaro-ishiwatari,,,
1813,伊藤 叶人,ITO KANATO,吉塚道場,キックボクシングA,2026-05-31,https://www.shooto-mma.com/fighters/?id=1813,"NO (numeric id only, confirmed across all 27 weight-class listing pages + all=1 full listing; consistent with PR #234)",ito-kanato,,,
937,伊藤 裕二,Yuji Ito,総合格闘技木口道場,ウェルター級 [ -77.1 Kg ]A,,https://www.shooto-mma.com/fighters/?id=937,"NO (numeric id only, confirmed across all 27 weight-class listing pages + all=1 full listing; consistent with PR #234)",yuji-ito,,,
1837,井上 智子,INOUE TOMOKO,ストライプル茨城,グラップリングA,2025-06-14,https://www.shooto-mma.com/fighters/?id=1837,"NO (numeric id only, confirmed across all 27 weight-class listing pages + all=1 full listing; consistent with PR #234)",inoue-tomoko,,,
163,井上 学,Manabu Inoue,C.A.C.C.スネークピットジャパン,フライ級 [ -56.7 Kg ]A,2026-12-31,https://www.shooto-mma.com/fighters/?id=163,"NO (numeric id only, confirmed across all 27 weight-class listing pages + all=1 full listing; consistent with PR #234)",manabu-inoue,,,
1831,井原 浩之,HIROYUKI HIROYUKI,HADES WORKOUT GYM,キックボクシングA,2025-05-25,https://www.shooto-mma.com/fighters/?id=1831,"NO (numeric id only, confirmed across all 27 weight-class listing pages + all=1 full listing; consistent with PR #234)",hiroyuki-hiroyuki,,,
487,今泉 堅太郎,Kentaro Imaizumi,,フライ級 [ -56.7 Kg ]A,2004-11-12,https://www.shooto-mma.com/fighters/?id=487,"NO (numeric id only, confirmed across all 27 weight-class listing pages + all=1 full listing; consistent with PR #234)",kentaro-imaizumi,,,
805,岩瀬 茂俊,Shigetoshi Iwase,,ウェルター級 [ -77.1 Kg ]A,2005-07-30,https://www.shooto-mma.com/fighters/?id=805,"NO (numeric id only, confirmed across all 27 weight-class listing pages + all=1 full listing; consistent with PR #234)",shigetoshi-iwase,,,
1285,岩本 建汰,KENTA IWAMOTO,IGLOO,フェザー級 [ -65.8 Kg ]A,2022-03-21,https://www.shooto-mma.com/fighters/?id=1285,"NO (numeric id only, confirmed across all 27 weight-class listing pages + all=1 full listing; consistent with PR #234)",kenta-iwamoto,,,
1807,上杉 隼哉,UESUGI JUNYA,ブレイブハート,バンタム級 [ -61.2 Kg ]A,2026-07-20,https://www.shooto-mma.com/fighters/?id=1807,"NO (numeric id only, confirmed across all 27 weight-class listing pages + all=1 full listing; consistent with PR #234)",uesugi-junya,,,
320,ウエタ ユウ,Yu Ueta,MIBURO,ライト級 [ -70.3 Kg ]A,2019-06-30,https://www.shooto-mma.com/fighters/?id=320,"NO (numeric id only, confirmed across all 27 weight-class listing pages + all=1 full listing; consistent with PR #234)",yu-ueta,,,
1730,植田 咲,SAKI UETA,AACC,トライアウトA,2025-06-14,https://www.shooto-mma.com/fighters/?id=1730,"NO (numeric id only, confirmed across all 27 weight-class listing pages + all=1 full listing; consistent with PR #234)",saki-ueta,,,
164,上田 将勝,Masakatsu Ueda,パラエストラ東京,バンタム級 [ -61.2 Kg ]A,2012-01-08,https://www.shooto-mma.com/fighters/?id=164,"NO (numeric id only, confirmed across all 27 weight-class listing pages + all=1 full listing; consistent with PR #234)",masakatsu-ueda,,,
890,植松 直哉,Naoya Uematsu,,フェザー級 [ -65.8 Kg ]A,2006-02-17,https://www.shooto-mma.com/fighters/?id=890,"NO (numeric id only, confirmed across all 27 weight-class listing pages + all=1 full listing; consistent with PR #234)",naoya-uematsu,,,
198,魚井 フルスイング,Uoi Fullswing,和術慧舟會HEARTS,バンタム級 [ -61.2 Kg ]A,2021-03-20,https://www.shooto-mma.com/fighters/?id=198,"NO (numeric id only, confirmed across all 27 weight-class listing pages + all=1 full listing; consistent with PR #234)",uoi-fullswing,,,
1218,宇田 悠斗,Yuto Uda,総合格闘技道場HOPE,フライ級 [ -56.7 Kg ]A,2021-05-16,https://www.shooto-mma.com/fighters/?id=1218,"NO (numeric id only, confirmed across all 27 weight-class listing pages + all=1 full listing; consistent with PR #234)",yuto-uda,,,
8,宇野 薫,Caol Uno,UNO DOJO,フェザー級 [ -65.8 Kg ]A,2026-07-13,https://www.shooto-mma.com/fighters/?id=8,"NO (numeric id only, confirmed across all 27 weight-class listing pages + all=1 full listing; consistent with PR #234)",caol-uno,uno-caol,,
93,漆谷 康宏,Yasuhiro Urushitani,T.T.M URUSHI DOJO,フライ級 [ -56.7 Kg ]A,2016-11-12,https://www.shooto-mma.com/fighters/?id=93,"NO (numeric id only, confirmed across all 27 weight-class listing pages + all=1 full listing; consistent with PR #234)",yasuhiro-urushitani,,,
1852,漆田 直輝,NAOTERU URUSHIDA,パラエストラ小岩,ストロー級 [ -52.2 Kg ]A,2026-05-17,https://www.shooto-mma.com/fighters/?id=1852,"NO (numeric id only, confirmed across all 27 weight-class listing pages + all=1 full listing; consistent with PR #234)",naoteru-urushida,,,
165,エドゥアルド ダンタス,Eduardo Dantas,ノヴァ・ウニオン,バンタム級 [ -61.2 Kg ]A,2010-05-30,https://www.shooto-mma.com/fighters/?id=165,"NO (numeric id only, confirmed across all 27 weight-class listing pages + all=1 full listing; consistent with PR #234)",eduardo-dantas,,,
433,エリカ モントーヤ,Erica Montoya,ネクスト・ジェネレーション,ストロー級 [ -52.2 Kg ]A,2004-11-06,https://www.shooto-mma.com/fighters/?id=433,"NO (numeric id only, confirmed across all 27 weight-class listing pages + all=1 full listing; consistent with PR #234)",erica-montoya,,,
1757,erika,erika,THE BLACKBELT JAPAN,女子スーパーアトム級A,2026-03-29,https://www.shooto-mma.com/fighters/?id=1757,"NO (numeric id only, confirmed across all 27 weight-class listing pages + all=1 full listing; consistent with PR #234)",erika,,YES,
555,エンセン 井上,Enson Inoue,PUREBRED大宮,ヘビー級 [ -120.2 Kg ]A,,https://www.shooto-mma.com/fighters/?id=555,"NO (numeric id only, confirmed across all 27 weight-class listing pages + all=1 full listing; consistent with PR #234)",enson-inoue,,,
322,遠藤 雄介,Yusuke Endo,GOKITA GYM,ライト級 [ -70.3 Kg ]A,2011-01-10,https://www.shooto-mma.com/fighters/?id=322,"NO (numeric id only, confirmed across all 27 weight-class listing pages + all=1 full listing; consistent with PR #234)",yusuke-endo,,,
321,AB,AB,和術慧舟會駿河道場,ライト級 [ -70.3 Kg ]A,2019-11-24,https://www.shooto-mma.com/fighters/?id=321,"NO (numeric id only, confirmed across all 27 weight-class listing pages + all=1 full listing; consistent with PR #234)",ab,,,
2,扇久保 博正,Hiromasa Ogikubo,パラエストラ松戸,フライ級 [ -56.7 Kg ]A,2019-05-06,https://www.shooto-mma.com/fighters/?id=2,"NO (numeric id only, confirmed across all 27 weight-class listing pages + all=1 full listing; consistent with PR #234)",hiromasa-ogikubo,ougikubo-hiromasa,,
166,大石 真丈,Masahiro Oishi,K'zファクトリー,バンタム級 [ -61.2 Kg ]A,2003-08-10,https://www.shooto-mma.com/fighters/?id=166,"NO (numeric id only, confirmed across all 27 weight-class listing pages + all=1 full listing; consistent with PR #234)",masahiro-oishi,,,
471,大河内 衛,Mamoru Okouchi,,バンタム級 [ -61.2 Kg ]A,2006-11-30,https://www.shooto-mma.com/fighters/?id=471,"NO (numeric id only, confirmed across all 27 weight-class listing pages + all=1 full listing; consistent with PR #234)",mamoru-okouchi,,,
1082,大越 崇弘,Takahiro Okoshi,TRIBE TOKYO M.M.A,バンタム級 [ -61.2 Kg ]A,2019-12-22,https://www.shooto-mma.com/fighters/?id=1082,"NO (numeric id only, confirmed across all 27 weight-class listing pages + all=1 full listing; consistent with PR #234)",takahiro-okoshi,,,
94,大里 洋志,Hiroshi Osato,スカーフィスト,フライ級 [ -56.7 Kg ]A,2019-11-03,https://www.shooto-mma.com/fighters/?id=94,"NO (numeric id only, confirmed across all 27 weight-class listing pages + all=1 full listing; consistent with PR #234)",hiroshi-osato,,,
167,大沢 ケンジ,Kenji Osawa,和術慧舟會HEARTS,バンタム級 [ -61.2 Kg ]A,2012-12-24,https://www.shooto-mma.com/fighters/?id=167,"NO (numeric id only, confirmed across all 27 weight-class listing pages + all=1 full listing; consistent with PR #234)",kenji-osawa,,,
240,大澤 茂樹,Shigeki Osawa,ハニートラップ,フェザー級 [ -65.8 Kg ]A,2015-07-06,https://www.shooto-mma.com/fighters/?id=240,"NO (numeric id only, confirmed across all 27 weight-class listing pages + all=1 full listing; consistent with PR #234)",shigeki-osawa,,,
1816,大竹 塁,RUI OTAKE,RISING SUN,フライ級 [ -56.7 Kg ]A,2026-05-17,https://www.shooto-mma.com/fighters/?id=1816,"NO (numeric id only, confirmed across all 27 weight-class listing pages + all=1 full listing; consistent with PR #234)",rui-otake,,,
1840,大橋 美歩,OHASHI,OOTA DOJO,キッズ・ジュニアグラップリングA,2025-06-14,https://www.shooto-mma.com/fighters/?id=1840,"NO (numeric id only, confirmed across all 27 weight-class listing pages + all=1 full listing; consistent with PR #234)",ohashi,,,
931,大原 友則,Tomonori Ohara,,ライト級 [ -70.3 Kg ]A,,https://www.shooto-mma.com/fighters/?id=931,"NO (numeric id only, confirmed across all 27 weight-class listing pages + all=1 full listing; consistent with PR #234)",tomonori-ohara,,,
168,岡嵜 康悦,Koetsu Okazaki,中之島MMAアカデミー,バンタム級 [ -61.2 Kg ]A,2012-05-18,https://www.shooto-mma.com/fighters/?id=168,"NO (numeric id only, confirmed across all 27 weight-class listing pages + all=1 full listing; consistent with PR #234)",koetsu-okazaki,,,
169,岡田 遼,Ryo Okada,パラエストラ千葉,バンタム級 [ -61.2 Kg ]A,2025-09-02,https://www.shooto-mma.com/fighters/?id=169,"NO (numeric id only, confirmed across all 27 weight-class listing pages + all=1 full listing; consistent with PR #234)",ryo-okada,,,
1838,奥田 愛加,OKUDA MANAKA,N★TRUST,グラップリングA,2026-05-17,https://www.shooto-mma.com/fighters/?id=1838,"NO (numeric id only, confirmed across all 27 weight-class listing pages + all=1 full listing; consistent with PR #234)",okuda-manaka,,,
367,奥野 轟天 泰舗,Taisuke Okuno,,ウェルター級 [ -77.1 Kg ]A,2008-10-05,https://www.shooto-mma.com/fighters/?id=367,"NO (numeric id only, confirmed across all 27 weight-class listing pages + all=1 full listing; consistent with PR #234)",taisuke-okuno,,,
170,小蒼 卓也,Takuya Ogura,スカーフィスト,バンタム級 [ -61.2 Kg ]A,2017-03-24,https://www.shooto-mma.com/fighters/?id=170,"NO (numeric id only, confirmed across all 27 weight-class listing pages + all=1 full listing; consistent with PR #234)",takuya-ogura,,,
95,越智 晴雄,Haruo Ochi,パラエストラ愛媛,フライ級 [ -56.7 Kg ]A,2012-11-11,https://www.shooto-mma.com/fighters/?id=95,"NO (numeric id only, confirmed across all 27 weight-class listing pages + all=1 full listing; consistent with PR #234)",haruo-ochi,,,
18,オニボウズ,Onibozu,総合格闘技ゴンズジム,ストロー級 [ -52.2 Kg ]A,2019-06-30,https://www.shooto-mma.com/fighters/?id=18,"NO (numeric id only, confirmed across all 27 weight-class listing pages + all=1 full listing; consistent with PR #234)",onibozu,,,
171,小野島 恒太,Kota Onojima,Combat Workout Diamonds,バンタム級 [ -61.2 Kg ]A,2022-05-22,https://www.shooto-mma.com/fighters/?id=171,"NO (numeric id only, confirmed across all 27 weight-class listing pages + all=1 full listing; consistent with PR #234)",kota-onojima,,,
1609,オーディン,ODIN,格闘DREAMERS,フェザー級 [ -65.8 Kg ]A,2023-11-19,https://www.shooto-mma.com/fighters/?id=1609,"NO (numeric id only, confirmed across all 27 weight-class listing pages + all=1 full listing; consistent with PR #234)",odin,,,
323,粕谷 優介,Yusuke Kasuya,秋本道場Jungle Junction,ライト級 [ -70.3 Kg ]A,2013-12-15,https://www.shooto-mma.com/fighters/?id=323,"NO (numeric id only, confirmed across all 27 weight-class listing pages + all=1 full listing; consistent with PR #234)",yusuke-kasuya,kasuya-yusuke,,
324,風田 陣,Jin Kazeta,ピロクテテス新潟,ライト級 [ -70.3 Kg ]A,2008-11-29,https://www.shooto-mma.com/fighters/?id=324,"NO (numeric id only, confirmed across all 27 weight-class listing pages + all=1 full listing; consistent with PR #234)",jin-kazeta,,,
802,勝田 哲夫,Tetsuo Katsuta,,フェザー級 [ -65.8 Kg ]A,2003-03-18,https://www.shooto-mma.com/fighters/?id=802,"NO (numeric id only, confirmed across all 27 weight-class listing pages + all=1 full listing; consistent with PR #234)",tetsuo-katsuta,,,
172,勝村 周一朗,Shuichiro Katsumura,リバーサルジム横浜グラウンドスラム,バンタム級 [ -61.2 Kg ]A,2010-03-22,https://www.shooto-mma.com/fighters/?id=172,"NO (numeric id only, confirmed across all 27 weight-class listing pages + all=1 full listing; consistent with PR #234)",shuichiro-katsumura,,,
675,加藤 鉄史,Tetsushi Kato,,ライト級 [ -70.3 Kg ]A,2009-11-23,https://www.shooto-mma.com/fighters/?id=675,"NO (numeric id only, confirmed across all 27 weight-class listing pages + all=1 full listing; consistent with PR #234)",tetsushi-kato,,,
1779,加藤 皓己,KATO KOUKI,roots,ストロー級 [ -52.2 Kg ]A,2026-02-28,https://www.shooto-mma.com/fighters/?id=1779,"NO (numeric id only, confirmed across all 27 weight-class listing pages + all=1 full listing; consistent with PR #234)",kato-kouki,,,
2048,加藤岡 善,KATOOKA ZEN,THE BLACKBELT JAPAN,A,2026-07-20,https://www.shooto-mma.com/fighters/?id=2048,"NO (numeric id only, confirmed across all 27 weight-class listing pages + all=1 full listing; consistent with PR #234)",katooka-zen,,,
242,門脇 英基,Hideki Kadowaki,和術慧舟會東京本部,フェザー級 [ -65.8 Kg ]A,2013-03-16,https://www.shooto-mma.com/fighters/?id=242,"NO (numeric id only, confirmed across all 27 weight-class listing pages + all=1 full listing; consistent with PR #234)",hideki-kadowaki,,,
173,カルロス ホベルト ベタオン,,ドラゴンファイトチーム,バンタム級 [ -61.2 Kg ]A,,https://www.shooto-mma.com/fighters/?id=173,"NO (numeric id only, confirmed across all 27 weight-class listing pages + all=1 full listing; consistent with PR #234)",,,,
924,川口 健次,Kenji Kawaguchi,シューティングジム横浜,ミドル級 [ -83.9 Kg ]A,,https://www.shooto-mma.com/fighters/?id=924,"NO (numeric id only, confirmed across all 27 weight-class listing pages + all=1 full listing; consistent with PR #234)",kenji-kawaguchi,,,
325,川尻 達也,Tatsuya Kawajiri,T-BLOOD,ライト級 [ -70.3 Kg ]A,2006-10-14,https://www.shooto-mma.com/fighters/?id=325,"NO (numeric id only, confirmed across all 27 weight-class listing pages + all=1 full listing; consistent with PR #234)",tatsuya-kawajiri,,,
4,川名 TENCHO 雄生,Yuki Kawana,Y&K MMA ACADEMY,ライト級 [ -70.3 Kg ]A,2021-09-20,https://www.shooto-mma.com/fighters/?id=4,"NO (numeric id only, confirmed across all 27 weight-class listing pages + all=1 full listing; consistent with PR #234)",yuki-kawana,,,
368,カン ジョンミン,Kang Jungmin,ジンビルMMA,ウェルター級 [ -77.1 Kg ]A,2011-04-17,https://www.shooto-mma.com/fighters/?id=368,"NO (numeric id only, confirmed across all 27 weight-class listing pages + all=1 full listing; consistent with PR #234)",kang-jungmin,,,
241,ガイ デルモ,Guy Delumeau,GUTSMAN修斗道場,フェザー級 [ -65.8 Kg ]A,2012-01-08,https://www.shooto-mma.com/fighters/?id=241,"NO (numeric id only, confirmed across all 27 weight-class listing pages + all=1 full listing; consistent with PR #234)",guy-delumeau,,,
369,菊地 昭,Akira Kikuchi,KRAZY BEE,ウェルター級 [ -77.1 Kg ]A,2007-02-17,https://www.shooto-mma.com/fighters/?id=369,"NO (numeric id only, confirmed across all 27 weight-class listing pages + all=1 full listing; consistent with PR #234)",akira-kikuchi,,,
1776,菊西 拓馬,TAKUMA KIKUNISHI,URUSHI DOJO,バンタム級 [ -61.2 Kg ]A,2025-10-11,https://www.shooto-mma.com/fighters/?id=1776,"NO (numeric id only, confirmed across all 27 weight-class listing pages + all=1 full listing; consistent with PR #234)",takuma-kikunishi,,,
96,北原 史寛,Fumihiro Kitahara,パラエストラ札幌,フライ級 [ -56.7 Kg ]A,2017-11-19,https://www.shooto-mma.com/fighters/?id=96,"NO (numeric id only, confirmed across all 27 weight-class listing pages + all=1 full listing; consistent with PR #234)",fumihiro-kitahara,,,
127,奇天烈,Kiteretsu,修斗GYMS直心会,バンタム級 [ -61.2 Kg ]A,2026-05-31,https://www.shooto-mma.com/fighters/?id=127,"NO (numeric id only, confirmed across all 27 weight-class listing pages + all=1 full listing; consistent with PR #234)",kiteretsu,,,
1839,金 美來,KIM,OOTA DOJO,キッズ・ジュニア修斗A,2025-06-14,https://www.shooto-mma.com/fighters/?id=1839,"NO (numeric id only, confirmed across all 27 weight-class listing pages + all=1 full listing; consistent with PR #234)",kim,,,
741,九平,Kyuhei,,ライト級 [ -70.3 Kg ]A,1996-03-05,https://www.shooto-mma.com/fighters/?id=741,"NO (numeric id only, confirmed across all 27 weight-class listing pages + all=1 full listing; consistent with PR #234)",kyuhei,,,
1878,狂介,KYOSUKE,道化倶楽部,A,2025-11-22,https://www.shooto-mma.com/fighters/?id=1878,"NO (numeric id only, confirmed across all 27 weight-class listing pages + all=1 full listing; consistent with PR #234)",kyosuke,,,
326,ギルバート メレンデス,Gilbert Melendez,シーザー・グレイシー・アカデミー,ライト級 [ -70.3 Kg ]A,2004-12-14,https://www.shooto-mma.com/fighters/?id=326,"NO (numeric id only, confirmed across all 27 weight-class listing pages + all=1 full listing; consistent with PR #234)",gilbert-melendez,,,
967,ギンハダカ,Ginhadaka,総合格闘技ゴンズジム,フライ級 [ -56.7 Kg ]A,,https://www.shooto-mma.com/fighters/?id=967,"NO (numeric id only, confirmed across all 27 weight-class listing pages + all=1 full listing; consistent with PR #234)",ginhadaka,,,
243,クォン ぺヨン,Kwon Bae Yon,チーム・パシ,フェザー級 [ -65.8 Kg ]A,2010-05-16,https://www.shooto-mma.com/fighters/?id=243,"NO (numeric id only, confirmed across all 27 weight-class listing pages + all=1 full listing; consistent with PR #234)",kwon-bae-yon,,,
969,久保 昌弘,Akihiro Kubo,帯広レスリングクラブ,ライト級 [ -70.3 Kg ]A,2022-12-04,https://www.shooto-mma.com/fighters/?id=969,"NO (numeric id only, confirmed across all 27 weight-class listing pages + all=1 full listing; consistent with PR #234)",akihiro-kubo,,,
450,久保山 誉,Homare Kuboyama,SHOOTO GYM K'z FACTORY,フライ級 [ -56.7 Kg ]A,2009-01-31,https://www.shooto-mma.com/fighters/?id=450,"NO (numeric id only, confirmed across all 27 weight-class listing pages + all=1 full listing; consistent with PR #234)",homare-kuboyama,,,
846,久米 鷹介,Takasuke Kume,ALIVE,ウェルター級 [ -77.1 Kg ]A,2011-04-17,https://www.shooto-mma.com/fighters/?id=846,"NO (numeric id only, confirmed across all 27 weight-class listing pages + all=1 full listing; consistent with PR #234)",takasuke-kume,,,
1874,クルボン バトル,,Prodigy Training Center,ウェルター級 [ -77.1 Kg ]A,2025-10-19,https://www.shooto-mma.com/fighters/?id=1874,"NO (numeric id only, confirmed across all 27 weight-class listing pages + all=1 full listing; consistent with PR #234)",,,,
22,黒澤 亮平,RYOHEI KUROSAWA,パラエストラ松戸,ストロー級 [ -52.2 Kg ]A,2023-04-16,https://www.shooto-mma.com/fighters/?id=22,"NO (numeric id only, confirmed across all 27 weight-class listing pages + all=1 full listing; consistent with PR #234)",ryohei-kurosawa,,,
593,桑原 卓也,Takuya Kuwabara,,ライト級 [ -70.3 Kg ]A,2000-08-27,https://www.shooto-mma.com/fighters/?id=593,"NO (numeric id only, confirmed across all 27 weight-class listing pages + all=1 full listing; consistent with PR #234)",takuya-kuwabara,,,
244,グスタヴォ ファルシローリ,Gustavo Falciroli,マッハ1,フェザー級 [ -65.8 Kg ]A,2010-10-19,https://www.shooto-mma.com/fighters/?id=244,"NO (numeric id only, confirmed across all 27 weight-class listing pages + all=1 full listing; consistent with PR #234)",gustavo-falciroli,,,
908,グラズヴィダス スマイリス,,ローニナス・リアトニア・ブシドー・チーム,ミドル級 [ -83.9 Kg ]A,,https://www.shooto-mma.com/fighters/?id=908,"NO (numeric id only, confirmed across all 27 weight-class listing pages + all=1 full listing; consistent with PR #234)",,,,
1036,KEVIN THE HARD-HITTING HILLBILLY CROOM,KEVIN CROOM,LUTTRELL’S MMA & FITNESS,バンタム級 [ -61.2 Kg ]A,2016-11-12,https://www.shooto-mma.com/fighters/?id=1036,"NO (numeric id only, confirmed across all 27 weight-class listing pages + all=1 full listing; consistent with PR #234)",kevin-croom,,,
327,小知和 晋,Shin Kochiwa,和術慧舟會東京本部,ライト級 [ -70.3 Kg ]A,2013-01-20,https://www.shooto-mma.com/fighters/?id=327,"NO (numeric id only, confirmed across all 27 weight-class listing pages + all=1 full listing; consistent with PR #234)",shin-kochiwa,,,
98,KODO,KODO,修斗GYM神戸,フライ級 [ -56.7 Kg ]A,2014-06-28,https://www.shooto-mma.com/fighters/?id=98,"NO (numeric id only, confirmed across all 27 weight-class listing pages + all=1 full listing; consistent with PR #234)",kodo,,,
370,小西 獅子 優樹,Yuki Konishi,シューティングジム神戸,ウェルター級 [ -77.1 Kg ]A,,https://www.shooto-mma.com/fighters/?id=370,"NO (numeric id only, confirmed across all 27 weight-class listing pages + all=1 full listing; consistent with PR #234)",yuki-konishi,,,
27,小堀 貴広,Takahiro Kohori,総合格闘技ゴンズジム,フライ級 [ -56.7 Kg ]A,2020-05-31,https://www.shooto-mma.com/fighters/?id=27,"NO (numeric id only, confirmed across all 27 weight-class listing pages + all=1 full listing; consistent with PR #234)",takahiro-kohori,,,
329,児山 佳宏,Yoshihiro Koyama,THE BLACKBELT JAPAN,フェザー級 [ -65.8 Kg ]A,2026-07-13,https://www.shooto-mma.com/fighters/?id=329,"NO (numeric id only, confirmed across all 27 weight-class listing pages + all=1 full listing; consistent with PR #234)",yoshihiro-koyama,,,
1784,今野 龍季,KONNO RYUKI,THE BLACKBELT JAPAN,フェザー級 [ -65.8 Kg ]A,2025-03-23,https://www.shooto-mma.com/fighters/?id=1784,"NO (numeric id only, confirmed across all 27 weight-class listing pages + all=1 full listing; consistent with PR #234)",konno-ryuki,,,
328,五味 隆典,Takanori Gomi,久我山ラスカルジム,ライト級 [ -70.3 Kg ]A,2009-05-10,https://www.shooto-mma.com/fighters/?id=328,"NO (numeric id only, confirmed across all 27 weight-class listing pages + all=1 full listing; consistent with PR #234)",takanori-gomi,,,
5,斎藤 裕,Yutaka Saito,パラエストラ小岩,フェザー級 [ -65.8 Kg ]A,2020-03-29,https://www.shooto-mma.com/fighters/?id=5,"NO (numeric id only, confirmed across all 27 weight-class listing pages + all=1 full listing; consistent with PR #234)",yutaka-saito,saito-yutaka,,
1781,齋藤 優,SAITOU YU,フリー,フェザー級 [ -65.8 Kg ]A,2026-04-11,https://www.shooto-mma.com/fighters/?id=1781,"NO (numeric id only, confirmed across all 27 weight-class listing pages + all=1 full listing; consistent with PR #234)",saitou-yu,,,
414,サウリ ヘイリモ,Sauli Heilimo,チーム・スカンジナビア,ミドル級 [ -83.9 Kg ]A,,https://www.shooto-mma.com/fighters/?id=414,"NO (numeric id only, confirmed across all 27 weight-class listing pages + all=1 full listing; consistent with PR #234)",sauli-heilimo,,,
1765,酒井 柚樹,,TEAM TEPPEN,A,2024-12-29,https://www.shooto-mma.com/fighters/?id=1765,"NO (numeric id only, confirmed across all 27 weight-class listing pages + all=1 full listing; consistent with PR #234)",,,,
1170,阪本 洋平,Yohei Sakamoto,T-BLOOD,フェザー級 [ -65.8 Kg ]A,2019-01-27,https://www.shooto-mma.com/fighters/?id=1170,"NO (numeric id only, confirmed across all 27 weight-class listing pages + all=1 full listing; consistent with PR #234)",yohei-sakamoto,,,
928,坂本 一弘,Kazuhiro Sakamoto,シューティングジム横浜,フェザー級 [ -65.8 Kg ]A,,https://www.shooto-mma.com/fighters/?id=928,"NO (numeric id only, confirmed across all 27 weight-class listing pages + all=1 full listing; consistent with PR #234)",kazuhiro-sakamoto,,,
174,佐久間 健太,Kenta Sakuma,パラエストラ柏,バンタム級 [ -61.2 Kg ]A,2014-09-27,https://www.shooto-mma.com/fighters/?id=174,"NO (numeric id only, confirmed across all 27 weight-class listing pages + all=1 full listing; consistent with PR #234)",kenta-sakuma,,,
371,桜井 マッハ 速人,Hayato Sakurai,マッハ道場,ウェルター級 [ -77.1 Kg ]A,2008-05-03,https://www.shooto-mma.com/fighters/?id=371,"NO (numeric id only, confirmed across all 27 weight-class listing pages + all=1 full listing; consistent with PR #234)",hayato-sakurai,,,
930,桜田 直樹,Naoki Sakurada,GUTSMAN,ウェルター級 [ -77.1 Kg ]A,,https://www.shooto-mma.com/fighters/?id=930,"NO (numeric id only, confirmed across all 27 weight-class listing pages + all=1 full listing; consistent with PR #234)",naoki-sakurada,,,
330,佐々木 信治,Shinji Sasaki,BURST,ライト級 [ -70.3 Kg ]A,2021-12-05,https://www.shooto-mma.com/fighters/?id=330,"NO (numeric id only, confirmed across all 27 weight-class listing pages + all=1 full listing; consistent with PR #234)",shinji-sasaki,,,
883,佐々木 有生,Yuki Sasaki,GRABAKAジム,ウェルター級 [ -77.1 Kg ]A,2012-05-18,https://www.shooto-mma.com/fighters/?id=883,"NO (numeric id only, confirmed across all 27 weight-class listing pages + all=1 full listing; consistent with PR #234)",yuki-sasaki,,,
175,佐々木 憂流迦,Ulka Sasaki,和術慧舟會駿河道場,バンタム級 [ -61.2 Kg ]A,2014-02-23,https://www.shooto-mma.com/fighters/?id=175,"NO (numeric id only, confirmed across all 27 weight-class listing pages + all=1 full listing; consistent with PR #234)",ulka-sasaki,,,
288,SASUKE,SASUKE,MASTER JAPAN,フェザー級 [ -65.8 Kg ]A,2025-03-16,https://www.shooto-mma.com/fighters/?id=288,"NO (numeric id only, confirmed across all 27 weight-class listing pages + all=1 full listing; consistent with PR #234)",sasuke,sasuke,,YES
372,佐藤 洋一郎,Yoichiro Sato,グレイシー・バッハ東京,ウェルター級 [ -77.1 Kg ]A,2013-03-16,https://www.shooto-mma.com/fighters/?id=372,"NO (numeric id only, confirmed across all 27 weight-class listing pages + all=1 full listing; consistent with PR #234)",yoichiro-sato,,,
176,佐藤 将光,Shoko Sato,坂口道場一族,バンタム級 [ -61.2 Kg ]A,2021-11-06,https://www.shooto-mma.com/fighters/?id=176,"NO (numeric id only, confirmed across all 27 weight-class listing pages + all=1 full listing; consistent with PR #234)",shoko-sato,sato-shoko,,
245,佐藤 ルミナ,Rumina Sato,roots,フェザー級 [ -65.8 Kg ]A,2012-12-24,https://www.shooto-mma.com/fighters/?id=245,"NO (numeric id only, confirmed across all 27 weight-class listing pages + all=1 full listing; consistent with PR #234)",rumina-sato,,,
28,猿田 洋祐,Yosuke Saruta,和術慧舟會HEARTS,ストロー級 [ -52.2 Kg ]A,2018-07-15,https://www.shooto-mma.com/fighters/?id=28,"NO (numeric id only, confirmed across all 27 weight-class listing pages + all=1 full listing; consistent with PR #234)",yosuke-saruta,,,
29,猿丸 ジュンジ,Junji Sarumaru,修斗GYM東京,ストロー級 [ -52.2 Kg ]A,2023-12-02,https://www.shooto-mma.com/fighters/?id=29,"NO (numeric id only, confirmed across all 27 weight-class listing pages + all=1 full listing; consistent with PR #234)",junji-sarumaru,,,
30,澤田 龍人,RYUTO SAWADA,AACC×剛毅會,ストロー級 [ -52.2 Kg ]A,2024-04-07,https://www.shooto-mma.com/fighters/?id=30,"NO (numeric id only, confirmed across all 27 weight-class listing pages + all=1 full listing; consistent with PR #234)",ryuto-sawada,,,
177,山内 慎人,Masato Sannai,GUTSMAN,バンタム級 [ -61.2 Kg ]A,2010-12-18,https://www.shooto-mma.com/fighters/?id=177,"NO (numeric id only, confirmed across all 27 weight-class listing pages + all=1 full listing; consistent with PR #234)",masato-sannai,,,
373,ザビアー ルーカス,Lucas Xavier,マッハ1,ウェルター級 [ -77.1 Kg ]A,,https://www.shooto-mma.com/fighters/?id=373,"NO (numeric id only, confirmed across all 27 weight-class listing pages + all=1 full listing; consistent with PR #234)",lucas-xavier,,,
415,シアー バハドゥルザダ,Siyar Bahadurzada,ゴールデングローリー・タツジンドージョー,ミドル級 [ -83.9 Kg ]A,2010-08-07,https://www.shooto-mma.com/fighters/?id=415,"NO (numeric id only, confirmed across all 27 weight-class listing pages + all=1 full listing; consistent with PR #234)",siyar-bahadurzada,,,
100,清水 清隆,Kiyotaka Shimizu,TRIBE TOKYO M.M.A,フライ級 [ -56.7 Kg ]A,2022-11-27,https://www.shooto-mma.com/fighters/?id=100,"NO (numeric id only, confirmed across all 27 weight-class listing pages + all=1 full listing; consistent with PR #234)",kiyotaka-shimizu,,,
1775,清水 俊一,SYUNICHI SHIMIZU,総合格闘技宇留野道場,バンタム級 [ -61.2 Kg ]A,2025-01-19,https://www.shooto-mma.com/fighters/?id=1775,"NO (numeric id only, confirmed across all 27 weight-class listing pages + all=1 full listing; consistent with PR #234)",syunichi-shimizu,,,
331,下石 康太,Kota Shimoishi,MMA/修斗ジムBLOWS,ライト級 [ -70.3 Kg ]A,2013-07-27,https://www.shooto-mma.com/fighters/?id=331,"NO (numeric id only, confirmed across all 27 weight-class listing pages + all=1 full listing; consistent with PR #234)",kota-shimoishi,,,
32,下川 雄生,Yusei Shimokawa,ドラゴンテイル,ストロー級 [ -52.2 Kg ]A,2013-11-09,https://www.shooto-mma.com/fighters/?id=32,"NO (numeric id only, confirmed across all 27 weight-class listing pages + all=1 full listing; consistent with PR #234)",yusei-shimokawa,,,
33,正城 ユウキ,Yuki Shoujou,クロスワンジム湘南,ストロー級 [ -52.2 Kg ]A,2015-02-11,https://www.shooto-mma.com/fighters/?id=33,"NO (numeric id only, confirmed across all 27 weight-class listing pages + all=1 full listing; consistent with PR #234)",yuki-shoujou,,,
1873,シンバートル バットエルデネ,,Team Tungaa Shandas,バンタム級 [ -61.2 Kg ]A,2026-07-13,https://www.shooto-mma.com/fighters/?id=1873,"NO (numeric id only, confirmed across all 27 weight-class listing pages + all=1 full listing; consistent with PR #234)",,,,
1768,シンパヤック ハマジム,,HAMA・GYM,A,2024-12-29,https://www.shooto-mma.com/fighters/?id=1768,"NO (numeric id only, confirmed across all 27 weight-class listing pages + all=1 full listing; consistent with PR #234)",,,,
374,ジェイク シールズ,Shields Jake,シーザー・グレイシー・アカデミー,ウェルター級 [ -77.1 Kg ]A,2004-12-14,https://www.shooto-mma.com/fighters/?id=374,"NO (numeric id only, confirmed across all 27 weight-class listing pages + all=1 full listing; consistent with PR #234)",shields-jake,,,
31,ジェシー タイタノ,Jesse Taitano,SPIKE 22,ストロー級 [ -52.2 Kg ]A,2010-09-23,https://www.shooto-mma.com/fighters/?id=31,"NO (numeric id only, confirmed across all 27 weight-class listing pages + all=1 full listing; consistent with PR #234)",jesse-taitano,,,
1855,ジャン・ボム・ソク,BOMSEOK JANG,Team HAN CLUB,ミドル級 [ -83.9 Kg ]A,2025-09-21,https://www.shooto-mma.com/fighters/?id=1855,"NO (numeric id only, confirmed across all 27 weight-class listing pages + all=1 full listing; consistent with PR #234)",bomseok-jang,,,
99,ジュシー フォルミーガ,Jussier Formiga,ノヴァ・ウニオン,フライ級 [ -56.7 Kg ]A,2009-07-19,https://www.shooto-mma.com/fighters/?id=99,"NO (numeric id only, confirmed across all 27 weight-class listing pages + all=1 full listing; consistent with PR #234)",jussier-formiga,,,
178,ジョ ナンジン,Nam Jin Jo,TEAM M.A.D,バンタム級 [ -61.2 Kg ]A,2012-09-23,https://www.shooto-mma.com/fighters/?id=178,"NO (numeric id only, confirmed across all 27 weight-class listing pages + all=1 full listing; consistent with PR #234)",nam-jin-jo,,,
246,ジョニー エドゥアウド,,ノヴァ・ウニオン,フェザー級 [ -65.8 Kg ]A,,https://www.shooto-mma.com/fighters/?id=246,"NO (numeric id only, confirmed across all 27 weight-class listing pages + all=1 full listing; consistent with PR #234)",,,,
1,菅原 雅顕,Masaaki Sugawara,四街道スポーツジム,フライ級 [ -56.7 Kg ]A,2016-04-23,https://www.shooto-mma.com/fighters/?id=1,"NO (numeric id only, confirmed across all 27 weight-class listing pages + all=1 full listing; consistent with PR #234)",masaaki-sugawara,,,
689,杉江 アマゾン 大輔,Daisuke Sugie,ALIVE,ライト級 [ -70.3 Kg ]A,2011-01-10,https://www.shooto-mma.com/fighters/?id=689,"NO (numeric id only, confirmed across all 27 weight-class listing pages + all=1 full listing; consistent with PR #234)",daisuke-sugie,,,
1834,鈴木 舞,SUZUKI MAI,寒天ファイトスピリットジム,女子バンタム級A,2025-06-14,https://www.shooto-mma.com/fighters/?id=1834,"NO (numeric id only, confirmed across all 27 weight-class listing pages + all=1 full listing; consistent with PR #234)",suzuki-mai,,,
742,鈴木 マサト,Masato Suzuki,シューティングジム横浜,ライト級 [ -70.3 Kg ]A,,https://www.shooto-mma.com/fighters/?id=742,"NO (numeric id only, confirmed across all 27 weight-class listing pages + all=1 full listing; consistent with PR #234)",masato-suzuki,,,
416,須田 匡昇,Masanori Suda,クラブＪ,ミドル級 [ -83.9 Kg ]A,,https://www.shooto-mma.com/fighters/?id=416,"NO (numeric id only, confirmed across all 27 weight-class listing pages + all=1 full listing; consistent with PR #234)",masanori-suda,,,
1877,惺也,SEIYA,OISHI GYM,A,2025-11-22,https://www.shooto-mma.com/fighters/?id=1877,"NO (numeric id only, confirmed across all 27 weight-class listing pages + all=1 full listing; consistent with PR #234)",seiya,,,
959,関口 祐冬,YUTO SEKIGUCHI,修斗GYM東京,フライ級 [ -56.7 Kg ]A,2026-07-20,https://www.shooto-mma.com/fighters/?id=959,"NO (numeric id only, confirmed across all 27 weight-class listing pages + all=1 full listing; consistent with PR #234)",yuto-sekiguchi,,,
925,関島 康人,Yasuto Sekishima,スーパータイガージム,ウェルター級 [ -77.1 Kg ]A,,https://www.shooto-mma.com/fighters/?id=925,"NO (numeric id only, confirmed across all 27 weight-class listing pages + all=1 full listing; consistent with PR #234)",yasuto-sekishima,,,
102,征矢 貴,Takaki Soya,パラエストラ松戸,フライ級 [ -56.7 Kg ]A,2017-05-12,https://www.shooto-mma.com/fighters/?id=102,"NO (numeric id only, confirmed across all 27 weight-class listing pages + all=1 full listing; consistent with PR #234)",takaki-soya,soya-takaki,,
1881,大成,TAISEI,Team FreeStyle,A,2025-11-22,https://www.shooto-mma.com/fighters/?id=1881,"NO (numeric id only, confirmed across all 27 weight-class listing pages + all=1 full listing; consistent with PR #234)",taisei,,,
247,大尊 伸光,Nobumitsu Tyson,野田ボディビル同好会,ライト級 [ -70.3 Kg ]A,2024-07-28,https://www.shooto-mma.com/fighters/?id=247,"NO (numeric id only, confirmed across all 27 weight-class listing pages + all=1 full listing; consistent with PR #234)",nobumitsu-tyson,,YES,
725,高木 健太,Kenta Takagi,リバーサルジム川口REDIPS,ウェルター級 [ -77.1 Kg ]A,2013-03-16,https://www.shooto-mma.com/fighters/?id=725,"NO (numeric id only, confirmed across all 27 weight-class listing pages + all=1 full listing; consistent with PR #234)",kenta-takagi,,,
103,高橋 大児,Daiji Takahashi,K'zファクトリー,フライ級 [ -56.7 Kg ]A,2011-10-01,https://www.shooto-mma.com/fighters/?id=103,"NO (numeric id only, confirmed across all 27 weight-class listing pages + all=1 full listing; consistent with PR #234)",daiji-takahashi,,,
248,高橋 遼伍,Ryogo Takahashi,KRAZY BEE,フェザー級 [ -65.8 Kg ]A,2019-07-15,https://www.shooto-mma.com/fighters/?id=248,"NO (numeric id only, confirmed across all 27 weight-class listing pages + all=1 full listing; consistent with PR #234)",ryogo-takahashi,,,
249,髙谷 裕之,Hiroyuki Takaya,EXFIGHTFARM,フェザー級 [ -65.8 Kg ]A,2019-09-22,https://www.shooto-mma.com/fighters/?id=249,"NO (numeric id only, confirmed across all 27 weight-class listing pages + all=1 full listing; consistent with PR #234)",hiroyuki-takaya,,,
333,タクミ,Takumi,パレストラ大阪,ライト級 [ -70.3 Kg ]A,2017-06-25,https://www.shooto-mma.com/fighters/?id=333,"NO (numeric id only, confirmed across all 27 weight-class listing pages + all=1 full listing; consistent with PR #234)",takumi,,,
1773,田口 恵大,KEITA TAGUCHI,RISING SUN,フライ級 [ -56.7 Kg ]A,2025-11-16,https://www.shooto-mma.com/fighters/?id=1773,"NO (numeric id only, confirmed across all 27 weight-class listing pages + all=1 full listing; consistent with PR #234)",keita-taguchi,,YES,
334,武田 飛翔,Hisho Takeda,Trister Gym,フェザー級 [ -65.8 Kg ]A,2018-07-01,https://www.shooto-mma.com/fighters/?id=334,"NO (numeric id only, confirmed across all 27 weight-class listing pages + all=1 full listing; consistent with PR #234)",hisho-takeda,,,
179,竹中 大地,Daichi Takenaka,パラエストラ和泉,バンタム級 [ -61.2 Kg ]A,2023-07-23,https://www.shooto-mma.com/fighters/?id=179,"NO (numeric id only, confirmed across all 27 weight-class listing pages + all=1 full listing; consistent with PR #234)",daichi-takenaka,,,
515,田澤 聡,So Tazawa,GUTSMAN,バンタム級 [ -61.2 Kg ]A,2010-09-23,https://www.shooto-mma.com/fighters/?id=515,"NO (numeric id only, confirmed across all 27 weight-class listing pages + all=1 full listing; consistent with PR #234)",so-tazawa,,,
810,巽 宇宙,Uchu Tatsumi,,フェザー級 [ -65.8 Kg ]A,2000-08-27,https://www.shooto-mma.com/fighters/?id=810,"NO (numeric id only, confirmed across all 27 weight-class listing pages + all=1 full listing; consistent with PR #234)",uchu-tatsumi,,,
926,田中 健一,Kenichi Tanaka,格闘結社田中塾,フェザー級 [ -65.8 Kg ]A,,https://www.shooto-mma.com/fighters/?id=926,"NO (numeric id only, confirmed across all 27 weight-class listing pages + all=1 full listing; consistent with PR #234)",kenichi-tanaka,,,
250,田中 半蔵,Hanzo Tanaka,FUN’S,フェザー級 [ -65.8 Kg ]A,2026-06-28,https://www.shooto-mma.com/fighters/?id=250,"NO (numeric id only, confirmed across all 27 weight-class listing pages + all=1 full listing; consistent with PR #234)",hanzo-tanaka,,,
509,田中 寛之,Hiroyuki Tanaka,直心会TK68,フライ級 [ -56.7 Kg ]A,2016-06-19,https://www.shooto-mma.com/fighters/?id=509,"NO (numeric id only, confirmed across all 27 weight-class listing pages + all=1 full listing; consistent with PR #234)",hiroyuki-tanaka,,,
447,田原 しんぺー,Shinpe Tahara,総合格闘技道場STF,ストロー級 [ -52.2 Kg ]A,2012-08-25,https://www.shooto-mma.com/fighters/?id=447,"NO (numeric id only, confirmed across all 27 weight-class listing pages + all=1 full listing; consistent with PR #234)",shinpe-tahara,,,
375,田村 ヒビキ,Hibiki Tamura,カルペディエム福岡,ウェルター級 [ -77.1 Kg ]A,2022-05-15,https://www.shooto-mma.com/fighters/?id=375,"NO (numeric id only, confirmed across all 27 weight-class listing pages + all=1 full listing; consistent with PR #234)",hibiki-tamura,,YES,
251,田村 彰敏,Akitoshi Tamura,総合格闘技津田沼道場,フェザー級 [ -65.8 Kg ]A,2013-09-29,https://www.shooto-mma.com/fighters/?id=251,"NO (numeric id only, confirmed across all 27 weight-class listing pages + all=1 full listing; consistent with PR #234)",akitoshi-tamura,,,
252,田村 一聖,Issei Tamura,KRAZY BEE,フェザー級 [ -65.8 Kg ]A,2010-07-19,https://www.shooto-mma.com/fighters/?id=252,"NO (numeric id only, confirmed across all 27 weight-class listing pages + all=1 full listing; consistent with PR #234)",issei-tamura,,,
1077,Danny Martinez,Danny Martinez,ALLIANCE MMA,フライ級 [ -56.7 Kg ]A,2017-04-23,https://www.shooto-mma.com/fighters/?id=1077,"NO (numeric id only, confirmed across all 27 weight-class listing pages + all=1 full listing; consistent with PR #234)",danny-martinez,,,
180,ダレン ウエノヤマ,Dallen Uenoyama,FTCC,バンタム級 [ -61.2 Kg ]A,,https://www.shooto-mma.com/fighters/?id=180,"NO (numeric id only, confirmed across all 27 weight-class listing pages + all=1 full listing; consistent with PR #234)",dallen-uenoyama,,,
417,ダービト ビエルクヘイデン,BIELKHEDEN DAVID,チーム・スカンジナビア・ヒルティ柔術,ミドル級 [ -83.9 Kg ]A,,https://www.shooto-mma.com/fighters/?id=417,"NO (numeric id only, confirmed across all 27 weight-class listing pages + all=1 full listing; consistent with PR #234)",bielkheden-david,,,
181,直撃我聞,Chokugekigamon,,バンタム級 [ -61.2 Kg ]A,2019-12-15,https://www.shooto-mma.com/fighters/?id=181,"NO (numeric id only, confirmed across all 27 weight-class listing pages + all=1 full listing; consistent with PR #234)",chokugekigamon,,,
1780,塚本 竜馬,TSUKAMOTO RYOMA,roots,バンタム級 [ -61.2 Kg ]A,2025-09-02,https://www.shooto-mma.com/fighters/?id=1780,"NO (numeric id only, confirmed across all 27 weight-class listing pages + all=1 full listing; consistent with PR #234)",tsukamoto-ryoma,,,
1783,辻 純也,TSUJI JYUNYA,ISHITSUNA MMA GYM,フェザー級 [ -65.8 Kg ]A,2026-01-18,https://www.shooto-mma.com/fighters/?id=1783,"NO (numeric id only, confirmed across all 27 weight-class listing pages + all=1 full listing; consistent with PR #234)",tsuji-jyunya,,,
12,土屋 大喜,Taiki Tsuchiya,roots,バンタム級 [ -61.2 Kg ]A,2018-09-23,https://www.shooto-mma.com/fighters/?id=12,"NO (numeric id only, confirmed across all 27 weight-class listing pages + all=1 full listing; consistent with PR #234)",taiki-tsuchiya,,,
182,徹 肌ィ朗,Hadairo Tetsu,和術慧舟會岩手支部,バンタム級 [ -61.2 Kg ]A,2016-03-21,https://www.shooto-mma.com/fighters/?id=182,"NO (numeric id only, confirmed across all 27 weight-class listing pages + all=1 full listing; consistent with PR #234)",hadairo-tetsu,,,
261,不死身夜 天慶,Tenkei Fujimiya,シューティングジム横浜,フェザー級 [ -65.8 Kg ]A,2011-11-05,https://www.shooto-mma.com/fighters/?id=261,"NO (numeric id only, confirmed across all 27 weight-class listing pages + all=1 full listing; consistent with PR #234)",tenkei-fujimiya,,,
676,天突 頑丈,Ganjo Tentsuku,,ライト級 [ -70.3 Kg ]A,2009-02-28,https://www.shooto-mma.com/fighters/?id=676,"NO (numeric id only, confirmed across all 27 weight-class listing pages + all=1 full listing; consistent with PR #234)",ganjo-tentsuku,,,
376,デイビッド バロン,David Baron,オウ・テンション,ウェルター級 [ -77.1 Kg ]A,2008-05-03,https://www.shooto-mma.com/fighters/?id=376,"NO (numeric id only, confirmed across all 27 weight-class listing pages + all=1 full listing; consistent with PR #234)",david-baron,,,
1854,デソウザ マルセル,DESAUZA MARSEL,総合格闘技道場STF,ウェルター級 [ -77.1 Kg ]A,2026-05-17,https://www.shooto-mma.com/fighters/?id=1854,"NO (numeric id only, confirmed across all 27 weight-class listing pages + all=1 full listing; consistent with PR #234)",desauza-marsel,,,
253,戸井田 カツヤ,Katsuya Toida,和術慧舟會トイカツ道場,フェザー級 [ -65.8 Kg ]A,2010-03-20,https://www.shooto-mma.com/fighters/?id=253,"NO (numeric id only, confirmed across all 27 weight-class listing pages + all=1 full listing; consistent with PR #234)",katsuya-toida,,,
335,冨樫 健一郎,Kenichiro Togashi,パラエストラ広島,ライト級 [ -70.3 Kg ]A,2015-06-21,https://www.shooto-mma.com/fighters/?id=335,"NO (numeric id only, confirmed across all 27 weight-class listing pages + all=1 full listing; consistent with PR #234)",kenichiro-togashi,,,
254,トニー ハービー,Tony Hervey,マッシュファイトチーム,フェザー級 [ -65.8 Kg ]A,2011-01-10,https://www.shooto-mma.com/fighters/?id=254,"NO (numeric id only, confirmed across all 27 weight-class listing pages + all=1 full listing; consistent with PR #234)",tony-hervey,,,
1754,友利 幸汰,KOTA TOMORI,パラエストラ小岩,ストロー級 [ -52.2 Kg ]A,2026-04-19,https://www.shooto-mma.com/fighters/?id=1754,"NO (numeric id only, confirmed across all 27 weight-class listing pages + all=1 full listing; consistent with PR #234)",kota-tomori,,YES,
255,TOMA,TOMA,直心会TK68,フェザー級 [ -65.8 Kg ]A,2026-06-28,https://www.shooto-mma.com/fighters/?id=255,"NO (numeric id only, confirmed across all 27 weight-class listing pages + all=1 full listing; consistent with PR #234)",toma,toma,,YES
34,内藤 のび太,Nobita Naito,パラエストラ松戸,ストロー級 [ -52.2 Kg ]A,2015-11-30,https://www.shooto-mma.com/fighters/?id=34,"NO (numeric id only, confirmed across all 27 weight-class listing pages + all=1 full listing; consistent with PR #234)",nobita-naito,,,
932,中井 祐樹,Yuki Nakai,パラエストラ東京,ライト級 [ -70.3 Kg ]A,,https://www.shooto-mma.com/fighters/?id=932,"NO (numeric id only, confirmed across all 27 weight-class listing pages + all=1 full listing; consistent with PR #234)",yuki-nakai,,,
796,中尾 受太郎,Jutaro Nakao,,ウェルター級 [ -77.1 Kg ]A,,https://www.shooto-mma.com/fighters/?id=796,"NO (numeric id only, confirmed across all 27 weight-class listing pages + all=1 full listing; consistent with PR #234)",jutaro-nakao,,,
332,中蔵 隆志,Takashi Nakakura,MMA/修斗ジムBLOWS,ライト級 [ -70.3 Kg ]A,2011-04-29,https://www.shooto-mma.com/fighters/?id=332,"NO (numeric id only, confirmed across all 27 weight-class listing pages + all=1 full listing; consistent with PR #234)",takashi-nakakura,,,
256,中村 アイアン 浩士,Hiroshi Nakamura,東京イエローマンズ,フェザー級 [ -65.8 Kg ]A,2007-08-05,https://www.shooto-mma.com/fighters/?id=256,"NO (numeric id only, confirmed across all 27 weight-class listing pages + all=1 full listing; consistent with PR #234)",hiroshi-nakamura,,,
257,中村 ジュニア,Nakamura Jr.,マッハ道場,フェザー級 [ -65.8 Kg ]A,2016-01-11,https://www.shooto-mma.com/fighters/?id=257,"NO (numeric id only, confirmed across all 27 weight-class listing pages + all=1 full listing; consistent with PR #234)",nakamura-jr,,,
377,中村 K太郎,Keitarou Nakamura,和術慧舟會K太郎道場,ウェルター級 [ -77.1 Kg ]A,2013-07-27,https://www.shooto-mma.com/fighters/?id=377,"NO (numeric id only, confirmed across all 27 weight-class listing pages + all=1 full listing; consistent with PR #234)",keitarou-nakamura,,,
378,新美 吉太郎,Yoshitaro Niimi,ALIVE,ウェルター級 [ -77.1 Kg ]A,2009-09-20,https://www.shooto-mma.com/fighters/?id=378,"NO (numeric id only, confirmed across all 27 weight-class listing pages + all=1 full listing; consistent with PR #234)",yoshitaro-niimi,,,
258,西浦 ウィッキー 聡生,Akiyo Nishiura,KRAZY BEE,フェザー級 [ -65.8 Kg ]A,2020-05-31,https://www.shooto-mma.com/fighters/?id=258,"NO (numeric id only, confirmed across all 27 weight-class listing pages + all=1 full listing; consistent with PR #234)",akiyo-nishiura,,,
336,西岡 攻児,Koji Nishioka,MASTER JAPAN,ライト級 [ -70.3 Kg ]A,2014-09-21,https://www.shooto-mma.com/fighters/?id=336,"NO (numeric id only, confirmed across all 27 weight-class listing pages + all=1 full listing; consistent with PR #234)",koji-nishioka,,,
1283,西川 大和,YAMATO NISHIKAWA,西川道場,ライト級 [ -70.3 Kg ]A,2022-09-19,https://www.shooto-mma.com/fighters/?id=1283,"NO (numeric id only, confirmed across all 27 weight-class listing pages + all=1 full listing; consistent with PR #234)",yamato-nishikawa,,,
35,ニシダ ☆ ショー,Sho Nishida,BURST,ストロー級 [ -52.2 Kg ]A,2025-10-19,https://www.shooto-mma.com/fighters/?id=35,"NO (numeric id only, confirmed across all 27 weight-class listing pages + all=1 full listing; consistent with PR #234)",sho-nishida,,,
183,根津 優太,Yuta Nezu,&MOSH,バンタム級 [ -61.2 Kg ]A,2022-07-17,https://www.shooto-mma.com/fighters/?id=183,"NO (numeric id only, confirmed across all 27 weight-class listing pages + all=1 full listing; consistent with PR #234)",yuta-nezu,,,
104,のぶ 渡辺,Nobu Watanabe,roots,フライ級 [ -56.7 Kg ]A,2015-09-21,https://www.shooto-mma.com/fighters/?id=104,"NO (numeric id only, confirmed across all 27 weight-class listing pages + all=1 full listing; consistent with PR #234)",nobu-watanabe,,,
105,萩原 幸太郎,Koutaro Hagiwara,パラエストラ八王子,フライ級 [ -56.7 Kg ]A,2017-12-17,https://www.shooto-mma.com/fighters/?id=105,"NO (numeric id only, confirmed across all 27 weight-class listing pages + all=1 full listing; consistent with PR #234)",koutaro-hagiwara,,,
970,橋本 公一,Koichi Hashimoto,9's MMA,ウェルター級 [ -77.1 Kg ]A,2016-11-13,https://www.shooto-mma.com/fighters/?id=970,"NO (numeric id only, confirmed across all 27 weight-class listing pages + all=1 full listing; consistent with PR #234)",koichi-hashimoto,,,
106,塙 真一,Shinichi Hanawa,パラエストラ小岩,フライ級 [ -56.7 Kg ]A,2016-02-27,https://www.shooto-mma.com/fighters/?id=106,"NO (numeric id only, confirmed across all 27 weight-class listing pages + all=1 full listing; consistent with PR #234)",shinichi-hanawa,,,
1372,原口 央,AKIRA HARAGUCHI,BRAVE,フェザー級 [ -65.8 Kg ]A,2021-11-06,https://www.shooto-mma.com/fighters/?id=1372,"NO (numeric id only, confirmed across all 27 weight-class listing pages + all=1 full listing; consistent with PR #234)",akira-haraguchi,,,
1376,原口 伸,SHIN HARAGUCHI,BRAVE,ライト級 [ -70.3 Kg ]A,2021-11-06,https://www.shooto-mma.com/fighters/?id=1376,"NO (numeric id only, confirmed across all 27 weight-class listing pages + all=1 full listing; consistent with PR #234)",shin-haraguchi,,,
36,春崎 武裕,Takehiro Harusaki,直心会修斗GYMS,ストロー級 [ -52.2 Kg ]A,2011-09-04,https://www.shooto-mma.com/fighters/?id=36,"NO (numeric id only, confirmed across all 27 weight-class listing pages + all=1 full listing; consistent with PR #234)",takehiro-harusaki,,,
1753,梅筋 毒一郎,DOKUICHIRO BAIKIN,総合格闘技道場コブラ会,フライ級 [ -56.7 Kg ]A,2026-04-19,https://www.shooto-mma.com/fighters/?id=1753,"NO (numeric id only, confirmed across all 27 weight-class listing pages + all=1 full listing; consistent with PR #234)",dokuichiro-baikin,,YES,
259,バレット ヨシダ,Baret Yoshida,SD UNDISPUTED GYM,フェザー級 [ -65.8 Kg ]A,,https://www.shooto-mma.com/fighters/?id=259,"NO (numeric id only, confirmed across all 27 weight-class listing pages + all=1 full listing; consistent with PR #234)",baret-yoshida,,,
260,日沖 発,Hatsu Hioki,ALIVE,フェザー級 [ -65.8 Kg ]A,2010-05-30,https://www.shooto-mma.com/fighters/?id=260,"NO (numeric id only, confirmed across all 27 weight-class listing pages + all=1 full listing; consistent with PR #234)",hatsu-hioki,,,
337,廣田 瑞人,Mizuto Hirota,ガッツマン修斗道場,ライト級 [ -70.3 Kg ]A,2007-02-17,https://www.shooto-mma.com/fighters/?id=337,"NO (numeric id only, confirmed across all 27 weight-class listing pages + all=1 full listing; consistent with PR #234)",mizuto-hirota,,,
338,弘中 邦佳,Kuniyoshi Hironaka,MASTER JAPAN,ライト級 [ -70.3 Kg ]A,2014-10-04,https://www.shooto-mma.com/fighters/?id=338,"NO (numeric id only, confirmed across all 27 weight-class listing pages + all=1 full listing; consistent with PR #234)",kuniyoshi-hironaka,,,
454,廣野 剛康,Takeyasu Hirono,,フライ級 [ -56.7 Kg ]A,2007-05-13,https://www.shooto-mma.com/fighters/?id=454,"NO (numeric id only, confirmed across all 27 weight-class listing pages + all=1 full listing; consistent with PR #234)",takeyasu-hirono,,,
108,ヒート たけし,Heat Takeshi,和術慧舟會船橋道場,フライ級 [ -56.7 Kg ]A,2016-10-16,https://www.shooto-mma.com/fighters/?id=108,"NO (numeric id only, confirmed across all 27 weight-class listing pages + all=1 full listing; consistent with PR #234)",heat-takeshi,,,
107,BJ,BJ,ワイルドシーサー沖縄,フライ級 [ -56.7 Kg ]A,2015-10-03,https://www.shooto-mma.com/fighters/?id=107,"NO (numeric id only, confirmed across all 27 weight-class listing pages + all=1 full listing; consistent with PR #234)",bj,,,
1836,深井 志保,FUKAI SHIHO,N★TRUST,女子ストロー級A,2026-05-31,https://www.shooto-mma.com/fighters/?id=1836,"NO (numeric id only, confirmed across all 27 weight-class listing pages + all=1 full listing; consistent with PR #234)",fukai-shiho,,,
434,藤井 惠,Megumi Fujii,AACC,ストロー級 [ -52.2 Kg ]A,2013-10-05,https://www.shooto-mma.com/fighters/?id=434,"NO (numeric id only, confirmed across all 27 weight-class listing pages + all=1 full listing; consistent with PR #234)",megumi-fujii,,,
339,藤巻 優,Yu Fujimaki,パラエストラ小岩,ライト級 [ -70.3 Kg ]A,2015-10-25,https://www.shooto-mma.com/fighters/?id=339,"NO (numeric id only, confirmed across all 27 weight-class listing pages + all=1 full listing; consistent with PR #234)",yu-fujimaki,,,
692,藤原 正人,Masato Fujiwara,パラエストラ東京,ライト級 [ -70.3 Kg ]A,2010-09-17,https://www.shooto-mma.com/fighters/?id=692,"NO (numeric id only, confirmed across all 27 weight-class listing pages + all=1 full listing; consistent with PR #234)",masato-fujiwara,,,
1086,ペトラス マルケヴィチス,,アウドラジム,ミドル級 [ -83.9 Kg ]A,,https://www.shooto-mma.com/fighters/?id=1086,"NO (numeric id only, confirmed across all 27 weight-class listing pages + all=1 full listing; consistent with PR #234)",,,,
184,外薗 晶敏,Akitoshi Hokazono,フリー,バンタム級 [ -61.2 Kg ]A,2006-07-21,https://www.shooto-mma.com/fighters/?id=184,"NO (numeric id only, confirmed across all 27 weight-class listing pages + all=1 full listing; consistent with PR #234)",akitoshi-hokazono,,,
262,星野 勇二,Yuji Hoshino,和術慧舟會GODS/NATURAL9,フェザー級 [ -65.8 Kg ]A,2017-07-23,https://www.shooto-mma.com/fighters/?id=262,"NO (numeric id only, confirmed across all 27 weight-class listing pages + all=1 full listing; consistent with PR #234)",yuji-hoshino,,,
1084,ホニス トーヘス,,ノヴァ・ウニオン,ライト級 [ -70.3 Kg ]A,,https://www.shooto-mma.com/fighters/?id=1084,"NO (numeric id only, confirmed across all 27 weight-class listing pages + all=1 full listing; consistent with PR #234)",,,,
185,堀口 恭司,Kyoji Horiguchi,KRAZY BEE,バンタム級 [ -61.2 Kg ]A,2013-06-22,https://www.shooto-mma.com/fighters/?id=185,"NO (numeric id only, confirmed across all 27 weight-class listing pages + all=1 full listing; consistent with PR #234)",kyoji-horiguchi,horiguchi-kyoji,,
1049,本田 良介,Ryosuke Honda,CAVE,ストロー級 [ -52.2 Kg ]A,2020-07-12,https://www.shooto-mma.com/fighters/?id=1049,"NO (numeric id only, confirmed across all 27 weight-class listing pages + all=1 full listing; consistent with PR #234)",ryosuke-honda,honda-ryosuke,,
340,朴 光哲,Koutetsu Boku,KRAZY BEE,ライト級 [ -70.3 Kg ]A,2012-07-16,https://www.shooto-mma.com/fighters/?id=340,"NO (numeric id only, confirmed across all 27 weight-class listing pages + all=1 full listing; consistent with PR #234)",koutetsu-boku,,,
1044,マイク グランディ,MIKE GRUNDY,TEAM KAOBON,フェザー級 [ -65.8 Kg ]A,2017-01-29,https://www.shooto-mma.com/fighters/?id=1044,"NO (numeric id only, confirmed across all 27 weight-class listing pages + all=1 full listing; consistent with PR #234)",mike-grundy,,,
11,前田 吉朗,Yoshiro Maeda,パンクラス大阪稲垣組,フライ級 [ -56.7 Kg ]A,2021-03-20,https://www.shooto-mma.com/fighters/?id=11,"NO (numeric id only, confirmed across all 27 weight-class listing pages + all=1 full listing; consistent with PR #234)",yoshiro-maeda,,,
1981,前田 テスト,maeda test,,A,2026-12-31,https://www.shooto-mma.com/fighters/?id=1981,"NO (numeric id only, confirmed across all 27 weight-class listing pages + all=1 full listing; consistent with PR #234)",maeda-test,,,
186,誠,Makoto,SHOOTO GYM K'z FACTORY,バンタム級 [ -61.2 Kg ]A,2016-10-16,https://www.shooto-mma.com/fighters/?id=186,"NO (numeric id only, confirmed across all 27 weight-class listing pages + all=1 full listing; consistent with PR #234)",makoto,,,
1880,正木 翔夢,MASAKI SHION,OISHI GYM,A,2025-11-22,https://www.shooto-mma.com/fighters/?id=1880,"NO (numeric id only, confirmed across all 27 weight-class listing pages + all=1 full listing; consistent with PR #234)",masaki-shion,,,
1295,マックス・ザ・ボディ,MAX THE BODY,BRAVE,ライト級 [ -70.3 Kg ]A,2024-11-30,https://www.shooto-mma.com/fighters/?id=1295,"NO (numeric id only, confirmed across all 27 weight-class listing pages + all=1 full listing; consistent with PR #234)",max-the-body,,YES,
38,マッチョ ザ バタフライ,Macho Butterfly,総合格闘技道場コブラ会,ストロー級 [ -52.2 Kg ]A,2026-01-18,https://www.shooto-mma.com/fighters/?id=38,"NO (numeric id only, confirmed across all 27 weight-class listing pages + all=1 full listing; consistent with PR #234)",macho-butterfly,,,
187,松根 良太,Ryota Matsune,Theパラエストラ沖縄,バンタム級 [ -61.2 Kg ]A,2015-10-03,https://www.shooto-mma.com/fighters/?id=187,"NO (numeric id only, confirmed across all 27 weight-class listing pages + all=1 full listing; consistent with PR #234)",ryota-matsune,,,
3,松本 光史,Koshi Matsumoto,フリー,ライト級 [ -70.3 Kg ]A,2019-05-06,https://www.shooto-mma.com/fighters/?id=3,"NO (numeric id only, confirmed across all 27 weight-class listing pages + all=1 full listing; consistent with PR #234)",koshi-matsumoto,,,
517,松本 輝之,Teruyuki Matsumoto,シューティングジム大阪,バンタム級 [ -61.2 Kg ]A,2012-06-30,https://www.shooto-mma.com/fighters/?id=517,"NO (numeric id only, confirmed across all 27 weight-class listing pages + all=1 full listing; consistent with PR #234)",teruyuki-matsumoto,,,
1763,愛日,MANAKA,パラエストラ小岩,A,2024-12-15,https://www.shooto-mma.com/fighters/?id=1763,"NO (numeric id only, confirmed across all 27 weight-class listing pages + all=1 full listing; consistent with PR #234)",manaka,,,
109,マモル,MAMORU,STGY,フライ級 [ -56.7 Kg ]A,2023-12-02,https://www.shooto-mma.com/fighters/?id=109,"NO (numeric id only, confirmed across all 27 weight-class listing pages + all=1 full listing; consistent with PR #234)",mamoru,,,
188,マルコ ロウロ,Loro Marcos,ノヴァ・ウニオン,バンタム級 [ -61.2 Kg ]A,2008-09-28,https://www.shooto-mma.com/fighters/?id=188,"NO (numeric id only, confirmed across all 27 weight-class listing pages + all=1 full listing; consistent with PR #234)",loro-marcos,,,
587,マーシオ クロマド,Marcio Cromado,RFT,ライト級 [ -70.3 Kg ]A,2001-12-16,https://www.shooto-mma.com/fighters/?id=587,"NO (numeric id only, confirmed across all 27 weight-class listing pages + all=1 full listing; consistent with PR #234)",marcio-cromado,,,
1866,三浦 颯太,MIURA SOTA,修斗GYM神戸,フライ級 [ -56.7 Kg ]A,2026-07-13,https://www.shooto-mma.com/fighters/?id=1866,"NO (numeric id only, confirmed across all 27 weight-class listing pages + all=1 full listing; consistent with PR #234)",miura-sota,,,
16,美木 航,Wataru Miki,NATURAL 9,フェザー級 [ -65.8 Kg ]A,2019-05-06,https://www.shooto-mma.com/fighters/?id=16,"NO (numeric id only, confirmed across all 27 weight-class listing pages + all=1 full listing; consistent with PR #234)",wataru-miki,,,
110,神酒 龍一,Ryuichi Miki,CAVE,フライ級 [ -56.7 Kg ]A,2015-05-30,https://www.shooto-mma.com/fighters/?id=110,"NO (numeric id only, confirmed across all 27 weight-class listing pages + all=1 full listing; consistent with PR #234)",ryuichi-miki,,,
780,三島 ☆ ド根性ノ助,Dokonjonosuke Mishima,総合格闘技道場コブラ会,ライト級 [ -70.3 Kg ]A,2002-12-14,https://www.shooto-mma.com/fighters/?id=780,"NO (numeric id only, confirmed across all 27 weight-class listing pages + all=1 full listing; consistent with PR #234)",dokonjonosuke-mishima,,,
189,水垣 偉弥,Takeya Mizugaki,シューティングジム八景,バンタム級 [ -61.2 Kg ]A,2007-07-15,https://www.shooto-mma.com/fighters/?id=189,"NO (numeric id only, confirmed across all 27 weight-class listing pages + all=1 full listing; consistent with PR #234)",takeya-mizugaki,,,
613,光岡 映二,Eiji Mitsuoka,和術慧舟會RJWセントラル,ライト級 [ -70.3 Kg ]A,2007-10-08,https://www.shooto-mma.com/fighters/?id=613,"NO (numeric id only, confirmed across all 27 weight-class listing pages + all=1 full listing; consistent with PR #234)",eiji-mitsuoka,,,
1826,緑 真作,SHINSAKU MIDORI,MASTER JAPAN FUKUOKA,ストロー級 [ -52.2 Kg ]A,2026-06-28,https://www.shooto-mma.com/fighters/?id=1826,"NO (numeric id only, confirmed across all 27 weight-class listing pages + all=1 full listing; consistent with PR #234)",shinsaku-midori,,,
1793,村上 彩,MURAKAMI AYA,修斗GYM東京,女子スーパーアトム級A,2026-03-29,https://www.shooto-mma.com/fighters/?id=1793,"NO (numeric id only, confirmed across all 27 weight-class listing pages + all=1 full listing; consistent with PR #234)",murakami-aya,,YES,
85,村田 一着,Itchaku Murata,NEW GROUND,ストロー級 [ -52.2 Kg ]A,2018-05-13,https://www.shooto-mma.com/fighters/?id=85,"NO (numeric id only, confirmed across all 27 weight-class listing pages + all=1 full listing; consistent with PR #234)",itchaku-murata,,,
679,村浜 天晴,Takaharu Murahama,Wild Phoenix,ライト級 [ -70.3 Kg ]A,2004-09-26,https://www.shooto-mma.com/fighters/?id=679,"NO (numeric id only, confirmed across all 27 weight-class listing pages + all=1 full listing; consistent with PR #234)",takaharu-murahama,,,
379,村山 暁洋,Akihiro Murayama,GUTSMAN修斗道場,ウェルター級 [ -77.1 Kg ]A,2011-09-23,https://www.shooto-mma.com/fighters/?id=379,"NO (numeric id only, confirmed across all 27 weight-class listing pages + all=1 full listing; consistent with PR #234)",akihiro-murayama,,,
39,室伏 カツヤ,Katsuya Murofush,roots,ストロー級 [ -52.2 Kg ]A,2014-02-23,https://www.shooto-mma.com/fighters/?id=39,"NO (numeric id only, confirmed across all 27 weight-class listing pages + all=1 full listing; consistent with PR #234)",katsuya-murofush,,,
40,室伏 シンヤ,Shinya Murofushi,SUBMIT静岡,ストロー級 [ -52.2 Kg ]A,2026-12-31,https://www.shooto-mma.com/fighters/?id=40,"NO (numeric id only, confirmed across all 27 weight-class listing pages + all=1 full listing; consistent with PR #234)",shinya-murofushi,,,
1461,室屋 宏幸,HIROYUKI MUROYA,究道会館,新空手道連盟A,2022-07-03,https://www.shooto-mma.com/fighters/?id=1461,"NO (numeric id only, confirmed across all 27 weight-class listing pages + all=1 full listing; consistent with PR #234)",hiroyuki-muroya,,,
1819,本松 要,MOTOMATSU KANAME,MASTER JAPAN YAMAGUCHI UBE,フェザー級 [ -65.8 Kg ]A,2026-06-28,https://www.shooto-mma.com/fighters/?id=1819,"NO (numeric id only, confirmed across all 27 weight-class listing pages + all=1 full listing; consistent with PR #234)",motomatsu-kaname,,,
1885,森井 翼,TSUBASA MORII,パラエストラ東大阪,A,2025-11-16,https://www.shooto-mma.com/fighters/?id=1885,"NO (numeric id only, confirmed across all 27 weight-class listing pages + all=1 full listing; consistent with PR #234)",tsubasa-morii,,,
1879,森本 現暉,MORIMOTO GENKI,猛者連精華支部華一門,A,2025-11-22,https://www.shooto-mma.com/fighters/?id=1879,"NO (numeric id only, confirmed across all 27 weight-class listing pages + all=1 full listing; consistent with PR #234)",morimoto-genki,,,
1835,安田 Kong 詠美,YASUDA EMI,BURST,女子ストロー級A,2026-07-12,https://www.shooto-mma.com/fighters/?id=1835,"NO (numeric id only, confirmed across all 27 weight-class listing pages + all=1 full listing; consistent with PR #234)",yasuda-emi,,,
772,八隅 孝平,Kohei Yasumi,パラエストラ東京,ライト級 [ -70.3 Kg ]A,2004-07-04,https://www.shooto-mma.com/fighters/?id=772,"NO (numeric id only, confirmed across all 27 weight-class listing pages + all=1 full listing; consistent with PR #234)",kohei-yasumi,,,
263,矢地 祐介,Yusuke Yachi,KRAZY BEE,フェザー級 [ -65.8 Kg ]A,2013-10-05,https://www.shooto-mma.com/fighters/?id=263,"NO (numeric id only, confirmed across all 27 weight-class listing pages + all=1 full listing; consistent with PR #234)",yusuke-yachi,yachi-yusuke,,
341,ヤニ ラックス,Jani Lax,チームスカンジナビア,ライト級 [ -70.3 Kg ]A,2010-07-19,https://www.shooto-mma.com/fighters/?id=341,"NO (numeric id only, confirmed across all 27 weight-class listing pages + all=1 full listing; consistent with PR #234)",jani-lax,,,
41,山上 幹臣,Mikihito Yamagami,総合格闘技道場STF,ストロー級 [ -52.2 Kg ]A,2025-09-21,https://www.shooto-mma.com/fighters/?id=41,"NO (numeric id only, confirmed across all 27 weight-class listing pages + all=1 full listing; consistent with PR #234)",mikihito-yamagami,,,
813,山崎 剛,Takeshi Yamazaki,,ライト級 [ -70.3 Kg ]A,2002-08-27,https://www.shooto-mma.com/fighters/?id=813,"NO (numeric id only, confirmed across all 27 weight-class listing pages + all=1 full listing; consistent with PR #234)",takeshi-yamazaki,,,
380,山崎 昭博,Akihiro Yamazaki,SUBMIT静岡,ウェルター級 [ -77.1 Kg ]A,,https://www.shooto-mma.com/fighters/?id=380,"NO (numeric id only, confirmed across all 27 weight-class listing pages + all=1 full listing; consistent with PR #234)",akihiro-yamazaki,,,
381,山下 志功,Shiko Yamashita,パラエストラ札幌,ミドル級 [ -83.9 Kg ]A,2007-07-15,https://www.shooto-mma.com/fighters/?id=381,"NO (numeric id only, confirmed across all 27 weight-class listing pages + all=1 full listing; consistent with PR #234)",shiko-yamashita,,,
1782,山田 稜真,YAMADA RYOMA,Concilio,フェザー級 [ -65.8 Kg ]A,2026-06-28,https://www.shooto-mma.com/fighters/?id=1782,"NO (numeric id only, confirmed across all 27 weight-class listing pages + all=1 full listing; consistent with PR #234)",yamada-ryoma,,,
264,山本 KID 徳郁,Norifumi Yamamoto,KRAZY BEE,フェザー級 [ -65.8 Kg ]A,2003-09-05,https://www.shooto-mma.com/fighters/?id=264,"NO (numeric id only, confirmed across all 27 weight-class listing pages + all=1 full listing; consistent with PR #234)",norifumi-yamamoto,,,
42,山本 辰弥,Tatsuya Yamamoto,ノースキングスジム,ストロー級 [ -52.2 Kg ]A,2015-06-28,https://www.shooto-mma.com/fighters/?id=42,"NO (numeric id only, confirmed across all 27 weight-class listing pages + all=1 full listing; consistent with PR #234)",tatsuya-yamamoto,,,
190,山本 篤,Atsushi Yamamoto,KRAZY BEE,バンタム級 [ -61.2 Kg ]A,2008-01-26,https://www.shooto-mma.com/fighters/?id=190,"NO (numeric id only, confirmed across all 27 weight-class listing pages + all=1 full listing; consistent with PR #234)",atsushi-yamamoto,,,
191,山本 賢治,Kenji Yamamoto,修斗GYM東京,バンタム級 [ -61.2 Kg ]A,2014-06-28,https://www.shooto-mma.com/fighters/?id=191,"NO (numeric id only, confirmed across all 27 weight-class listing pages + all=1 full listing; consistent with PR #234)",kenji-yamamoto,,,
265,ヨアキム ハンセン,Joachim Hansen,357MMA,フェザー級 [ -65.8 Kg ]A,2016-03-27,https://www.shooto-mma.com/fighters/?id=265,"NO (numeric id only, confirmed across all 27 weight-class listing pages + all=1 full listing; consistent with PR #234)",joachim-hansen,,,
418,余膳 正志,Masashi Yozen,シューティングジム大阪,ミドル級 [ -83.9 Kg ]A,2005-10-28,https://www.shooto-mma.com/fighters/?id=418,"NO (numeric id only, confirmed across all 27 weight-class listing pages + all=1 full listing; consistent with PR #234)",masashi-yozen,,,
43,吉岡 広明,Hiroaki Yoshioka,パラエストラ和泉,ストロー級 [ -52.2 Kg ]A,2010-02-27,https://www.shooto-mma.com/fighters/?id=43,"NO (numeric id only, confirmed across all 27 weight-class listing pages + all=1 full listing; consistent with PR #234)",hiroaki-yoshioka,,,
1801,賢人,YOSHIHITO,BJ MMA SCHOOL,ストロー級 [ -52.2 Kg ]A,2026-04-11,https://www.shooto-mma.com/fighters/?id=1801,"NO (numeric id only, confirmed across all 27 weight-class listing pages + all=1 full listing; consistent with PR #234)",yoshihito,,,
773,雷暗 暴,Ryan Bow,,ライト級 [ -70.3 Kg ]A,2005-01-29,https://www.shooto-mma.com/fighters/?id=773,"NO (numeric id only, confirmed across all 27 weight-class listing pages + all=1 full listing; consistent with PR #234)",ryan-bow,,,
44,ランバー ソムデートM16,,M16ムエタイスタイル,ストロー級 [ -52.2 Kg ]A,2015-06-21,https://www.shooto-mma.com/fighters/?id=44,"NO (numeric id only, confirmed across all 27 weight-class listing pages + all=1 full listing; consistent with PR #234)",,,,
111,ランボー 宏輔,Rambo Kosuke,パラエストラ千葉,フライ級 [ -56.7 Kg ]A,2016-04-23,https://www.shooto-mma.com/fighters/?id=111,"NO (numeric id only, confirmed across all 27 weight-class listing pages + all=1 full listing; consistent with PR #234)",rambo-kosuke,,,
266,リオン 武,Lion Takeshi,ライジングサン,フェザー級 [ -65.8 Kg ]A,2024-03-23,https://www.shooto-mma.com/fighters/?id=266,"NO (numeric id only, confirmed across all 27 weight-class listing pages + all=1 full listing; consistent with PR #234)",lion-takeshi,,,
1810,龍城,RYUKI,修斗GYMS直心会,フライ級 [ -56.7 Kg ]A,2026-05-31,https://www.shooto-mma.com/fighters/?id=1810,"NO (numeric id only, confirmed across all 27 weight-class listing pages + all=1 full listing; consistent with PR #234)",ryuki,,,
316,アダム リン,Adam Lynn,ネクスト・ジェネレーション,ライト級 [ -70.3 Kg ]A,2010-11-19,https://www.shooto-mma.com/fighters/?id=316,"NO (numeric id only, confirmed across all 27 weight-class listing pages + all=1 full listing; consistent with PR #234)",adam-lynn,,,
45,リンコウン デ サ,,アルト・コンバッチ,ストロー級 [ -52.2 Kg ]A,,https://www.shooto-mma.com/fighters/?id=45,"NO (numeric id only, confirmed across all 27 weight-class listing pages + all=1 full listing; consistent with PR #234)",,,,
382,ルイス ハモス,RAMOS LUIS,,ウェルター級 [ -77.1 Kg ]A,,https://www.shooto-mma.com/fighters/?id=382,"NO (numeric id only, confirmed across all 27 weight-class listing pages + all=1 full listing; consistent with PR #234)",ramos-luis,,,
419,レアンドロ バタタ シウバ,Leandro Silva,ノヴァ・ウニオン,ミドル級 [ -83.9 Kg ]A,2009-08-27,https://www.shooto-mma.com/fighters/?id=419,"NO (numeric id only, confirmed across all 27 weight-class listing pages + all=1 full listing; consistent with PR #234)",leandro-silva,,,
1853,六郷 海南人,MINATO ROKUGO,roots,ウェルター級 [ -77.1 Kg ]A,2025-09-21,https://www.shooto-mma.com/fighters/?id=1853,"NO (numeric id only, confirmed across all 27 weight-class listing pages + all=1 full listing; consistent with PR #234)",minato-rokugo,,,
112,渡辺 健太郎,Kentaro Watanabe,直心会生野道場TK68,フライ級 [ -56.7 Kg ]A,2024-12-29,https://www.shooto-mma.com/fighters/?id=112,"NO (numeric id only, confirmed across all 27 weight-class listing pages + all=1 full listing; consistent with PR #234)",kentaro-watanabe,,,
927,渡部 優一,Yuichi Watanabe,,ライト級 [ -70.3 Kg ]A,,https://www.shooto-mma.com/fighters/?id=927,"NO (numeric id only, confirmed across all 27 weight-class listing pages + all=1 full listing; consistent with PR #234)",yuichi-watanabe,,,
383,和田 拓也,Takuya Wada,SKアブソリュート,ウェルター級 [ -77.1 Kg ]A,,https://www.shooto-mma.com/fighters/?id=383,"NO (numeric id only, confirmed across all 27 weight-class listing pages + all=1 full listing; consistent with PR #234)",takuya-wada,,,
318,ヴィトー シャオリン ヒベイロ,Vítor Ribeiro,ノヴァ・ウニオン,ライト級 [ -70.3 Kg ]A,2004-12-14,https://www.shooto-mma.com/fighters/?id=318,"NO (numeric id only, confirmed across all 27 weight-class listing pages + all=1 full listing; consistent with PR #234)",vítor-ribeiro,,,
769,トニコ ジュニオール,Toniko Junior,,ライト級 [ -70.3 Kg ]B,2002-07-19,https://www.shooto-mma.com/fighters/?id=769,"NO (numeric id only, confirmed across all 27 weight-class listing pages + all=1 full listing; consistent with PR #234)",toniko-junior,,,
1794,アレクシス カンポス,ALEXIS CAMPOS,マスタージャパン ベネズエラ,ウェルター級 [ -77.1 Kg ]B,2025-05-18,https://www.shooto-mma.com/fighters/?id=1794,"NO (numeric id only, confirmed across all 27 weight-class listing pages + all=1 full listing; consistent with PR #234)",alexis-campos,,,
2052,谷川 渉,,BURST,B,2026-07-12,https://www.shooto-mma.com/fighters/?id=2052,"NO (numeric id only, confirmed across all 27 weight-class listing pages + all=1 full listing; consistent with PR #234)",,,,
2053,田中 翔馬,,パラエストラ岐阜,B,2026-07-12,https://www.shooto-mma.com/fighters/?id=2053,"NO (numeric id only, confirmed across all 27 weight-class listing pages + all=1 full listing; consistent with PR #234)",,,,
1030,ハ ユン ソ,Ha Yoon Seo,GEEK submission,バンタム級 [ -61.2 Kg ]B,2016-09-19,https://www.shooto-mma.com/fighters/?id=1030,"NO (numeric id only, confirmed across all 27 weight-class listing pages + all=1 full listing; consistent with PR #234)",ha-yoon-seo,,,
2054,佐藤 大知,,THE BLACKBELT JAPAN,B,2026-07-13,https://www.shooto-mma.com/fighters/?id=2054,"NO (numeric id only, confirmed across all 27 weight-class listing pages + all=1 full listing; consistent with PR #234)",,,,
1031,エフレイン エクステロ,Efrain Escudero,MMAラボ,ライト級 [ -70.3 Kg ]B,2016-09-19,https://www.shooto-mma.com/fighters/?id=1031,"NO (numeric id only, confirmed across all 27 weight-class listing pages + all=1 full listing; consistent with PR #234)",efrain-escudero,,,
2055,井上 理久,,THE BLACKBELT JAPAN,フェザー級 [ -65.8 Kg ]B,2026-07-13,https://www.shooto-mma.com/fighters/?id=2055,"NO (numeric id only, confirmed across all 27 weight-class listing pages + all=1 full listing; consistent with PR #234)",,,,
2056,松村 海青,,RISING SUN,フェザー級 [ -65.8 Kg ]B,2026-07-13,https://www.shooto-mma.com/fighters/?id=2056,"NO (numeric id only, confirmed across all 27 weight-class listing pages + all=1 full listing; consistent with PR #234)",,,,
2057,村泉 空,,総合格闘技実業団トップティア,フライ級 [ -56.7 Kg ]B,2026-07-13,https://www.shooto-mma.com/fighters/?id=2057,"NO (numeric id only, confirmed across all 27 weight-class listing pages + all=1 full listing; consistent with PR #234)",,,,
523,OZ,OZ,,フライ級 [ -56.7 Kg ]B,2008-10-05,https://www.shooto-mma.com/fighters/?id=523,"NO (numeric id only, confirmed across all 27 weight-class listing pages + all=1 full listing; consistent with PR #234)",oz,,,
779,ニック アートル,Nick Ertl,,ライト級 [ -70.3 Kg ]B,2003-02-23,https://www.shooto-mma.com/fighters/?id=779,"NO (numeric id only, confirmed across all 27 weight-class listing pages + all=1 full listing; consistent with PR #234)",nick-ertl,,,
2059,松田 拳哉,,ALMA FIGHT GYM SHUKO,フェザー級 [ -65.8 Kg ]B,2026-07-13,https://www.shooto-mma.com/fighters/?id=2059,"NO (numeric id only, confirmed across all 27 weight-class listing pages + all=1 full listing; consistent with PR #234)",,,,
1038,ジャングラー エスジム,Jungler S-gym,エスジム,フェザー級 [ -65.8 Kg ]B,2016-10-29,https://www.shooto-mma.com/fighters/?id=1038,"NO (numeric id only, confirmed across all 27 weight-class listing pages + all=1 full listing; consistent with PR #234)",jungler-s-gym,,,
271,岩本 達彦,,BLOWS,フェザー級 [ -65.8 Kg ]B,2016-06-12,https://www.shooto-mma.com/fighters/?id=271,"NO (numeric id only, confirmed across all 27 weight-class listing pages + all=1 full listing; consistent with PR #234)",,,,
784,アンデウソン パヴァオン,Anderson Pavao,,ライト級 [ -70.3 Kg ]B,2000-04-02,https://www.shooto-mma.com/fighters/?id=784,"NO (numeric id only, confirmed across all 27 weight-class listing pages + all=1 full listing; consistent with PR #234)",anderson-pavao,,,
788,ダン ギルバート,Dan Gilbert,,ウェルター級 [ -77.1 Kg ]B,2001-12-16,https://www.shooto-mma.com/fighters/?id=788,"NO (numeric id only, confirmed across all 27 weight-class listing pages + all=1 full listing; consistent with PR #234)",dan-gilbert,,,
1045,ホン ソンビン,HONG SEON BIN,クミティムホン,ライト級 [ -70.3 Kg ]B,2017-01-29,https://www.shooto-mma.com/fighters/?id=1045,"NO (numeric id only, confirmed across all 27 weight-class listing pages + all=1 full listing; consistent with PR #234)",hong-seon-bin,,,
792,ブレッド エアズ,Brad Aird,,ウェルター級 [ -77.1 Kg ]B,,https://www.shooto-mma.com/fighters/?id=792,"NO (numeric id only, confirmed across all 27 weight-class listing pages + all=1 full listing; consistent with PR #234)",brad-aird,,,
1048,MC たわし,MC Tawashi,Theパラエストラ沖縄,フライ級 [ -56.7 Kg ]B,2018-11-25,https://www.shooto-mma.com/fighters/?id=1048,"NO (numeric id only, confirmed across all 27 weight-class listing pages + all=1 full listing; consistent with PR #234)",mc-tawashi,,,
1304,藤谷 敦史,,MASTER JAPAN FUKUOKA,バンタム級 [ -61.2 Kg ]B,2026-04-19,https://www.shooto-mma.com/fighters/?id=1304,"NO (numeric id only, confirmed across all 27 weight-class listing pages + all=1 full listing; consistent with PR #234)",,,,
1305,阿部 剛卓,,パラエストラ松戸,フェザー級 [ -65.8 Kg ]B,2020-11-29,https://www.shooto-mma.com/fighters/?id=1305,"NO (numeric id only, confirmed across all 27 weight-class listing pages + all=1 full listing; consistent with PR #234)",,,,
794,アデミール オリヴェイラ,Ademir Oliveira,,ウェルター級 [ -77.1 Kg ]B,,https://www.shooto-mma.com/fighters/?id=794,"NO (numeric id only, confirmed across all 27 weight-class listing pages + all=1 full listing; consistent with PR #234)",ademir-oliveira,,,
1306,波平 コング,,THE BLACKBELT JAPAN,フェザー級 [ -65.8 Kg ]B,2026-05-24,https://www.shooto-mma.com/fighters/?id=1306,"NO (numeric id only, confirmed across all 27 weight-class listing pages + all=1 full listing; consistent with PR #234)",,,,
795,ロニー リヴァノ,Ronny Rivano,,ウェルター級 [ -77.1 Kg ]B,,https://www.shooto-mma.com/fighters/?id=795,"NO (numeric id only, confirmed across all 27 weight-class listing pages + all=1 full listing; consistent with PR #234)",ronny-rivano,,,
1307,榎本 神月,,Theパラエストラ沖縄,アマチュア修斗B,2021-11-14,https://www.shooto-mma.com/fighters/?id=1307,"NO (numeric id only, confirmed across all 27 weight-class listing pages + all=1 full listing; consistent with PR #234)",,,,
1563,隼吾,,総合格闘技ジムBATTLE,フライ級 [ -56.7 Kg ]B,2025-04-27,https://www.shooto-mma.com/fighters/?id=1563,"NO (numeric id only, confirmed across all 27 weight-class listing pages + all=1 full listing; consistent with PR #234)",,,,
1308,半沢 拓己,,グランドスラム沖縄A・P・P,アマチュア修斗B,2020-11-29,https://www.shooto-mma.com/fighters/?id=1308,"NO (numeric id only, confirmed across all 27 weight-class listing pages + all=1 full listing; consistent with PR #234)",,,,
1565,スターリング ベアー ミーチャム,,095BJJ長崎柔術/和術慧舟會総本部,ウェルター級 [ -77.1 Kg ]B,2023-04-16,https://www.shooto-mma.com/fighters/?id=1565,"NO (numeric id only, confirmed across all 27 weight-class listing pages + all=1 full listing; consistent with PR #234)",,,,
798,アリ エリアス,Ali Elias,,ウェルター級 [ -77.1 Kg ]B,,https://www.shooto-mma.com/fighters/?id=798,"NO (numeric id only, confirmed across all 27 weight-class listing pages + all=1 full listing; consistent with PR #234)",ali-elias,,,
1054,ピットブル タカシ,Pitbull Takashi,666FIXXER,バンタム級 [ -61.2 Kg ]B,2018-07-01,https://www.shooto-mma.com/fighters/?id=1054,"NO (numeric id only, confirmed across all 27 weight-class listing pages + all=1 full listing; consistent with PR #234)",pitbull-takashi,,,
1310,當山 憂空,,シマジリアンズ,アマチュア修斗B,2020-11-29,https://www.shooto-mma.com/fighters/?id=1310,"NO (numeric id only, confirmed across all 27 weight-class listing pages + all=1 full listing; consistent with PR #234)",,,,
1567,平良 龍一,,THE BLACKBELT JAPAN,ストロー級 [ -52.2 Kg ]B,2026-12-31,https://www.shooto-mma.com/fighters/?id=1567,"NO (numeric id only, confirmed across all 27 weight-class listing pages + all=1 full listing; consistent with PR #234)",,,,
800,ケイレブ ミッチェル,Caleb Mitchell,,フェザー級 [ -65.8 Kg ]B,2003-09-05,https://www.shooto-mma.com/fighters/?id=800,"NO (numeric id only, confirmed across all 27 weight-class listing pages + all=1 full listing; consistent with PR #234)",caleb-mitchell,,,
1570,高橋 佑太,,BURST,ストロー級 [ -52.2 Kg ]B,2026-07-12,https://www.shooto-mma.com/fighters/?id=1570,"NO (numeric id only, confirmed across all 27 weight-class listing pages + all=1 full listing; consistent with PR #234)",,,,
1315,横関 タルト,TARUTO,TKエスペランサ,ストロー級 [ -52.2 Kg ]B,2021-12-05,https://www.shooto-mma.com/fighters/?id=1315,"NO (numeric id only, confirmed across all 27 weight-class listing pages + all=1 full listing; consistent with PR #234)",taruto,,,
1571,運天 藍,,Theパラエストラ沖縄那覇,キッズ・ジュニア修斗B,2023-04-16,https://www.shooto-mma.com/fighters/?id=1571,"NO (numeric id only, confirmed across all 27 weight-class listing pages + all=1 full listing; consistent with PR #234)",,,,
804,ジョージ ソテロポロス,George Sotiropoulos,,ウェルター級 [ -77.1 Kg ]B,2006-10-14,https://www.shooto-mma.com/fighters/?id=804,"NO (numeric id only, confirmed across all 27 weight-class listing pages + all=1 full listing; consistent with PR #234)",george-sotiropoulos,,,
549,ジョン ウォンソク,Jung Wonseok,TEAM M.A.D,バンタム級 [ -61.2 Kg ]B,2012-07-08,https://www.shooto-mma.com/fighters/?id=549,"NO (numeric id only, confirmed across all 27 weight-class listing pages + all=1 full listing; consistent with PR #234)",jung-wonseok,,,
806,キース ウィスニエフスキー,Keith Wisniewski,,ウェルター級 [ -77.1 Kg ]B,2005-01-29,https://www.shooto-mma.com/fighters/?id=806,"NO (numeric id only, confirmed across all 27 weight-class listing pages + all=1 full listing; consistent with PR #234)",keith-wisniewski,,,
1063,志賀 竜太郎,,TEAM SALT,フライ級 [ -56.7 Kg ]B,2026-02-28,https://www.shooto-mma.com/fighters/?id=1063,"NO (numeric id only, confirmed across all 27 weight-class listing pages + all=1 full listing; consistent with PR #234)",,,,
553,きんぞ～,Kinzo,ピロクテテス新潟,バンタム級 [ -61.2 Kg ]B,2003-02-06,https://www.shooto-mma.com/fighters/?id=553,"NO (numeric id only, confirmed across all 27 weight-class listing pages + all=1 full listing; consistent with PR #234)",kinzo,,,
1577,松岡 琉之介,,MASTER JAPAN FUKUOKA,フェザー級 [ -65.8 Kg ]B,2026-04-19,https://www.shooto-mma.com/fighters/?id=1577,"NO (numeric id only, confirmed across all 27 weight-class listing pages + all=1 full listing; consistent with PR #234)",,,,
1578,大黒 紳,,セコンドアウト,バンタム級 [ -61.2 Kg ]B,2023-04-23,https://www.shooto-mma.com/fighters/?id=1578,"NO (numeric id only, confirmed across all 27 weight-class listing pages + all=1 full listing; consistent with PR #234)",,,,
1579,矢野 武蔵,,パラエストラ愛媛,フライ級 [ -56.7 Kg ]B,2024-11-17,https://www.shooto-mma.com/fighters/?id=1579,"NO (numeric id only, confirmed across all 27 weight-class listing pages + all=1 full listing; consistent with PR #234)",,,,
812,ミンダウガス ラウリナイティス,Mindaugas Laurinaitis,,ライト級 [ -70.3 Kg ]B,2004-09-26,https://www.shooto-mma.com/fighters/?id=812,"NO (numeric id only, confirmed across all 27 weight-class listing pages + all=1 full listing; consistent with PR #234)",mindaugas-laurinaitis,,,
1580,森下 瑠亜那,,TKエスペランサ,キッズ・ジュニア修斗B,2023-12-03,https://www.shooto-mma.com/fighters/?id=1580,"NO (numeric id only, confirmed across all 27 weight-class listing pages + all=1 full listing; consistent with PR #234)",,,,
1581,山本 あやめ,,セコンドアウト,キッズ・ジュニア修斗B,2026-07-12,https://www.shooto-mma.com/fighters/?id=1581,"NO (numeric id only, confirmed across all 27 weight-class listing pages + all=1 full listing; consistent with PR #234)",,,,
815,エド デ・クライフ,Ed de Kruijf,,ヘビー級 [ -120.2 Kg ]B,,https://www.shooto-mma.com/fighters/?id=815,"NO (numeric id only, confirmed across all 27 weight-class listing pages + all=1 full listing; consistent with PR #234)",ed-de-kruijf,,,
816,アンドレ マナート,Andre Mannaart,,ヘビー級 [ -120.2 Kg ]B,,https://www.shooto-mma.com/fighters/?id=816,"NO (numeric id only, confirmed across all 27 weight-class listing pages + all=1 full listing; consistent with PR #234)",andre-mannaart,,,
1584,和田 和良,,ガイオジム,フライ級 [ -56.7 Kg ]B,,https://www.shooto-mma.com/fighters/?id=1584,"NO (numeric id only, confirmed across all 27 weight-class listing pages + all=1 full listing; consistent with PR #234)",,,,
817,ジョー エステス,Joe Estes,,ヘビー級 [ -120.2 Kg ]B,,https://www.shooto-mma.com/fighters/?id=817,"NO (numeric id only, confirmed across all 27 weight-class listing pages + all=1 full listing; consistent with PR #234)",joe-estes,,,
818,ムスタク アブドゥーラ,Mushtaq Abdullah,,ヘビー級 [ -120.2 Kg ]B,,https://www.shooto-mma.com/fighters/?id=818,"NO (numeric id only, confirmed across all 27 weight-class listing pages + all=1 full listing; consistent with PR #234)",mushtaq-abdullah,,,
1330,新垣 健司,,ALIVE沖縄支部シマジリアンズ,フライ級 [ -56.7 Kg ]B,2021-11-14,https://www.shooto-mma.com/fighters/?id=1330,"NO (numeric id only, confirmed across all 27 weight-class listing pages + all=1 full listing; consistent with PR #234)",,,,
1586,後藤 洋駆,,シューティングジム大阪,ライト級 [ -70.3 Kg ]B,,https://www.shooto-mma.com/fighters/?id=1586,"NO (numeric id only, confirmed across all 27 weight-class listing pages + all=1 full listing; consistent with PR #234)",,,,
819,ズール,Zulu,,ヘビー級 [ -120.2 Kg ]B,,https://www.shooto-mma.com/fighters/?id=819,"NO (numeric id only, confirmed across all 27 weight-class listing pages + all=1 full listing; consistent with PR #234)",zulu,,,
822,ロベルト ヨクス,Robert Jocz,,ミドル級 [ -83.9 Kg ]B,2009-10-18,https://www.shooto-mma.com/fighters/?id=822,"NO (numeric id only, confirmed across all 27 weight-class listing pages + all=1 full listing; consistent with PR #234)",robert-jocz,,,
1078,ダニー マルティネス,Danny Martinez,ALLIANCE MMA,フライ級 [ -56.7 Kg ]B,,https://www.shooto-mma.com/fighters/?id=1078,"NO (numeric id only, confirmed across all 27 weight-class listing pages + all=1 full listing; consistent with PR #234)",danny-martinez,,,
823,カート ベルシュエレン,Kurt Verschueren,,ミドル級 [ -83.9 Kg ]B,2007-05-20,https://www.shooto-mma.com/fighters/?id=823,"NO (numeric id only, confirmed across all 27 weight-class listing pages + all=1 full listing; consistent with PR #234)",kurt-verschueren,,,
1079,トリスタン グリムズリー,Tristan Grimsley,,バンタム級 [ -61.2 Kg ]B,2018-07-15,https://www.shooto-mma.com/fighters/?id=1079,"NO (numeric id only, confirmed across all 27 weight-class listing pages + all=1 full listing; consistent with PR #234)",tristan-grimsley,,,
824,ローランド アグラバ,Rolandas Agrba,,ミドル級 [ -83.9 Kg ]B,2007-01-21,https://www.shooto-mma.com/fighters/?id=824,"NO (numeric id only, confirmed across all 27 weight-class listing pages + all=1 full listing; consistent with PR #234)",rolandas-agrba,,,
1080,パク ミンゼ,Park Minjae,チームファイター,フライ級 [ -56.7 Kg ]B,2017-04-09,https://www.shooto-mma.com/fighters/?id=1080,"NO (numeric id only, confirmed across all 27 weight-class listing pages + all=1 full listing; consistent with PR #234)",park-minjae,,,
1336,左海 清之,,リライアブル,バンタム級 [ -61.2 Kg ]B,2021-07-04,https://www.shooto-mma.com/fighters/?id=1336,"NO (numeric id only, confirmed across all 27 weight-class listing pages + all=1 full listing; consistent with PR #234)",,,,
825,アレッシャンドリ ペナオン,Alexander Penao,,ミドル級 [ -83.9 Kg ]B,2005-09-10,https://www.shooto-mma.com/fighters/?id=825,"NO (numeric id only, confirmed across all 27 weight-class listing pages + all=1 full listing; consistent with PR #234)",alexander-penao,,,
1849,沙門,,Concilio,ミドル級 [ -83.9 Kg ]B,2026-03-29,https://www.shooto-mma.com/fighters/?id=1849,"NO (numeric id only, confirmed across all 27 weight-class listing pages + all=1 full listing; consistent with PR #234)",,,YES,
826,パトリック バリー,Patrick Vallee,,ミドル級 [ -83.9 Kg ]B,2003-10-18,https://www.shooto-mma.com/fighters/?id=826,"NO (numeric id only, confirmed across all 27 weight-class listing pages + all=1 full listing; consistent with PR #234)",patrick-vallee,,,
827,アルスチャク ダハバジャン,Arschak Dahabagian,,ミドル級 [ -83.9 Kg ]B,2003-09-20,https://www.shooto-mma.com/fighters/?id=827,"NO (numeric id only, confirmed across all 27 weight-class listing pages + all=1 full listing; consistent with PR #234)",arschak-dahabagian,,,
1595,中村 勇太,,T-REX柔術アカデミー,ウェルター級 [ -77.1 Kg ]B,2023-05-28,https://www.shooto-mma.com/fighters/?id=1595,"NO (numeric id only, confirmed across all 27 weight-class listing pages + all=1 full listing; consistent with PR #234)",,,,
828,フベルト ベーネンダール,Hubert Veenendaal,,ミドル級 [ -83.9 Kg ]B,2003-04-12,https://www.shooto-mma.com/fighters/?id=828,"NO (numeric id only, confirmed across all 27 weight-class listing pages + all=1 full listing; consistent with PR #234)",hubert-veenendaal,,,
1596,大関 純,,MASTER JAPAN YAMAGUCHI UBE,フェザー級 [ -65.8 Kg ]B,2023-05-28,https://www.shooto-mma.com/fighters/?id=1596,"NO (numeric id only, confirmed across all 27 weight-class listing pages + all=1 full listing; consistent with PR #234)",,,,
829,ミンゴエス ペルペシー,Mingoes Pelupessy,,ミドル級 [ -83.9 Kg ]B,2002-09-29,https://www.shooto-mma.com/fighters/?id=829,"NO (numeric id only, confirmed across all 27 weight-class listing pages + all=1 full listing; consistent with PR #234)",mingoes-pelupessy,,,
1597,西尾 優作,,和術慧舟會セイゴ道場,ライト級 [ -70.3 Kg ]B,2023-05-28,https://www.shooto-mma.com/fighters/?id=1597,"NO (numeric id only, confirmed across all 27 weight-class listing pages + all=1 full listing; consistent with PR #234)",,,,
1598,下田 洋介,,095BJJ長崎柔術,フライ級 [ -56.7 Kg ]B,2026-05-17,https://www.shooto-mma.com/fighters/?id=1598,"NO (numeric id only, confirmed across all 27 weight-class listing pages + all=1 full listing; consistent with PR #234)",,,,
831,タエデス メンドンカ,Taedes Mendonca,,ウェルター級 [ -77.1 Kg ]B,2007-10-27,https://www.shooto-mma.com/fighters/?id=831,"NO (numeric id only, confirmed across all 27 weight-class listing pages + all=1 full listing; consistent with PR #234)",taedes-mendonca,,,
1599,アサシン 秋雄,,BLOWS OITA LIFE,バンタム級 [ -61.2 Kg ]B,2025-05-11,https://www.shooto-mma.com/fighters/?id=1599,"NO (numeric id only, confirmed across all 27 weight-class listing pages + all=1 full listing; consistent with PR #234)",,,,
832,フランシスコ マリオ マリーニョ,Francisco Marinho,,ウェルター級 [ -77.1 Kg ]B,2008-01-26,https://www.shooto-mma.com/fighters/?id=832,"NO (numeric id only, confirmed across all 27 weight-class listing pages + all=1 full listing; consistent with PR #234)",francisco-marinho,,,
1600,南 優人,,volcano柔術&mma,フライ級 [ -56.7 Kg ]B,2023-05-28,https://www.shooto-mma.com/fighters/?id=1600,"NO (numeric id only, confirmed across all 27 weight-class listing pages + all=1 full listing; consistent with PR #234)",,,,
833,ホセ カルロス ダ・シウバ,Jose Da Silva,,ウェルター級 [ -77.1 Kg ]B,2008-06-28,https://www.shooto-mma.com/fighters/?id=833,"NO (numeric id only, confirmed across all 27 weight-class listing pages + all=1 full listing; consistent with PR #234)",jose-da-silva,,,
1601,高宮 諒,,DESTINY JIU-JITSU,フライ級 [ -56.7 Kg ]B,2026-06-28,https://www.shooto-mma.com/fighters/?id=1601,"NO (numeric id only, confirmed across all 27 weight-class listing pages + all=1 full listing; consistent with PR #234)",,,,
834,イゴール フェルナンデス,Igor Fernandes,,ウェルター級 [ -77.1 Kg ]B,2008-11-29,https://www.shooto-mma.com/fighters/?id=834,"NO (numeric id only, confirmed across all 27 weight-class listing pages + all=1 full listing; consistent with PR #234)",igor-fernandes,,,
1602,杉本 彪真,,正道会館KCIEL,新空手道連盟B,2023-06-18,https://www.shooto-mma.com/fighters/?id=1602,"NO (numeric id only, confirmed across all 27 weight-class listing pages + all=1 full listing; consistent with PR #234)",,,,
835,ファビアーノ トーレス,Fabiano Tales,,ウェルター級 [ -77.1 Kg ]B,2009-03-28,https://www.shooto-mma.com/fighters/?id=835,"NO (numeric id only, confirmed across all 27 weight-class listing pages + all=1 full listing; consistent with PR #234)",fabiano-tales,,,
1603,前原 絆斗,,坊海竜,新空手道連盟B,2023-06-18,https://www.shooto-mma.com/fighters/?id=1603,"NO (numeric id only, confirmed across all 27 weight-class listing pages + all=1 full listing; consistent with PR #234)",,,,
836,バスティアン レジェン,Bastiaan Rejen,,ウェルター級 [ -77.1 Kg ]B,2009-08-27,https://www.shooto-mma.com/fighters/?id=836,"NO (numeric id only, confirmed across all 27 weight-class listing pages + all=1 full listing; consistent with PR #234)",bastiaan-rejen,,,
1604,青木 柊ニ,,宮野道場,新空手道連盟B,2023-06-18,https://www.shooto-mma.com/fighters/?id=1604,"NO (numeric id only, confirmed across all 27 weight-class listing pages + all=1 full listing; consistent with PR #234)",,,,
837,アレクサンドレ アンドレオッティ,Alexsander Andreotte,,ウェルター級 [ -77.1 Kg ]B,2010-06-12,https://www.shooto-mma.com/fighters/?id=837,"NO (numeric id only, confirmed across all 27 weight-class listing pages + all=1 full listing; consistent with PR #234)",alexsander-andreotte,,,
1605,上原 瑳祐,,正援塾,新空手道連盟B,2023-06-18,https://www.shooto-mma.com/fighters/?id=1605,"NO (numeric id only, confirmed across all 27 weight-class listing pages + all=1 full listing; consistent with PR #234)",,,,
838,ロマーリオ マノエル ダ・シウバ,Romario Da Silva,,ウェルター級 [ -77.1 Kg ]B,2010-10-17,https://www.shooto-mma.com/fighters/?id=838,"NO (numeric id only, confirmed across all 27 weight-class listing pages + all=1 full listing; consistent with PR #234)",romario-da-silva,,,
1606,井手口 來生,,勇誠会井上道場,新空手道連盟B,2023-06-18,https://www.shooto-mma.com/fighters/?id=1606,"NO (numeric id only, confirmed across all 27 weight-class listing pages + all=1 full listing; consistent with PR #234)",,,,
839,マルコス アントニオ サンタナ,Marcos Santana,,ウェルター級 [ -77.1 Kg ]B,2011-04-01,https://www.shooto-mma.com/fighters/?id=839,"NO (numeric id only, confirmed across all 27 weight-class listing pages + all=1 full listing; consistent with PR #234)",marcos-santana,,,
1607,岡本 大和,,真正会秀勇館,新空手道連盟B,2023-06-18,https://www.shooto-mma.com/fighters/?id=1607,"NO (numeric id only, confirmed across all 27 weight-class listing pages + all=1 full listing; consistent with PR #234)",,,,
840,エドガー セドビア,Edgar Sedovia,,ウェルター級 [ -77.1 Kg ]B,2012-04-26,https://www.shooto-mma.com/fighters/?id=840,"NO (numeric id only, confirmed across all 27 weight-class listing pages + all=1 full listing; consistent with PR #234)",edgar-sedovia,,,
1608,塩見 琉斗,,宮野道場,新空手道連盟B,2023-06-18,https://www.shooto-mma.com/fighters/?id=1608,"NO (numeric id only, confirmed across all 27 weight-class listing pages + all=1 full listing; consistent with PR #234)",,,,
586,キム キュハ,Kim,,フェザー級 [ -65.8 Kg ]B,2013-03-16,https://www.shooto-mma.com/fighters/?id=586,"NO (numeric id only, confirmed across all 27 weight-class listing pages + all=1 full listing; consistent with PR #234)",kim,,,
843,ペトラス モリカビュチス,Petras Markevicius,,ミドル級 [ -83.9 Kg ]B,2004-11-20,https://www.shooto-mma.com/fighters/?id=843,"NO (numeric id only, confirmed across all 27 weight-class listing pages + all=1 full listing; consistent with PR #234)",petras-markevicius,,,
590,スボンコ セコリエビッチ,Zvonko Jakovcevic,,ライト級 [ -70.3 Kg ]B,,https://www.shooto-mma.com/fighters/?id=590,"NO (numeric id only, confirmed across all 27 weight-class listing pages + all=1 full listing; consistent with PR #234)",zvonko-jakovcevic,,,
591,イアン ジェームス シャファ,Ian Shaffa,,フェザー級 [ -65.8 Kg ]B,2001-03-21,https://www.shooto-mma.com/fighters/?id=591,"NO (numeric id only, confirmed across all 27 weight-class listing pages + all=1 full listing; consistent with PR #234)",ian-shaffa,,,
1359,貫井 義規,,damm fight japan,フェザー級 [ -65.8 Kg ]B,,https://www.shooto-mma.com/fighters/?id=1359,"NO (numeric id only, confirmed across all 27 weight-class listing pages + all=1 full listing; consistent with PR #234)",,,,
592,ルタ ☆ ユージ,Luta Yuji,PUREBRED大宮,フェザー級 [ -65.8 Kg ]B,,https://www.shooto-mma.com/fighters/?id=592,"NO (numeric id only, confirmed across all 27 weight-class listing pages + all=1 full listing; consistent with PR #234)",luta-yuji,,,
1360,長濱 靖,,ピロクテテス新潟,フェザー級 [ -65.8 Kg ]B,2022-08-21,https://www.shooto-mma.com/fighters/?id=1360,"NO (numeric id only, confirmed across all 27 weight-class listing pages + all=1 full listing; consistent with PR #234)",,,,
849,ミルトン ヴィエイラ,Milton Vieira,,ウェルター級 [ -77.1 Kg ]B,2003-05-21,https://www.shooto-mma.com/fighters/?id=849,"NO (numeric id only, confirmed across all 27 weight-class listing pages + all=1 full listing; consistent with PR #234)",milton-vieira,,,
1105,ナット マッキンタイア,Natt Mcintyre,,フライ級 [ -56.7 Kg ]B,2003-02-06,https://www.shooto-mma.com/fighters/?id=1105,"NO (numeric id only, confirmed across all 27 weight-class listing pages + all=1 full listing; consistent with PR #234)",natt-mcintyre,,,
1617,黒川 瑠友,,MMAZジム,キッズ・ジュニア修斗B,2023-09-17,https://www.shooto-mma.com/fighters/?id=1617,"NO (numeric id only, confirmed across all 27 weight-class listing pages + all=1 full listing; consistent with PR #234)",,,,
850,ラルフ アコスタ,Ralph Acosta,,バンタム級 [ -61.2 Kg ]B,2011-01-10,https://www.shooto-mma.com/fighters/?id=850,"NO (numeric id only, confirmed across all 27 weight-class listing pages + all=1 full listing; consistent with PR #234)",ralph-acosta,,,
1362,櫻庭 泰裕,,ANSWER FIGHT,フェザー級 [ -65.8 Kg ]B,2024-09-01,https://www.shooto-mma.com/fighters/?id=1362,"NO (numeric id only, confirmed across all 27 weight-class listing pages + all=1 full listing; consistent with PR #234)",,,,
1618,江﨑 俊介,,総合格闘技ゴンズジム,キッズ・ジュニア修斗B,2023-09-17,https://www.shooto-mma.com/fighters/?id=1618,"NO (numeric id only, confirmed across all 27 weight-class listing pages + all=1 full listing; consistent with PR #234)",,,,
1107,ウィル チョープ,Will Chope,Juggernaut Fight Club,ウェルター級 [ -77.1 Kg ]B,2017-09-10,https://www.shooto-mma.com/fighters/?id=1107,"NO (numeric id only, confirmed across all 27 weight-class listing pages + all=1 full listing; consistent with PR #234)",will-chope,,,
1363,矢吹 兼也,,ブレイブハート郡山,フェザー級 [ -65.8 Kg ]B,,https://www.shooto-mma.com/fighters/?id=1363,"NO (numeric id only, confirmed across all 27 weight-class listing pages + all=1 full listing; consistent with PR #234)",,,,
1619,木地谷 維志,,MMAZジム,キッズ・ジュニア修斗B,2023-09-17,https://www.shooto-mma.com/fighters/?id=1619,"NO (numeric id only, confirmed across all 27 weight-class listing pages + all=1 full listing; consistent with PR #234)",,,,
1364,中村 洋介,,T-GRIP TOKYO,アマチュア修斗B,2021-08-28,https://www.shooto-mma.com/fighters/?id=1364,"NO (numeric id only, confirmed across all 27 weight-class listing pages + all=1 full listing; consistent with PR #234)",,,,
1620,大城 秀馬,,総合格闘技道場コブラ会,キッズ・ジュニア修斗B,2023-09-17,https://www.shooto-mma.com/fighters/?id=1620,"NO (numeric id only, confirmed across all 27 weight-class listing pages + all=1 full listing; consistent with PR #234)",,,,
1622,江木 伸成,,LEOS JIU JITSU ACADEMY,バンタム級 [ -61.2 Kg ]B,2023-12-03,https://www.shooto-mma.com/fighters/?id=1622,"NO (numeric id only, confirmed across all 27 weight-class listing pages + all=1 full listing; consistent with PR #234)",,,,
855,マテウス ラーデスマキ,Matteus Lahdesmaki,,フェザー級 [ -65.8 Kg ]B,2008-07-18,https://www.shooto-mma.com/fighters/?id=855,"NO (numeric id only, confirmed across all 27 weight-class listing pages + all=1 full listing; consistent with PR #234)",matteus-lahdesmaki,,,
856,ジョー カマチョ,Joe Camacho,,フェザー級 [ -65.8 Kg ]B,2007-08-18,https://www.shooto-mma.com/fighters/?id=856,"NO (numeric id only, confirmed across all 27 weight-class listing pages + all=1 full listing; consistent with PR #234)",joe-camacho,,,
1624,健太 エスペランサ,,TKエスペランサ,フェザー級 [ -65.8 Kg ]B,2025-07-13,https://www.shooto-mma.com/fighters/?id=1624,"NO (numeric id only, confirmed across all 27 weight-class listing pages + all=1 full listing; consistent with PR #234)",,,,
601,リ ジュンキョン,Li,,フェザー級 [ -65.8 Kg ]B,2013-01-20,https://www.shooto-mma.com/fighters/?id=601,"NO (numeric id only, confirmed across all 27 weight-class listing pages + all=1 full listing; consistent with PR #234)",li,,,
1625,キム ユジョン,,Road FC Team Genius,女子B,2023-08-20,https://www.shooto-mma.com/fighters/?id=1625,"NO (numeric id only, confirmed across all 27 weight-class listing pages + all=1 full listing; consistent with PR #234)",,,,
1626,新谷 琴美,,TEAM AGENT,女子アトム級 [ -47.6 Kg ]B,2024-05-19,https://www.shooto-mma.com/fighters/?id=1626,"NO (numeric id only, confirmed across all 27 weight-class listing pages + all=1 full listing; consistent with PR #234)",,,,
603,ジョン ジンソク,Jong,,ライト級 [ -70.3 Kg ]B,2010-01-23,https://www.shooto-mma.com/fighters/?id=603,"NO (numeric id only, confirmed across all 27 weight-class listing pages + all=1 full listing; consistent with PR #234)",jong,,,
859,キムカチオ,Kimukachio,パラエストラ広島,バンタム級 [ -61.2 Kg ]B,2010-09-26,https://www.shooto-mma.com/fighters/?id=859,"NO (numeric id only, confirmed across all 27 weight-class listing pages + all=1 full listing; consistent with PR #234)",kimukachio,,,
1628,神田 麻梨乃,,LEOS JIU JITSU ACADEMY,女子B,2023-08-20,https://www.shooto-mma.com/fighters/?id=1628,"NO (numeric id only, confirmed across all 27 weight-class listing pages + all=1 full listing; consistent with PR #234)",,,,
1629,幸田 來弥,,LEOS JIU JITSU ACADEMY,ストロー級 [ -52.2 Kg ]B,2023-08-20,https://www.shooto-mma.com/fighters/?id=1629,"NO (numeric id only, confirmed across all 27 weight-class listing pages + all=1 full listing; consistent with PR #234)",,,,
1630,伊東 侑姫,,トリニティサンズ,アマチュア修斗B,2023-08-20,https://www.shooto-mma.com/fighters/?id=1630,"NO (numeric id only, confirmed across all 27 weight-class listing pages + all=1 full listing; consistent with PR #234)",,,,
1631,高田 双葉,,BURST,キッズ・ジュニア修斗B,2024-04-14,https://www.shooto-mma.com/fighters/?id=1631,"NO (numeric id only, confirmed across all 27 weight-class listing pages + all=1 full listing; consistent with PR #234)",,,,
1378,笠井 遥月,,MMA Zジム,キッズ・ジュニア修斗B,2025-10-26,https://www.shooto-mma.com/fighters/?id=1378,"NO (numeric id only, confirmed across all 27 weight-class listing pages + all=1 full listing; consistent with PR #234)",,,,
1379,坪田 笑瑠,,総合格闘技ゴンズジム,キッズ・ジュニア修斗B,2021-11-07,https://www.shooto-mma.com/fighters/?id=1379,"NO (numeric id only, confirmed across all 27 weight-class listing pages + all=1 full listing; consistent with PR #234)",,,,
868,ブライアン チェ,Craian Choi,TEAM POSSE,フェザー級 [ -65.8 Kg ]B,2013-09-29,https://www.shooto-mma.com/fighters/?id=868,"NO (numeric id only, confirmed across all 27 weight-class listing pages + all=1 full listing; consistent with PR #234)",craian-choi,,,
1381,谷村 泰和,,パラエストラ東大阪,キッズ・ジュニア修斗B,2021-11-07,https://www.shooto-mma.com/fighters/?id=1381,"NO (numeric id only, confirmed across all 27 weight-class listing pages + all=1 full listing; consistent with PR #234)",,,,
1382,三輪 勇気,,修斗GYM神戸,フライ級 [ -56.7 Kg ]B,2023-11-12,https://www.shooto-mma.com/fighters/?id=1382,"NO (numeric id only, confirmed across all 27 weight-class listing pages + all=1 full listing; consistent with PR #234)",,,,
615,メティン ヤクート,Metin Yakut,,ライト級 [ -70.3 Kg ]B,2004-04-05,https://www.shooto-mma.com/fighters/?id=615,"NO (numeric id only, confirmed across all 27 weight-class listing pages + all=1 full listing; consistent with PR #234)",metin-yakut,,,
616,サミ ハイパ,Sami Hyyppa,,ライト級 [ -70.3 Kg ]B,2002-10-19,https://www.shooto-mma.com/fighters/?id=616,"NO (numeric id only, confirmed across all 27 weight-class listing pages + all=1 full listing; consistent with PR #234)",sami-hyyppa,,,
1384,大悟,,HOPE,フェザー級 [ -65.8 Kg ]B,2021-11-07,https://www.shooto-mma.com/fighters/?id=1384,"NO (numeric id only, confirmed across all 27 weight-class listing pages + all=1 full listing; consistent with PR #234)",,,,
1386,山岡 斗和,,TRINITY-SUNS,キッズ・ジュニア修斗B,2021-11-07,https://www.shooto-mma.com/fighters/?id=1386,"NO (numeric id only, confirmed across all 27 weight-class listing pages + all=1 full listing; consistent with PR #234)",,,,
1642,KAREN,KAREN,THE BLACKBELT JAPAN,女子B,2023-12-02,https://www.shooto-mma.com/fighters/?id=1642,"NO (numeric id only, confirmed across all 27 weight-class listing pages + all=1 full listing; consistent with PR #234)",karen,,YES,
1387,安原 虎琉,,BURST,キッズ・ジュニア修斗B,2021-11-07,https://www.shooto-mma.com/fighters/?id=1387,"NO (numeric id only, confirmed across all 27 weight-class listing pages + all=1 full listing; consistent with PR #234)",,,,
1643,漆谷康宏 & 清水清隆 & 佐藤ルミナ,,,ストロー級 [ -52.2 Kg ]B,2023-12-02,https://www.shooto-mma.com/fighters/?id=1643,"NO (numeric id only, confirmed across all 27 weight-class listing pages + all=1 full listing; consistent with PR #234)",,,,
620,アーロン ジャンセン,Aron Jahnsen,TEAM IRONFIST MMA,フェザー級 [ -65.8 Kg ]B,2016-03-27,https://www.shooto-mma.com/fighters/?id=620,"NO (numeric id only, confirmed across all 27 weight-class listing pages + all=1 full listing; consistent with PR #234)",aron-jahnsen,,,
1388,土井 集伍,,総合格闘技ゴンズジム,キッズ・ジュニア修斗B,2021-11-07,https://www.shooto-mma.com/fighters/?id=1388,"NO (numeric id only, confirmed across all 27 weight-class listing pages + all=1 full listing; consistent with PR #234)",,,,
1644,峯岸 零弥,,パラエストラ小岩,ライト級 [ -70.3 Kg ]B,2023-11-12,https://www.shooto-mma.com/fighters/?id=1644,"NO (numeric id only, confirmed across all 27 weight-class listing pages + all=1 full listing; consistent with PR #234)",,,,
1900,土橋 琉海,,FourRhombus,バンタム級 [ -61.2 Kg ]B,2026-01-18,https://www.shooto-mma.com/fighters/?id=1900,"NO (numeric id only, confirmed across all 27 weight-class listing pages + all=1 full listing; consistent with PR #234)",,,,
1389,須田 雄律,,SCORPION GYM,キッズ・ジュニア修斗B,2021-11-07,https://www.shooto-mma.com/fighters/?id=1389,"NO (numeric id only, confirmed across all 27 weight-class listing pages + all=1 full listing; consistent with PR #234)",,,,
1645,神里 昭吾,,THE BLACKBELT JAPAN,フライ級 [ -56.7 Kg ]B,2025-06-22,https://www.shooto-mma.com/fighters/?id=1645,"NO (numeric id only, confirmed across all 27 weight-class listing pages + all=1 full listing; consistent with PR #234)",,,,
1646,ホイ ワイ クワン,,修斗GYM香港,ストロー級 [ -52.2 Kg ]B,2023-11-12,https://www.shooto-mma.com/fighters/?id=1646,"NO (numeric id only, confirmed across all 27 weight-class listing pages + all=1 full listing; consistent with PR #234)",,,,
1391,坂本 潤一,,BURST,フライ級 [ -56.7 Kg ]B,2023-04-16,https://www.shooto-mma.com/fighters/?id=1391,"NO (numeric id only, confirmed across all 27 weight-class listing pages + all=1 full listing; consistent with PR #234)",,,,
1647,諸石 一砂,,OMURA FIGHT BASE,フェザー級 [ -65.8 Kg ]B,2026-05-17,https://www.shooto-mma.com/fighters/?id=1647,"NO (numeric id only, confirmed across all 27 weight-class listing pages + all=1 full listing; consistent with PR #234)",,,,
880,パク キュンホ,,,フライ級 [ -56.7 Kg ]B,2012-07-08,https://www.shooto-mma.com/fighters/?id=880,"NO (numeric id only, confirmed across all 27 weight-class listing pages + all=1 full listing; consistent with PR #234)",,,,
1136,ドレックス ザンボアンガ,DREX ZAMBOANGA,TOUGH GUYS INTERNATIONAL,フェザー級 [ -65.8 Kg ]B,2018-09-23,https://www.shooto-mma.com/fighters/?id=1136,"NO (numeric id only, confirmed across all 27 weight-class listing pages + all=1 full listing; consistent with PR #234)",drex-zamboanga,,,
1392,山下 康一朗,,CARPEDIEM,ウェルター級 [ -77.1 Kg ]B,2026-05-17,https://www.shooto-mma.com/fighters/?id=1392,"NO (numeric id only, confirmed across all 27 weight-class listing pages + all=1 full listing; consistent with PR #234)",,,,
1648,新垣 勇樹,,シマジリアンズ,グラップリングB,2023-11-12,https://www.shooto-mma.com/fighters/?id=1648,"NO (numeric id only, confirmed across all 27 weight-class listing pages + all=1 full listing; consistent with PR #234)",,,,
1393,岡野 Garcia 史詩,,HOPE,ウェルター級 [ -77.1 Kg ]B,2021-11-07,https://www.shooto-mma.com/fighters/?id=1393,"NO (numeric id only, confirmed across all 27 weight-class listing pages + all=1 full listing; consistent with PR #234)",,,,
1649,平留 航,,カルペディエム那覇,グラップリングB,2023-11-12,https://www.shooto-mma.com/fighters/?id=1649,"NO (numeric id only, confirmed across all 27 weight-class listing pages + all=1 full listing; consistent with PR #234)",,,,
1394,KENZO,,BURST,ライト級 [ -70.3 Kg ]B,2026-07-12,https://www.shooto-mma.com/fighters/?id=1394,"NO (numeric id only, confirmed across all 27 weight-class listing pages + all=1 full listing; consistent with PR #234)",,,,
1395,二宮 弘樹,,HOPE,バンタム級 [ -61.2 Kg ]B,2022-09-11,https://www.shooto-mma.com/fighters/?id=1395,"NO (numeric id only, confirmed across all 27 weight-class listing pages + all=1 full listing; consistent with PR #234)",,,,
1907,堀江 耐志,,FIGHT BASE,フェザー級 [ -65.8 Kg ]B,2026-02-18,https://www.shooto-mma.com/fighters/?id=1907,"NO (numeric id only, confirmed across all 27 weight-class listing pages + all=1 full listing; consistent with PR #234)",,,,
1396,持田 哲兵,,MMA RANGERS GYM,バンタム級 [ -61.2 Kg ]B,2023-05-28,https://www.shooto-mma.com/fighters/?id=1396,"NO (numeric id only, confirmed across all 27 weight-class listing pages + all=1 full listing; consistent with PR #234)",,,,
1908,小祝 歩夢,,THE BLACKBELT JAPAN,フライ級 [ -56.7 Kg ]B,2026-02-18,https://www.shooto-mma.com/fighters/?id=1908,"NO (numeric id only, confirmed across all 27 weight-class listing pages + all=1 full listing; consistent with PR #234)",,,,
1909,湯浅 リンク,,THE BLACKBELT JAPAN,キッズ・ジュニア修斗B,2026-02-18,https://www.shooto-mma.com/fighters/?id=1909,"NO (numeric id only, confirmed across all 27 weight-class listing pages + all=1 full listing; consistent with PR #234)",,,,
1910,山下 颯人,,坂口道場,キッズ・ジュニア修斗B,2026-02-18,https://www.shooto-mma.com/fighters/?id=1910,"NO (numeric id only, confirmed across all 27 weight-class listing pages + all=1 full listing; consistent with PR #234)",,,,
1399,堺龍 平,,MMA RANGERS GYM,バンタム級 [ -61.2 Kg ]B,2021-11-14,https://www.shooto-mma.com/fighters/?id=1399,"NO (numeric id only, confirmed across all 27 weight-class listing pages + all=1 full listing; consistent with PR #234)",,,,
1911,HENRY,,米軍截空道ハンセン基地,ミドル級 [ -83.9 Kg ]B,2026-03-29,https://www.shooto-mma.com/fighters/?id=1911,"NO (numeric id only, confirmed across all 27 weight-class listing pages + all=1 full listing; consistent with PR #234)",,,YES,
1400,小生 隆弘,,グランドスラム沖縄A・P・P,グラップリングB,2026-05-17,https://www.shooto-mma.com/fighters/?id=1400,"NO (numeric id only, confirmed across all 27 weight-class listing pages + all=1 full listing; consistent with PR #234)",,,,
1912,荒井 勇ニ,ARAI YUJI,暁道場,ミドル級 [ -83.9 Kg ]B,2026-07-20,https://www.shooto-mma.com/fighters/?id=1912,"NO (numeric id only, confirmed across all 27 weight-class listing pages + all=1 full listing; consistent with PR #234)",arai-yuji,,YES,
889,キム ジンヒョン,Kim,,フェザー級 [ -65.8 Kg ]B,2010-09-23,https://www.shooto-mma.com/fighters/?id=889,"NO (numeric id only, confirmed across all 27 weight-class listing pages + all=1 full listing; consistent with PR #234)",kim,,,
1401,清水 慎也,,カルぺディエム那覇,グラップリングB,2021-11-14,https://www.shooto-mma.com/fighters/?id=1401,"NO (numeric id only, confirmed across all 27 weight-class listing pages + all=1 full listing; consistent with PR #234)",,,,
1914,恵真,,リバーサルジム立川ALPHA,フェザー級 [ -65.8 Kg ]B,,https://www.shooto-mma.com/fighters/?id=1914,"NO (numeric id only, confirmed across all 27 weight-class listing pages + all=1 full listing; consistent with PR #234)",,,,
1404,Fukky,Fukky,修斗GYM神戸,女子ストロー級B,2024-12-29,https://www.shooto-mma.com/fighters/?id=1404,"NO (numeric id only, confirmed across all 27 weight-class listing pages + all=1 full listing; consistent with PR #234)",fukky,,,
1660,樋口 幹太,,FIGHT FARM,トライアウトB,2024-04-07,https://www.shooto-mma.com/fighters/?id=1660,"NO (numeric id only, confirmed across all 27 weight-class listing pages + all=1 full listing; consistent with PR #234)",,,,
893,デニサス アリフィレーヴァス,Denisas Archirejevas,,フェザー級 [ -65.8 Kg ]B,2003-09-05,https://www.shooto-mma.com/fighters/?id=893,"NO (numeric id only, confirmed across all 27 weight-class listing pages + all=1 full listing; consistent with PR #234)",denisas-archirejevas,,,
894,クレイジードッグ デソン,Crazy Dog Daeseong,TEAM POSSE,ウェルター級 [ -77.1 Kg ]B,2013-03-16,https://www.shooto-mma.com/fighters/?id=894,"NO (numeric id only, confirmed across all 27 weight-class listing pages + all=1 full listing; consistent with PR #234)",crazy-dog-daeseong,,,
1662,鈴木 真生,,MMA RANGERS GYM,トライアウトB,2024-01-28,https://www.shooto-mma.com/fighters/?id=1662,"NO (numeric id only, confirmed across all 27 weight-class listing pages + all=1 full listing; consistent with PR #234)",,,,
1918,木下 憂朔,,キルクリフFC,ウェルター級 [ -77.1 Kg ]B,2026-03-30,https://www.shooto-mma.com/fighters/?id=1918,"NO (numeric id only, confirmed across all 27 weight-class listing pages + all=1 full listing; consistent with PR #234)",,,,
1407,森戸 新士,,LEOS JIU JITSU ACADEMY,闘裸男B,2022-12-04,https://www.shooto-mma.com/fighters/?id=1407,"NO (numeric id only, confirmed across all 27 weight-class listing pages + all=1 full listing; consistent with PR #234)",,,,
1663,堀澤 義紀,,有永道場 Team Resolve,トライアウトB,2024-01-28,https://www.shooto-mma.com/fighters/?id=1663,"NO (numeric id only, confirmed across all 27 weight-class listing pages + all=1 full listing; consistent with PR #234)",,,,
1920,藤田 大和,,"リバーサルジム新宿Me,We",フライ級 [ -56.7 Kg ]B,2026-03-30,https://www.shooto-mma.com/fighters/?id=1920,"NO (numeric id only, confirmed across all 27 weight-class listing pages + all=1 full listing; consistent with PR #234)",,,,
897,アラン フィルポット,Alan Philpott,ネクストジェネレーション・ノースアイルランド,バンタム級 [ -61.2 Kg ]B,2016-06-19,https://www.shooto-mma.com/fighters/?id=897,"NO (numeric id only, confirmed across all 27 weight-class listing pages + all=1 full listing; consistent with PR #234)",alan-philpott,,,
1409,水田 大智,,有永道場 Team Resolve,フライ級 [ -56.7 Kg ]B,2021-12-05,https://www.shooto-mma.com/fighters/?id=1409,"NO (numeric id only, confirmed across all 27 weight-class listing pages + all=1 full listing; consistent with PR #234)",,,,
898,パク ジョンウン,Park Jeong Eun,チームストロングウルフ,女子アトム級 [ -47.6 Kg ]B,2016-06-19,https://www.shooto-mma.com/fighters/?id=898,"NO (numeric id only, confirmed across all 27 weight-class listing pages + all=1 full listing; consistent with PR #234)",park-jeong-eun,,,
1410,丸山 幹太,,MIBURO,フライ級 [ -56.7 Kg ]B,2021-12-05,https://www.shooto-mma.com/fighters/?id=1410,"NO (numeric id only, confirmed across all 27 weight-class listing pages + all=1 full listing; consistent with PR #234)",,,,
1666,肥沼 大治,,RISING SUN,ストロー級 [ -52.2 Kg ]B,2024-03-02,https://www.shooto-mma.com/fighters/?id=1666,"NO (numeric id only, confirmed across all 27 weight-class listing pages + all=1 full listing; consistent with PR #234)",,,,
643,ジョン チュンイル,Jeon Chung Il,全州チームシュプレース,フェザー級 [ -65.8 Kg ]B,2015-09-13,https://www.shooto-mma.com/fighters/?id=643,"NO (numeric id only, confirmed across all 27 weight-class listing pages + all=1 full listing; consistent with PR #234)",jeon-chung-il,,,
1411,スモーキー,,TKエスペランサ,ライト級 [ -70.3 Kg ]B,2022-05-15,https://www.shooto-mma.com/fighters/?id=1411,"NO (numeric id only, confirmed across all 27 weight-class listing pages + all=1 full listing; consistent with PR #234)",,,,
1667,本田 壮一,,HAGANE GYM,フェザー級 [ -65.8 Kg ]B,2024-03-02,https://www.shooto-mma.com/fighters/?id=1667,"NO (numeric id only, confirmed across all 27 weight-class listing pages + all=1 full listing; consistent with PR #234)",,,,
644,ムン ジュンヒ,Mung,,ミドル級 [ -83.9 Kg ]B,2010-08-07,https://www.shooto-mma.com/fighters/?id=644,"NO (numeric id only, confirmed across all 27 weight-class listing pages + all=1 full listing; consistent with PR #234)",mung,,,
900,ダーヴィド レイエナス,David Lejenas,ヒルティ柔術,バンタム級 [ -61.2 Kg ]B,2006-10-14,https://www.shooto-mma.com/fighters/?id=900,"NO (numeric id only, confirmed across all 27 weight-class listing pages + all=1 full listing; consistent with PR #234)",david-lejenas,,,
1412,貞永 大輔,,MASTER JAPAN FUKUOKA,ライト級 [ -70.3 Kg ]B,2023-08-20,https://www.shooto-mma.com/fighters/?id=1412,"NO (numeric id only, confirmed across all 27 weight-class listing pages + all=1 full listing; consistent with PR #234)",,,,
1924,饒平名 知靖,,和術慧舟會K太郎道場,フライ級 [ -56.7 Kg ]B,2026-07-13,https://www.shooto-mma.com/fighters/?id=1924,"NO (numeric id only, confirmed across all 27 weight-class listing pages + all=1 full listing; consistent with PR #234)",,,,
1925,河上 琥珀,,THE BLACKBELT JAPAN,キッズ・ジュニア修斗B,2026-03-30,https://www.shooto-mma.com/fighters/?id=1925,"NO (numeric id only, confirmed across all 27 weight-class listing pages + all=1 full listing; consistent with PR #234)",,,,
902,リンカーン テイラー,Lincoln Tyler,,バンタム級 [ -61.2 Kg ]B,2002-03-09,https://www.shooto-mma.com/fighters/?id=902,"NO (numeric id only, confirmed across all 27 weight-class listing pages + all=1 full listing; consistent with PR #234)",lincoln-tyler,,,
1670,中村 悠磨,,和術慧舟會HEARTS,トライアウトB,2024-03-02,https://www.shooto-mma.com/fighters/?id=1670,"NO (numeric id only, confirmed across all 27 weight-class listing pages + all=1 full listing; consistent with PR #234)",,,,
1926,大貫 翔葵,,心技舘さがみ野道場,キッズ・ジュニア修斗B,2026-03-30,https://www.shooto-mma.com/fighters/?id=1926,"NO (numeric id only, confirmed across all 27 weight-class listing pages + all=1 full listing; consistent with PR #234)",,,,
647,ラージャ シッペン,Raja Shippen,REIGN MMA,バンタム級 [ -61.2 Kg ]B,2015-05-03,https://www.shooto-mma.com/fighters/?id=647,"NO (numeric id only, confirmed across all 27 weight-class listing pages + all=1 full listing; consistent with PR #234)",raja-shippen,,,
903,のぶゆき,Nobuyuki,,バンタム級 [ -61.2 Kg ]B,2001-01-19,https://www.shooto-mma.com/fighters/?id=903,"NO (numeric id only, confirmed across all 27 weight-class listing pages + all=1 full listing; consistent with PR #234)",nobuyuki,,,
1415,森 啓貴,,TKエスペランサ,キッズ・ジュニア修斗B,2021-12-05,https://www.shooto-mma.com/fighters/?id=1415,"NO (numeric id only, confirmed across all 27 weight-class listing pages + all=1 full listing; consistent with PR #234)",,,,
648,キム ウンヒョン,Kim,,フライ級 [ -56.7 Kg ]B,2013-01-20,https://www.shooto-mma.com/fighters/?id=648,"NO (numeric id only, confirmed across all 27 weight-class listing pages + all=1 full listing; consistent with PR #234)",kim,,,
904,カナ ハヤット,Kana Hyatt,チームクエスト・タイ,フライ級 [ -56.7 Kg ]B,2015-10-03,https://www.shooto-mma.com/fighters/?id=904,"NO (numeric id only, confirmed across all 27 weight-class listing pages + all=1 full listing; consistent with PR #234)",kana-hyatt,,,
1416,小山 朝太郎,,有永道場 Team Resolve,キッズ・ジュニア修斗B,2021-12-05,https://www.shooto-mma.com/fighters/?id=1416,"NO (numeric id only, confirmed across all 27 weight-class listing pages + all=1 full listing; consistent with PR #234)",,,,
650,エリカス ススロヴァス,Erikas Suslovas,,フライ級 [ -56.7 Kg ]B,2006-09-08,https://www.shooto-mma.com/fighters/?id=650,"NO (numeric id only, confirmed across all 27 weight-class listing pages + all=1 full listing; consistent with PR #234)",erikas-suslovas,,,
651,パット セイデル,Pat Seidel,,フライ級 [ -56.7 Kg ]B,2005-09-23,https://www.shooto-mma.com/fighters/?id=651,"NO (numeric id only, confirmed across all 27 weight-class listing pages + all=1 full listing; consistent with PR #234)",pat-seidel,,,
652,ストーニー デニス,Stonnie Dennis,,フライ級 [ -56.7 Kg ]B,2005-05-04,https://www.shooto-mma.com/fighters/?id=652,"NO (numeric id only, confirmed across all 27 weight-class listing pages + all=1 full listing; consistent with PR #234)",stonnie-dennis,,,
653,ジルド リマ,Gildo Lima,,フライ級 [ -56.7 Kg ]B,2001-03-02,https://www.shooto-mma.com/fighters/?id=653,"NO (numeric id only, confirmed across all 27 weight-class listing pages + all=1 full listing; consistent with PR #234)",gildo-lima,,,
654,ライアン ディアス,Ryan Diaz,,フライ級 [ -56.7 Kg ]B,,https://www.shooto-mma.com/fighters/?id=654,"NO (numeric id only, confirmed across all 27 weight-class listing pages + all=1 full listing; consistent with PR #234)",ryan-diaz,,,
1422,竜己,,KRAZY BEE,ストロー級 [ -52.2 Kg ]B,2022-04-17,https://www.shooto-mma.com/fighters/?id=1422,"NO (numeric id only, confirmed across all 27 weight-class listing pages + all=1 full listing; consistent with PR #234)",,,,
1678,魚山 皓平,,HOPE,フェザー級 [ -65.8 Kg ]B,2026-05-24,https://www.shooto-mma.com/fighters/?id=1678,"NO (numeric id only, confirmed across all 27 weight-class listing pages + all=1 full listing; consistent with PR #234)",,,,
1934,湯舟 流空,,FourRhombus,B,2026-04-05,https://www.shooto-mma.com/fighters/?id=1934,"NO (numeric id only, confirmed across all 27 weight-class listing pages + all=1 full listing; consistent with PR #234)",,,,
655,ジェラルド ロバート,Gerald Lovato,,フェザー級 [ -65.8 Kg ]B,2010-01-23,https://www.shooto-mma.com/fighters/?id=655,"NO (numeric id only, confirmed across all 27 weight-class listing pages + all=1 full listing; consistent with PR #234)",gerald-lovato,,,
1935,コッシーりょう,,アカデミア・ラッソーナ,フェザー級 [ -65.8 Kg ]B,2026-04-05,https://www.shooto-mma.com/fighters/?id=1935,"NO (numeric id only, confirmed across all 27 weight-class listing pages + all=1 full listing; consistent with PR #234)",,,,
656,セバント ヤング,Savant Young,,フェザー級 [ -65.8 Kg ]B,2008-05-03,https://www.shooto-mma.com/fighters/?id=656,"NO (numeric id only, confirmed across all 27 weight-class listing pages + all=1 full listing; consistent with PR #234)",savant-young,,,
1680,中島 陸,,総合格闘技ゴンズジム,バンタム級 [ -61.2 Kg ]B,2026-06-01,https://www.shooto-mma.com/fighters/?id=1680,"NO (numeric id only, confirmed across all 27 weight-class listing pages + all=1 full listing; consistent with PR #234)",,,YES,
1936,工藤 優真,,roots,ストロー級 [ -52.2 Kg ]B,2026-04-05,https://www.shooto-mma.com/fighters/?id=1936,"NO (numeric id only, confirmed across all 27 weight-class listing pages + all=1 full listing; consistent with PR #234)",,,,
657,マーク ドゥンカン,Marc Duncan,,フェザー級 [ -65.8 Kg ]B,2007-07-15,https://www.shooto-mma.com/fighters/?id=657,"NO (numeric id only, confirmed across all 27 weight-class listing pages + all=1 full listing; consistent with PR #234)",marc-duncan,,,
1937,知輝,,SAI-GYM,ストロー級 [ -52.2 Kg ]B,2026-04-05,https://www.shooto-mma.com/fighters/?id=1937,"NO (numeric id only, confirmed across all 27 weight-class listing pages + all=1 full listing; consistent with PR #234)",,,,
658,ナーヴィド ヨウセフィ,Navid Yousefi,,フェザー級 [ -65.8 Kg ]B,2006-10-14,https://www.shooto-mma.com/fighters/?id=658,"NO (numeric id only, confirmed across all 27 weight-class listing pages + all=1 full listing; consistent with PR #234)",navid-yousefi,,,
1682,稲葉 祥真,,ASH,ライト級 [ -70.3 Kg ]B,2026-04-05,https://www.shooto-mma.com/fighters/?id=1682,"NO (numeric id only, confirmed across all 27 weight-class listing pages + all=1 full listing; consistent with PR #234)",,,,
1938,鈴木 賛市朗,,SAI-GYM,フェザー級 [ -65.8 Kg ]B,2026-04-05,https://www.shooto-mma.com/fighters/?id=1938,"NO (numeric id only, confirmed across all 27 weight-class listing pages + all=1 full listing; consistent with PR #234)",,,,
659,コール ミラー,Cole Miller,アメリカントップチーム,フェザー級 [ -65.8 Kg ]B,2006-07-21,https://www.shooto-mma.com/fighters/?id=659,"NO (numeric id only, confirmed across all 27 weight-class listing pages + all=1 full listing; consistent with PR #234)",cole-miller,,,
1939,平賢 二郎,,ロータス福岡古賀道場,B,2026-04-05,https://www.shooto-mma.com/fighters/?id=1939,"NO (numeric id only, confirmed across all 27 weight-class listing pages + all=1 full listing; consistent with PR #234)",,,,
1428,岩田 陣夢,,トリニティーサンズ,キッズ・ジュニア修斗B,2022-04-24,https://www.shooto-mma.com/fighters/?id=1428,"NO (numeric id only, confirmed across all 27 weight-class listing pages + all=1 full listing; consistent with PR #234)",,,,
1431,安原 幸治,,BURST,キッズ・ジュニア修斗B,2022-04-24,https://www.shooto-mma.com/fighters/?id=1431,"NO (numeric id only, confirmed across all 27 weight-class listing pages + all=1 full listing; consistent with PR #234)",,,,
1432,前田 英吉,,直心会生野道場TK68,キッズ・ジュニア修斗B,2022-04-24,https://www.shooto-mma.com/fighters/?id=1432,"NO (numeric id only, confirmed across all 27 weight-class listing pages + all=1 full listing; consistent with PR #234)",,,,
665,ベック スンミン,,Korean Zombie MMA,フェザー級 [ -65.8 Kg ]B,2015-10-15,https://www.shooto-mma.com/fighters/?id=665,"NO (numeric id only, confirmed across all 27 weight-class listing pages + all=1 full listing; consistent with PR #234)",,,,
921,ルイス ゴンザレス,Luis Gonzalez,チーム・タイタン,ストロー級 [ -52.2 Kg ]B,2016-07-17,https://www.shooto-mma.com/fighters/?id=921,"NO (numeric id only, confirmed across all 27 weight-class listing pages + all=1 full listing; consistent with PR #234)",luis-gonzalez,,,
1433,福岡 怜英,,正道会館菱川道場,キッズ・ジュニア修斗B,2022-04-24,https://www.shooto-mma.com/fighters/?id=1433,"NO (numeric id only, confirmed across all 27 weight-class listing pages + all=1 full listing; consistent with PR #234)",,,,
1689,アイエティ ケビン,,パラエストラ綾瀬,ウェルター級 [ -77.1 Kg ]B,2024-04-14,https://www.shooto-mma.com/fighters/?id=1689,"NO (numeric id only, confirmed across all 27 weight-class listing pages + all=1 full listing; consistent with PR #234)",,,,
1690,松本 ごだい,,BURST,フライ級 [ -56.7 Kg ]B,2024-04-14,https://www.shooto-mma.com/fighters/?id=1690,"NO (numeric id only, confirmed across all 27 weight-class listing pages + all=1 full listing; consistent with PR #234)",,,,
1691,藤崎 陽平,,有永道場 Team Resolve,アマチュア修斗B,2024-04-14,https://www.shooto-mma.com/fighters/?id=1691,"NO (numeric id only, confirmed across all 27 weight-class listing pages + all=1 full listing; consistent with PR #234)",,,,
1947,吉野 光,,Galana Group,バンタム級 [ -61.2 Kg ]B,2026-04-19,https://www.shooto-mma.com/fighters/?id=1947,"NO (numeric id only, confirmed across all 27 weight-class listing pages + all=1 full listing; consistent with PR #234)",,,,
1692,神田 篤社,,Theパラエストラ沖縄コザ,アマチュア修斗B,2024-04-14,https://www.shooto-mma.com/fighters/?id=1692,"NO (numeric id only, confirmed across all 27 weight-class listing pages + all=1 full listing; consistent with PR #234)",,,,
1949,竹見 隆史郎,,パラエストラROX,B,2026-06-01,https://www.shooto-mma.com/fighters/?id=1949,"NO (numeric id only, confirmed across all 27 weight-class listing pages + all=1 full listing; consistent with PR #234)",,,,
1950,親盛 拓巳,,THE BLACKBELT JAPAN,バンタム級 [ -61.2 Kg ]B,2026-04-19,https://www.shooto-mma.com/fighters/?id=1950,"NO (numeric id only, confirmed across all 27 weight-class listing pages + all=1 full listing; consistent with PR #234)",,,,
1951,竹本 蒼天,,毛利道場,フライ級 [ -56.7 Kg ]B,2026-06-28,https://www.shooto-mma.com/fighters/?id=1951,"NO (numeric id only, confirmed across all 27 weight-class listing pages + all=1 full listing; consistent with PR #234)",,,,
1952,横田 翔子,,毛利道場,女子ストロー級B,2026-04-19,https://www.shooto-mma.com/fighters/?id=1952,"NO (numeric id only, confirmed across all 27 weight-class listing pages + all=1 full listing; consistent with PR #234)",,,,
673,チェ ジュンブン,,,バンタム級 [ -61.2 Kg ]B,2012-04-01,https://www.shooto-mma.com/fighters/?id=673,"NO (numeric id only, confirmed across all 27 weight-class listing pages + all=1 full listing; consistent with PR #234)",,,,
1953,宜保 紅里,,THE BLACKBELT JAPAN,女子ストロー級B,2026-04-19,https://www.shooto-mma.com/fighters/?id=1953,"NO (numeric id only, confirmed across all 27 weight-class listing pages + all=1 full listing; consistent with PR #234)",,,,
1956,石原 大空,,パラエストラ岐阜,フライ級 [ -56.7 Kg ]B,2026-07-12,https://www.shooto-mma.com/fighters/?id=1956,"NO (numeric id only, confirmed across all 27 weight-class listing pages + all=1 full listing; consistent with PR #234)",,,,
1959,伊藤 瑛大郎,,総合格闘技reliable,フライ級 [ -56.7 Kg ]B,2026-04-26,https://www.shooto-mma.com/fighters/?id=1959,"NO (numeric id only, confirmed across all 27 weight-class listing pages + all=1 full listing; consistent with PR #234)",,,,
680,ロマス クリマビュチス,Romualdas Klimavicius,,ライト級 [ -70.3 Kg ]B,2004-04-11,https://www.shooto-mma.com/fighters/?id=680,"NO (numeric id only, confirmed across all 27 weight-class listing pages + all=1 full listing; consistent with PR #234)",romualdas-klimavicius,,,
1960,有木 拓未,,修斗ジムASH,フライ級 [ -56.7 Kg ]B,2026-04-26,https://www.shooto-mma.com/fighters/?id=1960,"NO (numeric id only, confirmed across all 27 weight-class listing pages + all=1 full listing; consistent with PR #234)",,,,
681,ドウドゥ ギマラエス,Dudu Guimaraes,,ライト級 [ -70.3 Kg ]B,2002-07-19,https://www.shooto-mma.com/fighters/?id=681,"NO (numeric id only, confirmed across all 27 weight-class listing pages + all=1 full listing; consistent with PR #234)",dudu-guimaraes,,,
1706,ムクロック,MUKROCK,SAND MMA,ウェルター級 [ -77.1 Kg ]B,2026-05-17,https://www.shooto-mma.com/fighters/?id=1706,"NO (numeric id only, confirmed across all 27 weight-class listing pages + all=1 full listing; consistent with PR #234)",mukrock,,,
1707,シヴァエフ,SHIVAEV,"リバーサルジム新宿Me,We",ライト級 [ -70.3 Kg ]B,2026-02-18,https://www.shooto-mma.com/fighters/?id=1707,"NO (numeric id only, confirmed across all 27 weight-class listing pages + all=1 full listing; consistent with PR #234)",shivaev,,,
941,グォン サンス,Kwon Ssangsu,GAON GYM,フライ級 [ -56.7 Kg ]B,2015-09-13,https://www.shooto-mma.com/fighters/?id=941,"NO (numeric id only, confirmed across all 27 weight-class listing pages + all=1 full listing; consistent with PR #234)",kwon-ssangsu,,,
1965,小沼 魁成,,THE BLACKBELT JAPAN,B,2026-05-17,https://www.shooto-mma.com/fighters/?id=1965,"NO (numeric id only, confirmed across all 27 weight-class listing pages + all=1 full listing; consistent with PR #234)",,,,
942,ユン ミンウク,Yoon Min Wook,KOREAN TOP TEAM,フェザー級 [ -65.8 Kg ]B,2015-09-13,https://www.shooto-mma.com/fighters/?id=942,"NO (numeric id only, confirmed across all 27 weight-class listing pages + all=1 full listing; consistent with PR #234)",yoon-min-wook,,,
1966,佐藤 利彦,,HAGANE GYM,フェザー級 [ -65.8 Kg ]B,2026-05-17,https://www.shooto-mma.com/fighters/?id=1966,"NO (numeric id only, confirmed across all 27 weight-class listing pages + all=1 full listing; consistent with PR #234)",,,,
1711,南 裕人,,volcano柔術&mma,フライ級 [ -56.7 Kg ]B,2026-04-26,https://www.shooto-mma.com/fighters/?id=1711,"NO (numeric id only, confirmed across all 27 weight-class listing pages + all=1 full listing; consistent with PR #234)",,,,
1967,大原 柊太,,心技館,フェザー級 [ -65.8 Kg ]B,2026-05-17,https://www.shooto-mma.com/fighters/?id=1967,"NO (numeric id only, confirmed across all 27 weight-class listing pages + all=1 full listing; consistent with PR #234)",,,,
1968,越智 晃良,,HAGANE GYM,ストロー級 [ -52.2 Kg ]B,2026-05-17,https://www.shooto-mma.com/fighters/?id=1968,"NO (numeric id only, confirmed across all 27 weight-class listing pages + all=1 full listing; consistent with PR #234)",,,,
1457,江頭 明賢,,赤崎道場A-SPIRIT,キッズ・ジュニア修斗B,2022-05-15,https://www.shooto-mma.com/fighters/?id=1457,"NO (numeric id only, confirmed across all 27 weight-class listing pages + all=1 full listing; consistent with PR #234)",,,,
1969,小林 正汰,,FourRhombus,ストロー級 [ -52.2 Kg ]B,2026-05-17,https://www.shooto-mma.com/fighters/?id=1969,"NO (numeric id only, confirmed across all 27 weight-class listing pages + all=1 full listing; consistent with PR #234)",,,,
690,ベンディ カシミール,Bendy Casimir,,ライト級 [ -70.3 Kg ]B,2008-11-29,https://www.shooto-mma.com/fighters/?id=690,"NO (numeric id only, confirmed across all 27 weight-class listing pages + all=1 full listing; consistent with PR #234)",bendy-casimir,,,
946,レット アンソニー,Rhett Anthony,,ウェルター級 [ -77.1 Kg ]B,2002-11-15,https://www.shooto-mma.com/fighters/?id=946,"NO (numeric id only, confirmed across all 27 weight-class listing pages + all=1 full listing; consistent with PR #234)",rhett-anthony,,,
1458,小山 丈太郎,,有永道場TeamResolve,キッズ・ジュニア修斗B,2022-05-15,https://www.shooto-mma.com/fighters/?id=1458,"NO (numeric id only, confirmed across all 27 weight-class listing pages + all=1 full listing; consistent with PR #234)",,,,
691,パオロ ミラノ,Paolo Milano,パラエストラ東京,ライト級 [ -70.3 Kg ]B,2009-06-07,https://www.shooto-mma.com/fighters/?id=691,"NO (numeric id only, confirmed across all 27 weight-class listing pages + all=1 full listing; consistent with PR #234)",paolo-milano,,,
947,ジャスティン ブルックマン,Justin Bruckmann,,ウェルター級 [ -77.1 Kg ]B,2004-11-12,https://www.shooto-mma.com/fighters/?id=947,"NO (numeric id only, confirmed across all 27 weight-class listing pages + all=1 full listing; consistent with PR #234)",justin-bruckmann,,,
1971,かずややねんけど,KAZUYA YANENNKEDO,猛者練本部,ヘビー級 [ -120.2 Kg ]B,2026-05-31,https://www.shooto-mma.com/fighters/?id=1971,"NO (numeric id only, confirmed across all 27 weight-class listing pages + all=1 full listing; consistent with PR #234)",kazuya-yanennkedo,,,
948,ミノワマン,Minowaman,フリー,ライトヘビー級 [ -93 Kg ]B,2015-10-03,https://www.shooto-mma.com/fighters/?id=948,"NO (numeric id only, confirmed across all 27 weight-class listing pages + all=1 full listing; consistent with PR #234)",minowaman,,,
1972,加藤 クラッシャーHIDE,KATO HIDE CRUSHER,志焔塾,ヘビー級 [ -120.2 Kg ]B,2026-05-31,https://www.shooto-mma.com/fighters/?id=1972,"NO (numeric id only, confirmed across all 27 weight-class listing pages + all=1 full listing; consistent with PR #234)",kato-hide-crusher,,,
949,ザット ガイ,That Guy,天下一道場沖縄,ライトヘビー級 [ -93 Kg ]B,2015-10-03,https://www.shooto-mma.com/fighters/?id=949,"NO (numeric id only, confirmed across all 27 weight-class listing pages + all=1 full listing; consistent with PR #234)",that-guy,,,
1974,キム シウォン,,Korean Zombie MMA,B,2026-05-17,https://www.shooto-mma.com/fighters/?id=1974,"NO (numeric id only, confirmed across all 27 weight-class listing pages + all=1 full listing; consistent with PR #234)",,,,
1463,都筑 海杜,,TEAM3K,新空手道連盟B,2022-12-11,https://www.shooto-mma.com/fighters/?id=1463,"NO (numeric id only, confirmed across all 27 weight-class listing pages + all=1 full listing; consistent with PR #234)",,,,
1975,赤木 紘平,,LIBRE,バンタム級 [ -61.2 Kg ]B,2026-05-17,https://www.shooto-mma.com/fighters/?id=1975,"NO (numeric id only, confirmed across all 27 weight-class listing pages + all=1 full listing; consistent with PR #234)",,,,
952,Kイチロー,K-Ichiro,Good Sun,ライト級 [ -70.3 Kg ]B,2015-10-03,https://www.shooto-mma.com/fighters/?id=952,"NO (numeric id only, confirmed across all 27 weight-class listing pages + all=1 full listing; consistent with PR #234)",k-ichiro,,,
1976,田中 滉太郎,,MMA RENGERS GYM,バンタム級 [ -61.2 Kg ]B,2026-05-17,https://www.shooto-mma.com/fighters/?id=1976,"NO (numeric id only, confirmed across all 27 weight-class listing pages + all=1 full listing; consistent with PR #234)",,,,
953,BAGGIO,BAGGIO,Theパラエストラ沖縄,フェザー級 [ -65.8 Kg ]B,2015-10-03,https://www.shooto-mma.com/fighters/?id=953,"NO (numeric id only, confirmed across all 27 weight-class listing pages + all=1 full listing; consistent with PR #234)",baggio,,,
1977,松田 愛翔,,volcano柔術&mma,B,2026-05-17,https://www.shooto-mma.com/fighters/?id=1977,"NO (numeric id only, confirmed across all 27 weight-class listing pages + all=1 full listing; consistent with PR #234)",,,,
954,イケ ザ・ビースト クリス,Christopher Ike,reversalGYM OKINAWA CROSS×LINE,ライト級 [ -70.3 Kg ]B,2015-10-03,https://www.shooto-mma.com/fighters/?id=954,"NO (numeric id only, confirmed across all 27 weight-class listing pages + all=1 full listing; consistent with PR #234)",christopher-ike,,,
1978,伊藤 琥大郎,ITO KOTARO,リライアブル,フライ級 [ -56.7 Kg ]B,2026-05-31,https://www.shooto-mma.com/fighters/?id=1978,"NO (numeric id only, confirmed across all 27 weight-class listing pages + all=1 full listing; consistent with PR #234)",ito-kotaro,,,
1211,割石 晃司,Koji Wariishi,MMA Zジム,フェザー級 [ -65.8 Kg ]B,2019-12-15,https://www.shooto-mma.com/fighters/?id=1211,"NO (numeric id only, confirmed across all 27 weight-class listing pages + all=1 full listing; consistent with PR #234)",koji-wariishi,,,
1979,竹村 将輝,TAKEMURA MASATERU,修斗GYM神戸,フライ級 [ -56.7 Kg ]B,2026-05-31,https://www.shooto-mma.com/fighters/?id=1979,"NO (numeric id only, confirmed across all 27 weight-class listing pages + all=1 full listing; consistent with PR #234)",takemura-masateru,,,
956,ぐっさん,Goodsun,Good Sun,フライ級 [ -56.7 Kg ]B,2015-10-03,https://www.shooto-mma.com/fighters/?id=956,"NO (numeric id only, confirmed across all 27 weight-class listing pages + all=1 full listing; consistent with PR #234)",goodsun,,,
1212,毛利 昭彦,Akihiko Mori,毛利道場,ライト級 [ -70.3 Kg ]B,2025-12-07,https://www.shooto-mma.com/fighters/?id=1212,"NO (numeric id only, confirmed across all 27 weight-class listing pages + all=1 full listing; consistent with PR #234)",akihiko-mori,,,
1213,チョン チャンヒョン,,フリー,ミドル級 [ -83.9 Kg ]B,2018-07-01,https://www.shooto-mma.com/fighters/?id=1213,"NO (numeric id only, confirmed across all 27 weight-class listing pages + all=1 full listing; consistent with PR #234)",,,,
1725,八木 祐輔,,TKエスペランサ,フライ級 [ -56.7 Kg ]B,2026-07-12,https://www.shooto-mma.com/fighters/?id=1725,"NO (numeric id only, confirmed across all 27 weight-class listing pages + all=1 full listing; consistent with PR #234)",,,,
1214,藤井 章太,Shota Fujii,フリー,ミドル級 [ -83.9 Kg ]B,2018-07-01,https://www.shooto-mma.com/fighters/?id=1214,"NO (numeric id only, confirmed across all 27 weight-class listing pages + all=1 full listing; consistent with PR #234)",shota-fujii,,,
1470,太田 晴之空,,正援塾,新空手道連盟B,2022-07-03,https://www.shooto-mma.com/fighters/?id=1470,"NO (numeric id only, confirmed across all 27 weight-class listing pages + all=1 full listing; consistent with PR #234)",,,,
1726,小見山 瞬,,BURST,バンタム級 [ -61.2 Kg ]B,2026-04-26,https://www.shooto-mma.com/fighters/?id=1726,"NO (numeric id only, confirmed across all 27 weight-class listing pages + all=1 full listing; consistent with PR #234)",,,,
1471,望月 陽和太,,悟心塾,新空手道連盟B,2022-07-03,https://www.shooto-mma.com/fighters/?id=1471,"NO (numeric id only, confirmed across all 27 weight-class listing pages + all=1 full listing; consistent with PR #234)",,,,
1727,中山 有加,,Yawara,グラップリングB,2024-08-03,https://www.shooto-mma.com/fighters/?id=1727,"NO (numeric id only, confirmed across all 27 weight-class listing pages + all=1 full listing; consistent with PR #234)",,,,
704,タンク,Tank,直心会TK68,バンタム級 [ -61.2 Kg ]B,2014-01-12,https://www.shooto-mma.com/fighters/?id=704,"NO (numeric id only, confirmed across all 27 weight-class listing pages + all=1 full listing; consistent with PR #234)",tank,,,
1216,原田 佳来,,赤崎道場A-SPIRIT,女子B,2018-07-01,https://www.shooto-mma.com/fighters/?id=1216,"NO (numeric id only, confirmed across all 27 weight-class listing pages + all=1 full listing; consistent with PR #234)",,,,
1472,横井 鉄生,,正道会館KCIEL,新空手道連盟B,2022-12-11,https://www.shooto-mma.com/fighters/?id=1472,"NO (numeric id only, confirmed across all 27 weight-class listing pages + all=1 full listing; consistent with PR #234)",,,,
1984,掛水 力,,リトルジャイアントジム,ライト級 [ -70.3 Kg ]B,2026-05-24,https://www.shooto-mma.com/fighters/?id=1984,"NO (numeric id only, confirmed across all 27 weight-class listing pages + all=1 full listing; consistent with PR #234)",,,,
705,ミン ギョンチョル,,POMA,ライト級 [ -70.3 Kg ]B,2015-11-15,https://www.shooto-mma.com/fighters/?id=705,"NO (numeric id only, confirmed across all 27 weight-class listing pages + all=1 full listing; consistent with PR #234)",,,,
1473,伊澤 啓吾,,真正会秀勇館,新空手道連盟B,2022-07-03,https://www.shooto-mma.com/fighters/?id=1473,"NO (numeric id only, confirmed across all 27 weight-class listing pages + all=1 full listing; consistent with PR #234)",,,,
1985,岡崎 サイキ,,ゼロ戦クラブ,ライト級 [ -70.3 Kg ]B,2026-05-24,https://www.shooto-mma.com/fighters/?id=1985,"NO (numeric id only, confirmed across all 27 weight-class listing pages + all=1 full listing; consistent with PR #234)",,,,
1474,井関 琥太郎,,宮野道場,新空手道連盟B,2022-07-03,https://www.shooto-mma.com/fighters/?id=1474,"NO (numeric id only, confirmed across all 27 weight-class listing pages + all=1 full listing; consistent with PR #234)",,,,
1986,上野 鷹臣,,パラエストラ愛媛,フェザー級 [ -65.8 Kg ]B,2026-05-24,https://www.shooto-mma.com/fighters/?id=1986,"NO (numeric id only, confirmed across all 27 weight-class listing pages + all=1 full listing; consistent with PR #234)",,,,
707,スダ コンガ トモユキ,Tomoyuki Suda,PLACE-KSCORPIONGYM,ウェルター級 [ -77.1 Kg ]B,2014-01-12,https://www.shooto-mma.com/fighters/?id=707,"NO (numeric id only, confirmed across all 27 weight-class listing pages + all=1 full listing; consistent with PR #234)",tomoyuki-suda,,,
1219,沖 高志,Takashi Oki,MMA RANGERS GYM,フェザー級 [ -65.8 Kg ]B,2019-06-16,https://www.shooto-mma.com/fighters/?id=1219,"NO (numeric id only, confirmed across all 27 weight-class listing pages + all=1 full listing; consistent with PR #234)",takashi-oki,,,
1475,森 凛太朗,,誠空会,新空手道連盟B,2022-07-03,https://www.shooto-mma.com/fighters/?id=1475,"NO (numeric id only, confirmed across all 27 weight-class listing pages + all=1 full listing; consistent with PR #234)",,,,
1987,哲也,,,バンタム級 [ -61.2 Kg ]B,2026-05-24,https://www.shooto-mma.com/fighters/?id=1987,"NO (numeric id only, confirmed across all 27 weight-class listing pages + all=1 full listing; consistent with PR #234)",,,,
708,高鍋 明大,,GUTSMAN,ウェルター級 [ -77.1 Kg ]B,2013-06-08,https://www.shooto-mma.com/fighters/?id=708,"NO (numeric id only, confirmed across all 27 weight-class listing pages + all=1 full listing; consistent with PR #234)",,,,
1220,小椋 雄輝,Yuki Ogura,,バンタム級 [ -61.2 Kg ]B,2018-10-21,https://www.shooto-mma.com/fighters/?id=1220,"NO (numeric id only, confirmed across all 27 weight-class listing pages + all=1 full listing; consistent with PR #234)",yuki-ogura,,,
1476,佐藤 朝陽,,悟心塾,新空手道連盟B,2022-07-03,https://www.shooto-mma.com/fighters/?id=1476,"NO (numeric id only, confirmed across all 27 weight-class listing pages + all=1 full listing; consistent with PR #234)",,,,
709,山子 順,,ピロクテテス新潟,ライト級 [ -70.3 Kg ]B,2015-11-15,https://www.shooto-mma.com/fighters/?id=709,"NO (numeric id only, confirmed across all 27 weight-class listing pages + all=1 full listing; consistent with PR #234)",,,,
1477,中川 義仁,,真正会秀勇館,新空手道連盟B,2023-06-18,https://www.shooto-mma.com/fighters/?id=1477,"NO (numeric id only, confirmed across all 27 weight-class listing pages + all=1 full listing; consistent with PR #234)",,,,
1989,笠井 颯天,,MMA Zジム,フェザー級 [ -65.8 Kg ]B,2026-05-24,https://www.shooto-mma.com/fighters/?id=1989,"NO (numeric id only, confirmed across all 27 weight-class listing pages + all=1 full listing; consistent with PR #234)",,,,
1990,平木 翔真,,Osaka FitPitGym,フェザー級 [ -65.8 Kg ]B,2026-05-24,https://www.shooto-mma.com/fighters/?id=1990,"NO (numeric id only, confirmed across all 27 weight-class listing pages + all=1 full listing; consistent with PR #234)",,,,
1223,廣瀬 大介,Daisuke Hirose,総合格闘技ジムBATTLE,フライ級 [ -56.7 Kg ]B,2021-08-28,https://www.shooto-mma.com/fighters/?id=1223,"NO (numeric id only, confirmed across all 27 weight-class listing pages + all=1 full listing; consistent with PR #234)",daisuke-hirose,,,
1224,岡本 瞬,Shun Okamoto,MMA RANGERS GYM,フライ級 [ -56.7 Kg ]B,2019-06-16,https://www.shooto-mma.com/fighters/?id=1224,"NO (numeric id only, confirmed across all 27 weight-class listing pages + all=1 full listing; consistent with PR #234)",shun-okamoto,,,
1737,大ちゃん,,SAI-GYM,ストロー級 [ -52.2 Kg ]B,2025-08-31,https://www.shooto-mma.com/fighters/?id=1737,"NO (numeric id only, confirmed across all 27 weight-class listing pages + all=1 full listing; consistent with PR #234)",,,,
1226,わっしょい 内田,Wasshoi Uchida,パーソナルスタイルス,ストロー級 [ -52.2 Kg ]B,2023-08-20,https://www.shooto-mma.com/fighters/?id=1226,"NO (numeric id only, confirmed across all 27 weight-class listing pages + all=1 full listing; consistent with PR #234)",wasshoi-uchida,,,
715,ガン シンホョク,,パラエストラ清州,フライ級 [ -56.7 Kg ]B,2010-08-29,https://www.shooto-mma.com/fighters/?id=715,"NO (numeric id only, confirmed across all 27 weight-class listing pages + all=1 full listing; consistent with PR #234)",,,,
971,シーザー スクラヴォス,Czar Sklavos,TEAM SKLAVOS,フライ級 [ -56.7 Kg ]B,2014-10-04,https://www.shooto-mma.com/fighters/?id=971,"NO (numeric id only, confirmed across all 27 weight-class listing pages + all=1 full listing; consistent with PR #234)",czar-sklavos,,,
1228,饒辺 直也,Naoya Nohen,グランドスラム沖縄A・P・P,ストロー級 [ -52.2 Kg ]B,2019-06-16,https://www.shooto-mma.com/fighters/?id=1228,"NO (numeric id only, confirmed across all 27 weight-class listing pages + all=1 full listing; consistent with PR #234)",naoya-nohen,,,
717,アレックス シェビントン,,エクストリーム,フライ級 [ -56.7 Kg ]B,2008-11-30,https://www.shooto-mma.com/fighters/?id=717,"NO (numeric id only, confirmed across all 27 weight-class listing pages + all=1 full listing; consistent with PR #234)",,,,
973,キム ドンヒョン,Kim Dong Hyun,TEAM M.A.D,ライト級 [ -70.3 Kg ]B,2014-10-04,https://www.shooto-mma.com/fighters/?id=973,"NO (numeric id only, confirmed across all 27 weight-class listing pages + all=1 full listing; consistent with PR #234)",kim-dong-hyun,,,
1741,糸井 一八,,MMAZジム,キッズ・ジュニア修斗B,2024-09-08,https://www.shooto-mma.com/fighters/?id=1741,"NO (numeric id only, confirmed across all 27 weight-class listing pages + all=1 full listing; consistent with PR #234)",,,,
1742,田中 仁,,BURST,キッズ・ジュニア修斗B,2025-04-20,https://www.shooto-mma.com/fighters/?id=1742,"NO (numeric id only, confirmed across all 27 weight-class listing pages + all=1 full listing; consistent with PR #234)",,,,
1743,岡本 依知佳,,TEAM AGENT,キッズ・ジュニア修斗B,2024-09-08,https://www.shooto-mma.com/fighters/?id=1743,"NO (numeric id only, confirmed across all 27 weight-class listing pages + all=1 full listing; consistent with PR #234)",,,,
1744,辻 佑海,,TRINITY-SUNS,キッズ・ジュニア修斗B,2024-09-08,https://www.shooto-mma.com/fighters/?id=1744,"NO (numeric id only, confirmed across all 27 weight-class listing pages + all=1 full listing; consistent with PR #234)",,,,
721,ホワン ヨンジン,,,フェザー級 [ -65.8 Kg ]B,2010-05-09,https://www.shooto-mma.com/fighters/?id=721,"NO (numeric id only, confirmed across all 27 weight-class listing pages + all=1 full listing; consistent with PR #234)",,,,
466,ナカシ,Nakashi,和術慧舟會トイカツ道場,フライ級 [ -56.7 Kg ]B,2011-06-11,https://www.shooto-mma.com/fighters/?id=466,"NO (numeric id only, confirmed across all 27 weight-class listing pages + all=1 full listing; consistent with PR #234)",nakashi,,,
1490,大鶴 絢史,,club-G&総合格闘技近田道場,ライト級 [ -70.3 Kg ]B,2023-05-28,https://www.shooto-mma.com/fighters/?id=1490,"NO (numeric id only, confirmed across all 27 weight-class listing pages + all=1 full listing; consistent with PR #234)",,,,
979,ジョ ジュンファン,Jo Jung Hwan,ジュンシムジム,バンタム級 [ -61.2 Kg ]B,2014-06-28,https://www.shooto-mma.com/fighters/?id=979,"NO (numeric id only, confirmed across all 27 weight-class listing pages + all=1 full listing; consistent with PR #234)",jo-jung-hwan,,,
1491,元島 琉月,,正道会館菱川道場,キッズ・ジュニア修斗B,2022-09-11,https://www.shooto-mma.com/fighters/?id=1491,"NO (numeric id only, confirmed across all 27 weight-class listing pages + all=1 full listing; consistent with PR #234)",,,,
724,マテウス イリエ ネキオ,,PUREBRED大宮,ライト級 [ -70.3 Kg ]B,2009-10-18,https://www.shooto-mma.com/fighters/?id=724,"NO (numeric id only, confirmed across all 27 weight-class listing pages + all=1 full listing; consistent with PR #234)",,,,
1492,大津 隆政,,有永道場 Team Resolve,キッズ・ジュニア修斗B,2022-09-11,https://www.shooto-mma.com/fighters/?id=1492,"NO (numeric id only, confirmed across all 27 weight-class listing pages + all=1 full listing; consistent with PR #234)",,,,
726,ニコ ファレイゼン,,,フェザー級 [ -65.8 Kg ]B,2011-11-05,https://www.shooto-mma.com/fighters/?id=726,"NO (numeric id only, confirmed across all 27 weight-class listing pages + all=1 full listing; consistent with PR #234)",,,,
1494,畑田 智洋,,ピロクテテス新潟,ライト級 [ -70.3 Kg ]B,2024-04-29,https://www.shooto-mma.com/fighters/?id=1494,"NO (numeric id only, confirmed across all 27 weight-class listing pages + all=1 full listing; consistent with PR #234)",,,,
727,アウグスト フロタ,Augusto Frota,,フェザー級 [ -65.8 Kg ]B,2007-03-16,https://www.shooto-mma.com/fighters/?id=727,"NO (numeric id only, confirmed across all 27 weight-class listing pages + all=1 full listing; consistent with PR #234)",augusto-frota,,,
983,ジェシー ブロック,Jesse Brock,TWISTED GENETIKS,フェザー級 [ -65.8 Kg ]B,2014-02-23,https://www.shooto-mma.com/fighters/?id=983,"NO (numeric id only, confirmed across all 27 weight-class listing pages + all=1 full listing; consistent with PR #234)",jesse-brock,,,
1495,社長 THE HIGHBALL,,DRAGON'S DEN,フライ級 [ -56.7 Kg ]B,2026-04-05,https://www.shooto-mma.com/fighters/?id=1495,"NO (numeric id only, confirmed across all 27 weight-class listing pages + all=1 full listing; consistent with PR #234)",,,,
728,バオ クァーチ,Bao Quach,,フェザー級 [ -65.8 Kg ]B,2004-07-09,https://www.shooto-mma.com/fighters/?id=728,"NO (numeric id only, confirmed across all 27 weight-class listing pages + all=1 full listing; consistent with PR #234)",bao-quach,,,
1496,小川 スパルタン 博史,,飛翔塾,バンタム級 [ -61.2 Kg ]B,,https://www.shooto-mma.com/fighters/?id=1496,"NO (numeric id only, confirmed across all 27 weight-class listing pages + all=1 full listing; consistent with PR #234)",,,,
729,エリカス ペトライティス,Erikas Petraitis,ティターナス,フェザー級 [ -65.8 Kg ]B,2004-05-03,https://www.shooto-mma.com/fighters/?id=729,"NO (numeric id only, confirmed across all 27 weight-class listing pages + all=1 full listing; consistent with PR #234)",erikas-petraitis,,,
985,フレディ アルティーガ,Freddy Artega,TWISTED GENETIKS,フライ級 [ -56.7 Kg ]B,2014-02-23,https://www.shooto-mma.com/fighters/?id=985,"NO (numeric id only, confirmed across all 27 weight-class listing pages + all=1 full listing; consistent with PR #234)",freddy-artega,,,
730,ライアン アッカーマン,Ryan Ackerman,,フェザー級 [ -65.8 Kg ]B,2003-06-27,https://www.shooto-mma.com/fighters/?id=730,"NO (numeric id only, confirmed across all 27 weight-class listing pages + all=1 full listing; consistent with PR #234)",ryan-ackerman,,,
986,キム ジェウォン,Kim Jae Woong,EXTREAM COMBAT TEAM,フェザー級 [ -65.8 Kg ]B,2014-02-23,https://www.shooto-mma.com/fighters/?id=986,"NO (numeric id only, confirmed across all 27 weight-class listing pages + all=1 full listing; consistent with PR #234)",kim-jae-woong,,,
731,ハビエル バスケス,Javier Vazquez,,ライト級 [ -70.3 Kg ]B,2002-06-29,https://www.shooto-mma.com/fighters/?id=731,"NO (numeric id only, confirmed across all 27 weight-class listing pages + all=1 full listing; consistent with PR #234)",javier-vazquez,,,
732,イーブス エドワーズ,Yves Edwards,,ライト級 [ -70.3 Kg ]B,2003-08-10,https://www.shooto-mma.com/fighters/?id=732,"NO (numeric id only, confirmed across all 27 weight-class listing pages + all=1 full listing; consistent with PR #234)",yves-edwards,,,
733,フィル ジョンズ,Phil Johns,,ライト級 [ -70.3 Kg ]B,,https://www.shooto-mma.com/fighters/?id=733,"NO (numeric id only, confirmed across all 27 weight-class listing pages + all=1 full listing; consistent with PR #234)",phil-johns,,,
734,チャールズ テイラー,Charles Diaz,,ライト級 [ -70.3 Kg ]B,,https://www.shooto-mma.com/fighters/?id=734,"NO (numeric id only, confirmed across all 27 weight-class listing pages + all=1 full listing; consistent with PR #234)",charles-diaz,,,
990,ジェシカ アギラー,Jessica Aguilar,アメリカントップチーム,ストロー級 [ -52.2 Kg ]B,2013-10-05,https://www.shooto-mma.com/fighters/?id=990,"NO (numeric id only, confirmed across all 27 weight-class listing pages + all=1 full listing; consistent with PR #234)",jessica-aguilar,,,
735,マイケル ビュール,Michael Buell,,ライト級 [ -70.3 Kg ]B,,https://www.shooto-mma.com/fighters/?id=735,"NO (numeric id only, confirmed across all 27 weight-class listing pages + all=1 full listing; consistent with PR #234)",michael-buell,,,
991,ダニエル ロメロ,Daniel Romero,チーム・アルファメール,フェザー級 [ -65.8 Kg ]B,2013-10-05,https://www.shooto-mma.com/fighters/?id=991,"NO (numeric id only, confirmed across all 27 weight-class listing pages + all=1 full listing; consistent with PR #234)",daniel-romero,,,
736,ジョエル ギャルソン,Joel Gerson,サムライ・クラブ,ライト級 [ -70.3 Kg ]B,,https://www.shooto-mma.com/fighters/?id=736,"NO (numeric id only, confirmed across all 27 weight-class listing pages + all=1 full listing; consistent with PR #234)",joel-gerson,,,
1248,林 宏仲,,パラエストラ岐阜,バンタム級 [ -61.2 Kg ]B,2019-12-22,https://www.shooto-mma.com/fighters/?id=1248,"NO (numeric id only, confirmed across all 27 weight-class listing pages + all=1 full listing; consistent with PR #234)",,,,
481,ろん,Ron,,ストロー級 [ -52.2 Kg ]B,2009-12-13,https://www.shooto-mma.com/fighters/?id=481,"NO (numeric id only, confirmed across all 27 weight-class listing pages + all=1 full listing; consistent with PR #234)",ron,,,
737,モーリス コーリー,Maurice Corty,,ライト級 [ -70.3 Kg ]B,,https://www.shooto-mma.com/fighters/?id=737,"NO (numeric id only, confirmed across all 27 weight-class listing pages + all=1 full listing; consistent with PR #234)",maurice-corty,,,
993,ウィル カンプザーノ,Will Campuzano,MOHLER MMA,バンタム級 [ -61.2 Kg ]B,2013-10-05,https://www.shooto-mma.com/fighters/?id=993,"NO (numeric id only, confirmed across all 27 weight-class listing pages + all=1 full listing; consistent with PR #234)",will-campuzano,,,
738,アラン フリード,Alan Fried,,ライト級 [ -70.3 Kg ]B,,https://www.shooto-mma.com/fighters/?id=738,"NO (numeric id only, confirmed across all 27 weight-class listing pages + all=1 full listing; consistent with PR #234)",alan-fried,,,
994,パク グンド,Park Geun Do,グレイシーバッハコリア,フェザー級 [ -65.8 Kg ]B,2013-10-05,https://www.shooto-mma.com/fighters/?id=994,"NO (numeric id only, confirmed across all 27 weight-class listing pages + all=1 full listing; consistent with PR #234)",park-geun-do,,,
739,アリ ミホウビ,Ali Mihoubi,,ライト級 [ -70.3 Kg ]B,,https://www.shooto-mma.com/fighters/?id=739,"NO (numeric id only, confirmed across all 27 weight-class listing pages + all=1 full listing; consistent with PR #234)",ali-mihoubi,,,
1508,藤井 海人,,EX ARES,Stand upB,2022-12-11,https://www.shooto-mma.com/fighters/?id=1508,"NO (numeric id only, confirmed across all 27 weight-class listing pages + all=1 full listing; consistent with PR #234)",,,,
2020,ローウェン タイナネス,,Hawaii Elite MMA,B,2026-06-01,https://www.shooto-mma.com/fighters/?id=2020,"NO (numeric id only, confirmed across all 27 weight-class listing pages + all=1 full listing; consistent with PR #234)",,,,
997,テイラー マコーストン,Taylor McCorriston,FTCC,バンタム級 [ -61.2 Kg ]B,2013-06-22,https://www.shooto-mma.com/fighters/?id=997,"NO (numeric id only, confirmed across all 27 weight-class listing pages + all=1 full listing; consistent with PR #234)",taylor-mccorriston,,,
998,アンソニー アヴィラ,Anthony Avila,チーム・アルファメール,フェザー級 [ -65.8 Kg ]B,2013-06-22,https://www.shooto-mma.com/fighters/?id=998,"NO (numeric id only, confirmed across all 27 weight-class listing pages + all=1 full listing; consistent with PR #234)",anthony-avila,,,
1510,柿原 “RR” 昇太,,MMA RANGERS GYM,トライアウトB,2026-06-28,https://www.shooto-mma.com/fighters/?id=1510,"NO (numeric id only, confirmed across all 27 weight-class listing pages + all=1 full listing; consistent with PR #234)",,,,
2023,稲場 豪健,,THE BLACKBELT JAPAN,キッズ・ジュニア修斗B,2026-06-01,https://www.shooto-mma.com/fighters/?id=2023,"NO (numeric id only, confirmed across all 27 weight-class listing pages + all=1 full listing; consistent with PR #234)",,,,
744,ロン バリッキー,Ron Balicki,,ライト級 [ -70.3 Kg ]B,,https://www.shooto-mma.com/fighters/?id=744,"NO (numeric id only, confirmed across all 27 weight-class listing pages + all=1 full listing; consistent with PR #234)",ron-balicki,,,
1000,ガブリエル ゾボ ラビー,Gabriel Zobo,GRABAKAジム,ヘビー級 [ -120.2 Kg ]B,2013-06-22,https://www.shooto-mma.com/fighters/?id=1000,"NO (numeric id only, confirmed across all 27 weight-class listing pages + all=1 full listing; consistent with PR #234)",gabriel-zobo,,,
2024,アル,,MANO JIU JITSU,B,2026-06-01,https://www.shooto-mma.com/fighters/?id=2024,"NO (numeric id only, confirmed across all 27 weight-class listing pages + all=1 full listing; consistent with PR #234)",,,,
1001,ルーカス タニ,Lucas Tani,Ts team impacto bjj,ヘビー級 [ -120.2 Kg ]B,2013-06-22,https://www.shooto-mma.com/fighters/?id=1001,"NO (numeric id only, confirmed across all 27 weight-class listing pages + all=1 full listing; consistent with PR #234)",lucas-tani,,,
1257,TARKER,TARKER,シマジリアンズ,フライ級 [ -56.7 Kg ]B,2021-04-18,https://www.shooto-mma.com/fighters/?id=1257,"NO (numeric id only, confirmed across all 27 weight-class listing pages + all=1 full listing; consistent with PR #234)",tarker,,,
1513,テンガイ,,総合格闘技ゴンズジム,フェザー級 [ -65.8 Kg ]B,2023-04-16,https://www.shooto-mma.com/fighters/?id=1513,"NO (numeric id only, confirmed across all 27 weight-class listing pages + all=1 full listing; consistent with PR #234)",,,,
746,マイケル マコラフ,Michael McAuliffe,,ライト級 [ -70.3 Kg ]B,,https://www.shooto-mma.com/fighters/?id=746,"NO (numeric id only, confirmed across all 27 weight-class listing pages + all=1 full listing; consistent with PR #234)",michael-mcauliffe,,,
1514,PINKY,,THE BLACKBELT JAPAN,ストロー級 [ -52.2 Kg ]B,2024-11-10,https://www.shooto-mma.com/fighters/?id=1514,"NO (numeric id only, confirmed across all 27 weight-class listing pages + all=1 full listing; consistent with PR #234)",,,,
747,ハクハン ジアス,Hacran Dias,,ライト級 [ -70.3 Kg ]B,2007-07-07,https://www.shooto-mma.com/fighters/?id=747,"NO (numeric id only, confirmed across all 27 weight-class listing pages + all=1 full listing; consistent with PR #234)",hacran-dias,,,
492,MAGISA,MAGISA,ゼロ戦クラブ水島支部,ストロー級 [ -52.2 Kg ]B,2015-12-06,https://www.shooto-mma.com/fighters/?id=492,"NO (numeric id only, confirmed across all 27 weight-class listing pages + all=1 full listing; consistent with PR #234)",magisa,,,
748,クラウジエレ フレイタス,Claudiere Freire,,ライト級 [ -70.3 Kg ]B,2008-01-26,https://www.shooto-mma.com/fighters/?id=748,"NO (numeric id only, confirmed across all 27 weight-class listing pages + all=1 full listing; consistent with PR #234)",claudiere-freire,,,
1004,カーロ プラター,Carlo Prater,THGJITSU,ライト級 [ -70.3 Kg ]B,2012-12-24,https://www.shooto-mma.com/fighters/?id=1004,"NO (numeric id only, confirmed across all 27 weight-class listing pages + all=1 full listing; consistent with PR #234)",carlo-prater,,,
749,ジオヴァニ ジニス,Giovanni Diniz,,ライト級 [ -70.3 Kg ]B,2012-05-18,https://www.shooto-mma.com/fighters/?id=749,"NO (numeric id only, confirmed across all 27 weight-class listing pages + all=1 full listing; consistent with PR #234)",giovanni-diniz,,,
1005,ダレル モナヒュー,Darrell Montague,ミレニアMMA,フライ級 [ -56.7 Kg ]B,2012-12-24,https://www.shooto-mma.com/fighters/?id=1005,"NO (numeric id only, confirmed across all 27 weight-class listing pages + all=1 full listing; consistent with PR #234)",darrell-montague,,,
750,マテウス マチャド,Mateus Machado,,ライト級 [ -70.3 Kg ]B,2008-08-30,https://www.shooto-mma.com/fighters/?id=750,"NO (numeric id only, confirmed across all 27 weight-class listing pages + all=1 full listing; consistent with PR #234)",mateus-machado,,,
1006,イアン ラブランド,Ian Loveland,SPORTS LAB,バンタム級 [ -61.2 Kg ]B,2012-12-24,https://www.shooto-mma.com/fighters/?id=1006,"NO (numeric id only, confirmed across all 27 weight-class listing pages + all=1 full listing; consistent with PR #234)",ian-loveland,,,
751,ランディ ステイケ,Randy Steinke,,ライト級 [ -70.3 Kg ]B,2008-11-29,https://www.shooto-mma.com/fighters/?id=751,"NO (numeric id only, confirmed across all 27 weight-class listing pages + all=1 full listing; consistent with PR #234)",randy-steinke,,,
1007,V.V.MEI,,フリー,ストロー級 [ -52.2 Kg ]B,2012-12-24,https://www.shooto-mma.com/fighters/?id=1007,"NO (numeric id only, confirmed across all 27 weight-class listing pages + all=1 full listing; consistent with PR #234)",,,,
497,ゲン イケダ,Gen Ikeda,,ストロー級 [ -52.2 Kg ]B,2011-04-17,https://www.shooto-mma.com/fighters/?id=497,"NO (numeric id only, confirmed across all 27 weight-class listing pages + all=1 full listing; consistent with PR #234)",gen-ikeda,,,
753,ビンス オーティズ,Vince Ortiz,,ライト級 [ -70.3 Kg ]B,2008-05-03,https://www.shooto-mma.com/fighters/?id=753,"NO (numeric id only, confirmed across all 27 weight-class listing pages + all=1 full listing; consistent with PR #234)",vince-ortiz,,,
1009,クンタップ ジャレンチャイ ソムチャイ,Kuntap Charcenchai,ムエタイワールドジム,ライト級 [ -70.3 Kg ]B,2012-12-24,https://www.shooto-mma.com/fighters/?id=1009,"NO (numeric id only, confirmed across all 27 weight-class listing pages + all=1 full listing; consistent with PR #234)",kuntap-charcenchai,,,
754,クレイ グイダ,Clay Guida,,ライト級 [ -70.3 Kg ]B,2006-07-21,https://www.shooto-mma.com/fighters/?id=754,"NO (numeric id only, confirmed across all 27 weight-class listing pages + all=1 full listing; consistent with PR #234)",clay-guida,,,
1010,ヘンリー マタモロス,Henry Matamoros,,ライト級 [ -70.3 Kg ]B,2001-11-17,https://www.shooto-mma.com/fighters/?id=1010,"NO (numeric id only, confirmed across all 27 weight-class listing pages + all=1 full listing; consistent with PR #234)",henry-matamoros,,,
1011,ブルーノ ケロイ,Bruno Queroy,,ライト級 [ -70.3 Kg ]B,2001-09-02,https://www.shooto-mma.com/fighters/?id=1011,"NO (numeric id only, confirmed across all 27 weight-class listing pages + all=1 full listing; consistent with PR #234)",bruno-queroy,,,
1012,チャーリー ピアソン,Charlie Pearson,,ライト級 [ -70.3 Kg ]B,2001-06-30,https://www.shooto-mma.com/fighters/?id=1012,"NO (numeric id only, confirmed across all 27 weight-class listing pages + all=1 full listing; consistent with PR #234)",charlie-pearson,,,
502,津村 舞騎咲,Makisaki Tsumura,ゼロ戦クラブ水島支部,ストロー級 [ -52.2 Kg ]B,2014-05-25,https://www.shooto-mma.com/fighters/?id=502,"NO (numeric id only, confirmed across all 27 weight-class listing pages + all=1 full listing; consistent with PR #234)",makisaki-tsumura,,,
1014,三上 洋平,Yohei Mikami,,バンタム級 [ -61.2 Kg ]B,2003-09-05,https://www.shooto-mma.com/fighters/?id=1014,"NO (numeric id only, confirmed across all 27 weight-class listing pages + all=1 full listing; consistent with PR #234)",yohei-mikami,,,
503,ジェレミー ボルト,Jeremy Bolt,,フライ級 [ -56.7 Kg ]B,2000-11-18,https://www.shooto-mma.com/fighters/?id=503,"NO (numeric id only, confirmed across all 27 weight-class listing pages + all=1 full listing; consistent with PR #234)",jeremy-bolt,,,
1015,ナディア ヴァン・デル・ウェル,Nadia van der Wel,,ストロー級 [ -52.2 Kg ]B,2004-12-14,https://www.shooto-mma.com/fighters/?id=1015,"NO (numeric id only, confirmed across all 27 weight-class listing pages + all=1 full listing; consistent with PR #234)",nadia-van-der-wel,,,
760,ラミュナス コマス,Ramunas Komas,ティターナス,ライト級 [ -70.3 Kg ]B,2004-11-21,https://www.shooto-mma.com/fighters/?id=760,"NO (numeric id only, confirmed across all 27 weight-class listing pages + all=1 full listing; consistent with PR #234)",ramunas-komas,,,
1016,アンナ ミッシェル ダンテス,Ana Michelle,,ストロー級 [ -52.2 Kg ]B,2005-03-12,https://www.shooto-mma.com/fighters/?id=1016,"NO (numeric id only, confirmed across all 27 weight-class listing pages + all=1 full listing; consistent with PR #234)",ana-michelle,,,
1528,白木 大輔,,CARPE DIEM HOPE,闘裸男B,2022-12-04,https://www.shooto-mma.com/fighters/?id=1528,"NO (numeric id only, confirmed across all 27 weight-class listing pages + all=1 full listing; consistent with PR #234)",,,,
505,ホジソン ホシャ,Hudson Rocha,,フライ級 [ -56.7 Kg ]B,2002-03-09,https://www.shooto-mma.com/fighters/?id=505,"NO (numeric id only, confirmed across all 27 weight-class listing pages + all=1 full listing; consistent with PR #234)",hudson-rocha,,,
1017,チョン ダーレ,Chon Dah Le,,ストロー級 [ -52.2 Kg ]B,2005-12-17,https://www.shooto-mma.com/fighters/?id=1017,"NO (numeric id only, confirmed across all 27 weight-class listing pages + all=1 full listing; consistent with PR #234)",chon-dah-le,,,
1529,本村 結,,カルペディエム福岡,アマチュア修斗B,2022-12-04,https://www.shooto-mma.com/fighters/?id=1529,"NO (numeric id only, confirmed across all 27 weight-class listing pages + all=1 full listing; consistent with PR #234)",,,,
1018,チェ ウンブン,Chu Won Bun,,ストロー級 [ -52.2 Kg ]B,2009-05-10,https://www.shooto-mma.com/fighters/?id=1018,"NO (numeric id only, confirmed across all 27 weight-class listing pages + all=1 full listing; consistent with PR #234)",chu-won-bun,,,
1530,山本 恵愛,,TEAM AGENT,キッズ・ジュニア修斗B,2022-12-04,https://www.shooto-mma.com/fighters/?id=1530,"NO (numeric id only, confirmed across all 27 weight-class listing pages + all=1 full listing; consistent with PR #234)",,,,
1019,アレックス リッチ,Alex Ricci,M1タイボクシング/ブラックジリアンズ,ライト級 [ -70.3 Kg ]B,,https://www.shooto-mma.com/fighters/?id=1019,"NO (numeric id only, confirmed across all 27 weight-class listing pages + all=1 full listing; consistent with PR #234)",alex-ricci,,,
1531,佐々木 咲耶,,BURST,キッズ・ジュニア修斗B,2022-12-04,https://www.shooto-mma.com/fighters/?id=1531,"NO (numeric id only, confirmed across all 27 weight-class listing pages + all=1 full listing; consistent with PR #234)",,,,
508,ダニエル オテロ,Daniel Otero,,フライ級 [ -56.7 Kg ]B,2007-05-18,https://www.shooto-mma.com/fighters/?id=508,"NO (numeric id only, confirmed across all 27 weight-class listing pages + all=1 full listing; consistent with PR #234)",daniel-otero,,,
1020,アンソニー ドゥー,Anthony Do,アメリカン・キックボクシング・アカデミー,ストロー級 [ -52.2 Kg ]B,2016-09-19,https://www.shooto-mma.com/fighters/?id=1020,"NO (numeric id only, confirmed across all 27 weight-class listing pages + all=1 full listing; consistent with PR #234)",anthony-do,,,
1532,上瀬 あかり,,毛利道場,女子B,2023-12-03,https://www.shooto-mma.com/fighters/?id=1532,"NO (numeric id only, confirmed across all 27 weight-class listing pages + all=1 full listing; consistent with PR #234)",,,,
766,マーク モレノ,Mark Moreno,,ライト級 [ -70.3 Kg ]B,2003-05-09,https://www.shooto-mma.com/fighters/?id=766,"NO (numeric id only, confirmed across all 27 weight-class listing pages + all=1 full listing; consistent with PR #234)",mark-moreno,,,
767,ニック ディアス,Nick Diaz,,ライト級 [ -70.3 Kg ]B,2002-12-14,https://www.shooto-mma.com/fighters/?id=767,"NO (numeric id only, confirmed across all 27 weight-class listing pages + all=1 full listing; consistent with PR #234)",nick-diaz,,,
1112,ジョナタン バイエス,JONATHAN VALLES,パラエストラ松戸,ウェルター級 [ -77.1 Kg ]B,2021-12-05,https://www.shooto-mma.com/fighters/?id=1112,"NO (numeric id only, confirmed across all 27 weight-class listing pages + all=1 full listing; consistent with PR #234)",jonathan-valles,,,
1882,出井 海七斗,,修斗GYM神戸,ストロー級 [ -52.2 Kg ]B,2026-05-31,https://www.shooto-mma.com/fighters/?id=1882,"NO (numeric id only, confirmed across all 27 weight-class listing pages + all=1 full listing; consistent with PR #234)",,,,
639,KG 心斗,KG Shinto,マッハ道場,ライト級 [ -70.3 Kg ]B,2008-03-21,https://www.shooto-mma.com/fighters/?id=639,"NO (numeric id only, confirmed across all 27 weight-class listing pages + all=1 full listing; consistent with PR #234)",kg-shinto,,,
1413,麻生 Leg Lock 祐弘,YOSHIHIRO ASO,有永道場 Team Resolve,フライ級 [ -56.7 Kg ]B,2024-01-28,https://www.shooto-mma.com/fighters/?id=1413,"NO (numeric id only, confirmed across all 27 weight-class listing pages + all=1 full listing; consistent with PR #234)",yoshihiro-aso,,,
1094,伊集 龍皇,RYUON IJYU,パラエストラ小岩,バンタム級 [ -61.2 Kg ]B,2026-07-20,https://www.shooto-mma.com/fighters/?id=1094,"NO (numeric id only, confirmed across all 27 weight-class listing pages + all=1 full listing; consistent with PR #234)",ryuon-ijyu,,,
1738,恵 真,ESHIN,リバーサルジム立川ALPHA,フェザー級 [ -65.8 Kg ]B,2026-04-11,https://www.shooto-mma.com/fighters/?id=1738,"NO (numeric id only, confirmed across all 27 weight-class listing pages + all=1 full listing; consistent with PR #234)",eshin,,,
1427,大田 ノヒロ,NOHIRO OTA,THE BLACKBELT JAPAN,フライ級 [ -56.7 Kg ]B,2025-04-20,https://www.shooto-mma.com/fighters/?id=1427,"NO (numeric id only, confirmed across all 27 weight-class listing pages + all=1 full listing; consistent with PR #234)",nohiro-ota,,,
1172,木越 めぐみ,MEGUMI KIGOSHI,SHOOTO GYM K'z FACTORY,女子B,2019-01-27,https://www.shooto-mma.com/fighters/?id=1172,"NO (numeric id only, confirmed across all 27 weight-class listing pages + all=1 full listing; consistent with PR #234)",megumi-kigoshi,,,
1511,嵯峨 ゴーレム 健史,TAKESHI SAGA,TKエスペランサ,ライト級 [ -70.3 Kg ]B,2024-01-28,https://www.shooto-mma.com/fighters/?id=1511,"NO (numeric id only, confirmed across all 27 weight-class listing pages + all=1 full listing; consistent with PR #234)",takeshi-saga,,,
1561,澤江 優侍,YUJI SAWAE,フリー,フェザー級 [ -65.8 Kg ]B,2026-07-20,https://www.shooto-mma.com/fighters/?id=1561,"NO (numeric id only, confirmed across all 27 weight-class listing pages + all=1 full listing; consistent with PR #234)",yuji-sawae,,,
1497,JAM,JAM,Theパラエストラ沖縄,バンタム級 [ -61.2 Kg ]B,2024-01-28,https://www.shooto-mma.com/fighters/?id=1497,"NO (numeric id only, confirmed across all 27 weight-class listing pages + all=1 full listing; consistent with PR #234)",jam,,,
1657,鈴木 崇矢,TAKAYA SUZUKI,格闘DREAMERS,フライ級 [ -56.7 Kg ]B,2024-01-28,https://www.shooto-mma.com/fighters/?id=1657,"NO (numeric id only, confirmed across all 27 weight-class listing pages + all=1 full listing; consistent with PR #234)",takaya-suzuki,suzuki-takaya,,
695,宋 鬼子,Kiko So,総合格闘技道場コブラ会,フェザー級 [ -65.8 Kg ]B,2016-07-03,https://www.shooto-mma.com/fighters/?id=695,"NO (numeric id only, confirmed across all 27 weight-class listing pages + all=1 full listing; consistent with PR #234)",kiko-so,,,
1569,知名 昴海,SUKAI CHINA,DROP,ストロー級 [ -52.2 Kg ]B,2025-01-19,https://www.shooto-mma.com/fighters/?id=1569,"NO (numeric id only, confirmed across all 27 weight-class listing pages + all=1 full listing; consistent with PR #234)",sukai-china,,,
1456,永留 惇平,JUNPEI NAGATOME,MMA RANGERS GYM,ストロー級 [ -52.2 Kg ]B,2024-05-26,https://www.shooto-mma.com/fighters/?id=1456,"NO (numeric id only, confirmed across all 27 weight-class listing pages + all=1 full listing; consistent with PR #234)",junpei-nagatome,,,
1515,松浦 真実也,MAMIYA MATSUSHITA,総合格闘技実業団トップティア,フェザー級 [ -65.8 Kg ]B,2026-05-24,https://www.shooto-mma.com/fighters/?id=1515,"NO (numeric id only, confirmed across all 27 weight-class listing pages + all=1 full listing; consistent with PR #234)",mamiya-matsushita,,,
1538,宮口 龍鳳,MIYAGUCHI RYUHO,総合格闘技道場コブラ会,バンタム級 [ -61.2 Kg ]B,2025-11-22,https://www.shooto-mma.com/fighters/?id=1538,"NO (numeric id only, confirmed across all 27 weight-class listing pages + all=1 full listing; consistent with PR #234)",miyaguchi-ryuho,miyaguchi-ryuho,,YES
1150,相澤 颯人,HAYATO AIZAWA,心技館,キッズ・ジュニア修斗B,2018-09-23,https://www.shooto-mma.com/fighters/?id=1150,"NO (numeric id only, confirmed across all 27 weight-class listing pages + all=1 full listing; consistent with PR #234)",hayato-aizawa,,,
1289,有井 渚海,SHOA ARII,及川道場,新空手道連盟B,2021-07-04,https://www.shooto-mma.com/fighters/?id=1289,"NO (numeric id only, confirmed across all 27 weight-class listing pages + all=1 full listing; consistent with PR #234)",shoa-arii,,,
1659,歩生,AIRU,パラエストラTB,フェザー級 [ -65.8 Kg ]B,2025-03-23,https://www.shooto-mma.com/fighters/?id=1659,"NO (numeric id only, confirmed across all 27 weight-class listing pages + all=1 full listing; consistent with PR #234)",airu,,,
267,青井 人,Jin Aoi,BLOWS,フェザー級 [ -65.8 Kg ]B,2020-02-16,https://www.shooto-mma.com/fighters/?id=267,"NO (numeric id only, confirmed across all 27 weight-class listing pages + all=1 full listing; consistent with PR #234)",jin-aoi,aoi-jin,,
1337,青井 心ニ,SHINJI AOI,心技館,バンタム級 [ -61.2 Kg ]B,2026-02-18,https://www.shooto-mma.com/fighters/?id=1337,"NO (numeric id only, confirmed across all 27 weight-class listing pages + all=1 full listing; consistent with PR #234)",shinji-aoi,,,
1095,青井 心二,Shinji Aoi,心技館,キッズ・ジュニア修斗B,2017-07-23,https://www.shooto-mma.com/fighters/?id=1095,"NO (numeric id only, confirmed across all 27 weight-class listing pages + all=1 full listing; consistent with PR #234)",shinji-aoi,,,
1485,青井 太一,TAICHI AOI,心技館,フェザー級 [ -65.8 Kg ]B,2026-05-17,https://www.shooto-mma.com/fighters/?id=1485,"NO (numeric id only, confirmed across all 27 weight-class listing pages + all=1 full listing; consistent with PR #234)",taichi-aoi,aoi-taichi,,YES
777,青柳 洸志,KOJI AOYAGI,修斗GYM神戸,バンタム級 [ -61.2 Kg ]B,2026-06-28,https://www.shooto-mma.com/fighters/?id=777,"NO (numeric id only, confirmed across all 27 weight-class listing pages + all=1 full listing; consistent with PR #234)",koji-aoyagi,,,
596,青山 忍,Shinobu Aoyama,和術慧舟會富山支部S.P.O.,フライ級 [ -56.7 Kg ]B,2010-10-24,https://www.shooto-mma.com/fighters/?id=596,"NO (numeric id only, confirmed across all 27 weight-class listing pages + all=1 full listing; consistent with PR #234)",shinobu-aoyama,,,
192,赤尾 セイジ,Seiji Akao,NEX-SPORTS,バンタム級 [ -61.2 Kg ]B,2010-12-18,https://www.shooto-mma.com/fighters/?id=192,"NO (numeric id only, confirmed across all 27 weight-class listing pages + all=1 full listing; consistent with PR #234)",seiji-akao,,,
507,赤崎 勝久,Katsuhisa Akasaki,赤崎道場A-SPIRIT,フェザー級 [ -65.8 Kg ]B,2017-09-10,https://www.shooto-mma.com/fighters/?id=507,"NO (numeric id only, confirmed across all 27 weight-class listing pages + all=1 full listing; consistent with PR #234)",katsuhisa-akasaki,,,
632,赤澤 誠,Makoto Akazawa,,フェザー級 [ -65.8 Kg ]B,2008-05-18,https://www.shooto-mma.com/fighters/?id=632,"NO (numeric id only, confirmed across all 27 weight-class listing pages + all=1 full listing; consistent with PR #234)",makoto-akazawa,,,
1246,赤羽 幾也,IKUYA AKABANE,CROW FOREST,キッズ・ジュニア修斗B,2019-11-24,https://www.shooto-mma.com/fighters/?id=1246,"NO (numeric id only, confirmed across all 27 weight-class listing pages + all=1 full listing; consistent with PR #234)",ikuya-akabane,,,
46,安芸 佳孝Z,Aki Z Yoshitaka,アンドレイオス,ストロー級 [ -52.2 Kg ]B,2010-04-04,https://www.shooto-mma.com/fighters/?id=46,"NO (numeric id only, confirmed across all 27 weight-class listing pages + all=1 full listing; consistent with PR #234)",aki-z-yoshitaka,,,
193,AKI,AKI,壬生狼,バンタム級 [ -61.2 Kg ]B,2012-07-08,https://www.shooto-mma.com/fighters/?id=193,"NO (numeric id only, confirmed across all 27 weight-class listing pages + all=1 full listing; consistent with PR #234)",aki,,,
776,秋葉 太樹,Taiki Akiba,総合格闘技道場reliable,バンタム級 [ -61.2 Kg ]B,2016-06-19,https://www.shooto-mma.com/fighters/?id=776,"NO (numeric id only, confirmed across all 27 weight-class listing pages + all=1 full listing; consistent with PR #234)",taiki-akiba,,,
496,秋久 哲也,Tetsuya Akihisa,,フライ級 [ -56.7 Kg ]B,2006-05-14,https://www.shooto-mma.com/fighters/?id=496,"NO (numeric id only, confirmed across all 27 weight-class listing pages + all=1 full listing; consistent with PR #234)",tetsuya-akihisa,,,
968,秋山 翼,Tsubasa Akiyama,毛利道場,バンタム級 [ -61.2 Kg ]B,2022-12-04,https://www.shooto-mma.com/fighters/?id=968,"NO (numeric id only, confirmed across all 27 weight-class listing pages + all=1 full listing; consistent with PR #234)",tsubasa-akiyama,,,
342,アキラ,Akira,久我山ラスカルジム,ライト級 [ -70.3 Kg ]B,2012-07-16,https://www.shooto-mma.com/fighters/?id=342,"NO (numeric id only, confirmed across all 27 weight-class listing pages + all=1 full listing; consistent with PR #234)",akira,,,
919,浅倉 カンナ,Kanna Asakura,パラエストラ松戸,女子アトム級 [ -47.6 Kg ]B,2016-07-17,https://www.shooto-mma.com/fighters/?id=919,"NO (numeric id only, confirmed across all 27 weight-class listing pages + all=1 full listing; consistent with PR #234)",kanna-asakura,,,
525,浅野 篤司,Atsushi Asano,,バンタム級 [ -61.2 Kg ]B,2007-07-20,https://www.shooto-mma.com/fighters/?id=525,"NO (numeric id only, confirmed across all 27 weight-class listing pages + all=1 full listing; consistent with PR #234)",atsushi-asano,,,
1505,朝日 彗仁,KEITO ASA|HI,TARGET SHIBUYA,キックボクシングB,2023-06-18,https://www.shooto-mma.com/fighters/?id=1505,"NO (numeric id only, confirmed across all 27 weight-class listing pages + all=1 full listing; consistent with PR #234)",keito-asahi,,,
1098,旭那 拳,Ken Asahina,THE BLACKBELT JAPAN,ストロー級 [ -52.2 Kg ]B,2026-01-18,https://www.shooto-mma.com/fighters/?id=1098,"NO (numeric id only, confirmed across all 27 weight-class listing pages + all=1 full listing; consistent with PR #234)",ken-asahina,,YES,
625,浅利 孝政,Takamasa Asari,BURST,バンタム級 [ -61.2 Kg ]B,2019-12-15,https://www.shooto-mma.com/fighters/?id=625,"NO (numeric id only, confirmed across all 27 weight-class listing pages + all=1 full listing; consistent with PR #234)",takamasa-asari,,,
845,芦川 祥教,Yoshinori Ashikawa,,ミドル級 [ -83.9 Kg ]B,2005-07-14,https://www.shooto-mma.com/fighters/?id=845,"NO (numeric id only, confirmed across all 27 weight-class listing pages + all=1 full listing; consistent with PR #234)",yoshinori-ashikawa,,,
1266,東 寛貴,HIROKI AZUMA,NEW GROUND,フェザー級 [ -65.8 Kg ]B,2020-01-19,https://www.shooto-mma.com/fighters/?id=1266,"NO (numeric id only, confirmed across all 27 weight-class listing pages + all=1 full listing; consistent with PR #234)",hiroki-azuma,,,
1442,安海 健人,KENTO AZUMI,ALMA FIGHT GYM BASE,ライト級 [ -70.3 Kg ]B,2026-02-28,https://www.shooto-mma.com/fighters/?id=1442,"NO (numeric id only, confirmed across all 27 weight-class listing pages + all=1 full listing; consistent with PR #234)",kento-azumi,,YES,
420,安達 明彦,Akihiko Adachi,パラエストラ松戸,ミドル級 [ -83.9 Kg ]B,2007-08-05,https://www.shooto-mma.com/fighters/?id=420,"NO (numeric id only, confirmed across all 27 weight-class listing pages + all=1 full listing; consistent with PR #234)",akihiko-adachi,,,
951,安谷屋 智弘,Tomohiro Adaniya,闘心,フライ級 [ -56.7 Kg ]B,2015-10-03,https://www.shooto-mma.com/fighters/?id=951,"NO (numeric id only, confirmed across all 27 weight-class listing pages + all=1 full listing; consistent with PR #234)",tomohiro-adaniya,,,
462,アッキ 公太,Kota Akki,,フライ級 [ -56.7 Kg ]B,2009-01-31,https://www.shooto-mma.com/fighters/?id=462,"NO (numeric id only, confirmed across all 27 weight-class listing pages + all=1 full listing; consistent with PR #234)",kota-akki,,,
47,阿藤 リトル,Little Ato,GUTSMAN,ストロー級 [ -52.2 Kg ]B,2013-02-23,https://www.shooto-mma.com/fighters/?id=47,"NO (numeric id only, confirmed across all 27 weight-class listing pages + all=1 full listing; consistent with PR #234)",little-ato,,,
637,阿仁鬼,ANIKI,マルスジム,フェザー級 [ -65.8 Kg ]B,2022-06-05,https://www.shooto-mma.com/fighters/?id=637,"NO (numeric id only, confirmed across all 27 weight-class listing pages + all=1 full listing; consistent with PR #234)",aniki,,,
1282,阿部 みこと,MIKOTO ABE,CROW FOREST,キッズ・ジュニア修斗B,2026-01-18,https://www.shooto-mma.com/fighters/?id=1282,"NO (numeric id only, confirmed across all 27 weight-class listing pages + all=1 full listing; consistent with PR #234)",mikoto-abe,,,
48,阿部 剛,Tsuyoshi Abe,TKエスペランサ,ストロー級 [ -52.2 Kg ]B,2018-10-21,https://www.shooto-mma.com/fighters/?id=48,"NO (numeric id only, confirmed across all 27 weight-class listing pages + all=1 full listing; consistent with PR #234)",tsuyoshi-abe,,,
1341,阿部 光太,KOTA ABE,パンクラスイズム横浜,アマチュア修斗B,2021-06-26,https://www.shooto-mma.com/fighters/?id=1341,"NO (numeric id only, confirmed across all 27 weight-class listing pages + all=1 full listing; consistent with PR #234)",kota-abe,,,
1653,阿部 優心,YUSHIN ABE,TEAM TEPPEN,Stand upB,2024-07-28,https://www.shooto-mma.com/fighters/?id=1653,"NO (numeric id only, confirmed across all 27 weight-class listing pages + all=1 full listing; consistent with PR #234)",yushin-abe,,,
687,阿部 右京,Ukyo Abe,総合格闘技道場STF,フェザー級 [ -65.8 Kg ]B,2013-05-12,https://www.shooto-mma.com/fighters/?id=687,"NO (numeric id only, confirmed across all 27 weight-class listing pages + all=1 full listing; consistent with PR #234)",ukyo-abe,,,
194,阿部 貴広,Takahiro Abe,トイカツ道場,バンタム級 [ -61.2 Kg ]B,2016-05-28,https://www.shooto-mma.com/fighters/?id=194,"NO (numeric id only, confirmed across all 27 weight-class listing pages + all=1 full listing; consistent with PR #234)",takahiro-abe,,,
421,アベール 田中,Abel Tanaka,シューティングジム神戸,ミドル級 [ -83.9 Kg ]B,,https://www.shooto-mma.com/fighters/?id=421,"NO (numeric id only, confirmed across all 27 weight-class listing pages + all=1 full listing; consistent with PR #234)",abel-tanaka,,,
268,天草 ストロンガー 四郎,Shiro Amakusa,総合格闘技チームソフトコンタクト,フェザー級 [ -65.8 Kg ]B,2018-09-30,https://www.shooto-mma.com/fighters/?id=268,"NO (numeric id only, confirmed across all 27 weight-class listing pages + all=1 full listing; consistent with PR #234)",shiro-amakusa,,,
1043,天雷 しゅんすけ,Shunsuke Amarai,UNDER GROUND,フェザー級 [ -65.8 Kg ]B,2018-11-18,https://www.shooto-mma.com/fighters/?id=1043,"NO (numeric id only, confirmed across all 27 weight-class listing pages + all=1 full listing; consistent with PR #234)",shunsuke-amarai,,,
1897,愛結菜,AYUNA,東北AVANTI,CKCB,2026-01-18,https://www.shooto-mma.com/fighters/?id=1897,"NO (numeric id only, confirmed across all 27 weight-class listing pages + all=1 full listing; consistent with PR #234)",ayuna,,,
49,新井 丈,JO ARAI,和術慧舟會HEARTS,ストロー級 [ -52.2 Kg ]B,2025-11-16,https://www.shooto-mma.com/fighters/?id=49,"NO (numeric id only, confirmed across all 27 weight-class listing pages + all=1 full listing; consistent with PR #234)",jo-arai,arai-jo,,YES
1253,新井 拓巳,TAKUMI ARAI,ストライプル新百合ケ丘,バンタム級 [ -61.2 Kg ]B,2025-03-23,https://www.shooto-mma.com/fighters/?id=1253,"NO (numeric id only, confirmed across all 27 weight-class listing pages + all=1 full listing; consistent with PR #234)",takumi-arai,,,
344,荒川 大輔,Daisuke Arakawa,ベラトレオ,ライト級 [ -70.3 Kg ]B,2015-12-20,https://www.shooto-mma.com/fighters/?id=344,"NO (numeric id only, confirmed across all 27 weight-class listing pages + all=1 full listing; consistent with PR #234)",daisuke-arakawa,,,
1892,アラミ,ARAMI,X-TREME EBINA,女子ストロー級B,2026-12-31,https://www.shooto-mma.com/fighters/?id=1892,"NO (numeric id only, confirmed across all 27 weight-class listing pages + all=1 full listing; consistent with PR #234)",arami,,,
561,有川 大介,Daisuke Arikawa,パラエストラ小岩,フェザー級 [ -65.8 Kg ]B,2019-06-16,https://www.shooto-mma.com/fighters/?id=561,"NO (numeric id only, confirmed across all 27 weight-class listing pages + all=1 full listing; consistent with PR #234)",daisuke-arikawa,,,
1087,有馬 鉄太,Arima Tetta,THE BLACKBELT JAPAN,キッズ・ジュニア修斗B,2026-06-01,https://www.shooto-mma.com/fighters/?id=1087,"NO (numeric id only, confirmed across all 27 weight-class listing pages + all=1 full listing; consistent with PR #234)",arima-tetta,,,
1709,有松 朋晃,TOMOAKI ARIMATSU,MMA RANGERS GYM,バンタム級 [ -61.2 Kg ]B,2025-10-11,https://www.shooto-mma.com/fighters/?id=1709,"NO (numeric id only, confirmed across all 27 weight-class listing pages + all=1 full listing; consistent with PR #234)",tomoaki-arimatsu,,,
114,有本 侑紀,Yuki Arimoto,KING GYM,フライ級 [ -56.7 Kg ]B,2015-09-06,https://www.shooto-mma.com/fighters/?id=114,"NO (numeric id only, confirmed across all 27 weight-class listing pages + all=1 full listing; consistent with PR #234)",yuki-arimoto,,,
343,アローイ 石橋,Aroi Ishibashi,パラエストラ札幌,ライト級 [ -70.3 Kg ]B,2014-10-05,https://www.shooto-mma.com/fighters/?id=343,"NO (numeric id only, confirmed across all 27 weight-class listing pages + all=1 full listing; consistent with PR #234)",aroi-ishibashi,,,
195,安藤 達也,Tatsuya Ando,フリー,バンタム級 [ -61.2 Kg ]B,2022-03-21,https://www.shooto-mma.com/fighters/?id=195,"NO (numeric id only, confirmed across all 27 weight-class listing pages + all=1 full listing; consistent with PR #234)",tatsuya-ando,ando-tatsuya,,
1701,アーイージアコ アーケンビエコァ,AKENBIEKE AYIJIAKE,,ライト級 [ -70.3 Kg ]B,2024-05-19,https://www.shooto-mma.com/fighters/?id=1701,"NO (numeric id only, confirmed across all 27 weight-class listing pages + all=1 full listing; consistent with PR #234)",akenbieke-ayijiake,,,
1946,イ ボバイエ,,MOB Training Center,女子アトム級 [ -47.6 Kg ]B,2026-04-19,https://www.shooto-mma.com/fighters/?id=1946,"NO (numeric id only, confirmed across all 27 weight-class listing pages + all=1 full listing; consistent with PR #234)",,,,
1207,イ イェジ,LEE YE JI,TEAM J,女子スーパーアトム級B,2019-11-24,https://www.shooto-mma.com/fighters/?id=1207,"NO (numeric id only, confirmed across all 27 weight-class listing pages + all=1 full listing; consistent with PR #234)",lee-ye-ji,,,
1383,井口 翔太,SHOTA IGUCHI,修斗GYM神戸,フライ級 [ -56.7 Kg ]B,2026-05-24,https://www.shooto-mma.com/fighters/?id=1383,"NO (numeric id only, confirmed across all 27 weight-class listing pages + all=1 full listing; consistent with PR #234)",shota-iguchi,,,
1236,井口 雅仁,MASATO IGUCHI,AACC,ライト級 [ -70.3 Kg ]B,2025-10-11,https://www.shooto-mma.com/fighters/?id=1236,"NO (numeric id only, confirmed across all 27 weight-class listing pages + all=1 full listing; consistent with PR #234)",masato-iguchi,,,
448,池田 三男 博之,Hiroyuki Ikeda,,ストロー級 [ -52.2 Kg ]B,2007-12-09,https://www.shooto-mma.com/fighters/?id=448,"NO (numeric id only, confirmed across all 27 weight-class listing pages + all=1 full listing; consistent with PR #234)",hiroyuki-ikeda,,,
965,ISAO,ISAO,坂口道場一族,フェザー級 [ -65.8 Kg ]B,2016-09-19,https://www.shooto-mma.com/fighters/?id=965,"NO (numeric id only, confirmed across all 27 weight-class listing pages + all=1 full listing; consistent with PR #234)",isao,isao,,
387,勇星,ISAMU,ピロクテテス新潟,ウェルター級 [ -77.1 Kg ]B,2025-08-31,https://www.shooto-mma.com/fighters/?id=387,"NO (numeric id only, confirmed across all 27 weight-class listing pages + all=1 full listing; consistent with PR #234)",isamu,,,
1928,石井 嵩人,TAKATO ISHII,パラエストラ小岩,アマチュア修斗B,2026-04-11,https://www.shooto-mma.com/fighters/?id=1928,"NO (numeric id only, confirmed across all 27 weight-class listing pages + all=1 full listing; consistent with PR #234)",takato-ishii,,,
452,石井 俊光,Toshimitsu Ishii,,ストロー級 [ -52.2 Kg ]B,2004-03-04,https://www.shooto-mma.com/fighters/?id=452,"NO (numeric id only, confirmed across all 27 weight-class listing pages + all=1 full listing; consistent with PR #234)",toshimitsu-ishii,,,
115,石神 保貴,Yasutaka Ishigami,和術慧舟會東京本部,ストロー級 [ -52.2 Kg ]B,2013-04-21,https://www.shooto-mma.com/fighters/?id=115,"NO (numeric id only, confirmed across all 27 weight-class listing pages + all=1 full listing; consistent with PR #234)",yasutaka-ishigami,,,
196,石澤 大介,Daisuke Ishizawa,パラエストラ札幌,バンタム級 [ -61.2 Kg ]B,2012-09-16,https://www.shooto-mma.com/fighters/?id=196,"NO (numeric id only, confirmed across all 27 weight-class listing pages + all=1 full listing; consistent with PR #234)",daisuke-ishizawa,,,
1286,石田 拓穂,,リライアブル,ライト級 [ -70.3 Kg ]B,2022-12-11,https://www.shooto-mma.com/fighters/?id=1286,"NO (numeric id only, confirmed across all 27 weight-class listing pages + all=1 full listing; consistent with PR #234)",,,,
50,石綱 テツオ,Tetsuo Ishitsuna,ISHITSUNA MMA GYM,ストロー級 [ -52.2 Kg ]B,2015-06-21,https://www.shooto-mma.com/fighters/?id=50,"NO (numeric id only, confirmed across all 27 weight-class listing pages + all=1 full listing; consistent with PR #234)",tetsuo-ishitsuna,,,
384,石中 暢,Wataru Ishinaka,PUREBRED京都,ウェルター級 [ -77.1 Kg ]B,2008-03-21,https://www.shooto-mma.com/fighters/?id=384,"NO (numeric id only, confirmed across all 27 weight-class listing pages + all=1 full listing; consistent with PR #234)",wataru-ishinaka,,,
1550,石原 匠,TAKUMI ISHIHARA,シューティング宇留野道場,ウェルター級 [ -77.1 Kg ]B,2023-04-09,https://www.shooto-mma.com/fighters/?id=1550,"NO (numeric id only, confirmed across all 27 weight-class listing pages + all=1 full listing; consistent with PR #234)",takumi-ishihara,,,
1390,石原 愼之介,Shinnosuke Ishihara,MMA Zジム,ストロー級 [ -52.2 Kg ]B,2024-10-20,https://www.shooto-mma.com/fighters/?id=1390,"NO (numeric id only, confirmed across all 27 weight-class listing pages + all=1 full listing; consistent with PR #234)",shinnosuke-ishihara,,,
521,井島 裕彰,Hiroaki Ijima,GUTSMAN,フライ級 [ -56.7 Kg ]B,2014-02-20,https://www.shooto-mma.com/fighters/?id=521,"NO (numeric id only, confirmed across all 27 weight-class listing pages + all=1 full listing; consistent with PR #234)",hiroaki-ijima,,,
1546,伊集 虎皇,RAON IJU,パラエストラ小岩,ストロー級 [ -52.2 Kg ]B,2023-04-09,https://www.shooto-mma.com/fighters/?id=1546,"NO (numeric id only, confirmed across all 27 weight-class listing pages + all=1 full listing; consistent with PR #234)",raon-iju,,,
1057,伊集 守道,Morimichi Iju,Theパラエストラ沖縄,ライト級 [ -70.3 Kg ]B,2022-08-21,https://www.shooto-mma.com/fighters/?id=1057,"NO (numeric id only, confirmed across all 27 weight-class listing pages + all=1 full listing; consistent with PR #234)",morimichi-iju,,,
345,泉 彰洋,Akihiro Izumi,MMA／SHOOTOジムBLOWS,ライト級 [ -70.3 Kg ]B,2019-07-15,https://www.shooto-mma.com/fighters/?id=345,"NO (numeric id only, confirmed across all 27 weight-class listing pages + all=1 full listing; consistent with PR #234)",akihiro-izumi,,,
385,伊関 泰二郎,Taijiro Iseki,GUTSMAN,ウェルター級 [ -77.1 Kg ]B,2012-10-07,https://www.shooto-mma.com/fighters/?id=385,"NO (numeric id only, confirmed across all 27 weight-class listing pages + all=1 full listing; consistent with PR #234)",taijiro-iseki,,,
981,伊是名 秀宣,Hidenobu Izena,チーム・ソフトコンタクト,フライ級 [ -56.7 Kg ]B,2014-06-28,https://www.shooto-mma.com/fighters/?id=981,"NO (numeric id only, confirmed across all 27 weight-class listing pages + all=1 full listing; consistent with PR #234)",hidenobu-izena,,,
1355,磯部 鉄心,TESSHIN ISOBE,パラエストラ松戸,フェザー級 [ -65.8 Kg ]B,2023-09-24,https://www.shooto-mma.com/fighters/?id=1355,"NO (numeric id only, confirmed across all 27 weight-class listing pages + all=1 full listing; consistent with PR #234)",tesshin-isobe,,,
1161,磯部 雄太,Yuta Isobe,駿東修闘クラブ,ライト級 [ -70.3 Kg ]B,2026-04-05,https://www.shooto-mma.com/fighters/?id=1161,"NO (numeric id only, confirmed across all 27 weight-class listing pages + all=1 full listing; consistent with PR #234)",yuta-isobe,,,
1164,井田 悟,Satoru Ida,パラエストラTB,フェザー級 [ -65.8 Kg ]B,2018-11-18,https://www.shooto-mma.com/fighters/?id=1164,"NO (numeric id only, confirmed across all 27 weight-class listing pages + all=1 full listing; consistent with PR #234)",satoru-ida,,,
197,一條 貴洋,Takahiro Ichijo,ストライプル南相馬playground,バンタム級 [ -61.2 Kg ]B,2026-02-28,https://www.shooto-mma.com/fighters/?id=197,"NO (numeric id only, confirmed across all 27 weight-class listing pages + all=1 full listing; consistent with PR #234)",takahiro-ichijo,,,
1181,一水 浩二,Kouji Ichimizu,近田道場,フェザー級 [ -65.8 Kg ]B,2024-09-08,https://www.shooto-mma.com/fighters/?id=1181,"NO (numeric id only, confirmed across all 27 weight-class listing pages + all=1 full listing; consistent with PR #234)",kouji-ichimizu,,,
714,いっきゅうさん,Ikkyuu-san,総合格闘技道場コブラ会,フライ級 [ -56.7 Kg ]B,2013-10-06,https://www.shooto-mma.com/fighters/?id=714,"NO (numeric id only, confirmed across all 27 weight-class listing pages + all=1 full listing; consistent with PR #234)",ikkyuu-san,,,
671,出田 貴大,Takahiro Ideta,パラエストラ北九州,バンタム級 [ -61.2 Kg ]B,2017-09-10,https://www.shooto-mma.com/fighters/?id=671,"NO (numeric id only, confirmed across all 27 weight-class listing pages + all=1 full listing; consistent with PR #234)",takahiro-ideta,,,
1068,伊藤 ナツミ,Natsumi Ito,ISHITSUNA MMA GYM,フライ級 [ -56.7 Kg ]B,2017-04-09,https://www.shooto-mma.com/fighters/?id=1068,"NO (numeric id only, confirmed across all 27 weight-class listing pages + all=1 full listing; consistent with PR #234)",natsumi-ito,,,
896,伊藤 裕亮,Hiroaki Ito,ALIVE,バンタム級 [ -61.2 Kg ]B,2008-03-16,https://www.shooto-mma.com/fighters/?id=896,"NO (numeric id only, confirmed across all 27 weight-class listing pages + all=1 full listing; consistent with PR #234)",hiroaki-ito,,,
945,伊藤 忍,Shinobu Ito,,ウェルター級 [ -77.1 Kg ]B,2003-09-05,https://www.shooto-mma.com/fighters/?id=945,"NO (numeric id only, confirmed across all 27 weight-class listing pages + all=1 full listing; consistent with PR #234)",shinobu-ito,,,
1504,伊藤 琉之助,,EX ARES,Stand upB,2024-12-29,https://www.shooto-mma.com/fighters/?id=1504,"NO (numeric id only, confirmed across all 27 weight-class listing pages + all=1 full listing; consistent with PR #234)",,,,
995,伊藤 盛一郎,Seiichiro Ito,リバーサルジム横浜グランドスラム,フライ級 [ -56.7 Kg ]B,2013-10-05,https://www.shooto-mma.com/fighters/?id=995,"NO (numeric id only, confirmed across all 27 weight-class listing pages + all=1 full listing; consistent with PR #234)",seiichiro-ito,seiichiro-ito,,
269,稲葉 聡,Satoshi Inaba,秋本道場Jungle Junction,フェザー級 [ -65.8 Kg ]B,2019-10-20,https://www.shooto-mma.com/fighters/?id=269,"NO (numeric id only, confirmed across all 27 weight-class listing pages + all=1 full listing; consistent with PR #234)",satoshi-inaba,,,
550,井上 英,Hideru Inoue,パラエストラ博多,フライ級 [ -56.7 Kg ]B,2009-12-23,https://www.shooto-mma.com/fighters/?id=550,"NO (numeric id only, confirmed across all 27 weight-class listing pages + all=1 full listing; consistent with PR #234)",hideru-inoue,,,
1582,井上 愛羅,AIRA INOUE,ストライプル茨城,グラップリングB,2026-01-18,https://www.shooto-mma.com/fighters/?id=1582,"NO (numeric id only, confirmed across all 27 weight-class listing pages + all=1 full listing; consistent with PR #234)",aira-inoue,,,
854,井上 雄史,Yuji Inoue,GUTSMAN,フェザー級 [ -65.8 Kg ]B,2011-06-11,https://www.shooto-mma.com/fighters/?id=854,"NO (numeric id only, confirmed across all 27 weight-class listing pages + all=1 full listing; consistent with PR #234)",yuji-inoue,,,
386,井上 雄策,Yusaku Inoue,PUREBRED川口REDIPS,ウェルター級 [ -77.1 Kg ]B,2013-03-16,https://www.shooto-mma.com/fighters/?id=386,"NO (numeric id only, confirmed across all 27 weight-class listing pages + all=1 full listing; consistent with PR #234)",yusaku-inoue,,,
1715,井上 翔太,SHOTA INOUE,赤崎道場A-SPIRIT,フェザー級 [ -65.8 Kg ]B,2025-05-18,https://www.shooto-mma.com/fighters/?id=1715,"NO (numeric id only, confirmed across all 27 weight-class listing pages + all=1 full listing; consistent with PR #234)",shota-inoue,,,
699,井上 裕貴,Yuki Inoue,木口道場,ライト級 [ -70.3 Kg ]B,2005-07-14,https://www.shooto-mma.com/fighters/?id=699,"NO (numeric id only, confirmed across all 27 weight-class listing pages + all=1 full listing; consistent with PR #234)",yuki-inoue,,,
1930,伊原 快,KAI IHARA,パラエストラ小岩,アマチュア修斗B,2026-04-11,https://www.shooto-mma.com/fighters/?id=1930,"NO (numeric id only, confirmed across all 27 weight-class listing pages + all=1 full listing; consistent with PR #234)",kai-ihara,,,
1351,今市 凌太,RYOTA IMAICHI,STYLE PLUS GYM,ミドル級 [ -83.9 Kg ]B,2021-09-20,https://www.shooto-mma.com/fighters/?id=1351,"NO (numeric id only, confirmed across all 27 weight-class listing pages + all=1 full listing; consistent with PR #234)",ryota-imaichi,,,
1899,イム クァンウ,GWAN WOO LIM,Extreme Combat,ライト級 [ -70.3 Kg ]B,2026-01-18,https://www.shooto-mma.com/fighters/?id=1899,"NO (numeric id only, confirmed across all 27 weight-class listing pages + all=1 full listing; consistent with PR #234)",gwan-woo-lim,,,
1143,イム ジョンミン,LE JEONG MIN,MMA STORY,フェザー級 [ -65.8 Kg ]B,2019-05-06,https://www.shooto-mma.com/fighters/?id=1143,"NO (numeric id only, confirmed across all 27 weight-class listing pages + all=1 full listing; consistent with PR #234)",le-jeong-min,,,
1465,イム ドンジュ,,ザ・ジムラップ,ミドル級 [ -83.9 Kg ]B,2022-07-17,https://www.shooto-mma.com/fighters/?id=1465,"NO (numeric id only, confirmed across all 27 weight-class listing pages + all=1 full listing; consistent with PR #234)",,,,
950,伊禮 真也,Shinya Irei,和術慧舟會HEARTS,バンタム級 [ -61.2 Kg ]B,2015-10-03,https://www.shooto-mma.com/fighters/?id=950,"NO (numeric id only, confirmed across all 27 weight-class listing pages + all=1 full listing; consistent with PR #234)",shinya-irei,,,
270,岩鬼,Iwaki,フリー,バンタム級 [ -61.2 Kg ]B,2019-10-20,https://www.shooto-mma.com/fighters/?id=270,"NO (numeric id only, confirmed across all 27 weight-class listing pages + all=1 full listing; consistent with PR #234)",iwaki,,,
1268,岩佐 和哉,KAZUYA IWASA,MMA＆BJJ BLOWS,バンタム級 [ -61.2 Kg ]B,2025-09-07,https://www.shooto-mma.com/fighters/?id=1268,"NO (numeric id only, confirmed across all 27 weight-class listing pages + all=1 full listing; consistent with PR #234)",kazuya-iwasa,,,
1350,岩﨑 大河,TAIGA IWASAKI,大道塾/パラエストラ東京/NAUGHTY HOUSE,ミドル級 [ -83.9 Kg ]B,2026-07-20,https://www.shooto-mma.com/fighters/?id=1350,"NO (numeric id only, confirmed across all 27 weight-class listing pages + all=1 full listing; consistent with PR #234)",taiga-iwasaki,,YES,
1896,岩永 唯伽,YUIKA IWANAGA,OISHI GYM,CKCB,2026-01-18,https://www.shooto-mma.com/fighters/?id=1896,"NO (numeric id only, confirmed across all 27 weight-class listing pages + all=1 full listing; consistent with PR #234)",yuika-iwanaga,,,
1265,岩本 龍弥,RYUYA IWAMOTO,MMA Zジム,ライト級 [ -70.3 Kg ]B,,https://www.shooto-mma.com/fighters/?id=1265,"NO (numeric id only, confirmed across all 27 weight-class listing pages + all=1 full listing; consistent with PR #234)",ryuya-iwamoto,,,
1349,植木 令和 新,ARATA UEKI,シューティング宇留野道場,フライ級 [ -56.7 Kg ]B,2025-04-20,https://www.shooto-mma.com/fighters/?id=1349,"NO (numeric id only, confirmed across all 27 weight-class listing pages + all=1 full listing; consistent with PR #234)",arata-ueki,,,
116,上田 将年,Masatoshi Ueda,緒方道場,ストロー級 [ -52.2 Kg ]B,2026-06-28,https://www.shooto-mma.com/fighters/?id=116,"NO (numeric id only, confirmed across all 27 weight-class listing pages + all=1 full listing; consistent with PR #234)",masatoshi-ueda,,,
1501,上田 真央,MAO UEDA,修斗GYMS直心会 UBF,トライアウトB,2022-11-27,https://www.shooto-mma.com/fighters/?id=1501,"NO (numeric id only, confirmed across all 27 weight-class listing pages + all=1 full listing; consistent with PR #234)",mao-ueda,,,
1062,上野 勇貴,Yuki Ueno,AACC×SPIDER,ウェルター級 [ -77.1 Kg ]B,2022-04-03,https://www.shooto-mma.com/fighters/?id=1062,"NO (numeric id only, confirmed across all 27 weight-class listing pages + all=1 full listing; consistent with PR #234)",yuki-ueno,,,
1249,上原 平,TAIRA UEHARA,リバーサルジム横浜グランドスラム,フェザー級 [ -65.8 Kg ]B,2026-05-17,https://www.shooto-mma.com/fighters/?id=1249,"NO (numeric id only, confirmed across all 27 weight-class listing pages + all=1 full listing; consistent with PR #234)",taira-uehara,,YES,
1039,魚住 良太,Ryota Uozumi,メビウススポーツアカデミー,フライ級 [ -56.7 Kg ]B,2016-11-06,https://www.shooto-mma.com/fighters/?id=1039,"NO (numeric id only, confirmed across all 27 weight-class listing pages + all=1 full listing; consistent with PR #234)",ryota-uozumi,,,
1366,宇佐美 正 パトリック,SHO USAMI,EXFIGHT／LDH martIal arts,ライト級 [ -70.3 Kg ]B,2022-01-16,https://www.shooto-mma.com/fighters/?id=1366,"NO (numeric id only, confirmed across all 27 weight-class listing pages + all=1 full listing; consistent with PR #234)",sho-usami,usami-sho-patrick,,
1661,宇佐美 泰生,USAMI TAISEI,修斗GYM東京,フライ級 [ -56.7 Kg ]B,2026-05-17,https://www.shooto-mma.com/fighters/?id=1661,"NO (numeric id only, confirmed across all 27 weight-class listing pages + all=1 full listing; consistent with PR #234)",usami-taisei,,,
661,碓氷 早矢手,Hayate Usui,,フェザー級 [ -65.8 Kg ]B,2007-11-08,https://www.shooto-mma.com/fighters/?id=661,"NO (numeric id only, confirmed across all 27 weight-class listing pages + all=1 full listing; consistent with PR #234)",hayate-usui,,,
1022,薄井 直輝,Naoki Usui,R-BLOOD,フライ級 [ -56.7 Kg ]B,2016-09-19,https://www.shooto-mma.com/fighters/?id=1022,"NO (numeric id only, confirmed across all 27 weight-class listing pages + all=1 full listing; consistent with PR #234)",naoki-usui,,,
602,臼田 育男,Ikuo Usuda,木口道場,ライト級 [ -70.3 Kg ]B,2011-09-23,https://www.shooto-mma.com/fighters/?id=602,"NO (numeric id only, confirmed across all 27 weight-class listing pages + all=1 full listing; consistent with PR #234)",ikuo-usuda,,,
1259,宇田 龍我,RYUGA UDA,総合格闘技道場HOPE,ストロー級 [ -52.2 Kg ]B,2019-12-15,https://www.shooto-mma.com/fighters/?id=1259,"NO (numeric id only, confirmed across all 27 weight-class listing pages + all=1 full listing; consistent with PR #234)",ryuga-uda,,,
1088,内田 滝琉,Takeru Uchida,NOBUSHI,キッズ・ジュニア修斗B,2017-05-12,https://www.shooto-mma.com/fighters/?id=1088,"NO (numeric id only, confirmed across all 27 weight-class listing pages + all=1 full listing; consistent with PR #234)",takeru-uchida,,,
1159,内田 タケル,TAKERU UCHIDA,THE BLACKBELT JAPAN,バンタム級 [ -61.2 Kg ]B,2026-02-18,https://www.shooto-mma.com/fighters/?id=1159,"NO (numeric id only, confirmed across all 27 weight-class listing pages + all=1 full listing; consistent with PR #234)",takeru-uchida,uchida-takeru,,
683,内村 世己,Seiki Uchimura,パラエストラ東京,ライト級 [ -70.3 Kg ]B,2004-11-12,https://www.shooto-mma.com/fighters/?id=683,"NO (numeric id only, confirmed across all 27 weight-class listing pages + all=1 full listing; consistent with PR #234)",seiki-uchimura,,,
982,内村 洋次郎,Yojiro Uchimura,イングラム,フェザー級 [ -65.8 Kg ]B,2016-09-19,https://www.shooto-mma.com/fighters/?id=982,"NO (numeric id only, confirmed across all 27 weight-class listing pages + all=1 full listing; consistent with PR #234)",yojiro-uchimura,,,
117,内山 良太,Ryota Uchiyama,NEW GROUND,ストロー級 [ -52.2 Kg ]B,2015-03-22,https://www.shooto-mma.com/fighters/?id=117,"NO (numeric id only, confirmed across all 27 weight-class listing pages + all=1 full listing; consistent with PR #234)",ryota-uchiyama,,,
1380,宇都宮 千空,CHISORA UTSUNOMIYA,修斗GYMS直心会,キッズ・ジュニア修斗B,2022-07-17,https://www.shooto-mma.com/fighters/?id=1380,"NO (numeric id only, confirmed across all 27 weight-class listing pages + all=1 full listing; consistent with PR #234)",chisora-utsunomiya,,,
1262,宇都宮 伍,,直心会修斗GYMS,バンタム級 [ -61.2 Kg ]B,2021-11-07,https://www.shooto-mma.com/fighters/?id=1262,"NO (numeric id only, confirmed across all 27 weight-class listing pages + all=1 full listing; consistent with PR #234)",,,,
1425,宇藤 彰貴,AKITAKA UTO,総合格闘技道場ゴンズジム,フェザー級 [ -65.8 Kg ]B,2026-03-30,https://www.shooto-mma.com/fighters/?id=1425,"NO (numeric id only, confirmed across all 27 weight-class listing pages + all=1 full listing; consistent with PR #234)",akitaka-uto,,,
199,海下 DRAGON 竜太,Ryuta Umishita,パラエストラTB,バンタム級 [ -61.2 Kg ]B,2019-03-24,https://www.shooto-mma.com/fighters/?id=199,"NO (numeric id only, confirmed across all 27 weight-class listing pages + all=1 full listing; consistent with PR #234)",ryuta-umishita,,,
1202,梅川 毒一郎,TOKUICHIRO UMEKAWA,総合格闘技道場コブラ会,フライ級 [ -56.7 Kg ]B,2019-05-12,https://www.shooto-mma.com/fighters/?id=1202,"NO (numeric id only, confirmed across all 27 weight-class listing pages + all=1 full listing; consistent with PR #234)",tokuichiro-umekawa,,,
1398,梅木 勇徳,YUTOKU UMEKI,THE BLACKBELT JAPAN,ストロー級 [ -52.2 Kg ]B,2026-06-28,https://www.shooto-mma.com/fighters/?id=1398,"NO (numeric id only, confirmed across all 27 weight-class listing pages + all=1 full listing; consistent with PR #234)",yutoku-umeki,,YES,
51,楳沢 智治,Tomoharu Umezawa,AACC×SPIDER,ストロー級 [ -52.2 Kg ]B,2020-02-16,https://www.shooto-mma.com/fighters/?id=51,"NO (numeric id only, confirmed across all 27 weight-class listing pages + all=1 full listing; consistent with PR #234)",tomoharu-umezawa,,,
1234,梅原 拓未,TAKUMI UMEHARA,GRABAKAジム,女子スーパーアトム級B,2020-02-16,https://www.shooto-mma.com/fighters/?id=1234,"NO (numeric id only, confirmed across all 27 weight-class listing pages + all=1 full listing; consistent with PR #234)",takumi-umehara,,,
529,梅村 寛,Hiroshi Umemura,ALIVE小牧,バンタム級 [ -61.2 Kg ]B,2004-09-12,https://www.shooto-mma.com/fighters/?id=529,"NO (numeric id only, confirmed across all 27 weight-class listing pages + all=1 full listing; consistent with PR #234)",hiroshi-umemura,,,
987,宇良 健吾,Kengo Ura,イングラム,ウェルター級 [ -77.1 Kg ]B,2014-02-23,https://www.shooto-mma.com/fighters/?id=987,"NO (numeric id only, confirmed across all 27 weight-class listing pages + all=1 full listing; consistent with PR #234)",kengo-ura,,,
1279,漆山 世那,SENA URUSHIYAMA,OOTA DOJO,キッズ・ジュニア修斗B,,https://www.shooto-mma.com/fighters/?id=1279,"NO (numeric id only, confirmed across all 27 weight-class listing pages + all=1 full listing; consistent with PR #234)",sena-urushiyama,,,
436,WINDY 智美,TOMOMI WINDY,パンクラスism,ストロー級 [ -52.2 Kg ]B,2009-11-23,https://www.shooto-mma.com/fighters/?id=436,"NO (numeric id only, confirmed across all 27 weight-class listing pages + all=1 full listing; consistent with PR #234)",tomomi-windy,,,
1023,永谷 駿也,Shunnya Eitani,和術慧舟會船橋道場,フライ級 [ -56.7 Kg ]B,2016-09-19,https://www.shooto-mma.com/fighters/?id=1023,"NO (numeric id only, confirmed across all 27 weight-class listing pages + all=1 full listing; consistent with PR #234)",shunnya-eitani,,,
1621,江口 諒,MAKOTO EGUCHI,SAI-GYM,バンタム級 [ -61.2 Kg ]B,2024-04-29,https://www.shooto-mma.com/fighters/?id=1621,"NO (numeric id only, confirmed across all 27 weight-class listing pages + all=1 full listing; consistent with PR #234)",makoto-eguchi,,,
118,エスパー ※ 潤,Jun Esper,ゼロ戦クラブ,ストロー級 [ -52.2 Kg ]B,,https://www.shooto-mma.com/fighters/?id=118,"NO (numeric id only, confirmed across all 27 weight-class listing pages + all=1 full listing; consistent with PR #234)",jun-esper,,,
200,エダ 塾長 こうすけ,Kosuke Eda,MIBURO,バンタム級 [ -61.2 Kg ]B,2026-04-26,https://www.shooto-mma.com/fighters/?id=200,"NO (numeric id only, confirmed across all 27 weight-class listing pages + all=1 full listing; consistent with PR #234)",kosuke-eda,,,
1358,江藤 公洋,KIMIHIRO ETO,和術慧舟會HEARTS,ウェルター級 [ -77.1 Kg ]B,2021-09-20,https://www.shooto-mma.com/fighters/?id=1358,"NO (numeric id only, confirmed across all 27 weight-class listing pages + all=1 full listing; consistent with PR #234)",kimihiro-eto,,,
1096,エドモンド 金子,Edomond Kaneko,BRAVE,ライト級 [ -70.3 Kg ]B,2022-10-15,https://www.shooto-mma.com/fighters/?id=1096,"NO (numeric id only, confirmed across all 27 weight-class listing pages + all=1 full listing; consistent with PR #234)",edomond-kaneko,,,
119,榎木 勇介,Yusuke Enoki,TURNING POINT MMA,フライ級 [ -56.7 Kg ]B,2016-11-06,https://www.shooto-mma.com/fighters/?id=119,"NO (numeric id only, confirmed across all 27 weight-class listing pages + all=1 full listing; consistent with PR #234)",yusuke-enoki,,,
1069,榎本 明,AKIRA ENOMOTO,TRIBE TOKYO MMA,バンタム級 [ -61.2 Kg ]B,2026-06-01,https://www.shooto-mma.com/fighters/?id=1069,"NO (numeric id only, confirmed across all 27 weight-class listing pages + all=1 full listing; consistent with PR #234)",akira-enomoto,,,
201,海老原 洋輔,Yosuke Ebihara,パラエストラ松戸,バンタム級 [ -61.2 Kg ]B,2018-02-24,https://www.shooto-mma.com/fighters/?id=201,"NO (numeric id only, confirmed across all 27 weight-class listing pages + all=1 full listing; consistent with PR #234)",yosuke-ebihara,,,
1537,エフェヴィガ 雄志,EPHOEVIGA YUJI,TRIBE TOKYO M.M.A,ライト級 [ -70.3 Kg ]B,2026-06-01,https://www.shooto-mma.com/fighters/?id=1537,"NO (numeric id only, confirmed across all 27 weight-class listing pages + all=1 full listing; consistent with PR #234)",ephoeviga-yuji,efeviga-yushi,,YES
1922,エリー ワイズ,,Pound 4 Pound MuayThai,バンタム級 [ -61.2 Kg ]B,2026-03-30,https://www.shooto-mma.com/fighters/?id=1922,"NO (numeric id only, confirmed across all 27 weight-class listing pages + all=1 full listing; consistent with PR #234)",,,,
1559,エンゼル ☆ 志穂,ANJEL SHIHO,GSB多治見,女子ストロー級B,2023-11-19,https://www.shooto-mma.com/fighters/?id=1559,"NO (numeric id only, confirmed across all 27 weight-class listing pages + all=1 full listing; consistent with PR #234)",anjel-shiho,,,
1542,遠藤 千帆,CHIHO ENDO,心技館,キッズ・ジュニア修斗B,2023-03-19,https://www.shooto-mma.com/fighters/?id=1542,"NO (numeric id only, confirmed across all 27 weight-class listing pages + all=1 full listing; consistent with PR #234)",chiho-endo,,,
1673,遠藤 隼斗,SYUNTO ENDO,心技舘さがみ野道場,キッズ・ジュニア修斗B,2024-03-23,https://www.shooto-mma.com/fighters/?id=1673,"NO (numeric id only, confirmed across all 27 weight-class listing pages + all=1 full listing; consistent with PR #234)",syunto-endo,,,
964,遠藤 大翼,Daisuke Endo,和術慧舟會駿河道場,バンタム級 [ -61.2 Kg ]B,2015-06-21,https://www.shooto-mma.com/fighters/?id=964,"NO (numeric id only, confirmed across all 27 weight-class listing pages + all=1 full listing; consistent with PR #234)",daisuke-endo,,,
52,老伽 正之,Masayuki Oitogi,ゼロ戦クラブ,ストロー級 [ -52.2 Kg ]B,2015-04-12,https://www.shooto-mma.com/fighters/?id=52,"NO (numeric id only, confirmed across all 27 weight-class listing pages + all=1 full listing; consistent with PR #234)",masayuki-oitogi,,,
1267,麻植 裕太,YUTA OUE,MMA Zジム,フェザー級 [ -65.8 Kg ]B,2023-04-23,https://www.shooto-mma.com/fighters/?id=1267,"NO (numeric id only, confirmed across all 27 weight-class listing pages + all=1 full listing; consistent with PR #234)",yuta-oue,,,
1616,おえ ゆうた,YUTA OE,MMA Zジム,ライト級 [ -70.3 Kg ]B,2025-06-22,https://www.shooto-mma.com/fighters/?id=1616,"NO (numeric id only, confirmed across all 27 weight-class listing pages + all=1 full listing; consistent with PR #234)",yuta-oe,,,
1610,大石 航輔,KOSUKE OISHI,トライデントジム,フライ級 [ -56.7 Kg ]B,2023-09-24,https://www.shooto-mma.com/fighters/?id=1610,"NO (numeric id only, confirmed across all 27 weight-class listing pages + all=1 full listing; consistent with PR #234)",kosuke-oishi,,,
892,大内 敬,Takashi Ouchi,パラエストラ小岩,ライト級 [ -70.3 Kg ]B,2000-11-12,https://www.shooto-mma.com/fighters/?id=892,"NO (numeric id only, confirmed across all 27 weight-class listing pages + all=1 full listing; consistent with PR #234)",takashi-ouchi,,,
1132,大勝 たくにい,Takunii Okatsu,MMA Zジム,ストロー級 [ -52.2 Kg ]B,2019-12-15,https://www.shooto-mma.com/fighters/?id=1132,"NO (numeric id only, confirmed across all 27 weight-class listing pages + all=1 full listing; consistent with PR #234)",takunii-okatsu,,,
1165,大久保 ヤスシ,Yasushi Okubo,ピロクテテス柔術アカデミー,バンタム級 [ -61.2 Kg ]B,2018-11-18,https://www.shooto-mma.com/fighters/?id=1165,"NO (numeric id only, confirmed across all 27 weight-class listing pages + all=1 full listing; consistent with PR #234)",yasushi-okubo,,,
761,大河内 貴之,Takayuki Okouchi,,ライト級 [ -70.3 Kg ]B,2009-03-20,https://www.shooto-mma.com/fighters/?id=761,"NO (numeric id only, confirmed across all 27 weight-class listing pages + all=1 full listing; consistent with PR #234)",takayuki-okouchi,,,
1238,大島 沙緒里,SAORI OSHIMA,AACC,女子スーパーアトム級B,2020-05-31,https://www.shooto-mma.com/fighters/?id=1238,"NO (numeric id only, confirmed across all 27 weight-class listing pages + all=1 full listing; consistent with PR #234)",saori-oshima,oshima-saori,,
1227,大城 正也,Masaya Ooshiro,T-REX柔術アカデミー,ストロー級 [ -52.2 Kg ]B,2025-05-11,https://www.shooto-mma.com/fighters/?id=1227,"NO (numeric id only, confirmed across all 27 weight-class listing pages + all=1 full listing; consistent with PR #234)",masaya-ooshiro,,,
1255,大城 匡史,MASASHI OSHIRO,THE BLACKBELT JAPAN,ストロー級 [ -52.2 Kg ]B,2025-09-21,https://www.shooto-mma.com/fighters/?id=1255,"NO (numeric id only, confirmed across all 27 weight-class listing pages + all=1 full listing; consistent with PR #234)",masashi-oshiro,,,
743,大杉 勇,Isao Osugi,,ウェルター級 [ -77.1 Kg ]B,,https://www.shooto-mma.com/fighters/?id=743,"NO (numeric id only, confirmed across all 27 weight-class listing pages + all=1 full listing; consistent with PR #234)",isao-osugi,,,
272,太田 拓己,Takumi Ota,PUREBRED鳥取,フェザー級 [ -65.8 Kg ]B,2016-03-21,https://www.shooto-mma.com/fighters/?id=272,"NO (numeric id only, confirmed across all 27 weight-class listing pages + all=1 full listing; consistent with PR #234)",takumi-ota,,,
55,太田 トモアキ,Tomoaki Ota,パラエストラ小岩,ストロー級 [ -52.2 Kg ]B,2017-11-19,https://www.shooto-mma.com/fighters/?id=55,"NO (numeric id only, confirmed across all 27 weight-class listing pages + all=1 full listing; consistent with PR #234)",tomoaki-ota,,,
346,太田 洋平,Yohei Ota,Brightness門馬道場,ライト級 [ -70.3 Kg ]B,2011-11-11,https://www.shooto-mma.com/fighters/?id=346,"NO (numeric id only, confirmed across all 27 weight-class listing pages + all=1 full listing; consistent with PR #234)",yohei-ota,,,
202,太田 悟,Satoru Ota,K.O.SHOOTO GYM,バンタム級 [ -61.2 Kg ]B,2007-06-30,https://www.shooto-mma.com/fighters/?id=202,"NO (numeric id only, confirmed across all 27 weight-class listing pages + all=1 full listing; consistent with PR #234)",satoru-ota,,,
1498,太田 慎太郎,SHINTARO OTA,RISING SUN,バンタム級 [ -61.2 Kg ]B,2022-10-15,https://www.shooto-mma.com/fighters/?id=1498,"NO (numeric id only, confirmed across all 27 weight-class listing pages + all=1 full listing; consistent with PR #234)",shintaro-ota,,,
485,太田 吉信,Yoshinobu Ota,四王塾,フライ級 [ -56.7 Kg ]B,2000-08-27,https://www.shooto-mma.com/fighters/?id=485,"NO (numeric id only, confirmed across all 27 weight-class listing pages + all=1 full listing; consistent with PR #234)",yoshinobu-ota,,,
1139,大竹 陽,YO OOTAKE,HAGANE GYM,フライ級 [ -56.7 Kg ]B,2026-05-17,https://www.shooto-mma.com/fighters/?id=1139,"NO (numeric id only, confirmed across all 27 weight-class listing pages + all=1 full listing; consistent with PR #234)",yo-ootake,,,
1203,大谷 一誠,KAZUMASA OTANI,修斗GYM神戸,ライト級 [ -70.3 Kg ]B,2020-01-19,https://www.shooto-mma.com/fighters/?id=1203,"NO (numeric id only, confirmed across all 27 weight-class listing pages + all=1 full listing; consistent with PR #234)",kazumasa-otani,,,
1480,大谷 あっくんボンバー,,タトル,フライ級 [ -56.7 Kg ]B,2022-09-19,https://www.shooto-mma.com/fighters/?id=1480,"NO (numeric id only, confirmed across all 27 weight-class listing pages + all=1 full listing; consistent with PR #234)",,,,
1301,大塚 隆史,TAKAFUMI OTSUKA,T-GRIP TOKYO,バンタム級 [ -61.2 Kg ]B,2021-03-20,https://www.shooto-mma.com/fighters/?id=1301,"NO (numeric id only, confirmed across all 27 weight-class listing pages + all=1 full listing; consistent with PR #234)",takafumi-otsuka,,,
1070,大塚 歩空,Hotaka Otsuka,総合格闘技道場STF,キッズ・ジュニア修斗B,2017-03-24,https://www.shooto-mma.com/fighters/?id=1070,"NO (numeric id only, confirmed across all 27 weight-class listing pages + all=1 full listing; consistent with PR #234)",hotaka-otsuka,,,
463,大塚 のぞみ,Nozomi Otsuka,,フライ級 [ -56.7 Kg ]B,2009-12-13,https://www.shooto-mma.com/fighters/?id=463,"NO (numeric id only, confirmed across all 27 weight-class listing pages + all=1 full listing; consistent with PR #234)",nozomi-otsuka,,,
966,大西 ヒロト,Hiroto Onishi,パラエストラ札幌,ストロー級 [ -52.2 Kg ]B,2016-12-18,https://www.shooto-mma.com/fighters/?id=966,"NO (numeric id only, confirmed across all 27 weight-class listing pages + all=1 full listing; consistent with PR #234)",hiroto-onishi,,,
273,大野 虎眼 賢良,Takayoshi Ono,総合格闘技ゴンズジム,フェザー級 [ -65.8 Kg ]B,2017-12-23,https://www.shooto-mma.com/fighters/?id=273,"NO (numeric id only, confirmed across all 27 weight-class listing pages + all=1 full listing; consistent with PR #234)",takayoshi-ono,,,
976,大原 樹里,Juri Ohara,KIBAマーシャルアーツクラブ,ライト級 [ -70.3 Kg ]B,2014-10-04,https://www.shooto-mma.com/fighters/?id=976,"NO (numeric id only, confirmed across all 27 weight-class listing pages + all=1 full listing; consistent with PR #234)",juri-ohara,,,
638,大場 隆光,Takamitsu Oba,,フェザー級 [ -65.8 Kg ]B,2010-02-21,https://www.shooto-mma.com/fighters/?id=638,"NO (numeric id only, confirmed across all 27 weight-class listing pages + all=1 full listing; consistent with PR #234)",takamitsu-oba,,,
1650,大番 高明,TAKAAKI OBAN,パラエストラ広島,ヘビー級 [ -120.2 Kg ]B,2023-12-17,https://www.shooto-mma.com/fighters/?id=1650,"NO (numeric id only, confirmed across all 27 weight-class listing pages + all=1 full listing; consistent with PR #234)",takaaki-oban,,,
203,大道 翔貴,Shoki Omichi,フリー,バンタム級 [ -61.2 Kg ]B,2013-06-08,https://www.shooto-mma.com/fighters/?id=203,"NO (numeric id only, confirmed across all 27 weight-class listing pages + all=1 full listing; consistent with PR #234)",shoki-omichi,,,
820,大宮 ハント,Hunt Omiya,,ウェルター級 [ -77.1 Kg ]B,2008-06-21,https://www.shooto-mma.com/fighters/?id=820,"NO (numeric id only, confirmed across all 27 weight-class listing pages + all=1 full listing; consistent with PR #234)",hunt-omiya,,,
1024,大村 友也,Tomoya Omura,キングダム立川コロッセオ,バンタム級 [ -61.2 Kg ]B,2016-09-19,https://www.shooto-mma.com/fighters/?id=1024,"NO (numeric id only, confirmed across all 27 weight-class listing pages + all=1 full listing; consistent with PR #234)",tomoya-omura,,,
274,大森 カヲル,Kaoru Omori,SPOK,フェザー級 [ -65.8 Kg ]B,2018-03-25,https://www.shooto-mma.com/fighters/?id=274,"NO (numeric id only, confirmed across all 27 weight-class listing pages + all=1 full listing; consistent with PR #234)",kaoru-omori,,,
1343,大森 隆之介,RYUNOSUKE OMORI,EX ARES,新空手道連盟B,2021-07-04,https://www.shooto-mma.com/fighters/?id=1343,"NO (numeric id only, confirmed across all 27 weight-class listing pages + all=1 full listing; consistent with PR #234)",ryunosuke-omori,,,
1269,大矢 翼,TSUBASA OYA,心技館,キッズ・ジュニア修斗B,2020-01-26,https://www.shooto-mma.com/fighters/?id=1269,"NO (numeric id only, confirmed across all 27 weight-class listing pages + all=1 full listing; consistent with PR #234)",tsubasa-oya,,,
775,岡 康二,Koji Oka,ゼロ戦クラブ水島支部,ライト級 [ -70.3 Kg ]B,2017-04-09,https://www.shooto-mma.com/fighters/?id=775,"NO (numeric id only, confirmed across all 27 weight-class listing pages + all=1 full listing; consistent with PR #234)",koji-oka,,,
1346,岡澤 弘太,KOTA OKAZAWA,佐山道場,ライト級 [ -70.3 Kg ]B,2021-11-06,https://www.shooto-mma.com/fighters/?id=1346,"NO (numeric id only, confirmed across all 27 weight-class listing pages + all=1 full listing; consistent with PR #234)",kota-okazawa,,,
1361,岡田 達磨,TATSUMA OKADA,SAI-GYM,フェザー級 [ -65.8 Kg ]B,2024-04-29,https://www.shooto-mma.com/fighters/?id=1361,"NO (numeric id only, confirmed across all 27 weight-class listing pages + all=1 full listing; consistent with PR #234)",tatsuma-okada,,,
604,岡田 孔明,Komei Okada,PUREBRED大宮,フェザー級 [ -65.8 Kg ]B,2012-06-02,https://www.shooto-mma.com/fighters/?id=604,"NO (numeric id only, confirmed across all 27 weight-class listing pages + all=1 full listing; consistent with PR #234)",komei-okada,,,
1669,岡田 嵐士,ARASHI OKADA,"リバーサルジム新宿Me,We",フライ級 [ -56.7 Kg ]B,2026-06-01,https://www.shooto-mma.com/fighters/?id=1669,"NO (numeric id only, confirmed across all 27 weight-class listing pages + all=1 full listing; consistent with PR #234)",arashi-okada,,YES,
204,岡田 剛史,Takeshi Okada,TKエスペランサ,バンタム級 [ -61.2 Kg ]B,2024-07-14,https://www.shooto-mma.com/fighters/?id=204,"NO (numeric id only, confirmed across all 27 weight-class listing pages + all=1 full listing; consistent with PR #234)",takeshi-okada,,,
388,岡野 裕城,Yuki Okano,マッハ道場,ライト級 [ -70.3 Kg ]B,2019-11-24,https://www.shooto-mma.com/fighters/?id=388,"NO (numeric id only, confirmed across all 27 weight-class listing pages + all=1 full listing; consistent with PR #234)",yuki-okano,,,
1723,岡本 一志,KAZUSHI OKAMOTO,修斗GYMS直心会,フライ級 [ -56.7 Kg ]B,2026-07-12,https://www.shooto-mma.com/fighters/?id=1723,"NO (numeric id only, confirmed across all 27 weight-class listing pages + all=1 full listing; consistent with PR #234)",kazushi-okamoto,,,
1517,岡本 健新,KENSHIN OKAMOTO,YEAM AGENT,キッズ・ジュニア修斗B,2022-12-11,https://www.shooto-mma.com/fighters/?id=1517,"NO (numeric id only, confirmed across all 27 weight-class listing pages + all=1 full listing; consistent with PR #234)",kenshin-okamoto,,,
566,緒方 史朗,Shiro Ogata,パラエストラ松戸,バンタム級 [ -61.2 Kg ]B,2023-11-12,https://www.shooto-mma.com/fighters/?id=566,"NO (numeric id only, confirmed across all 27 weight-class listing pages + all=1 full listing; consistent with PR #234)",shiro-ogata,,,
1502,緒方 亜香里,AKARI OGATA,AACC,トライアウトB,2023-12-02,https://www.shooto-mma.com/fighters/?id=1502,"NO (numeric id only, confirmed across all 27 weight-class listing pages + all=1 full listing; consistent with PR #234)",akari-ogata,,,
275,小川 将貴,Shoki Ogawa,ピロクテテス新潟,フェザー級 [ -65.8 Kg ]B,2026-04-05,https://www.shooto-mma.com/fighters/?id=275,"NO (numeric id only, confirmed across all 27 weight-class listing pages + all=1 full listing; consistent with PR #234)",shoki-ogawa,,,
54,小川 竜輔,Ryusuke Ogawa,リバーサルジム立川ALPHA,フライ級 [ -56.7 Kg ]B,2019-06-08,https://www.shooto-mma.com/fighters/?id=54,"NO (numeric id only, confirmed across all 27 weight-class listing pages + all=1 full listing; consistent with PR #234)",ryusuke-ogawa,,,
1904,小川 龍斗,OGAWA RYUTO,RISING SUN,フェザー級 [ -65.8 Kg ]B,2026-05-17,https://www.shooto-mma.com/fighters/?id=1904,"NO (numeric id only, confirmed across all 27 weight-class listing pages + all=1 full listing; consistent with PR #234)",ogawa-ryuto,,,
1429,オガワ ワタル,WATARU OGAWA,MMA RANGERS GYM,フェザー級 [ -65.8 Kg ]B,2025-04-20,https://www.shooto-mma.com/fighters/?id=1429,"NO (numeric id only, confirmed across all 27 weight-class listing pages + all=1 full listing; consistent with PR #234)",wataru-ogawa,,,
1459,小川 隼人,HAYATO OGAWA,修斗GYM神戸,バンタム級 [ -61.2 Kg ]B,2026-04-26,https://www.shooto-mma.com/fighters/?id=1459,"NO (numeric id only, confirmed across all 27 weight-class listing pages + all=1 full listing; consistent with PR #234)",hayato-ogawa,,,
618,沖喜 祥尚,Yoshihisa Oki,シューティングジム八景,フェザー級 [ -65.8 Kg ]B,2009-07-19,https://www.shooto-mma.com/fighters/?id=618,"NO (numeric id only, confirmed across all 27 weight-class listing pages + all=1 full listing; consistent with PR #234)",yoshihisa-oki,,,
1641,奥谷 晴加,HARUKA OKUTANI,藤田柔術,グラップリングB,2023-12-02,https://www.shooto-mma.com/fighters/?id=1641,"NO (numeric id only, confirmed across all 27 weight-class listing pages + all=1 full listing; consistent with PR #234)",haruka-okutani,,,
922,奥田 康則,Yasunori Okuda,合気道S.A.,ミドル級 [ -83.9 Kg ]B,,https://www.shooto-mma.com/fighters/?id=922,"NO (numeric id only, confirmed across all 27 weight-class listing pages + all=1 full listing; consistent with PR #234)",yasunori-okuda,,,
1152,奥平 季之,Toshiyuki Okudaira,CROW FOREST,フライ級 [ -56.7 Kg ]B,2019-10-20,https://www.shooto-mma.com/fighters/?id=1152,"NO (numeric id only, confirmed across all 27 weight-class listing pages + all=1 full listing; consistent with PR #234)",toshiyuki-okudaira,,,
988,奥津 和志,Kazushi Okutsu,マッハ道場,ライト級 [ -70.3 Kg ]B,2014-02-23,https://www.shooto-mma.com/fighters/?id=988,"NO (numeric id only, confirmed across all 27 weight-class listing pages + all=1 full listing; consistent with PR #234)",kazushi-okutsu,,,
56,奥村 修一郎,Shuichiro Okumura,総合格闘技道場STF,ストロー級 [ -52.2 Kg ]B,2013-05-12,https://www.shooto-mma.com/fighters/?id=56,"NO (numeric id only, confirmed across all 27 weight-class listing pages + all=1 full listing; consistent with PR #234)",shuichiro-okumura,,,
1593,奥山 雅仁,MASAHITO OKUYAMA,OISHI GYM,キックボクシングB,2023-06-18,https://www.shooto-mma.com/fighters/?id=1593,"NO (numeric id only, confirmed across all 27 weight-class listing pages + all=1 full listing; consistent with PR #234)",masahito-okuyama,,,
636,尾崎 大海,Taikai Ozaki,,フェザー級 [ -65.8 Kg ]B,2011-10-02,https://www.shooto-mma.com/fighters/?id=636,"NO (numeric id only, confirmed across all 27 weight-class listing pages + all=1 full listing; consistent with PR #234)",taikai-ozaki,,,
1318,大瀬良 康平,KOUHEI OSERA,リバーサルジム横浜グランドスラム,フェザー級 [ -65.8 Kg ]B,2021-01-31,https://www.shooto-mma.com/fighters/?id=1318,"NO (numeric id only, confirmed across all 27 weight-class listing pages + all=1 full listing; consistent with PR #234)",kouhei-osera,,,
1403,小只 直弥,NAOYA OTADA,888GYM,新空手道連盟B,2021-12-19,https://www.shooto-mma.com/fighters/?id=1403,"NO (numeric id only, confirmed across all 27 weight-class listing pages + all=1 full listing; consistent with PR #234)",naoya-otada,,,
389,小田 貴久,Takahisa Oda,TEAM一領具足,ウェルター級 [ -77.1 Kg ]B,2016-11-13,https://www.shooto-mma.com/fighters/?id=389,"NO (numeric id only, confirmed across all 27 weight-class listing pages + all=1 full listing; consistent with PR #234)",takahisa-oda,,,
205,小田 寛一,Kanichi Oda,SHOOTO GYM BLOOM,バンタム級 [ -61.2 Kg ]B,2016-09-04,https://www.shooto-mma.com/fighters/?id=205,"NO (numeric id only, confirmed across all 27 weight-class listing pages + all=1 full listing; consistent with PR #234)",kanichi-oda,,,
1520,織田 騎志,KISU ODA,総合格闘技ゴンズジム,キッズ・ジュニア修斗B,2022-12-11,https://www.shooto-mma.com/fighters/?id=1520,"NO (numeric id only, confirmed across all 27 weight-class listing pages + all=1 full listing; consistent with PR #234)",kisu-oda,,,
1524,尾田 悠真,YUMA ODA,真正会秀勇館,新空手道連盟B,2022-12-11,https://www.shooto-mma.com/fighters/?id=1524,"NO (numeric id only, confirmed across all 27 weight-class listing pages + all=1 full listing; consistent with PR #234)",yuma-oda,,,
567,鬼神 光司,Koji Onigami,ブレイブハート,バンタム級 [ -61.2 Kg ]B,2019-12-22,https://www.shooto-mma.com/fighters/?id=567,"NO (numeric id only, confirmed across all 27 weight-class listing pages + all=1 full listing; consistent with PR #234)",koji-onigami,,,
1261,鬼瓦,ONIGAWARA,K友会,ライト級 [ -70.3 Kg ]B,2020-01-19,https://www.shooto-mma.com/fighters/?id=1261,"NO (numeric id only, confirmed across all 27 weight-class listing pages + all=1 full listing; consistent with PR #234)",onigawara,,,
1241,小生 由紀,YUKI ONO,グランドスラム沖縄A・P・P,女子アトム級 [ -47.6 Kg ]B,2025-04-20,https://www.shooto-mma.com/fighters/?id=1241,"NO (numeric id only, confirmed across all 27 weight-class listing pages + all=1 full listing; consistent with PR #234)",yuki-ono,,,
667,小野寺 裕也,Yuya Onodera,サイトー會舘,ライト級 [ -70.3 Kg ]B,2018-10-26,https://www.shooto-mma.com/fighters/?id=667,"NO (numeric id only, confirmed across all 27 weight-class listing pages + all=1 full listing; consistent with PR #234)",yuya-onodera,,,
606,尾松 賢,Ken Omatsu,,ライト級 [ -70.3 Kg ]B,2006-12-04,https://www.shooto-mma.com/fighters/?id=606,"NO (numeric id only, confirmed across all 27 weight-class listing pages + all=1 full listing; consistent with PR #234)",ken-omatsu,,,
807,小見川 道大,Michihiro Omigawa,,フェザー級 [ -65.8 Kg ]B,2009-01-18,https://www.shooto-mma.com/fighters/?id=807,"NO (numeric id only, confirmed across all 27 weight-class listing pages + all=1 full listing; consistent with PR #234)",michihiro-omigawa,,,
1175,親川 龍,Ryu Oyakawa,THE BLACKBELT JAPAN,フライ級 [ -56.7 Kg ]B,2025-07-13,https://www.shooto-mma.com/fighters/?id=1175,"NO (numeric id only, confirmed across all 27 weight-class listing pages + all=1 full listing; consistent with PR #234)",ryu-oyakawa,,,
53,オーガ 丸畑,Maruhata Orge,ゼロ戦クラブ水島支部,ストロー級 [ -52.2 Kg ]B,2019-12-15,https://www.shooto-mma.com/fighters/?id=53,"NO (numeric id only, confirmed across all 27 weight-class listing pages + all=1 full listing; consistent with PR #234)",maruhata-orge,,,
1585,加マーク納,KA NO,総合格闘技道場コブラ会,フライ級 [ -56.7 Kg ]B,2023-09-17,https://www.shooto-mma.com/fighters/?id=1585,"NO (numeric id only, confirmed across all 27 weight-class listing pages + all=1 full listing; consistent with PR #234)",ka-no,,,
1923,カイル マヨッキ,,City Kickboxing,フェザー級 [ -65.8 Kg ]B,2026-03-30,https://www.shooto-mma.com/fighters/?id=1923,"NO (numeric id only, confirmed across all 27 weight-class listing pages + all=1 full listing; consistent with PR #234)",,,,
1222,鍵山 onion 雄介,Yusuke Kagiyama,総合格闘技道場コブラ会,フェザー級 [ -65.8 Kg ]B,2020-07-12,https://www.shooto-mma.com/fighters/?id=1222,"NO (numeric id only, confirmed across all 27 weight-class listing pages + all=1 full listing; consistent with PR #234)",yusuke-kagiyama,,,
206,角田 成稔,Naritoshi Kakuta,総合格闘技スタジオSTYLE,バンタム級 [ -61.2 Kg ]B,2012-12-09,https://www.shooto-mma.com/fighters/?id=206,"NO (numeric id only, confirmed across all 27 weight-class listing pages + all=1 full listing; consistent with PR #234)",naritoshi-kakuta,,,
1466,翔,KAKERU,revolt,新空手道連盟B,2022-07-03,https://www.shooto-mma.com/fighters/?id=1466,"NO (numeric id only, confirmed across all 27 weight-class listing pages + all=1 full listing; consistent with PR #234)",kakeru,,,
857,蜉蝣,Kagero,,バンタム級 [ -61.2 Kg ]B,2008-12-13,https://www.shooto-mma.com/fighters/?id=857,"NO (numeric id only, confirmed across all 27 weight-class listing pages + all=1 full listing; consistent with PR #234)",kagero,,,
276,葛西 達,Satoru Kasai,ストロングウィル古川,フェザー級 [ -65.8 Kg ]B,2025-08-31,https://www.shooto-mma.com/fighters/?id=276,"NO (numeric id only, confirmed across all 27 weight-class listing pages + all=1 full listing; consistent with PR #234)",satoru-kasai,,,
121,梶川 卓,Taku Kajikawa,スカーフィスト,フライ級 [ -56.7 Kg ]B,2019-11-03,https://www.shooto-mma.com/fighters/?id=121,"NO (numeric id only, confirmed across all 27 weight-class listing pages + all=1 full listing; consistent with PR #234)",taku-kajikawa,,,
576,梶田 高裕,Takahiro Kajita,グラップリングシュートボクサーズ,ライト級 [ -70.3 Kg ]B,2011-11-05,https://www.shooto-mma.com/fighters/?id=576,"NO (numeric id only, confirmed across all 27 weight-class listing pages + all=1 full listing; consistent with PR #234)",takahiro-kajita,,,
1317,梶原 大悟,DAIGO KAJIHARA,総合格闘技道場HOPE,アマチュア修斗B,2020-12-13,https://www.shooto-mma.com/fighters/?id=1317,"NO (numeric id only, confirmed across all 27 weight-class listing pages + all=1 full listing; consistent with PR #234)",daigo-kajihara,,,
125,春日井 健士,Takeshi Kasugai,志村道場,フライ級 [ -56.7 Kg ]B,2015-06-21,https://www.shooto-mma.com/fighters/?id=125,"NO (numeric id only, confirmed across all 27 weight-class listing pages + all=1 full listing; consistent with PR #234)",takeshi-kasugai,,,
633,粕谷 さかえ,Sakae Kasuya,,フェザー級 [ -65.8 Kg ]B,2007-09-22,https://www.shooto-mma.com/fighters/?id=633,"NO (numeric id only, confirmed across all 27 weight-class listing pages + all=1 full listing; consistent with PR #234)",sakae-kasuya,,,
1717,山﨑 一央,KAZUTERU YAMAZAKI,TEAM TEPPEN,CKCB,2024-07-28,https://www.shooto-mma.com/fighters/?id=1717,"NO (numeric id only, confirmed across all 27 weight-class listing pages + all=1 full listing; consistent with PR #234)",kazuteru-yamazaki,,,
1157,片岡 大河,Taiga Kataoka,パラエストラチームリバーサル,キッズ・ジュニア修斗B,2018-11-17,https://www.shooto-mma.com/fighters/?id=1157,"NO (numeric id only, confirmed across all 27 weight-class listing pages + all=1 full listing; consistent with PR #234)",taiga-kataoka,,,
1340,片山 将宏,NOBUHIRO KATAYAMA,TRIBE TOKYO M.M.A,フライ級 [ -56.7 Kg ]B,2024-03-23,https://www.shooto-mma.com/fighters/?id=1340,"NO (numeric id only, confirmed across all 27 weight-class listing pages + all=1 full listing; consistent with PR #234)",nobuhiro-katayama,,,
1733,片山 智絵,TOMOE KATAYAMA,修斗GYM大阪,トライアウトB,2026-03-29,https://www.shooto-mma.com/fighters/?id=1733,"NO (numeric id only, confirmed across all 27 weight-class listing pages + all=1 full listing; consistent with PR #234)",tomoe-katayama,,YES,
1486,勝呂 駿,KATSURO SHUN,パラエストラTB,バンタム級 [ -61.2 Kg ]B,2025-09-21,https://www.shooto-mma.com/fighters/?id=1486,"NO (numeric id only, confirmed across all 27 weight-class listing pages + all=1 full listing; consistent with PR #234)",katsuro-shun,,,
277,加藤 忠治,Chuji Kato,リバーサルジム横浜グラウンドスラム,フェザー級 [ -65.8 Kg ]B,2012-11-11,https://www.shooto-mma.com/fighters/?id=277,"NO (numeric id only, confirmed across all 27 weight-class listing pages + all=1 full listing; consistent with PR #234)",chuji-kato,,,
1074,加藤 惇,Atsushi Kato,キングダムエルガイツ,バンタム級 [ -61.2 Kg ]B,2017-05-12,https://www.shooto-mma.com/fighters/?id=1074,"NO (numeric id only, confirmed across all 27 weight-class listing pages + all=1 full listing; consistent with PR #234)",atsushi-kato,,,
629,加藤 JET シン,Shin Kato,,バンタム級 [ -61.2 Kg ]B,2005-09-23,https://www.shooto-mma.com/fighters/?id=629,"NO (numeric id only, confirmed across all 27 weight-class listing pages + all=1 full listing; consistent with PR #234)",shin-kato,,,
1146,加藤 友英,Tomohide Kato,K'zファクトリー,キッズ・ジュニア修斗B,2018-07-15,https://www.shooto-mma.com/fighters/?id=1146,"NO (numeric id only, confirmed across all 27 weight-class listing pages + all=1 full listing; consistent with PR #234)",tomohide-kato,,,
130,加藤 ケンジ,Kenji Kato,NeighborHood,バンタム級 [ -61.2 Kg ]B,2025-05-11,https://www.shooto-mma.com/fighters/?id=130,"NO (numeric id only, confirmed across all 27 weight-class listing pages + all=1 full listing; consistent with PR #234)",kenji-kato,,,
390,加藤 正憲,Masanori Kato,C.K STYLES MMA,ウェルター級 [ -77.1 Kg ]B,2023-11-12,https://www.shooto-mma.com/fighters/?id=390,"NO (numeric id only, confirmed across all 27 weight-class listing pages + all=1 full listing; consistent with PR #234)",masanori-kato,,,
391,加藤 靖,Yasushi Kato,総合格闘技ゴンズジム,ミドル級 [ -83.9 Kg ]B,,https://www.shooto-mma.com/fighters/?id=391,"NO (numeric id only, confirmed across all 27 weight-class listing pages + all=1 full listing; consistent with PR #234)",yasushi-kato,,,
1417,加藤 春菜,HARUNA,NASCER DO SOL,女子アトム級 [ -47.6 Kg ]B,2022-06-05,https://www.shooto-mma.com/fighters/?id=1417,"NO (numeric id only, confirmed across all 27 weight-class listing pages + all=1 full listing; consistent with PR #234)",haruna,,,
1162,加藤 裕彦,YASUHIKO KATO,SAI-GYM,フェザー級 [ -65.8 Kg ]B,2025-09-07,https://www.shooto-mma.com/fighters/?id=1162,"NO (numeric id only, confirmed across all 27 weight-class listing pages + all=1 full listing; consistent with PR #234)",yasuhiko-kato,,,
483,加藤 賢也,Kenya Kato,,フライ級 [ -56.7 Kg ]B,2010-10-24,https://www.shooto-mma.com/fighters/?id=483,"NO (numeric id only, confirmed across all 27 weight-class listing pages + all=1 full listing; consistent with PR #234)",kenya-kato,,,
1100,金井 拓築,Taku Kanai,修斗GYMS直心会,キッズ・ジュニア修斗B,2017-09-03,https://www.shooto-mma.com/fighters/?id=1100,"NO (numeric id only, confirmed across all 27 weight-class listing pages + all=1 full listing; consistent with PR #234)",taku-kanai,,,
122,金内 サイダー 雄哉,Yuya Kanauchi,THE BLACKBELT JAPAN,フライ級 [ -56.7 Kg ]B,2026-05-24,https://www.shooto-mma.com/fighters/?id=122,"NO (numeric id only, confirmed across all 27 weight-class listing pages + all=1 full listing; consistent with PR #234)",yuya-kanauchi,,,
208,金海 裕輝,Yuki Kanaumi,総合格闘技道場コブラ会,バンタム級 [ -61.2 Kg ]B,2016-12-11,https://www.shooto-mma.com/fighters/?id=208,"NO (numeric id only, confirmed across all 27 weight-class listing pages + all=1 full listing; consistent with PR #234)",yuki-kanaumi,,,
209,金物屋の秀,Kanamonoya no Hide,SHOOTO GYM K'z FACTORY,バンタム級 [ -61.2 Kg ]B,2019-06-08,https://www.shooto-mma.com/fighters/?id=209,"NO (numeric id only, confirmed across all 27 weight-class listing pages + all=1 full listing; consistent with PR #234)",kanamonoya-no-hide,,,
514,金山 康宏,Yasuhiro Kanayama,PUREBRED京都,バンタム級 [ -61.2 Kg ]B,2007-12-09,https://www.shooto-mma.com/fighters/?id=514,"NO (numeric id only, confirmed across all 27 weight-class listing pages + all=1 full listing; consistent with PR #234)",yasuhiro-kanayama,,,
875,鹿糠 智樹,Tomoki Kanuka,アカデミア・ラッソーナ,ミドル級 [ -83.9 Kg ]B,2013-09-22,https://www.shooto-mma.com/fighters/?id=875,"NO (numeric id only, confirmed across all 27 weight-class listing pages + all=1 full listing; consistent with PR #234)",tomoki-kanuka,,,
278,金子 大輝,Daiki Kaneko,リバーサルジム川口REDIPS,フェザー級 [ -65.8 Kg ]B,2015-04-18,https://www.shooto-mma.com/fighters/?id=278,"NO (numeric id only, confirmed across all 27 weight-class listing pages + all=1 full listing; consistent with PR #234)",daiki-kaneko,,,
1448,鹿野 太雅,TAIGA KANO,マルスジム,フェザー級 [ -65.8 Kg ]B,2022-06-05,https://www.shooto-mma.com/fighters/?id=1448,"NO (numeric id only, confirmed across all 27 weight-class listing pages + all=1 full listing; consistent with PR #234)",taiga-kano,,,
524,加納 マーク 学,Manabu Kano,相補体術,バンタム級 [ -61.2 Kg ]B,2006-11-04,https://www.shooto-mma.com/fighters/?id=524,"NO (numeric id only, confirmed across all 27 weight-class listing pages + all=1 full listing; consistent with PR #234)",manabu-kano,,,
627,加納 亮佑,Ryosuke Kano,,バンタム級 [ -61.2 Kg ]B,2013-10-05,https://www.shooto-mma.com/fighters/?id=627,"NO (numeric id only, confirmed across all 27 weight-class listing pages + all=1 full listing; consistent with PR #234)",ryosuke-kano,,,
605,鹿又 智成,Tomonari Kanomata,パラエストラ八王子,ライト級 [ -70.3 Kg ]B,2005-09-23,https://www.shooto-mma.com/fighters/?id=605,"NO (numeric id only, confirmed across all 27 weight-class listing pages + all=1 full listing; consistent with PR #234)",tomonari-kanomata,,,
635,鎌田 悠介,YUSUKE KAMATA,ピロクテテス新潟,フライ級 [ -56.7 Kg ]B,2023-04-09,https://www.shooto-mma.com/fighters/?id=635,"NO (numeric id only, confirmed across all 27 weight-class listing pages + all=1 full listing; consistent with PR #234)",yusuke-kamata,,,
1335,神武羅☆ ヒカル,HIKARU,NEW GROUND,フェザー級 [ -65.8 Kg ]B,2022-07-03,https://www.shooto-mma.com/fighters/?id=1335,"NO (numeric id only, confirmed across all 27 weight-class listing pages + all=1 full listing; consistent with PR #234)",hikaru,,,
1190,上村 依鈴,Erin Kamimura,高本道場,キッズ・ジュニア修斗B,2019-03-24,https://www.shooto-mma.com/fighters/?id=1190,"NO (numeric id only, confirmed across all 27 weight-class listing pages + all=1 full listing; consistent with PR #234)",erin-kamimura,,,
1099,亀井 修真,Shuma Kamei,直心会生野道場TK68,キッズ・ジュニア修斗B,2024-09-29,https://www.shooto-mma.com/fighters/?id=1099,"NO (numeric id only, confirmed across all 27 weight-class listing pages + all=1 full listing; consistent with PR #234)",shuma-kamei,,,
123,亀井 達朗,Tatsuro Kamei,パラエストラ広島,フライ級 [ -56.7 Kg ]B,2015-06-21,https://www.shooto-mma.com/fighters/?id=123,"NO (numeric id only, confirmed across all 27 weight-class listing pages + all=1 full listing; consistent with PR #234)",tatsuro-kamei,,,
124,亀島 聖児,Seigo Kameshima,,フライ級 [ -56.7 Kg ]B,2019-06-30,https://www.shooto-mma.com/fighters/?id=124,"NO (numeric id only, confirmed across all 27 weight-class listing pages + all=1 full listing; consistent with PR #234)",seigo-kameshima,,,
803,亀田 雅史,Masashi Kameda,,フェザー級 [ -65.8 Kg ]B,2002-07-27,https://www.shooto-mma.com/fighters/?id=803,"NO (numeric id only, confirmed across all 27 weight-class listing pages + all=1 full listing; consistent with PR #234)",masashi-kameda,,,
874,軽部 秀和,Hidekazu Karube,ヨックタイジム,ミドル級 [ -83.9 Kg ]B,2013-09-22,https://www.shooto-mma.com/fighters/?id=874,"NO (numeric id only, confirmed across all 27 weight-class listing pages + all=1 full listing; consistent with PR #234)",hidekazu-karube,,,
1728,カロリーナ ・デ・アモリン・ クワハラ,,Infight Japan,グラップリングB,2024-08-03,https://www.shooto-mma.com/fighters/?id=1728,"NO (numeric id only, confirmed across all 27 weight-class listing pages + all=1 full listing; consistent with PR #234)",,,,
758,川勝 将軍,Shogun Kawakatsu,PUREBRED大宮,ライト級 [ -70.3 Kg ]B,2003-10-12,https://www.shooto-mma.com/fighters/?id=758,"NO (numeric id only, confirmed across all 27 weight-class listing pages + all=1 full listing; consistent with PR #234)",shogun-kawakatsu,,,
1385,川北 晏生,HARUKI KAWAKITA,TRIBE TOKYO M.M.A,バンタム級 [ -61.2 Kg ]B,2026-01-18,https://www.shooto-mma.com/fighters/?id=1385,"NO (numeric id only, confirmed across all 27 weight-class listing pages + all=1 full listing; consistent with PR #234)",haruki-kawakita,,YES,
210,川名 蘭輝,Ranki Kawana,ロデオスタイル,バンタム級 [ -61.2 Kg ]B,2010-05-09,https://www.shooto-mma.com/fighters/?id=210,"NO (numeric id only, confirmed across all 27 weight-class listing pages + all=1 full listing; consistent with PR #234)",ranki-kawana,,,
1489,川西 茉夕,MAYU KAWANISHI,BURST,女子アトム級 [ -47.6 Kg ]B,2023-12-02,https://www.shooto-mma.com/fighters/?id=1489,"NO (numeric id only, confirmed across all 27 weight-class listing pages + all=1 full listing; consistent with PR #234)",mayu-kawanishi,,,
862,川俣 丈次,Joji Kawamata,パラエストラ東大阪,バンタム級 [ -61.2 Kg ]B,2016-07-03,https://www.shooto-mma.com/fighters/?id=862,"NO (numeric id only, confirmed across all 27 weight-class listing pages + all=1 full listing; consistent with PR #234)",joji-kawamata,,,
1375,河村 泰博,YASUHIRO KAWAMURA,和術慧舟會AKZA,バンタム級 [ -61.2 Kg ]B,2021-11-06,https://www.shooto-mma.com/fighters/?id=1375,"NO (numeric id only, confirmed across all 27 weight-class listing pages + all=1 full listing; consistent with PR #234)",yasuhiro-kawamura,,,
1221,神田 T800 周一,SHUICHI KANDA,KTC MMA,バンタム級 [ -61.2 Kg ]B,2026-03-30,https://www.shooto-mma.com/fighters/?id=1221,"NO (numeric id only, confirmed across all 27 weight-class listing pages + all=1 full listing; consistent with PR #234)",shuichi-kanda,,,
1419,菅野 縁,YUKARI KANNO,RISING SUN,女子B,2022-04-03,https://www.shooto-mma.com/fighters/?id=1419,"NO (numeric id only, confirmed across all 27 weight-class listing pages + all=1 full listing; consistent with PR #234)",yukari-kanno,,,
279,カーリー,Carly,パラエストラ松戸,フェザー級 [ -65.8 Kg ]B,2016-12-11,https://www.shooto-mma.com/fighters/?id=279,"NO (numeric id only, confirmed across all 27 weight-class listing pages + all=1 full listing; consistent with PR #234)",carly,,,
1110,ガッツ Takato,Guts Takato,,バンタム級 [ -61.2 Kg ]B,2025-09-07,https://www.shooto-mma.com/fighters/?id=1110,"NO (numeric id only, confirmed across all 27 weight-class listing pages + all=1 full listing; consistent with PR #234)",guts-takato,,,
1155,キ ウォンビン,WON BIN KI,TEAM POSSE,ライト級 [ -70.3 Kg ]B,2019-05-06,https://www.shooto-mma.com/fighters/?id=1155,"NO (numeric id only, confirmed across all 27 weight-class listing pages + all=1 full listing; consistent with PR #234)",won-bin-ki,,,
347,木内 裕太,Yuta Kiuchi,讃州四心會,ライト級 [ -70.3 Kg ]B,2015-04-12,https://www.shooto-mma.com/fighters/?id=347,"NO (numeric id only, confirmed across all 27 weight-class listing pages + all=1 full listing; consistent with PR #234)",yuta-kiuchi,,,
672,木内 SKINNY ZOMBIE 崇雅,Takamasa Kiuchi,和術慧舟會GODS,ストロー級 [ -52.2 Kg ]B,2022-05-22,https://www.shooto-mma.com/fighters/?id=672,"NO (numeric id only, confirmed across all 27 weight-class listing pages + all=1 full listing; consistent with PR #234)",takamasa-kiuchi,,,
1182,キシシ,KISHISHI,MIBURO,バンタム級 [ -61.2 Kg ]B,2022-07-03,https://www.shooto-mma.com/fighters/?id=1182,"NO (numeric id only, confirmed across all 27 weight-class listing pages + all=1 full listing; consistent with PR #234)",kishishi,,,
57,岸本 耕治,Koji Kishimoto,TKエスペランサ,ストロー級 [ -52.2 Kg ]B,2015-06-21,https://www.shooto-mma.com/fighters/?id=57,"NO (numeric id only, confirmed across all 27 weight-class listing pages + all=1 full listing; consistent with PR #234)",koji-kishimoto,,,
980,岸本 泰昭,Yasuaki Kishimoto,総合格闘技道場コブラ会,ライト級 [ -70.3 Kg ]B,2008-03-15,https://www.shooto-mma.com/fighters/?id=980,"NO (numeric id only, confirmed across all 27 weight-class listing pages + all=1 full listing; consistent with PR #234)",yasuaki-kishimoto,,,
1314,紀州,KISHU,ASH,ライト級 [ -70.3 Kg ]B,2026-04-05,https://www.shooto-mma.com/fighters/?id=1314,"NO (numeric id only, confirmed across all 27 weight-class listing pages + all=1 full listing; consistent with PR #234)",kishu,,,
280,喜多 浩樹,Hiroki Kita,パラエストラ東京,フェザー級 [ -65.8 Kg ]B,2000-10-09,https://www.shooto-mma.com/fighters/?id=280,"NO (numeric id only, confirmed across all 27 weight-class listing pages + all=1 full listing; consistent with PR #234)",hiroki-kita,,,
126,北島 進,Susumu Kitajima,チーム・レッグロック,フライ級 [ -56.7 Kg ]B,2015-04-12,https://www.shooto-mma.com/fighters/?id=126,"NO (numeric id only, confirmed across all 27 weight-class listing pages + all=1 full listing; consistent with PR #234)",susumu-kitajima,,,
706,北田 有,Yu Kitada,和術慧舟會富山支部S.P.O.,ウェルター級 [ -77.1 Kg ]B,2016-11-06,https://www.shooto-mma.com/fighters/?id=706,"NO (numeric id only, confirmed across all 27 weight-class listing pages + all=1 full listing; consistent with PR #234)",yu-kitada,,,
1196,北野 きゅう,KYU KITANO,高田馬場道場,女子B,2022-07-17,https://www.shooto-mma.com/fighters/?id=1196,"NO (numeric id only, confirmed across all 27 weight-class listing pages + all=1 full listing; consistent with PR #234)",kyu-kitano,,,
1685,北村 璃希,RIKI KITAMURA,フォーランバス,キッズ・ジュニア修斗B,2024-04-07,https://www.shooto-mma.com/fighters/?id=1685,"NO (numeric id only, confirmed across all 27 weight-class listing pages + all=1 full listing; consistent with PR #234)",riki-kitamura,,,
211,北村 潔,Kiyoshi Kitamura,クロスワンジム湘南,バンタム級 [ -61.2 Kg ]B,2015-08-23,https://www.shooto-mma.com/fighters/?id=211,"NO (numeric id only, confirmed across all 27 weight-class listing pages + all=1 full listing; consistent with PR #234)",kiyoshi-kitamura,,,
1291,紀之定 健真,TATSUMA KINOSADA,BLACK☆Jr,新空手道連盟B,2020-07-12,https://www.shooto-mma.com/fighters/?id=1291,"NO (numeric id only, confirmed across all 27 weight-class listing pages + all=1 full listing; consistent with PR #234)",tatsuma-kinosada,,,
1334,木下 悦志,ETSUSHI KINOSHITA,KICKLAB,新空手道連盟B,2024-12-29,https://www.shooto-mma.com/fighters/?id=1334,"NO (numeric id only, confirmed across all 27 weight-class listing pages + all=1 full listing; consistent with PR #234)",etsushi-kinoshita,,,
1611,木下 皓介,KOSUKE KINOSHITA,GROUND CORE,フライ級 [ -56.7 Kg ]B,2026-04-26,https://www.shooto-mma.com/fighters/?id=1611,"NO (numeric id only, confirmed across all 27 weight-class listing pages + all=1 full listing; consistent with PR #234)",kosuke-kinoshita,,,
1183,木下 カラテ,Takeaki Kinoshita,和術慧舟會HEARTS,フェザー級 [ -65.8 Kg ]B,2022-10-15,https://www.shooto-mma.com/fighters/?id=1183,"NO (numeric id only, confirmed across all 27 weight-class listing pages + all=1 full listing; consistent with PR #234)",takeaki-kinoshita,kinoshita-karate,,
212,木部 亮,Akira Kibe,ALIVE小牧,バンタム級 [ -61.2 Kg ]B,2008-08-03,https://www.shooto-mma.com/fighters/?id=212,"NO (numeric id only, confirmed across all 27 weight-class listing pages + all=1 full listing; consistent with PR #234)",akira-kibe,,,
7,キム ミンジェ,Min Jea Kim,CMA KOREA スパルタンジム,フェザー級 [ -65.8 Kg ]B,2016-04-23,https://www.shooto-mma.com/fighters/?id=7,"NO (numeric id only, confirmed across all 27 weight-class listing pages + all=1 full listing; consistent with PR #234)",min-jea-kim,,,
1093,キム ヨンハン,YOUNG HAN KIM,クミティムホン,フライ級 [ -56.7 Kg ]B,2017-06-25,https://www.shooto-mma.com/fighters/?id=1093,"NO (numeric id only, confirmed across all 27 weight-class listing pages + all=1 full listing; consistent with PR #234)",young-han-kim,,,
1613,キム ウンス,EUN KIM,WINNERS MMA,ミドル級 [ -83.9 Kg ]B,2023-09-24,https://www.shooto-mma.com/fighters/?id=1613,"NO (numeric id only, confirmed across all 27 weight-class listing pages + all=1 full listing; consistent with PR #234)",eun-kim,,,
1109,キム ヨンギ,KIM YOUNG JI,,女子B,2017-10-15,https://www.shooto-mma.com/fighters/?id=1109,"NO (numeric id only, confirmed across all 27 weight-class listing pages + all=1 full listing; consistent with PR #234)",kim-young-ji,,,
1633,キム ジェヨン,KIM YOUNG,NOVA MMA,ミドル級 [ -83.9 Kg ]B,2024-11-30,https://www.shooto-mma.com/fighters/?id=1633,"NO (numeric id only, confirmed across all 27 weight-class listing pages + all=1 full listing; consistent with PR #234)",kim-young,,YES,
1142,キム ギョンピョ,KYUNG PYO KIM,MMA STORY,ライト級 [ -70.3 Kg ]B,2018-06-17,https://www.shooto-mma.com/fighters/?id=1142,"NO (numeric id only, confirmed across all 27 weight-class listing pages + all=1 full listing; consistent with PR #234)",kyung-pyo-kim,,,
1672,キム ミンヒュン,MIN KIM,TEAM FINISH,ライト級 [ -70.3 Kg ]B,2024-03-23,https://www.shooto-mma.com/fighters/?id=1672,"NO (numeric id only, confirmed across all 27 weight-class listing pages + all=1 full listing; consistent with PR #234)",min-kim,,,
1482,キム ソ ユル,SO YUL KIM,MOB Training Center,女子フライ級B,2022-11-27,https://www.shooto-mma.com/fighters/?id=1482,"NO (numeric id only, confirmed across all 27 weight-class listing pages + all=1 full listing; consistent with PR #234)",so-yul-kim,,,
1065,木村 健,Tatsuru Kimura,トライデントジム,バンタム級 [ -61.2 Kg ]B,2018-04-22,https://www.shooto-mma.com/fighters/?id=1065,"NO (numeric id only, confirmed across all 27 weight-class listing pages + all=1 full listing; consistent with PR #234)",tatsuru-kimura,,,
564,木村 孔明,Komei Kimura,パラエストラTB,ライト級 [ -70.3 Kg ]B,2021-06-26,https://www.shooto-mma.com/fighters/?id=564,"NO (numeric id only, confirmed across all 27 weight-class listing pages + all=1 full listing; consistent with PR #234)",komei-kimura,,,
58,木村 拓茉,Takuma Kimura,パラエストラ和泉,ストロー級 [ -52.2 Kg ]B,2016-07-03,https://www.shooto-mma.com/fighters/?id=58,"NO (numeric id only, confirmed across all 27 weight-class listing pages + all=1 full listing; consistent with PR #234)",takuma-kimura,,,
1133,木村 旬志,Masashi Kimura,ゼロ戦クラブ,ストロー級 [ -52.2 Kg ]B,2026-05-17,https://www.shooto-mma.com/fighters/?id=1133,"NO (numeric id only, confirmed across all 27 weight-class listing pages + all=1 full listing; consistent with PR #234)",masashi-kimura,,,
128,木村 ケンイチ,Kenichi Kimura,総合格闘技ハーヴェスト,フライ級 [ -56.7 Kg ]B,2016-07-03,https://www.shooto-mma.com/fighters/?id=128,"NO (numeric id only, confirmed across all 27 weight-class listing pages + all=1 full listing; consistent with PR #234)",kenichi-kimura,,,
1933,木村 元康,MOTOYASU KIMURA,HAGANE GYM,アマチュア修斗B,2026-04-11,https://www.shooto-mma.com/fighters/?id=1933,"NO (numeric id only, confirmed across all 27 weight-class listing pages + all=1 full listing; consistent with PR #234)",motoyasu-kimura,,,
1200,木村 美海,MIUNA KIMURA,パラエストラ松戸,キッズ・ジュニア修斗B,2019-05-06,https://www.shooto-mma.com/fighters/?id=1200,"NO (numeric id only, confirmed across all 27 weight-class listing pages + all=1 full listing; consistent with PR #234)",miuna-kimura,,,
1206,木村 総一郎,SOUICHIRO KIMURA,パラエストラ加古川,バンタム級 [ -61.2 Kg ]B,2022-07-03,https://www.shooto-mma.com/fighters/?id=1206,"NO (numeric id only, confirmed across all 27 weight-class listing pages + all=1 full listing; consistent with PR #234)",souichiro-kimura,,,
1056,キャプテン ☆ アフリカ,Captain Africa,総合格闘技道場コブラ会,ライト級 [ -70.3 Kg ]B,2026-03-29,https://www.shooto-mma.com/fighters/?id=1056,"NO (numeric id only, confirmed across all 27 weight-class listing pages + all=1 full listing; consistent with PR #234)",captain-africa,captain-africa,,YES
152,九州 力,Riki Kyushu,総合格闘技道場STEAM,フライ級 [ -56.7 Kg ]B,2021-04-18,https://www.shooto-mma.com/fighters/?id=152,"NO (numeric id only, confirmed across all 27 weight-class listing pages + all=1 full listing; consistent with PR #234)",riki-kyushu,,,
1276,清宮 真,SHIN KIYOMIYA,飛翔塾コンドル,アマチュア修斗B,,https://www.shooto-mma.com/fighters/?id=1276,"NO (numeric id only, confirmed across all 27 weight-class listing pages + all=1 full listing; consistent with PR #234)",shin-kiyomiya,,,
129,輝龍,KIRYU,roots,フライ級 [ -56.7 Kg ]B,2025-10-19,https://www.shooto-mma.com/fighters/?id=129,"NO (numeric id only, confirmed across all 27 weight-class listing pages + all=1 full listing; consistent with PR #234)",kiryu,,,
281,霧狼,Kiriro,パラエストラ小岩,フェザー級 [ -65.8 Kg ]B,2016-09-04,https://www.shooto-mma.com/fighters/?id=281,"NO (numeric id only, confirmed across all 27 weight-class listing pages + all=1 full listing; consistent with PR #234)",kiriro,,,
392,KING JOH,,シューティングジム神戸,ウェルター級 [ -77.1 Kg ]B,,https://www.shooto-mma.com/fighters/?id=392,"NO (numeric id only, confirmed across all 27 weight-class listing pages + all=1 full listing; consistent with PR #234)",,,,
1988,キンコンカンコンケンチャンマン,,OsakaFitPitGym／UBF,ライト級 [ -70.3 Kg ]B,2026-05-24,https://www.shooto-mma.com/fighters/?id=1988,"NO (numeric id only, confirmed across all 27 weight-class listing pages + all=1 full listing; consistent with PR #234)",,,,
423,金太郎,Kintaro,R-BLOOD,ミドル級 [ -83.9 Kg ]B,,https://www.shooto-mma.com/fighters/?id=423,"NO (numeric id only, confirmed across all 27 weight-class listing pages + all=1 full listing; consistent with PR #234)",kintaro,kintaro,,
962,金太郎,Kintaro,パンクラス大阪稲垣組,バンタム級 [ -61.2 Kg ]B,2015-06-21,https://www.shooto-mma.com/fighters/?id=962,"NO (numeric id only, confirmed across all 27 weight-class listing pages + all=1 full listing; consistent with PR #234)",kintaro,kintaro,,
282,金田一 孝介,Kosuke Kindaichi,総合格闘技道場STF,フェザー級 [ -65.8 Kg ]B,2011-09-23,https://www.shooto-mma.com/fighters/?id=282,"NO (numeric id only, confirmed across all 27 weight-class listing pages + all=1 full listing; consistent with PR #234)",kosuke-kindaichi,kindaichi-kosuke,,
1499,クアト 驎,KUATORIN,パラエストラ小岩,ウェルター級 [ -77.1 Kg ]B,2023-01-15,https://www.shooto-mma.com/fighters/?id=1499,"NO (numeric id only, confirmed across all 27 weight-class listing pages + all=1 full listing; consistent with PR #234)",kuatorin,,,
1479,草 MAX,KUSA MAX,EAM CLIMB/GRABAKA赤羽,ウェルター級 [ -77.1 Kg ]B,2022-09-19,https://www.shooto-mma.com/fighters/?id=1479,"NO (numeric id only, confirmed across all 27 weight-class listing pages + all=1 full listing; consistent with PR #234)",kusa-max,,,
764,楠 勇次,Yuji Kusu,,ウェルター級 [ -77.1 Kg ]B,2002-08-27,https://www.shooto-mma.com/fighters/?id=764,"NO (numeric id only, confirmed across all 27 weight-class listing pages + all=1 full listing; consistent with PR #234)",yuji-kusu,,,
1588,久津輪 将充,MASAMITSU KUTSUWA,TBF/9＋nine pluslab.,キックボクシングB,2023-06-18,https://www.shooto-mma.com/fighters/?id=1588,"NO (numeric id only, confirmed across all 27 weight-class listing pages + all=1 full listing; consistent with PR #234)",masamitsu-kutsuwa,,,
1309,工藤 圭一郎,KEIICHIRO,グランドスラム沖縄A・P・P,フェザー級 [ -65.8 Kg ]B,2025-10-19,https://www.shooto-mma.com/fighters/?id=1309,"NO (numeric id only, confirmed across all 27 weight-class listing pages + all=1 full listing; consistent with PR #234)",keiichiro,,,
1115,工藤 諒司,Ryouji Kudo,TRIBE TOKYO M.M.A,フェザー級 [ -65.8 Kg ]B,2021-07-25,https://www.shooto-mma.com/fighters/?id=1115,"NO (numeric id only, confirmed across all 27 weight-class listing pages + all=1 full listing; consistent with PR #234)",ryouji-kudo,,,
624,國頭 武,TAKESHI KUNITO,BURST,バンタム級 [ -61.2 Kg ]B,2026-07-12,https://www.shooto-mma.com/fighters/?id=624,"NO (numeric id only, confirmed across all 27 weight-class listing pages + all=1 full listing; consistent with PR #234)",takeshi-kunito,,,
1003,久保 慎太郎,Shintaro Kubo,GRAACA MMA 釜石ベース,バンタム級 [ -61.2 Kg ]B,2013-06-22,https://www.shooto-mma.com/fighters/?id=1003,"NO (numeric id only, confirmed across all 27 weight-class listing pages + all=1 full listing; consistent with PR #234)",shintaro-kubo,,,
669,久保村 ヨシTERU,Yoshiteru Kubomura,飛翔塾コンドル,フェザー級 [ -65.8 Kg ]B,2026-06-28,https://www.shooto-mma.com/fighters/?id=669,"NO (numeric id only, confirmed across all 27 weight-class listing pages + all=1 full listing; consistent with PR #234)",yoshiteru-kubomura,,,
996,倉金 祐二,Yuji Kuragane,パラエストラ千葉,フェザー級 [ -65.8 Kg ]B,2013-10-05,https://www.shooto-mma.com/fighters/?id=996,"NO (numeric id only, confirmed across all 27 weight-class listing pages + all=1 full listing; consistent with PR #234)",yuji-kuragane,,,
482,藏田 圭介,Keisuke Kurata,ALIVE倶知安,ストロー級 [ -52.2 Kg ]B,2012-09-16,https://www.shooto-mma.com/fighters/?id=482,"NO (numeric id only, confirmed across all 27 weight-class listing pages + all=1 full listing; consistent with PR #234)",keisuke-kurata,,,
1917,倉冨 立聖,RYUSEI KURATOMI,Concilio,B,2026-04-11,https://www.shooto-mma.com/fighters/?id=1917,"NO (numeric id only, confirmed across all 27 weight-class listing pages + all=1 full listing; consistent with PR #234)",ryusei-kuratomi,,,
682,倉持 昌和,Masakazu Kuramochi,,ライト級 [ -70.3 Kg ]B,2002-05-05,https://www.shooto-mma.com/fighters/?id=682,"NO (numeric id only, confirmed across all 27 weight-class listing pages + all=1 full listing; consistent with PR #234)",masakazu-kuramochi,,,
1116,倉本 一真,Kazuma Kuramoto,"リバーサルジム新宿Me,We",バンタム級 [ -61.2 Kg ]B,2020-05-31,https://www.shooto-mma.com/fighters/?id=1116,"NO (numeric id only, confirmed across all 27 weight-class listing pages + all=1 full listing; consistent with PR #234)",kazuma-kuramoto,,,
556,栗畑 勇佑,Yusuke Kurihata,ナゴヤファイトクラブ,フライ級 [ -56.7 Kg ]B,2016-09-04,https://www.shooto-mma.com/fighters/?id=556,"NO (numeric id only, confirmed across all 27 weight-class listing pages + all=1 full listing; consistent with PR #234)",yusuke-kurihata,,,
1732,KURUMI,KURUMI,MMAZジム,トライアウトB,2025-10-26,https://www.shooto-mma.com/fighters/?id=1732,"NO (numeric id only, confirmed across all 27 weight-class listing pages + all=1 full listing; consistent with PR #234)",kurumi,,,
881,クレイジーバーサーカー 文平,Crazy Barserker Bunpei,パラエストラ大阪,ライト級 [ -70.3 Kg ]B,2011-04-03,https://www.shooto-mma.com/fighters/?id=881,"NO (numeric id only, confirmed across all 27 weight-class listing pages + all=1 full listing; consistent with PR #234)",crazy-barserker-bunpei,,,
670,黒石 大資,Daisuke Kuroishi,スカーフィスト,フライ級 [ -56.7 Kg ]B,2026-05-17,https://www.shooto-mma.com/fighters/?id=670,"NO (numeric id only, confirmed across all 27 weight-class listing pages + all=1 full listing; consistent with PR #234)",daisuke-kuroishi,,,
1083,アーノルド クエロ,Arnold Quero,MMA FACTORY,ライト級 [ -70.3 Kg ]B,2017-05-12,https://www.shooto-mma.com/fighters/?id=1083,"NO (numeric id only, confirmed across all 27 weight-class listing pages + all=1 full listing; consistent with PR #234)",arnold-quero,,,
1817,黒瀬 キョウヘイ,KUROSE KYOHEI,MASTER JAPAN YAMAGUCHI UBE,ストロー級 [ -52.2 Kg ]B,2026-07-12,https://www.shooto-mma.com/fighters/?id=1817,"NO (numeric id only, confirmed across all 27 weight-class listing pages + all=1 full listing; consistent with PR #234)",kurose-kyohei,,,
393,黒田 好治,Koji Kuroda,創道塾,ウェルター級 [ -77.1 Kg ]B,2016-04-10,https://www.shooto-mma.com/fighters/?id=393,"NO (numeric id only, confirmed across all 27 weight-class listing pages + all=1 full listing; consistent with PR #234)",koji-kuroda,,,
1632,黒部 和沙,KAZUSA KUROBE,TRIBE TOKYO M.M.A,ストロー級 [ -52.2 Kg ]B,2026-05-31,https://www.shooto-mma.com/fighters/?id=1632,"NO (numeric id only, confirmed across all 27 weight-class listing pages + all=1 full listing; consistent with PR #234)",kazusa-kurobe,,,
1208,黒部 三奈,MINA KUROBE,マスタージャパン,女子スーパーアトム級B,2025-04-20,https://www.shooto-mma.com/fighters/?id=1208,"NO (numeric id only, confirmed across all 27 weight-class listing pages + all=1 full listing; consistent with PR #234)",mina-kurobe,,YES,
864,桑原 悠,Yu Kuwabara,PUREBRED大宮,フライ級 [ -56.7 Kg ]B,2011-06-11,https://www.shooto-mma.com/fighters/?id=864,"NO (numeric id only, confirmed across all 27 weight-class listing pages + all=1 full listing; consistent with PR #234)",yu-kuwabara,,,
1509,グ ジユン,JIYOON GU,修斗GYM神戸,ライト級 [ -70.3 Kg ]B,2026-05-31,https://www.shooto-mma.com/fighters/?id=1509,"NO (numeric id only, confirmed across all 27 weight-class listing pages + all=1 full listing; consistent with PR #234)",jiyoon-gu,,,
1708,グラップラー脇,GRAPPLER WAKI,Leg Lock Academy,ウェルター級 [ -77.1 Kg ]B,2026-01-18,https://www.shooto-mma.com/fighters/?id=1708,"NO (numeric id only, confirmed across all 27 weight-class listing pages + all=1 full listing; consistent with PR #234)",grappler-waki,,YES,
1325,グンター カルンダ,GUNTHER KALUNDA,Tri.H studio,ウェルター級 [ -77.1 Kg ]B,2021-09-20,https://www.shooto-mma.com/fighters/?id=1325,"NO (numeric id only, confirmed across all 27 weight-class listing pages + all=1 full listing; consistent with PR #234)",gunther-kalunda,,,
1397,KJ タイラー,KJ Tyler,T-REX柔術アカデミー,フライ級 [ -56.7 Kg ]B,2022-05-15,https://www.shooto-mma.com/fighters/?id=1397,"NO (numeric id only, confirmed across all 27 weight-class listing pages + all=1 full listing; consistent with PR #234)",kj-tyler,,,
1436,GEN,GEN,マルスジム,バンタム級 [ -61.2 Kg ]B,2022-06-05,https://www.shooto-mma.com/fighters/?id=1436,"NO (numeric id only, confirmed across all 27 weight-class listing pages + all=1 full listing; consistent with PR #234)",gen,,,
394,ゲーリー ノムライト,Gary Nomright,BLOWS,ウェルター級 [ -77.1 Kg ]B,2015-06-21,https://www.shooto-mma.com/fighters/?id=394,"NO (numeric id only, confirmed across all 27 weight-class listing pages + all=1 full listing; consistent with PR #234)",gary-nomright,,,
131,小泉 慶嗣,Keiji Koizumi,和術慧舟會東京本部,フライ級 [ -56.7 Kg ]B,2016-11-06,https://www.shooto-mma.com/fighters/?id=131,"NO (numeric id only, confirmed across all 27 weight-class listing pages + all=1 full listing; consistent with PR #234)",keiji-koizumi,,,
1125,小色 寛大,Hiroto Koiro,心技館,キッズ・ジュニア修斗B,2018-01-28,https://www.shooto-mma.com/fighters/?id=1125,"NO (numeric id only, confirmed across all 27 weight-class listing pages + all=1 full listing; consistent with PR #234)",hiroto-koiro,,,
520,河野 啓太,Keta Kono,GUTSMAN,フェザー級 [ -65.8 Kg ]B,2013-02-23,https://www.shooto-mma.com/fighters/?id=520,"NO (numeric id only, confirmed across all 27 weight-class listing pages + all=1 full listing; consistent with PR #234)",keta-kono,,,
1103,興梠 弘樹,Hiroki Kourogi,DESTINY GYM,ライト級 [ -70.3 Kg ]B,2017-09-03,https://www.shooto-mma.com/fighters/?id=1103,"NO (numeric id only, confirmed across all 27 weight-class listing pages + all=1 full listing; consistent with PR #234)",hiroki-kourogi,,,
607,光陰 兜,Kabuto Kokage,PUREBRED大宮,ライト級 [ -70.3 Kg ]B,2004-07-04,https://www.shooto-mma.com/fighters/?id=607,"NO (numeric id only, confirmed across all 27 weight-class listing pages + all=1 full listing; consistent with PR #234)",kabuto-kokage,,,
1572,古賀 優平,YUHEI KOGA,TRIBE TOKYO M.M.A,フライ級 [ -56.7 Kg ]B,2025-09-02,https://www.shooto-mma.com/fighters/?id=1572,"NO (numeric id only, confirmed across all 27 weight-class listing pages + all=1 full listing; consistent with PR #234)",yuhei-koga,,,
933,古賀 徹,Toru Koga,全日本体術連盟,ライト級 [ -70.3 Kg ]B,1996-05-07,https://www.shooto-mma.com/fighters/?id=933,"NO (numeric id only, confirmed across all 27 weight-class listing pages + all=1 full listing; consistent with PR #234)",toru-koga,,,
213,木暮 聡,Satoshi Kogure,リバーサルジム東京スタンドアウト,バンタム級 [ -61.2 Kg ]B,2015-04-18,https://www.shooto-mma.com/fighters/?id=213,"NO (numeric id only, confirmed across all 27 weight-class listing pages + all=1 full listing; consistent with PR #234)",satoshi-kogure,,,
1527,古賀 愛蘭,AIRA,BURST,女子アトム級 [ -47.6 Kg ]B,2024-08-03,https://www.shooto-mma.com/fighters/?id=1527,"NO (numeric id only, confirmed across all 27 weight-class listing pages + all=1 full listing; consistent with PR #234)",aira,,,
1668,御前 昂史,Koshi Misaki,パラエストラ小岩,バンタム級 [ -61.2 Kg ]B,2026-02-28,https://www.shooto-mma.com/fighters/?id=1668,"NO (numeric id only, confirmed across all 27 weight-class listing pages + all=1 full listing; consistent with PR #234)",koshi-misaki,,,
1029,小島 祥雄,Sachio Kojima,MASTER JAPAN,ライト級 [ -70.3 Kg ]B,2016-09-19,https://www.shooto-mma.com/fighters/?id=1029,"NO (numeric id only, confirmed across all 27 weight-class listing pages + all=1 full listing; consistent with PR #234)",sachio-kojima,,,
799,小島 弘之,Hiroyuki Kojima,,ウェルター級 [ -77.1 Kg ]B,,https://www.shooto-mma.com/fighters/?id=799,"NO (numeric id only, confirmed across all 27 weight-class listing pages + all=1 full listing; consistent with PR #234)",hiroyuki-kojima,,,
1888,小嶋 望,NOZOMI KOJIMA,TATORU,女子フライ級B,2025-12-07,https://www.shooto-mma.com/fighters/?id=1888,"NO (numeric id only, confirmed across all 27 weight-class listing pages + all=1 full listing; consistent with PR #234)",nozomi-kojima,,,
1916,小島 亮介,RYOSUKE KOJIMA,"リバーサルジム新宿Me,We",B,2026-04-11,https://www.shooto-mma.com/fighters/?id=1916,"NO (numeric id only, confirmed across all 27 weight-class listing pages + all=1 full listing; consistent with PR #234)",ryosuke-kojima,,,
1189,小助川 綾乃,Ayano Kosukegawa,心技館,キッズ・ジュニア修斗B,2019-05-06,https://www.shooto-mma.com/fighters/?id=1189,"NO (numeric id only, confirmed across all 27 weight-class listing pages + all=1 full listing; consistent with PR #234)",ayano-kosukegawa,,,
984,小谷 直之,Naoyuki Kotani,ロデオスタイル,ライト級 [ -70.3 Kg ]B,2019-05-06,https://www.shooto-mma.com/fighters/?id=984,"NO (numeric id only, confirmed across all 27 weight-class listing pages + all=1 full listing; consistent with PR #234)",naoyuki-kotani,,,
348,児玉 京大,Kyota Kodama,シューティングジム大阪,ライト級 [ -70.3 Kg ]B,2016-11-12,https://www.shooto-mma.com/fighters/?id=348,"NO (numeric id only, confirmed across all 27 weight-class listing pages + all=1 full listing; consistent with PR #234)",kyota-kodama,,,
1168,児玉 勇也,YUYA KODAMA,とらの子レスリングクラブ／トイカツ道場,ストロー級 [ -52.2 Kg ]B,2025-04-20,https://www.shooto-mma.com/fighters/?id=1168,"NO (numeric id only, confirmed across all 27 weight-class listing pages + all=1 full listing; consistent with PR #234)",yuya-kodama,,,
1891,小鉄,KOTETSU,総合格闘技道場STF,フライ級 [ -56.7 Kg ]B,2026-05-17,https://www.shooto-mma.com/fighters/?id=1891,"NO (numeric id only, confirmed across all 27 weight-class listing pages + all=1 full listing; consistent with PR #234)",kotetsu,,,
686,小西 謙太,Kenta Konishi,,ライト級 [ -70.3 Kg ]B,2013-09-01,https://www.shooto-mma.com/fighters/?id=686,"NO (numeric id only, confirmed across all 27 weight-class listing pages + all=1 full listing; consistent with PR #234)",kenta-konishi,,,
349,coBa,coBa,総合格闘技道場DOUBLE,ライト級 [ -70.3 Kg ]B,2018-03-25,https://www.shooto-mma.com/fighters/?id=349,"NO (numeric id only, confirmed across all 27 weight-class listing pages + all=1 full listing; consistent with PR #234)",coba,,,
1050,小林 佳純,YOSHIMIZU KOBAYASHI,HAGANE GYM,バンタム級 [ -61.2 Kg ]B,2024-03-02,https://www.shooto-mma.com/fighters/?id=1050,"NO (numeric id only, confirmed across all 27 weight-class listing pages + all=1 full listing; consistent with PR #234)",yoshimizu-kobayashi,,,
284,虎刃殺獅,Kobayashi,NEW GROUND,フェザー級 [ -65.8 Kg ]B,2015-12-23,https://www.shooto-mma.com/fighters/?id=284,"NO (numeric id only, confirmed across all 27 weight-class listing pages + all=1 full listing; consistent with PR #234)",kobayashi,,,
598,小林 正俊,Masatoshi Kobayashi,SHOOTO GYM K'z FACTORY,フェザー級 [ -65.8 Kg ]B,2009-01-31,https://www.shooto-mma.com/fighters/?id=598,"NO (numeric id only, confirmed across all 27 weight-class listing pages + all=1 full listing; consistent with PR #234)",masatoshi-kobayashi,,,
350,小林 孝秀,Takahide Kobayashi,SLACK,フェザー級 [ -65.8 Kg ]B,2023-03-26,https://www.shooto-mma.com/fighters/?id=350,"NO (numeric id only, confirmed across all 27 weight-class listing pages + all=1 full listing; consistent with PR #234)",takahide-kobayashi,,,
1746,小林 良徳,Yoshinori Kobayashi,修斗GYM東京,ストロー級 [ -52.2 Kg ]B,2026-12-31,https://www.shooto-mma.com/fighters/?id=1746,"NO (numeric id only, confirmed across all 27 weight-class listing pages + all=1 full listing; consistent with PR #234)",yoshinori-kobayashi,,,
723,小林 ミツル,Mitsuru Kobayashi,,フェザー級 [ -65.8 Kg ]B,2010-08-29,https://www.shooto-mma.com/fighters/?id=723,"NO (numeric id only, confirmed across all 27 weight-class listing pages + all=1 full listing; consistent with PR #234)",mitsuru-kobayashi,,,
59,小巻 洋平,Yohei Komaki,総合格闘技道場reliable,ストロー級 [ -52.2 Kg ]B,2020-07-12,https://www.shooto-mma.com/fighters/?id=59,"NO (numeric id only, confirmed across all 27 weight-class listing pages + all=1 full listing; consistent with PR #234)",yohei-komaki,,,
551,小松 寛司,Hiroshi Komatsu,パラエストラ大阪,バンタム級 [ -61.2 Kg ]B,2006-11-04,https://www.shooto-mma.com/fighters/?id=551,"NO (numeric id only, confirmed across all 27 weight-class listing pages + all=1 full listing; consistent with PR #234)",hiroshi-komatsu,,,
13,CORO,CORO,和術慧舟會TLIVE,バンタム級 [ -61.2 Kg ]B,2016-04-23,https://www.shooto-mma.com/fighters/?id=13,"NO (numeric id only, confirmed across all 27 weight-class listing pages + all=1 full listing; consistent with PR #234)",coro,coro,,
351,近藤 秀人,Hideto Kondo,マッハ道場,ライト級 [ -70.3 Kg ]B,2011-06-11,https://www.shooto-mma.com/fighters/?id=351,"NO (numeric id only, confirmed across all 27 weight-class listing pages + all=1 full listing; consistent with PR #234)",hideto-kondo,,,
619,近藤 洋平,Yohei Kondo,BURST,バンタム級 [ -61.2 Kg ]B,2022-09-11,https://www.shooto-mma.com/fighters/?id=619,"NO (numeric id only, confirmed across all 27 weight-class listing pages + all=1 full listing; consistent with PR #234)",yohei-kondo,,,
611,コンドル 吉野,Condor Yoshino,リバーサルジム横浜グランドスラム,バンタム級 [ -61.2 Kg ]B,2014-07-06,https://www.shooto-mma.com/fighters/?id=611,"NO (numeric id only, confirmed across all 27 weight-class listing pages + all=1 full listing; consistent with PR #234)",condor-yoshino,,,
565,近内 忠史,Tadashi Konnai,ブレイブハート,ライト級 [ -70.3 Kg ]B,2019-11-24,https://www.shooto-mma.com/fighters/?id=565,"NO (numeric id only, confirmed across all 27 weight-class listing pages + all=1 full listing; consistent with PR #234)",tadashi-konnai,,,
609,合島 大樹,Daiki Gojima,GUTSMAN,バンタム級 [ -61.2 Kg ]B,2013-10-05,https://www.shooto-mma.com/fighters/?id=609,"NO (numeric id only, confirmed across all 27 weight-class listing pages + all=1 full listing; consistent with PR #234)",daiki-gojima,,,
486,五木田 勝,Masaru Gokita,,フライ級 [ -56.7 Kg ]B,2002-03-13,https://www.shooto-mma.com/fighters/?id=486,"NO (numeric id only, confirmed across all 27 weight-class listing pages + all=1 full listing; consistent with PR #234)",masaru-gokita,,,
1271,後久 湊,MINATO GOKYU,悟心塾,キッズ・ジュニア修斗B,2020-01-26,https://www.shooto-mma.com/fighters/?id=1271,"NO (numeric id only, confirmed across all 27 weight-class listing pages + all=1 full listing; consistent with PR #234)",minato-gokyu,,,
283,ゴタンダ,Gotanda,ジャクソン道場,フェザー級 [ -65.8 Kg ]B,2015-06-28,https://www.shooto-mma.com/fighters/?id=283,"NO (numeric id only, confirmed across all 27 weight-class listing pages + all=1 full listing; consistent with PR #234)",gotanda,,,
1549,後藤 亮,RYO GOTO,TRIBE TOKYO M.M.A,ライト級 [ -70.3 Kg ]B,2026-02-18,https://www.shooto-mma.com/fighters/?id=1549,"NO (numeric id only, confirmed across all 27 weight-class listing pages + all=1 full listing; consistent with PR #234)",ryo-goto,goto-ryo,,YES
1294,後藤 丈治,JOJI GOTO,TRIBE TOKYO M.M.A,バンタム級 [ -61.2 Kg ]B,2022-11-27,https://www.shooto-mma.com/fighters/?id=1294,"NO (numeric id only, confirmed across all 27 weight-class listing pages + all=1 full listing; consistent with PR #234)",joji-goto,goto-joji,,
1140,後藤 陽駆,Youku Goto,シューティングジム大阪,ライト級 [ -70.3 Kg ]B,2024-09-29,https://www.shooto-mma.com/fighters/?id=1140,"NO (numeric id only, confirmed across all 27 weight-class listing pages + all=1 full listing; consistent with PR #234)",youku-goto,,,
424,後藤 高士,Takashi Goto,パラエストラ加古川,ミドル級 [ -83.9 Kg ]B,2009-12-13,https://www.shooto-mma.com/fighters/?id=424,"NO (numeric id only, confirmed across all 27 weight-class listing pages + all=1 full listing; consistent with PR #234)",takashi-goto,,,
97,GoZo,GoZo,パラエストラ八王子,ストロー級 [ -52.2 Kg ]B,2010-10-16,https://www.shooto-mma.com/fighters/?id=97,"NO (numeric id only, confirmed across all 27 weight-class listing pages + all=1 full listing; consistent with PR #234)",gozo,,,
1564,西條 英成,Hidenari Saijo,THE BLACKBELT JAPAN沖縄,ウェルター級 [ -77.1 Kg ]B,2026-04-19,https://www.shooto-mma.com/fighters/?id=1564,"NO (numeric id only, confirmed across all 27 weight-class listing pages + all=1 full listing; consistent with PR #234)",hidenari-saijo,,,
285,齊藤 曜,Yo Saito,和術慧舟會トイカツ道場,バンタム級 [ -61.2 Kg ]B,2019-12-22,https://www.shooto-mma.com/fighters/?id=285,"NO (numeric id only, confirmed across all 27 weight-class listing pages + all=1 full listing; consistent with PR #234)",yo-saito,,,
289,佐藤 裕二,Yuji Sato,毛利道場,フェザー級 [ -65.8 Kg ]B,2017-12-17,https://www.shooto-mma.com/fighters/?id=289,"NO (numeric id only, confirmed across all 27 weight-class listing pages + all=1 full listing; consistent with PR #234)",yuji-sato,,,
1339,齋藤 奨司,SHOJI SAITO,FIGHT FARM,バンタム級 [ -61.2 Kg ]B,2026-02-18,https://www.shooto-mma.com/fighters/?id=1339,"NO (numeric id only, confirmed across all 27 weight-class listing pages + all=1 full listing; consistent with PR #234)",shoji-saito,saito-shoji,,YES
1111,斎藤 康太,Kouta Saito,パラエストラ小岩,フライ級 [ -56.7 Kg ]B,2018-12-15,https://www.shooto-mma.com/fighters/?id=1111,"NO (numeric id only, confirmed across all 27 weight-class listing pages + all=1 full listing; consistent with PR #234)",kouta-saito,,,
132,斉藤 健史,Takeshi Saito,SHOOTO GYM K'z FACTORY,フライ級 [ -56.7 Kg ]B,2016-02-27,https://www.shooto-mma.com/fighters/?id=132,"NO (numeric id only, confirmed across all 27 weight-class listing pages + all=1 full listing; consistent with PR #234)",takeshi-saito,,,
214,齋藤 翼,Tsubasa Saito,総合格闘技道場津田沼道場/FIGHT FARM,フェザー級 [ -65.8 Kg ]B,2026-05-17,https://www.shooto-mma.com/fighters/?id=214,"NO (numeric id only, confirmed across all 27 weight-class listing pages + all=1 full listing; consistent with PR #234)",tsubasa-saito,,YES,
395,坂井 圭介,Keisuke Sakai,パラエストラ広島,ウェルター級 [ -77.1 Kg ]B,2009-05-17,https://www.shooto-mma.com/fighters/?id=395,"NO (numeric id only, confirmed across all 27 weight-class listing pages + all=1 full listing; consistent with PR #234)",keisuke-sakai,,,
674,榊 真嗣,Masatsugu Sakaki,KRAZY BEE,ライト級 [ -70.3 Kg ]B,2013-03-16,https://www.shooto-mma.com/fighters/?id=674,"NO (numeric id only, confirmed across all 27 weight-class listing pages + all=1 full listing; consistent with PR #234)",masatsugu-sakaki,,,
768,坂口 征夫,Yukio Sakaguchi,坂口道場一族,ライト級 [ -70.3 Kg ]B,2009-11-23,https://www.shooto-mma.com/fighters/?id=768,"NO (numeric id only, confirmed across all 27 weight-class listing pages + all=1 full listing; consistent with PR #234)",yukio-sakaguchi,,,
1331,坂巻 魁斗,KAITO SAKAMAKI,パラエストラ柏,バンタム級 [ -61.2 Kg ]B,2021-05-16,https://www.shooto-mma.com/fighters/?id=1331,"NO (numeric id only, confirmed across all 27 weight-class listing pages + all=1 full listing; consistent with PR #234)",kaito-sakamaki,,,
133,坂元 寛史,Hiroshi Sakamoto,NASCER DO SOL,フライ級 [ -56.7 Kg ]B,2008-10-26,https://www.shooto-mma.com/fighters/?id=133,"NO (numeric id only, confirmed across all 27 weight-class listing pages + all=1 full listing; consistent with PR #234)",hiroshi-sakamoto,,,
581,咲田 ケイジ,Keiji Sakuta,パラエストラ千葉,ライト級 [ -70.3 Kg ]B,2010-04-24,https://www.shooto-mma.com/fighters/?id=581,"NO (numeric id only, confirmed across all 27 weight-class listing pages + all=1 full listing; consistent with PR #234)",keiji-sakuta,,,
396,佐久間 博彰,Hiroaki Sakuma,マッハ道場,ウェルター級 [ -77.1 Kg ]B,2009-01-31,https://www.shooto-mma.com/fighters/?id=396,"NO (numeric id only, confirmed across all 27 weight-class listing pages + all=1 full listing; consistent with PR #234)",hiroaki-sakuma,,,
1687,佐久間 風我,FUGA SAKUMA,フォーランバス,キッズ・ジュニア修斗B,2024-04-07,https://www.shooto-mma.com/fighters/?id=1687,"NO (numeric id only, confirmed across all 27 weight-class listing pages + all=1 full listing; consistent with PR #234)",fuga-sakuma,,,
475,桜 番長,Bancho Sakura,,ストロー級 [ -52.2 Kg ]B,2004-10-17,https://www.shooto-mma.com/fighters/?id=475,"NO (numeric id only, confirmed across all 27 weight-class listing pages + all=1 full listing; consistent with PR #234)",bancho-sakura,,,
1051,笹 晋久,Kunihisa Sasa,THE BLACKBELT JAPAN,バンタム級 [ -61.2 Kg ]B,2026-01-18,https://www.shooto-mma.com/fighters/?id=1051,"NO (numeric id only, confirmed across all 27 weight-class listing pages + all=1 full listing; consistent with PR #234)",kunihisa-sasa,,,
287,佐々木 郁矢,Fumiya Sasaki,T-Pleasure,フェザー級 [ -65.8 Kg ]B,2026-04-05,https://www.shooto-mma.com/fighters/?id=287,"NO (numeric id only, confirmed across all 27 weight-class listing pages + all=1 full listing; consistent with PR #234)",fumiya-sasaki,,,
1323,佐々木 駿友,HAYATO SASAKI,T-GRIP TOKYO,フライ級 [ -56.7 Kg ]B,2023-04-09,https://www.shooto-mma.com/fighters/?id=1323,"NO (numeric id only, confirmed across all 27 weight-class listing pages + all=1 full listing; consistent with PR #234)",hayato-sasaki,,,
1430,ササキ モエ,,BURST,女子B,2022-04-24,https://www.shooto-mma.com/fighters/?id=1430,"NO (numeric id only, confirmed across all 27 weight-class listing pages + all=1 full listing; consistent with PR #234)",,,,
1438,佐々木 健吾,KENGO SASAKI,ノースキングスジム,バンタム級 [ -61.2 Kg ]B,2022-06-05,https://www.shooto-mma.com/fighters/?id=1438,"NO (numeric id only, confirmed across all 27 weight-class listing pages + all=1 full listing; consistent with PR #234)",kengo-sasaki,,,
1240,佐々木 萌,MOE SASAKI,グランドスラム沖縄A・P・P,女子アトム級 [ -47.6 Kg ]B,2019-11-03,https://www.shooto-mma.com/fighters/?id=1240,"NO (numeric id only, confirmed across all 27 weight-class listing pages + all=1 full listing; consistent with PR #234)",moe-sasaki,,,
1247,佐々木 瞬真,SHUNMA Sasaki,パラエストラ千葉,キッズ・ジュニア修斗B,2019-11-24,https://www.shooto-mma.com/fighters/?id=1247,"NO (numeric id only, confirmed across all 27 weight-class listing pages + all=1 full listing; consistent with PR #234)",shunma-sasaki,,,
469,佐瀬 純一,Junichi Sase,,フライ級 [ -56.7 Kg ]B,2004-01-24,https://www.shooto-mma.com/fighters/?id=469,"NO (numeric id only, confirmed across all 27 weight-class listing pages + all=1 full listing; consistent with PR #234)",junichi-sase,,,
1446,サッシス,,,キックボクシングB,2022-06-05,https://www.shooto-mma.com/fighters/?id=1446,"NO (numeric id only, confirmed across all 27 weight-class listing pages + all=1 full listing; consistent with PR #234)",,,,
60,佐藤 キューピー 友和,Tomokazu Sato,RJW G2,ストロー級 [ -52.2 Kg ]B,2010-09-26,https://www.shooto-mma.com/fighters/?id=60,"NO (numeric id only, confirmed across all 27 weight-class listing pages + all=1 full listing; consistent with PR #234)",tomokazu-sato,,,
61,佐藤 豪,Takeshi Sato,パラエストラ福島,ストロー級 [ -52.2 Kg ]B,2008-11-22,https://www.shooto-mma.com/fighters/?id=61,"NO (numeric id only, confirmed across all 27 weight-class listing pages + all=1 full listing; consistent with PR #234)",takeshi-sato,,,
62,佐藤 ハヤト,Hayato Sato,パラエストラ松戸,ストロー級 [ -52.2 Kg ]B,2014-10-26,https://www.shooto-mma.com/fighters/?id=62,"NO (numeric id only, confirmed across all 27 weight-class listing pages + all=1 full listing; consistent with PR #234)",hayato-sato,,,
1090,佐藤 絵実,Emi Sato,毛利道場,女子アトム級 [ -47.6 Kg ]B,2018-07-01,https://www.shooto-mma.com/fighters/?id=1090,"NO (numeric id only, confirmed across all 27 weight-class listing pages + all=1 full listing; consistent with PR #234)",emi-sato,,,
842,佐藤 隆平,Ryuhei Sato,,ミドル級 [ -83.9 Kg ]B,2004-04-16,https://www.shooto-mma.com/fighters/?id=842,"NO (numeric id only, confirmed across all 27 weight-class listing pages + all=1 full listing; consistent with PR #234)",ryuhei-sato,,,
1123,佐藤 公智,Sato,MMA Zジム,フェザー級 [ -65.8 Kg ]B,2018-04-15,https://www.shooto-mma.com/fighters/?id=1123,"NO (numeric id only, confirmed across all 27 weight-class listing pages + all=1 full listing; consistent with PR #234)",sato,,,
612,佐藤 ヒデキ,Hideki Sato,リバーサルジム横浜グランドスラム,バンタム級 [ -61.2 Kg ]B,2014-11-16,https://www.shooto-mma.com/fighters/?id=612,"NO (numeric id only, confirmed across all 27 weight-class listing pages + all=1 full listing; consistent with PR #234)",hideki-sato,,,
1894,佐藤 いろは,IROHA SATO,GOAT,キッズ・ジュニア修斗B,2026-01-18,https://www.shooto-mma.com/fighters/?id=1894,"NO (numeric id only, confirmed across all 27 weight-class listing pages + all=1 full listing; consistent with PR #234)",iroha-sato,,,
397,佐藤 拓也,Takuya Sato,PUREBRED京都,ウェルター級 [ -77.1 Kg ]B,2010-01-23,https://www.shooto-mma.com/fighters/?id=397,"NO (numeric id only, confirmed across all 27 weight-class listing pages + all=1 full listing; consistent with PR #234)",takuya-sato,,,
1518,佐藤 一誠,ISSEI SATO,TRINITY-SUNS,キッズ・ジュニア修斗B,2022-12-11,https://www.shooto-mma.com/fighters/?id=1518,"NO (numeric id only, confirmed across all 27 weight-class listing pages + all=1 full listing; consistent with PR #234)",issei-sato,,,
1277,佐藤 珀虎,HAKUTO SATO,AACC,キッズ・ジュニア修斗B,,https://www.shooto-mma.com/fighters/?id=1277,"NO (numeric id only, confirmed across all 27 weight-class listing pages + all=1 full listing; consistent with PR #234)",hakuto-sato,,,
1217,里見 拓磨,TAKUMA SATOMI,MMA Zジム,ストロー級 [ -52.2 Kg ]B,2024-03-24,https://www.shooto-mma.com/fighters/?id=1217,"NO (numeric id only, confirmed across all 27 weight-class listing pages + all=1 full listing; consistent with PR #234)",takuma-satomi,,,
290,里本 一也,Kazuya Satomoto,パラエストラ広島,フェザー級 [ -65.8 Kg ]B,2018-07-01,https://www.shooto-mma.com/fighters/?id=290,"NO (numeric id only, confirmed across all 27 weight-class listing pages + all=1 full listing; consistent with PR #234)",kazuya-satomoto,,,
1300,SARAMI,SARAMI,パンクラスイズム横浜,女子スーパーアトム級B,2023-05-21,https://www.shooto-mma.com/fighters/?id=1300,"NO (numeric id only, confirmed across all 27 weight-class listing pages + all=1 full listing; consistent with PR #234)",sarami,,YES,
1421,猿山 千里,SENRI SARUYAMA,RISING SUN,キッズ・ジュニア修斗B,2023-04-09,https://www.shooto-mma.com/fighters/?id=1421,"NO (numeric id only, confirmed across all 27 weight-class listing pages + all=1 full listing; consistent with PR #234)",senri-saruyama,,,
1406,澤谷 大樹,TAIKI SAWATANI,HAWK GYM,新空手道連盟B,2022-07-03,https://www.shooto-mma.com/fighters/?id=1406,"NO (numeric id only, confirmed across all 27 weight-class listing pages + all=1 full listing; consistent with PR #234)",taiki-sawatani,,,
1327,澤田 千優,CHIHIRO SAWADA,AACC,女子アトム級 [ -47.6 Kg ]B,2023-12-02,https://www.shooto-mma.com/fighters/?id=1327,"NO (numeric id only, confirmed across all 27 weight-class listing pages + all=1 full listing; consistent with PR #234)",chihiro-sawada,chihiro-sawada,,
63,澤田 健壱,Kenichi Sawada,パラエストラ東京,ストロー級 [ -52.2 Kg ]B,2015-09-21,https://www.shooto-mma.com/fighters/?id=63,"NO (numeric id only, confirmed across all 27 weight-class listing pages + all=1 full listing; consistent with PR #234)",kenichi-sawada,,,
1092,澤田 孝希,Kouki Sawada,Kids MMA Team KIZUNA,キッズ・ジュニア修斗B,2017-06-25,https://www.shooto-mma.com/fighters/?id=1092,"NO (numeric id only, confirmed across all 27 weight-class listing pages + all=1 full listing; consistent with PR #234)",kouki-sawada,,,
560,澤藤 ジェンコ 洋輔,Yosuke Sawafuji,パラエストラ札幌,フェザー級 [ -65.8 Kg ]B,2014-10-05,https://www.shooto-mma.com/fighters/?id=560,"NO (numeric id only, confirmed across all 27 weight-class listing pages + all=1 full listing; consistent with PR #234)",yosuke-sawafuji,,,
1851,ザヒド アフメドフ,ZAHIDO AHMAD,TEAM侍,フライ級 [ -56.7 Kg ]B,2026-03-29,https://www.shooto-mma.com/fighters/?id=1851,"NO (numeric id only, confirmed across all 27 weight-class listing pages + all=1 full listing; consistent with PR #234)",zahido-ahmad,,,
685,椎木 努,Tsutomu Shiiki,,フェザー級 [ -65.8 Kg ]B,2002-07-19,https://www.shooto-mma.com/fighters/?id=685,"NO (numeric id only, confirmed across all 27 weight-class listing pages + all=1 full listing; consistent with PR #234)",tsutomu-shiiki,,,
530,塩澤 正人,Masato Shiozawa,和術慧舟會東京本部,フェザー級 [ -65.8 Kg ]B,2002-07-19,https://www.shooto-mma.com/fighters/?id=530,"NO (numeric id only, confirmed across all 27 weight-class listing pages + all=1 full listing; consistent with PR #234)",masato-shiozawa,,,
568,塩谷 洸太,Kota Shiotani,和術慧舟會FourRhombus,フライ級 [ -56.7 Kg ]B,2016-10-16,https://www.shooto-mma.com/fighters/?id=568,"NO (numeric id only, confirmed across all 27 weight-class listing pages + all=1 full listing; consistent with PR #234)",kota-shiotani,,,
1955,塩沼 諒太,SHIONUMA RYOTA,パラエストラ小岩,フェザー級 [ -65.8 Kg ]B,2026-07-20,https://www.shooto-mma.com/fighters/?id=1955,"NO (numeric id only, confirmed across all 27 weight-class listing pages + all=1 full listing; consistent with PR #234)",shionuma-ryota,,,
1447,磯城嶋 一真,KAZUMA SHIKIJIMA,MASTER JAPAN FUKUOKA,フェザー級 [ -65.8 Kg ]B,2025-12-07,https://www.shooto-mma.com/fighters/?id=1447,"NO (numeric id only, confirmed across all 27 weight-class listing pages + all=1 full listing; consistent with PR #234)",kazuma-shikijima,,YES,
814,茂田 信吾,Shingo Shigeta,,ヘビー級 [ -120.2 Kg ]B,,https://www.shooto-mma.com/fighters/?id=814,"NO (numeric id only, confirmed across all 27 weight-class listing pages + all=1 full listing; consistent with PR #234)",shingo-shigeta,,,
1061,宍戸 航太,Kota Shishido,HAGANE GYM,ライト級 [ -70.3 Kg ]B,2019-10-20,https://www.shooto-mma.com/fighters/?id=1061,"NO (numeric id only, confirmed across all 27 weight-class listing pages + all=1 full listing; consistent with PR #234)",kota-shishido,,,
64,宍野 ジョー,Jo Shishino,トイカツ道場,ストロー級 [ -52.2 Kg ]B,2015-12-20,https://www.shooto-mma.com/fighters/?id=64,"NO (numeric id only, confirmed across all 27 weight-class listing pages + all=1 full listing; consistent with PR #234)",jo-shishino,,,
491,志田 裕幸,Hiroyuki Shida,,ストロー級 [ -52.2 Kg ]B,2012-02-25,https://www.shooto-mma.com/fighters/?id=491,"NO (numeric id only, confirmed across all 27 weight-class listing pages + all=1 full listing; consistent with PR #234)",hiroyuki-shida,,,
435,しなし さとこ,Satoko Shinashi,,B,,https://www.shooto-mma.com/fighters/?id=435,"NO (numeric id only, confirmed across all 27 weight-class listing pages + all=1 full listing; consistent with PR #234)",satoko-shinashi,,,
352,柴 博,Hiroshi Shiba,MIBURO,ライト級 [ -70.3 Kg ]B,2012-12-09,https://www.shooto-mma.com/fighters/?id=352,"NO (numeric id only, confirmed across all 27 weight-class listing pages + all=1 full listing; consistent with PR #234)",hiroshi-shiba,,,
134,柴田 MONKEY 有哉,Yuya Shibata,総合格闘技スタジオSTYLE,フライ級 [ -56.7 Kg ]B,2012-03-10,https://www.shooto-mma.com/fighters/?id=134,"NO (numeric id only, confirmed across all 27 weight-class listing pages + all=1 full listing; consistent with PR #234)",yuya-shibata,,,
1710,柴山 海音,SHIBAYAMA KAITO,柔術&MMAアカデミーG-face,フライ級 [ -56.7 Kg ]B,2026-05-31,https://www.shooto-mma.com/fighters/?id=1710,"NO (numeric id only, confirmed across all 27 weight-class listing pages + all=1 full listing; consistent with PR #234)",shibayama-kaito,,,
844,島川 敦行,Atsuyuki Shimakawa,,ミドル級 [ -83.9 Kg ]B,2005-06-03,https://www.shooto-mma.com/fighters/?id=844,"NO (numeric id only, confirmed across all 27 weight-class listing pages + all=1 full listing; consistent with PR #234)",atsuyuki-shimakawa,,,
1091,島田 太陽,Taiyo Shimada,パラエストラ東大阪,キッズ・ジュニア修斗B,2017-06-25,https://www.shooto-mma.com/fighters/?id=1091,"NO (numeric id only, confirmed across all 27 weight-class listing pages + all=1 full listing; consistent with PR #234)",taiyo-shimada,,,
135,嶋田 錠二,Joji Shimada,パラエストラ八王子,フライ級 [ -56.7 Kg ]B,2008-03-21,https://www.shooto-mma.com/fighters/?id=135,"NO (numeric id only, confirmed across all 27 weight-class listing pages + all=1 full listing; consistent with PR #234)",joji-shimada,,,
1671,島村 裕,YUTAKA SHIMAMURA,パラエストラ小岩,フェザー級 [ -65.8 Kg ]B,2026-05-17,https://www.shooto-mma.com/fighters/?id=1671,"NO (numeric id only, confirmed across all 27 weight-class listing pages + all=1 full listing; consistent with PR #234)",yutaka-shimamura,,,
291,清水 悠生,Yuki Shimizu,パラエストラ葛西,フェザー級 [ -65.8 Kg ]B,2014-07-19,https://www.shooto-mma.com/fighters/?id=291,"NO (numeric id only, confirmed across all 27 weight-class listing pages + all=1 full listing; consistent with PR #234)",yuki-shimizu,,,
1377,清水 洸志,KOSHI SHIMIZU,MMA RENGERS GYM,フェザー級 [ -65.8 Kg ]B,2024-05-26,https://www.shooto-mma.com/fighters/?id=1377,"NO (numeric id only, confirmed across all 27 weight-class listing pages + all=1 full listing; consistent with PR #234)",koshi-shimizu,,,
1636,シモン スズキ,SHIMON SUZUKI,和術慧舟會HEARTS,フライ級 [ -56.7 Kg ]B,2026-07-13,https://www.shooto-mma.com/fighters/?id=1636,"NO (numeric id only, confirmed across all 27 weight-class listing pages + all=1 full listing; consistent with PR #234)",shimon-suzuki,,,
1665,シャ ランディ,XIE LANDI,TRIBE TOKYO M.M.A,フェザー級 [ -65.8 Kg ]B,2025-11-16,https://www.shooto-mma.com/fighters/?id=1665,"NO (numeric id only, confirmed across all 27 weight-class listing pages + all=1 full listing; consistent with PR #234)",xie-landi,,,
1729,嶋屋 澪,SHIYAMA MIO,SISU,トライアウトB,2026-07-20,https://www.shooto-mma.com/fighters/?id=1729,"NO (numeric id only, confirmed across all 27 weight-class listing pages + all=1 full listing; consistent with PR #234)",shiyama-mio,,YES,
1177,シューティング ガイコツ,SHOOTING GAIKOTSU,THE BLACKBELT JAPAN,ストロー級 [ -52.2 Kg ]B,2024-09-01,https://www.shooto-mma.com/fighters/?id=1177,"NO (numeric id only, confirmed across all 27 weight-class listing pages + all=1 full listing; consistent with PR #234)",shooting-gaikotsu,,,
1913,荘司 英寿,EITO SHOJI,Concilio,B,2026-04-11,https://www.shooto-mma.com/fighters/?id=1913,"NO (numeric id only, confirmed across all 27 weight-class listing pages + all=1 full listing; consistent with PR #234)",eito-shoji,,,
66,SHOTA,SHOTA,総合格闘技道場STEAM,ストロー級 [ -52.2 Kg ]B,2018-04-15,https://www.shooto-mma.com/fighters/?id=66,"NO (numeric id only, confirmed across all 27 weight-class listing pages + all=1 full listing; consistent with PR #234)",shota,,,
1526,将太,SHOTA,KSS-KENSEIKAN,Stand upB,2022-12-11,https://www.shooto-mma.com/fighters/?id=1526,"NO (numeric id only, confirmed across all 27 weight-class listing pages + all=1 full listing; consistent with PR #234)",shota,,,
1237,ショージン ミキ,SHOJIN MIKI,Prodigy Training Center,フライ級 [ -56.7 Kg ]B,2025-10-19,https://www.shooto-mma.com/fighters/?id=1237,"NO (numeric id only, confirmed across all 27 weight-class listing pages + all=1 full listing; consistent with PR #234)",shojin-miki,,,
1506,白鳥 光希,KOKI SHIRATORI,正道会館KCIEL,Stand upB,2025-05-25,https://www.shooto-mma.com/fighters/?id=1506,"NO (numeric id only, confirmed across all 27 weight-class listing pages + all=1 full listing; consistent with PR #234)",koki-shiratori,,,
215,城田 和秀,Kazuhide Shirota,足利ファイトクラブ,バンタム級 [ -61.2 Kg ]B,2015-07-26,https://www.shooto-mma.com/fighters/?id=215,"NO (numeric id only, confirmed across all 27 weight-class listing pages + all=1 full listing; consistent with PR #234)",kazuhide-shirota,,,
1740,シン ・ ケンザン,Kenzan Shin,MMA Zジム,ストロー級 [ -52.2 Kg ]B,2025-10-26,https://www.shooto-mma.com/fighters/?id=1740,"NO (numeric id only, confirmed across all 27 weight-class listing pages + all=1 full listing; consistent with PR #234)",kenzan-shin,,,
1568,新里 昭吾,SHOGO SHINZATO,Theパラエストラ沖縄コザ,フライ級 [ -56.7 Kg ]B,2023-09-24,https://www.shooto-mma.com/fighters/?id=1568,"NO (numeric id only, confirmed across all 27 weight-class listing pages + all=1 full listing; consistent with PR #234)",shogo-shinzato,,,
425,℃‐ＢＯＹ,C BOY,パラエストラ広島,ミドル級 [ -83.9 Kg ]B,2008-12-13,https://www.shooto-mma.com/fighters/?id=425,"NO (numeric id only, confirmed across all 27 weight-class listing pages + all=1 full listing; consistent with PR #234)",c-boy,,,
1193,ジアン クラウド サクレッグ,JEAN SACLAG,チーム・ラカイ,バンタム級 [ -61.2 Kg ]B,2019-05-06,https://www.shooto-mma.com/fighters/?id=1193,"NO (numeric id only, confirmed across all 27 weight-class listing pages + all=1 full listing; consistent with PR #234)",jean-saclag,,,
1033,ジェイク ムラタ,JAKE MURATA,ZEEKジム,バンタム級 [ -61.2 Kg ]B,2026-07-20,https://www.shooto-mma.com/fighters/?id=1033,"NO (numeric id only, confirmed across all 27 weight-class listing pages + all=1 full listing; consistent with PR #234)",jake-murata,,,
437,ジェット イズミ,IZUMI JET,M16ムエタイスタイル,ストロー級 [ -52.2 Kg ]B,,https://www.shooto-mma.com/fighters/?id=437,"NO (numeric id only, confirmed across all 27 weight-class listing pages + all=1 full listing; consistent with PR #234)",izumi-jet,,,
1557,ジェニー ファン,JENNY HUANG,AACC,女子アトム級 [ -47.6 Kg ]B,2024-08-03,https://www.shooto-mma.com/fighters/?id=1557,"NO (numeric id only, confirmed across all 27 weight-class listing pages + all=1 full listing; consistent with PR #234)",jenny-huang,,YES,
1191,ジェロム ワナワン,JEROME WANAWAN,チーム・ラカイ,ストロー級 [ -52.2 Kg ]B,2020-01-26,https://www.shooto-mma.com/fighters/?id=1191,"NO (numeric id only, confirmed across all 27 weight-class listing pages + all=1 full listing; consistent with PR #234)",jerome-wanawan,,,
578,ジプシー タロー,Gypsy Taro,MMA修斗ジムBLOWS,ライト級 [ -70.3 Kg ]B,2009-12-13,https://www.shooto-mma.com/fighters/?id=578,"NO (numeric id only, confirmed across all 27 weight-class listing pages + all=1 full listing; consistent with PR #234)",gypsy-taro,,,
353,ジャイアン 貴裕,Gian Takahiro,パラエストラ松戸,ライト級 [ -70.3 Kg ]B,2015-11-29,https://www.shooto-mma.com/fighters/?id=353,"NO (numeric id only, confirmed across all 27 weight-class listing pages + all=1 full listing; consistent with PR #234)",gian-takahiro,,,
292,ジャックナイフ ツネオ,Jackknife Tsuneo,シューティングジム大阪,フェザー級 [ -65.8 Kg ]B,2016-03-27,https://www.shooto-mma.com/fighters/?id=292,"NO (numeric id only, confirmed across all 27 weight-class listing pages + all=1 full listing; consistent with PR #234)",jackknife-tsuneo,,,
1192,ジャレッド ライアン アルマザン,JARED ALMAZAN,チーム・ラカイ,フライ級 [ -56.7 Kg ]B,2020-01-26,https://www.shooto-mma.com/fighters/?id=1192,"NO (numeric id only, confirmed across all 27 weight-class listing pages + all=1 full listing; consistent with PR #234)",jared-almazan,,,
1915,ジャワ,JAWA,FIGHTER`S FLOW,フェザー級 [ -65.8 Kg ]B,2026-05-17,https://www.shooto-mma.com/fighters/?id=1915,"NO (numeric id only, confirmed across all 27 weight-class listing pages + all=1 full listing; consistent with PR #234)",jawa,,,
1695,ジャン シイジェン,ZHANGXIZHEN,,ウェルター級 [ -77.1 Kg ]B,2024-05-19,https://www.shooto-mma.com/fighters/?id=1695,"NO (numeric id only, confirmed across all 27 weight-class listing pages + all=1 full listing; consistent with PR #234)",zhangxizhen,,,
293,ジャングル 伊藤,Jungle Ito,シューティングジム横浜,フェザー級 [ -65.8 Kg ]B,2016-06-12,https://www.shooto-mma.com/fighters/?id=293,"NO (numeric id only, confirmed across all 27 weight-class listing pages + all=1 full listing; consistent with PR #234)",jungle-ito,,,
571,じゅん,Jun,総合格闘技reliable,バンタム級 [ -61.2 Kg ]B,2016-11-12,https://www.shooto-mma.com/fighters/?id=571,"NO (numeric id only, confirmed across all 27 weight-class listing pages + all=1 full listing; consistent with PR #234)",jun,,,
65,潤 鎮魂歌,Requiem Jun,チーム武士,ストロー級 [ -52.2 Kg ]B,2012-02-12,https://www.shooto-mma.com/fighters/?id=65,"NO (numeric id only, confirmed across all 27 weight-class listing pages + all=1 full listing; consistent with PR #234)",requiem-jun,,,
1906,ジョン オルニド,,HITMAN MMA,バンタム級 [ -61.2 Kg ]B,2026-07-13,https://www.shooto-mma.com/fighters/?id=1906,"NO (numeric id only, confirmed across all 27 weight-class listing pages + all=1 full listing; consistent with PR #234)",,,,
1702,ジョングウェン パン,ZHENGWEN PENG,Team YFU,フェザー級 [ -65.8 Kg ]B,2024-05-19,https://www.shooto-mma.com/fighters/?id=1702,"NO (numeric id only, confirmed across all 27 weight-class listing pages + all=1 full listing; consistent with PR #234)",zhengwen-peng,,,
1134,ジン テホ,JIN TAE HO,RONIN CREW,ライト級 [ -70.3 Kg ]B,2018-03-25,https://www.shooto-mma.com/fighters/?id=1134,"NO (numeric id only, confirmed across all 27 weight-class listing pages + all=1 full listing; consistent with PR #234)",jin-tae-ho,,,
1721,Jinya,JINYA,KICK LAB,新空手道連盟B,2024-07-28,https://www.shooto-mma.com/fighters/?id=1721,"NO (numeric id only, confirmed across all 27 weight-class listing pages + all=1 full listing; consistent with PR #234)",jinya,,,
1405,須恵 樹季,JUKI SUE,TRINITY-SUNS,女子ストロー級B,2022-12-11,https://www.shooto-mma.com/fighters/?id=1405,"NO (numeric id only, confirmed across all 27 weight-class listing pages + all=1 full listing; consistent with PR #234)",juki-sue,,,
1163,須貝 THE YAMANBA,Sugai THE YAMANBE,ピロクテテス新潟,フェザー級 [ -65.8 Kg ]B,2024-04-29,https://www.shooto-mma.com/fighters/?id=1163,"NO (numeric id only, confirmed across all 27 weight-class listing pages + all=1 full listing; consistent with PR #234)",sugai-the-yamanbe,,,
664,菅谷 正徳,Masanori Sugatani,,フェザー級 [ -65.8 Kg ]B,2003-10-31,https://www.shooto-mma.com/fighters/?id=664,"NO (numeric id only, confirmed across all 27 weight-class listing pages + all=1 full listing; consistent with PR #234)",masanori-sugatani,,,
354,菅原 和政,KAZUMASA SUGAWARA,MASTER JAPAN FUKUOKA,ライト級 [ -70.3 Kg ]B,2023-03-19,https://www.shooto-mma.com/fighters/?id=354,"NO (numeric id only, confirmed across all 27 weight-class listing pages + all=1 full listing; consistent with PR #234)",kazumasa-sugawara,,,
1574,杉内 由紀,YUKI SUGIUCHI,ポゴナさいたま,グラップリングB,2024-08-03,https://www.shooto-mma.com/fighters/?id=1574,"NO (numeric id only, confirmed across all 27 weight-class listing pages + all=1 full listing; consistent with PR #234)",yuki-sugiuchi,,,
398,杉浦 C坊主 博純,Hirosumi Sugiura,シューティングジム大阪,ウェルター級 [ -77.1 Kg ]B,2012-06-30,https://www.shooto-mma.com/fighters/?id=398,"NO (numeric id only, confirmed across all 27 weight-class listing pages + all=1 full listing; consistent with PR #234)",hirosumi-sugiura,,,
623,椙田 将弘,Masahiro Sugita,セコンドアウト,バンタム級 [ -61.2 Kg ]B,2018-10-21,https://www.shooto-mma.com/fighters/?id=623,"NO (numeric id only, confirmed across all 27 weight-class listing pages + all=1 full listing; consistent with PR #234)",masahiro-sugita,,,
1614,杉野 光星,KOSEI SUGINO,ALLIANCE,バンタム級 [ -61.2 Kg ]B,2026-03-29,https://www.shooto-mma.com/fighters/?id=1614,"NO (numeric id only, confirmed across all 27 weight-class listing pages + all=1 full listing; consistent with PR #234)",kosei-sugino,,,
1540,杉本 越,KOYURU SUGIMOTO,AACC,キッズ・ジュニアグラップリングB,2025-06-14,https://www.shooto-mma.com/fighters/?id=1540,"NO (numeric id only, confirmed across all 27 weight-class listing pages + all=1 full listing; consistent with PR #234)",koyuru-sugimoto,,,
1543,杉本 開,KYLE SUGIMOTO,AACC,キッズ・ジュニア修斗B,2023-03-19,https://www.shooto-mma.com/fighters/?id=1543,"NO (numeric id only, confirmed across all 27 weight-class listing pages + all=1 full listing; consistent with PR #234)",kyle-sugimoto,,,
848,杉本 弘士,Hiroshi Sugimoto,,ライト級 [ -70.3 Kg ]B,2008-09-20,https://www.shooto-mma.com/fighters/?id=848,"NO (numeric id only, confirmed across all 27 weight-class listing pages + all=1 full listing; consistent with PR #234)",hiroshi-sugimoto,,,
1635,杉本 静弥,SEIYA SUGIMOTO,THE BLACKBELT JAPAN,フライ級 [ -56.7 Kg ]B,2026-06-01,https://www.shooto-mma.com/fighters/?id=1635,"NO (numeric id only, confirmed across all 27 weight-class listing pages + all=1 full listing; consistent with PR #234)",seiya-sugimoto,,YES,
399,杉本 敏彦,Toshihiko Sugimoto,パラエストラ博多,ウェルター級 [ -77.1 Kg ]B,,https://www.shooto-mma.com/fighters/?id=399,"NO (numeric id only, confirmed across all 27 weight-class listing pages + all=1 full listing; consistent with PR #234)",toshihiko-sugimoto,,,
1171,杉本 恵,MEGUMI SUGIMOTO,AACC,女子アトム級 [ -47.6 Kg ]B,2026-05-17,https://www.shooto-mma.com/fighters/?id=1171,"NO (numeric id only, confirmed across all 27 weight-class listing pages + all=1 full listing; consistent with PR #234)",megumi-sugimoto,,YES,
774,鈴木 敦順,Atsunori Suzuki,総合格闘技スタジオSTYLE,ライト級 [ -70.3 Kg ]B,2016-06-19,https://www.shooto-mma.com/fighters/?id=774,"NO (numeric id only, confirmed across all 27 weight-class listing pages + all=1 full listing; consistent with PR #234)",atsunori-suzuki,,,
1552,鈴木 梓文,SHIMON SUZUKI,和術慧舟會HEARTS,ストロー級 [ -52.2 Kg ]B,2023-04-09,https://www.shooto-mma.com/fighters/?id=1552,"NO (numeric id only, confirmed across all 27 weight-class listing pages + all=1 full listing; consistent with PR #234)",shimon-suzuki,,,
1075,鈴木 槙吾,Shingo Suzuki,アライアンス,ライト級 [ -70.3 Kg ]B,2018-03-25,https://www.shooto-mma.com/fighters/?id=1075,"NO (numeric id only, confirmed across all 27 weight-class listing pages + all=1 full listing; consistent with PR #234)",shingo-suzuki,,,
1117,鈴木 弘之,Hiroyuki Suzuki,ライジングサン,バンタム級 [ -61.2 Kg ]B,2017-12-17,https://www.shooto-mma.com/fighters/?id=1117,"NO (numeric id only, confirmed across all 27 weight-class listing pages + all=1 full listing; consistent with PR #234)",hiroyuki-suzuki,,,
355,鈴木 淑徳,Yoshinori Suzuki,オフィス淑徳軍,ライト級 [ -70.3 Kg ]B,2019-07-15,https://www.shooto-mma.com/fighters/?id=355,"NO (numeric id only, confirmed across all 27 weight-class listing pages + all=1 full listing; consistent with PR #234)",yoshinori-suzuki,,,
136,鈴木 正克,Masakatsu Suzuki,ブレイブハート,フライ級 [ -56.7 Kg ]B,2015-11-01,https://www.shooto-mma.com/fighters/?id=136,"NO (numeric id only, confirmed across all 27 weight-class listing pages + all=1 full listing; consistent with PR #234)",masakatsu-suzuki,,,
1684,鈴木 孝征,KOSEI SUZUKI,心技館,キッズ・ジュニア修斗B,2024-04-07,https://www.shooto-mma.com/fighters/?id=1684,"NO (numeric id only, confirmed across all 27 weight-class listing pages + all=1 full listing; consistent with PR #234)",kosei-suzuki,,,
663,鈴木 洋平,Yohei Suzuki,パラエストラ東京,フェザー級 [ -65.8 Kg ]B,2004-03-22,https://www.shooto-mma.com/fighters/?id=663,"NO (numeric id only, confirmed across all 27 weight-class listing pages + all=1 full listing; consistent with PR #234)",yohei-suzuki,,,
668,鈴木 ジン,Jin Suzuki,,ライト級 [ -70.3 Kg ]B,2012-02-25,https://www.shooto-mma.com/fighters/?id=668,"NO (numeric id only, confirmed across all 27 weight-class listing pages + all=1 full listing; consistent with PR #234)",jin-suzuki,,,
1736,鈴木 尊,TAKERU SUZUKI,FourRhombus,フライ級 [ -56.7 Kg ]B,2026-05-17,https://www.shooto-mma.com/fighters/?id=1736,"NO (numeric id only, confirmed across all 27 weight-class listing pages + all=1 full listing; consistent with PR #234)",takeru-suzuki,,YES,
716,鈴木 友基,Tomoki Suzuki,AACC,ウェルター級 [ -77.1 Kg ]B,2014-10-05,https://www.shooto-mma.com/fighters/?id=716,"NO (numeric id only, confirmed across all 27 weight-class listing pages + all=1 full listing; consistent with PR #234)",tomoki-suzuki,,,
974,鈴木 隼人,Hayato Suzuki,BRAVE,フライ級 [ -56.7 Kg ]B,2014-10-04,https://www.shooto-mma.com/fighters/?id=974,"NO (numeric id only, confirmed across all 27 weight-class listing pages + all=1 full listing; consistent with PR #234)",hayato-suzuki,,,
989,鈴木 JAPAN,Suzuki Japan,AACC,ライト級 [ -70.3 Kg ]B,2014-02-23,https://www.shooto-mma.com/fighters/?id=989,"NO (numeric id only, confirmed across all 27 weight-class listing pages + all=1 full listing; consistent with PR #234)",suzuki-japan,,,
1008,鈴木 信達,Nobutatsu Suzuki,フリー,ウェルター級 [ -77.1 Kg ]B,2012-12-24,https://www.shooto-mma.com/fighters/?id=1008,"NO (numeric id only, confirmed across all 27 weight-class listing pages + all=1 full listing; consistent with PR #234)",nobutatsu-suzuki,,,
356,須藤 大,Dai Sudo,roots,ライト級 [ -70.3 Kg ]B,2015-02-11,https://www.shooto-mma.com/fighters/?id=356,"NO (numeric id only, confirmed across all 27 weight-class listing pages + all=1 full listing; consistent with PR #234)",dai-sudo,,,
1423,須藤 晃大,KODAI SUDO,EXFIGHT,フライ級 [ -56.7 Kg ]B,2024-11-30,https://www.shooto-mma.com/fighters/?id=1423,"NO (numeric id only, confirmed across all 27 weight-class listing pages + all=1 full listing; consistent with PR #234)",kodai-sudo,,,
1500,須藤 拓真,TAKUMA SUSO,X-TREAM EBINA,バンタム級 [ -61.2 Kg ]B,2026-06-01,https://www.shooto-mma.com/fighters/?id=1500,"NO (numeric id only, confirmed across all 27 weight-class listing pages + all=1 full listing; consistent with PR #234)",takuma-suso,,,
400,住村 竜市朗,RYUICHIRO SUMIMURA,TEAM ONE,ウェルター級 [ -77.1 Kg ]B,2026-05-17,https://www.shooto-mma.com/fighters/?id=400,"NO (numeric id only, confirmed across all 27 weight-class listing pages + all=1 full listing; consistent with PR #234)",ryuichiro-sumimura,sumimura-ryuichiro,,YES
1452,墨吉 涼太,RYOTA SUMIYOSHI,誠流会館,ウェルター級 [ -77.1 Kg ]B,2024-11-17,https://www.shooto-mma.com/fighters/?id=1452,"NO (numeric id only, confirmed across all 27 weight-class listing pages + all=1 full listing; consistent with PR #234)",ryota-sumiyoshi,,,
498,洲脇 誠一,Seichi Suwaki,ゼロ戦クラブ水島支部,ストロー級 [ -52.2 Kg ]B,2013-06-02,https://www.shooto-mma.com/fighters/?id=498,"NO (numeric id only, confirmed across all 27 weight-class listing pages + all=1 full listing; consistent with PR #234)",seichi-suwaki,,,
294,スーパー均くん,Super Hitoshi-Kun,K.O. SHOOTO GYM,バンタム級 [ -61.2 Kg ]B,2016-10-16,https://www.shooto-mma.com/fighters/?id=294,"NO (numeric id only, confirmed across all 27 weight-class listing pages + all=1 full listing; consistent with PR #234)",super-hitoshi-kun,,,
528,ズ ギョンズン,,,バンタム級 [ -61.2 Kg ]B,2014-05-05,https://www.shooto-mma.com/fighters/?id=528,"NO (numeric id only, confirmed across all 27 weight-class listing pages + all=1 full listing; consistent with PR #234)",,,,
1066,聖剛,Seigo,秋本道場Jungle Junction,バンタム級 [ -61.2 Kg ]B,2017-03-24,https://www.shooto-mma.com/fighters/?id=1066,"NO (numeric id only, confirmed across all 27 weight-class listing pages + all=1 full listing; consistent with PR #234)",seigo,,,
1027,関 鉄也,Tetsuya Seki,SONIC SQUAD,フェザー級 [ -65.8 Kg ]B,2016-09-19,https://www.shooto-mma.com/fighters/?id=1027,"NO (numeric id only, confirmed across all 27 weight-class listing pages + all=1 full listing; consistent with PR #234)",tetsuya-seki,,,
1201,関根 累,RUI SEKINE,roots,バンタム級 [ -61.2 Kg ]B,2026-05-17,https://www.shooto-mma.com/fighters/?id=1201,"NO (numeric id only, confirmed across all 27 weight-class listing pages + all=1 full listing; consistent with PR #234)",rui-sekine,,,
1931,瀬戸 悠介,YUSUKE SETO,HAGANE GYM,アマチュア修斗B,2026-04-11,https://www.shooto-mma.com/fighters/?id=1931,"NO (numeric id only, confirmed across all 27 weight-class listing pages + all=1 full listing; consistent with PR #234)",yusuke-seto,,,
401,瀬戸 哲男,Tetsuo Seto,極真会館浅草道場,ウェルター級 [ -77.1 Kg ]B,2012-11-11,https://www.shooto-mma.com/fighters/?id=401,"NO (numeric id only, confirmed across all 27 weight-class listing pages + all=1 full listing; consistent with PR #234)",tetsuo-seto,,,
1712,瀬戸口 怜久,REKU SETOGUCHI,パラエストラ小岩,バンタム級 [ -61.2 Kg ]B,2025-05-18,https://www.shooto-mma.com/fighters/?id=1712,"NO (numeric id only, confirmed across all 27 weight-class listing pages + all=1 full listing; consistent with PR #234)",reku-setoguchi,,,
1284,世羅 智茂,TOMOSHIGE SERA,CARPEDIEM,グラップリングB,2020-05-31,https://www.shooto-mma.com/fighters/?id=1284,"NO (numeric id only, confirmed across all 27 weight-class listing pages + all=1 full listing; consistent with PR #234)",tomoshige-sera,,,
1108,セラ,SARAH,PUREBRED,女子B,2019-05-06,https://www.shooto-mma.com/fighters/?id=1108,"NO (numeric id only, confirmed across all 27 weight-class listing pages + all=1 full listing; consistent with PR #234)",sarah,,,
1245,ゼファーニャ ンガヤ,ZEPHANIA P.NGAYA,チーム・ラカイ,女子スーパーアトム級B,,https://www.shooto-mma.com/fighters/?id=1245,"NO (numeric id only, confirmed across all 27 weight-class listing pages + all=1 full listing; consistent with PR #234)",zephania-pngaya,,,
137,曹 竜也,Tatsuya So,闘心,フライ級 [ -56.7 Kg ]B,2016-03-27,https://www.shooto-mma.com/fighters/?id=137,"NO (numeric id only, confirmed across all 27 weight-class listing pages + all=1 full listing; consistent with PR #234)",tatsuya-so,,,
853,祖根 寿麻,Kazuma Sone,ZOOMER,バンタム級 [ -61.2 Kg ]B,2021-01-31,https://www.shooto-mma.com/fighters/?id=853,"NO (numeric id only, confirmed across all 27 weight-class listing pages + all=1 full listing; consistent with PR #234)",kazuma-sone,,,
1418,ソルト,SALT,マルスジム,女子ストロー級B,2025-03-16,https://www.shooto-mma.com/fighters/?id=1418,"NO (numeric id only, confirmed across all 27 weight-class listing pages + all=1 full listing; consistent with PR #234)",salt,,YES,
869,孫 煌進,,,フェザー級 [ -65.8 Kg ]B,2005-07-30,https://www.shooto-mma.com/fighters/?id=869,"NO (numeric id only, confirmed across all 27 weight-class listing pages + all=1 full listing; consistent with PR #234)",,,,
402,ソーキ,SOKI,NASCER DO SOL,ウェルター級 [ -77.1 Kg ]B,2026-05-17,https://www.shooto-mma.com/fighters/?id=402,"NO (numeric id only, confirmed across all 27 weight-class listing pages + all=1 full listing; consistent with PR #234)",soki,,,
1696,ゾウ ジンボウ,ZOU JINDO,,フライ級 [ -56.7 Kg ]B,,https://www.shooto-mma.com/fighters/?id=1696,"NO (numeric id only, confirmed across all 27 weight-class listing pages + all=1 full listing; consistent with PR #234)",zou-jindo,,,
548,ZONO,ZONO,赤崎道場A-SPIRIT,ストロー級 [ -52.2 Kg ]B,2016-05-28,https://www.shooto-mma.com/fighters/?id=548,"NO (numeric id only, confirmed across all 27 weight-class listing pages + all=1 full listing; consistent with PR #234)",zono,,,
403,ゾン ヨンジェ,,パラエストラ清州,ウェルター級 [ -77.1 Kg ]B,,https://www.shooto-mma.com/fighters/?id=403,"NO (numeric id only, confirmed across all 27 weight-class listing pages + all=1 full listing; consistent with PR #234)",,,,
1178,タ―カ―,Tarkar,シマジリアンズ,フライ級 [ -56.7 Kg ]B,2020-11-29,https://www.shooto-mma.com/fighters/?id=1178,"NO (numeric id only, confirmed across all 27 weight-class listing pages + all=1 full listing; consistent with PR #234)",tarkar,,,
67,タイガー 石井,THE TIGRE ISHII,とらの子レスリングクラブ,ストロー級 [ -52.2 Kg ]B,2024-10-20,https://www.shooto-mma.com/fighters/?id=67,"NO (numeric id only, confirmed across all 27 weight-class listing pages + all=1 full listing; consistent with PR #234)",the-tigre-ishii,,,
1154,大勝 たくにぃ,Takunii Taisho,MMA Zジム,ストロー級 [ -52.2 Kg ]B,2019-04-07,https://www.shooto-mma.com/fighters/?id=1154,"NO (numeric id only, confirmed across all 27 weight-class listing pages + all=1 full listing; consistent with PR #234)",takunii-taisho,,,
1316,泰斗,TAITO,MMA RANGERS GYM,ストロー級 [ -52.2 Kg ]B,2025-01-19,https://www.shooto-mma.com/fighters/?id=1316,"NO (numeric id only, confirmed across all 27 weight-class listing pages + all=1 full listing; consistent with PR #234)",taito,,,
1144,平良 達郎,Tatsuro Taira,Theパラエストラ沖縄,フライ級 [ -56.7 Kg ]B,2021-11-06,https://www.shooto-mma.com/fighters/?id=1144,"NO (numeric id only, confirmed across all 27 weight-class listing pages + all=1 full listing; consistent with PR #234)",tatsuro-taira,taira-tatsuro,,
574,鷹亜希,Takaaki,修斗GYMS直心会,フェザー級 [ -65.8 Kg ]B,2016-06-19,https://www.shooto-mma.com/fighters/?id=574,"NO (numeric id only, confirmed across all 27 weight-class listing pages + all=1 full listing; consistent with PR #234)",takaaki,,,
1067,高岡 宏気,HIROKI TAKAOKA,FORCE GYM,フライ級 [ -56.7 Kg ]B,2026-07-13,https://www.shooto-mma.com/fighters/?id=1067,"NO (numeric id only, confirmed across all 27 weight-class listing pages + all=1 full listing; consistent with PR #234)",hiroki-takaoka,takaoka-hiroki,,YES
68,高倉 宏平,Kohei Takakura,総合格闘技道場STF,ストロー級 [ -52.2 Kg ]B,2015-11-01,https://www.shooto-mma.com/fighters/?id=68,"NO (numeric id only, confirmed across all 27 weight-class listing pages + all=1 full listing; consistent with PR #234)",kohei-takakura,,,
1071,高澤 浩和,Hirokazu Takazawa,心技館,キッズ・ジュニア修斗B,2017-03-24,https://www.shooto-mma.com/fighters/?id=1071,"NO (numeric id only, confirmed across all 27 weight-class listing pages + all=1 full listing; consistent with PR #234)",hirokazu-takazawa,,,
404,TAKASHI,TAKASHI,ノースキングスジム,ウェルター級 [ -77.1 Kg ]B,2015-06-28,https://www.shooto-mma.com/fighters/?id=404,"NO (numeric id only, confirmed across all 27 weight-class listing pages + all=1 full listing; consistent with PR #234)",takashi,,,
563,鷹島 大樹,Daiki Takashima,"リバーサルジム新宿Me,We",フェザー級 [ -65.8 Kg ]B,2016-10-16,https://www.shooto-mma.com/fighters/?id=563,"NO (numeric id only, confirmed across all 27 weight-class listing pages + all=1 full listing; consistent with PR #234)",daiki-takashima,,,
1356,高杉 遼介,RYOSUKE TAKASUGI,チーム吉田電気,フェザー級 [ -65.8 Kg ]B,,https://www.shooto-mma.com/fighters/?id=1356,"NO (numeric id only, confirmed across all 27 weight-class listing pages + all=1 full listing; consistent with PR #234)",ryosuke-takasugi,,,
631,高瀬 雄一郎,Yuichiro Takase,,フライ級 [ -56.7 Kg ]B,2007-03-04,https://www.shooto-mma.com/fighters/?id=631,"NO (numeric id only, confirmed across all 27 weight-class listing pages + all=1 full listing; consistent with PR #234)",yuichiro-takase,,,
786,高田 和道,Kazumichi Takada,,ライト級 [ -70.3 Kg ]B,2001-09-27,https://www.shooto-mma.com/fighters/?id=786,"NO (numeric id only, confirmed across all 27 weight-class listing pages + all=1 full listing; consistent with PR #234)",kazumichi-takada,,,
1450,高田 暖妃,ATSUHI TAKADA,FIGHTER`S FLOW,女子ストロー級B,2026-05-17,https://www.shooto-mma.com/fighters/?id=1450,"NO (numeric id only, confirmed across all 27 weight-class listing pages + all=1 full listing; consistent with PR #234)",atsuhi-takada,,YES,
296,高野 明,Akira Takano,MMA修斗ジムBLOWS,フェザー級 [ -65.8 Kg ]B,2019-06-30,https://www.shooto-mma.com/fighters/?id=296,"NO (numeric id only, confirmed across all 27 weight-class listing pages + all=1 full listing; consistent with PR #234)",akira-takano,,,
595,高野 祥之,Yoshiyuki Takano,シューティングジム八景,フライ級 [ -56.7 Kg ]B,2012-01-21,https://www.shooto-mma.com/fighters/?id=595,"NO (numeric id only, confirmed across all 27 weight-class listing pages + all=1 full listing; consistent with PR #234)",yoshiyuki-takano,,,
1124,高野 蓮,Ren Takano,総合格闘技ゴンズジム,キッズ・ジュニア修斗B,2018-01-28,https://www.shooto-mma.com/fighters/?id=1124,"NO (numeric id only, confirmed across all 27 weight-class listing pages + all=1 full listing; consistent with PR #234)",ren-takano,,,
216,高野 仁,Hitoshi Takano,パラエストラ福島,バンタム級 [ -61.2 Kg ]B,2010-03-07,https://www.shooto-mma.com/fighters/?id=216,"NO (numeric id only, confirmed across all 27 weight-class listing pages + all=1 full listing; consistent with PR #234)",hitoshi-takano,,,
1046,高橋 梨王,Riou Takahashi,修斗GYM東京,ストロー級 [ -52.2 Kg ]B,2017-09-02,https://www.shooto-mma.com/fighters/?id=1046,"NO (numeric id only, confirmed across all 27 weight-class listing pages + all=1 full listing; consistent with PR #234)",riou-takahashi,,,
297,高橋 孝徳,Takanori Takahashi,"リバーサルジム新宿Me,We",フェザー級 [ -65.8 Kg ]B,2021-07-04,https://www.shooto-mma.com/fighters/?id=297,"NO (numeric id only, confirmed across all 27 weight-class listing pages + all=1 full listing; consistent with PR #234)",takanori-takahashi,,,
69,高橋 弘幸,Hiroyuki Takahashi,SAI-GYM,フライ級 [ -56.7 Kg ]B,2017-11-19,https://www.shooto-mma.com/fighters/?id=69,"NO (numeric id only, confirmed across all 27 weight-class listing pages + all=1 full listing; consistent with PR #234)",hiroyuki-takahashi,,,
357,高橋 圭典,Yoshinori Takahashi,マッハ道場,ライト級 [ -70.3 Kg ]B,2016-11-06,https://www.shooto-mma.com/fighters/?id=357,"NO (numeric id only, confirmed across all 27 weight-class listing pages + all=1 full listing; consistent with PR #234)",yoshinori-takahashi,,,
1145,髙橋 瑞希,Mitsuki Takahashi,crowforest,キッズ・ジュニア修斗B,2018-07-15,https://www.shooto-mma.com/fighters/?id=1145,"NO (numeric id only, confirmed across all 27 weight-class listing pages + all=1 full listing; consistent with PR #234)",mitsuki-takahashi,,,
1252,高橋 SUBMISSION 雄己,YUKI TAKAHASHI,和術慧舟會HEARTS,ストロー級 [ -52.2 Kg ]B,2021-11-06,https://www.shooto-mma.com/fighters/?id=1252,"NO (numeric id only, confirmed across all 27 weight-class listing pages + all=1 full listing; consistent with PR #234)",yuki-takahashi,,,
438,高林 恭子,Kyoko Takabayashi,ALIVE,ストロー級 [ -52.2 Kg ]B,2007-11-08,https://www.shooto-mma.com/fighters/?id=438,"NO (numeric id only, confirmed across all 27 weight-class listing pages + all=1 full listing; consistent with PR #234)",kyoko-takabayashi,,,
1893,高本 珠緒,TAMAO TAKAMOTO,高本道場,キッズ・ジュニア修斗B,2026-01-18,https://www.shooto-mma.com/fighters/?id=1893,"NO (numeric id only, confirmed across all 27 weight-class listing pages + all=1 full listing; consistent with PR #234)",tamao-takamoto,,,
1656,高本 千代,CHIYO TAKAMOTO,高本道場,女子スーパーアトム級B,2026-07-20,https://www.shooto-mma.com/fighters/?id=1656,"NO (numeric id only, confirmed across all 27 weight-class listing pages + all=1 full listing; consistent with PR #234)",chiyo-takamoto,,YES,
1230,高本 哲至,TETSUJI TAKAMOTO,高本道場,キッズ・ジュニア修斗B,2019-07-15,https://www.shooto-mma.com/fighters/?id=1230,"NO (numeric id only, confirmed across all 27 weight-class listing pages + all=1 full listing; consistent with PR #234)",tetsuji-takamoto,,,
1147,高森 惟舞,IBU TAKAMORI,BURST,女子B,2018-09-23,https://www.shooto-mma.com/fighters/?id=1147,"NO (numeric id only, confirmed across all 27 weight-class listing pages + all=1 full listing; consistent with PR #234)",ibu-takamori,,,
1720,タカヤ ハーデスワークアウト,TAKAY A HADES,ハーデスワークアウトジム,新空手道連盟B,2024-12-29,https://www.shooto-mma.com/fighters/?id=1720,"NO (numeric id only, confirmed across all 27 weight-class listing pages + all=1 full listing; consistent with PR #234)",takay-a-hades,,,
1104,高山 義幸,Yoshiyuki Takayama,シューティングジム横浜,フライ級 [ -56.7 Kg ]B,,https://www.shooto-mma.com/fighters/?id=1104,"NO (numeric id only, confirmed across all 27 weight-class listing pages + all=1 full listing; consistent with PR #234)",yoshiyuki-takayama,,,
1233,高山 海優,MIYU,DOBUITA ファイトスポーツジム,キッズ・ジュニア修斗B,2019-09-22,https://www.shooto-mma.com/fighters/?id=1233,"NO (numeric id only, confirmed across all 27 weight-class listing pages + all=1 full listing; consistent with PR #234)",miyu,,,
759,滝田 Ｊ太郎,J-taro Takita,,ライト級 [ -70.3 Kg ]B,2002-10-27,https://www.shooto-mma.com/fighters/?id=759,"NO (numeric id only, confirmed across all 27 weight-class listing pages + all=1 full listing; consistent with PR #234)",j-taro-takita,,,
439,瀧本 美咲,Misaki Takimoto,禅道会,ストロー級 [ -52.2 Kg ]B,2006-02-17,https://www.shooto-mma.com/fighters/?id=439,"NO (numeric id only, confirmed across all 27 weight-class listing pages + all=1 full listing; consistent with PR #234)",misaki-takimoto,,,
1293,匠郎,TAKURO,KSS健生館,新空手道連盟B,2021-07-04,https://www.shooto-mma.com/fighters/?id=1293,"NO (numeric id only, confirmed across all 27 weight-class listing pages + all=1 full listing; consistent with PR #234)",takuro,,,
702,田口 泰地,Taichi Taguchi,RISING SUN,ライト級 [ -70.3 Kg ]B,2018-04-22,https://www.shooto-mma.com/fighters/?id=702,"NO (numeric id only, confirmed across all 27 weight-class listing pages + all=1 full listing; consistent with PR #234)",taichi-taguchi,,,
70,武井 徳之,Noriyuki Takei,讃州四心會,ストロー級 [ -52.2 Kg ]B,2019-04-07,https://www.shooto-mma.com/fighters/?id=70,"NO (numeric id only, confirmed across all 27 weight-class listing pages + all=1 full listing; consistent with PR #234)",noriyuki-takei,,,
858,竹内 敬之,Takayuki Takeuchi,グラップリングシュートボクサーズ,フライ級 [ -56.7 Kg ]B,2012-02-12,https://www.shooto-mma.com/fighters/?id=858,"NO (numeric id only, confirmed across all 27 weight-class listing pages + all=1 full listing; consistent with PR #234)",takayuki-takeuchi,,,
608,竹内 コウジ,Koji Takeuchi,,ライト級 [ -70.3 Kg ]B,2004-04-16,https://www.shooto-mma.com/fighters/?id=608,"NO (numeric id only, confirmed across all 27 weight-class listing pages + all=1 full listing; consistent with PR #234)",koji-takeuchi,,,
1440,竹内 直矢,NAOYA TAKEUCHI,ベラトレオ,グラップリングB,2022-06-05,https://www.shooto-mma.com/fighters/?id=1440,"NO (numeric id only, confirmed across all 27 weight-class listing pages + all=1 full listing; consistent with PR #234)",naoya-takeuchi,,,
217,竹内 稔,Minoru Takeuchi,パラエストラ東京,バンタム級 [ -61.2 Kg ]B,2012-01-21,https://www.shooto-mma.com/fighters/?id=217,"NO (numeric id only, confirmed across all 27 weight-class listing pages + all=1 full listing; consistent with PR #234)",minoru-takeuchi,,,
71,竹尾 理,Satoshi Takeo,直心会格闘技道場TK68,ストロー級 [ -52.2 Kg ]B,2012-12-09,https://www.shooto-mma.com/fighters/?id=71,"NO (numeric id only, confirmed across all 27 weight-class listing pages + all=1 full listing; consistent with PR #234)",satoshi-takeo,,,
479,竹沢 弘晃,Hiroaki Takezawa,,ストロー級 [ -52.2 Kg ]B,2006-12-02,https://www.shooto-mma.com/fighters/?id=479,"NO (numeric id only, confirmed across all 27 weight-class listing pages + all=1 full listing; consistent with PR #234)",hiroaki-takezawa,,,
1370,竹下 登,NOBORU TAKESHITA,暁道場,アマチュア修斗B,2021-10-02,https://www.shooto-mma.com/fighters/?id=1370,"NO (numeric id only, confirmed across all 27 weight-class listing pages + all=1 full listing; consistent with PR #234)",noboru-takeshita,,,
1903,武田 勇輝,TAKEDA YUKI,MASTER JAPAN TOKYO,バンタム級 [ -61.2 Kg ]B,2026-07-20,https://www.shooto-mma.com/fighters/?id=1903,"NO (numeric id only, confirmed across all 27 weight-class listing pages + all=1 full listing; consistent with PR #234)",takeda-yuki,,,
1693,武田 昂大,KODAI TAKEDA,リバーサルジム東京スタンドアウト,トライアウトB,2026-04-11,https://www.shooto-mma.com/fighters/?id=1693,"NO (numeric id only, confirmed across all 27 weight-class listing pages + all=1 full listing; consistent with PR #234)",kodai-takeda,,,
426,武田 光博,Mitsuhiro Takeda,パラエストラ函館,ミドル級 [ -83.9 Kg ]B,2007-09-12,https://www.shooto-mma.com/fighters/?id=426,"NO (numeric id only, confirmed across all 27 weight-class listing pages + all=1 full listing; consistent with PR #234)",mitsuhiro-takeda,,,
446,武田 憲一,Kenichi Takeda,,ストロー級 [ -52.2 Kg ]B,2007-01-26,https://www.shooto-mma.com/fighters/?id=446,"NO (numeric id only, confirmed across all 27 weight-class listing pages + all=1 full listing; consistent with PR #234)",kenichi-takeda,,,
694,竹縄 狂犬 元博,Motohiro Takenawa,BURST,フェザー級 [ -65.8 Kg ]B,2013-01-20,https://www.shooto-mma.com/fighters/?id=694,"NO (numeric id only, confirmed across all 27 weight-class listing pages + all=1 full listing; consistent with PR #234)",motohiro-takenawa,,,
1369,竹原 魁晟,KAISEI TAKEHARA,THE BLACKBELT JAPAN,フェザー級 [ -65.8 Kg ]B,2024-07-21,https://www.shooto-mma.com/fighters/?id=1369,"NO (numeric id only, confirmed across all 27 weight-class listing pages + all=1 full listing; consistent with PR #234)",kaisei-takehara,,,
1312,龍翔,TATSUTO,BLACK☆Jr,新空手道連盟B,2026-12-31,https://www.shooto-mma.com/fighters/?id=1312,"NO (numeric id only, confirmed across all 27 weight-class listing pages + all=1 full listing; consistent with PR #234)",tatsuto,,,
1298,飯田 健夫,TATEO IIDA,フリー,フェザー級 [ -65.8 Kg ]B,2020-09-19,https://www.shooto-mma.com/fighters/?id=1298,"NO (numeric id only, confirmed across all 27 weight-class listing pages + all=1 full listing; consistent with PR #234)",tateo-iida,,,
138,建部 誠二,Seiji Tatebe,SHOOTO GYM BLOOM,フライ級 [ -56.7 Kg ]B,2017-09-03,https://www.shooto-mma.com/fighters/?id=138,"NO (numeric id only, confirmed across all 27 weight-class listing pages + all=1 full listing; consistent with PR #234)",seiji-tatebe,,,
1592,田中 佑樹,YUKI TANAKA,HAWK GYM,キックボクシングB,2023-06-18,https://www.shooto-mma.com/fighters/?id=1592,"NO (numeric id only, confirmed across all 27 weight-class listing pages + all=1 full listing; consistent with PR #234)",yuki-tanaka,,,
1102,田中 有,YU TANAKA,総合格闘技道場reliable,ライト級 [ -70.3 Kg ]B,2022-12-11,https://www.shooto-mma.com/fighters/?id=1102,"NO (numeric id only, confirmed across all 27 weight-class listing pages + all=1 full listing; consistent with PR #234)",yu-tanaka,,YES,
358,田中 達憲,Tatsunori Tanaka,和術慧舟會兵庫支部,ライト級 [ -70.3 Kg ]B,,https://www.shooto-mma.com/fighters/?id=358,"NO (numeric id only, confirmed across all 27 weight-class listing pages + all=1 full listing; consistent with PR #234)",tatsunori-tanaka,,,
641,田中 宏幸,Hiroyuki Tanaka,修斗GYM神戸,フェザー級 [ -65.8 Kg ]B,2014-04-27,https://www.shooto-mma.com/fighters/?id=641,"NO (numeric id only, confirmed across all 27 weight-class listing pages + all=1 full listing; consistent with PR #234)",hiroyuki-tanaka,,,
1927,田中 永遠,TOWA TANAKA,暁道場,トライアウトB,2026-07-20,https://www.shooto-mma.com/fighters/?id=1927,"NO (numeric id only, confirmed across all 27 weight-class listing pages + all=1 full listing; consistent with PR #234)",towa-tanaka,,,
1443,田中 智也,TOMOYA TANAKA,fit,バンタム級 [ -61.2 Kg ]B,2022-06-05,https://www.shooto-mma.com/fighters/?id=1443,"NO (numeric id only, confirmed across all 27 weight-class listing pages + all=1 full listing; consistent with PR #234)",tomoya-tanaka,,,
711,田中 洋輔,Yosuke Tanaka,秋本道場Jungle Junction,フェザー級 [ -65.8 Kg ]B,2013-08-25,https://www.shooto-mma.com/fighters/?id=711,"NO (numeric id only, confirmed across all 27 weight-class listing pages + all=1 full listing; consistent with PR #234)",yosuke-tanaka,,,
218,田中 路教,Michinori Tanaka,リバーサルジム横浜グランドスラム,バンタム級 [ -61.2 Kg ]B,2012-03-10,https://www.shooto-mma.com/fighters/?id=218,"NO (numeric id only, confirmed across all 27 weight-class listing pages + all=1 full listing; consistent with PR #234)",michinori-tanaka,,,
1353,谷井 翔太,SHOTA TANII,ロデオスタイル/大道塾,バンタム級 [ -61.2 Kg ]B,2025-03-23,https://www.shooto-mma.com/fighters/?id=1353,"NO (numeric id only, confirmed across all 27 weight-class listing pages + all=1 full listing; consistent with PR #234)",shota-tanii,,,
1519,谷川 連也,RENYA TANIGAWA,MMAZジム,キッズ・ジュニア修斗B,2022-12-11,https://www.shooto-mma.com/fighters/?id=1519,"NO (numeric id only, confirmed across all 27 weight-class listing pages + all=1 full listing; consistent with PR #234)",renya-tanigawa,,,
139,谷口 No-K 友康,Tomoyasu Taniguchi,Team FreeStyle,フライ級 [ -56.7 Kg ]B,2020-01-19,https://www.shooto-mma.com/fighters/?id=139,"NO (numeric id only, confirmed across all 27 weight-class listing pages + all=1 full listing; consistent with PR #234)",tomoyasu-taniguchi,,,
1724,谷口 武,TAKESHI TANIGUCHI,修斗GYM神戸,バンタム級 [ -61.2 Kg ]B,2024-07-28,https://www.shooto-mma.com/fighters/?id=1724,"NO (numeric id only, confirmed across all 27 weight-class listing pages + all=1 full listing; consistent with PR #234)",takeshi-taniguchi,,,
719,谷口 智則,Tomonori Taniguchi,マッハ道場,フェザー級 [ -65.8 Kg ]B,2007-12-09,https://www.shooto-mma.com/fighters/?id=719,"NO (numeric id only, confirmed across all 27 weight-class listing pages + all=1 full listing; consistent with PR #234)",tomonori-taniguchi,,,
427,谷崎 智仁,Tomohito Tanizaki,秋本道場Jungle Junction,ミドル級 [ -83.9 Kg ]B,2009-04-10,https://www.shooto-mma.com/fighters/?id=427,"NO (numeric id only, confirmed across all 27 weight-class listing pages + all=1 full listing; consistent with PR #234)",tomohito-tanizaki,,,
1539,谷中 たいち,TAICHI TANINAKA,格闘技吉田道場,ストロー級 [ -52.2 Kg ]B,2025-09-07,https://www.shooto-mma.com/fighters/?id=1539,"NO (numeric id only, confirmed across all 27 weight-class listing pages + all=1 full listing; consistent with PR #234)",taichi-taninaka,,,
1258,田主丸 航,KO TANUSHIMARU,MMA RANGERS GYM,バンタム級 [ -61.2 Kg ]B,2019-12-15,https://www.shooto-mma.com/fighters/?id=1258,"NO (numeric id only, confirmed across all 27 weight-class listing pages + all=1 full listing; consistent with PR #234)",ko-tanushimaru,,,
1167,田上 こゆる,KOYURU TANOUE,BLOWS,ストロー級 [ -52.2 Kg ]B,2026-12-31,https://www.shooto-mma.com/fighters/?id=1167,"NO (numeric id only, confirmed across all 27 weight-class listing pages + all=1 full listing; consistent with PR #234)",koyuru-tanoue,,,
298,田原 樹也,Tatsuya Tahara,PUREBRED鳥取,フェザー級 [ -65.8 Kg ]B,2018-10-21,https://www.shooto-mma.com/fighters/?id=298,"NO (numeric id only, confirmed across all 27 weight-class listing pages + all=1 full listing; consistent with PR #234)",tatsuya-tahara,,,
1332,田渕 神太,KANTA TABUCHI,国際空手道拳聖塾,新空手道連盟B,2021-12-19,https://www.shooto-mma.com/fighters/?id=1332,"NO (numeric id only, confirmed across all 27 weight-class listing pages + all=1 full listing; consistent with PR #234)",kanta-tabuchi,,,
219,玉城 優介,Yusuke Tamashiro,Theパラエストラ沖縄,バンタム級 [ -61.2 Kg ]B,2018-11-25,https://www.shooto-mma.com/fighters/?id=219,"NO (numeric id only, confirmed across all 27 weight-class listing pages + all=1 full listing; consistent with PR #234)",yusuke-tamashiro,,,
1270,玉城 悠,YU TAMASHIRO,THE BLACKBELT JAPAN,キッズ・ジュニア修斗B,2026-07-13,https://www.shooto-mma.com/fighters/?id=1270,"NO (numeric id only, confirmed across all 27 weight-class listing pages + all=1 full listing; consistent with PR #234)",yu-tamashiro,,,
944,玉田 育子,Yasuko Tamada,AACC,女子アトム級 [ -47.6 Kg ]B,2023-05-21,https://www.shooto-mma.com/fighters/?id=944,"NO (numeric id only, confirmed across all 27 weight-class listing pages + all=1 full listing; consistent with PR #234)",yasuko-tamada,,,
140,田丸 匠,Takumi Tamaru,NASCER DO SOL,バンタム級 [ -61.2 Kg ]B,2020-12-20,https://www.shooto-mma.com/fighters/?id=140,"NO (numeric id only, confirmed across all 27 weight-class listing pages + all=1 full listing; consistent with PR #234)",takumi-tamaru,,,
513,田村 和也,Kazuya Tamura,マッハ道場,バンタム級 [ -61.2 Kg ]B,2007-09-21,https://www.shooto-mma.com/fighters/?id=513,"NO (numeric id only, confirmed across all 27 weight-class listing pages + all=1 full listing; consistent with PR #234)",kazuya-tamura,,,
552,田村 貴生,Takao Tamura,パラエストラ広島,バンタム級 [ -61.2 Kg ]B,2005-11-13,https://www.shooto-mma.com/fighters/?id=552,"NO (numeric id only, confirmed across all 27 weight-class listing pages + all=1 full listing; consistent with PR #234)",takao-tamura,,,
1151,田村 渓,Kei Tamura,パラエストラ松戸,ウェルター級 [ -77.1 Kg ]B,2019-11-24,https://www.shooto-mma.com/fighters/?id=1151,"NO (numeric id only, confirmed across all 27 weight-class listing pages + all=1 full listing; consistent with PR #234)",kei-tamura,,,
943,田村 淳,Atsushi Tamura,拳心會,フライ級 [ -56.7 Kg ]B,2015-09-13,https://www.shooto-mma.com/fighters/?id=943,"NO (numeric id only, confirmed across all 27 weight-class listing pages + all=1 full listing; consistent with PR #234)",atsushi-tamura,,,
1681,垂水 稔朗,TARUMI TOSHIRO,FORCEGYM,ライト級 [ -70.3 Kg ]B,2026-05-24,https://www.shooto-mma.com/fighters/?id=1681,"NO (numeric id only, confirmed across all 27 weight-class listing pages + all=1 full listing; consistent with PR #234)",tarumi-toshiro,,,
1235,ターニャ アンゲラー,,ジャーマン・トップチーム,女子スーパーアトム級B,2019-11-24,https://www.shooto-mma.com/fighters/?id=1235,"NO (numeric id only, confirmed across all 27 weight-class listing pages + all=1 full listing; consistent with PR #234)",,,,
295,ダイキ ライトイヤー,Daiki Lightyear,修斗GYM神戸,バンタム級 [ -61.2 Kg ]B,2026-01-18,https://www.shooto-mma.com/fighters/?id=295,"NO (numeric id only, confirmed across all 27 weight-class listing pages + all=1 full listing; consistent with PR #234)",daiki-lightyear,,YES,
867,大樹 サムランサック,,アカデミア・アーザ水道橋,フェザー級 [ -65.8 Kg ]B,2012-03-01,https://www.shooto-mma.com/fighters/?id=867,"NO (numeric id only, confirmed across all 27 weight-class listing pages + all=1 full listing; consistent with PR #234)",,,,
1064,代輔,Daisuke,秋本道場Jungle Junction,フライ級 [ -56.7 Kg ]B,2019-12-22,https://www.shooto-mma.com/fighters/?id=1064,"NO (numeric id only, confirmed across all 27 weight-class listing pages + all=1 full listing; consistent with PR #234)",daisuke,,,
1453,打威致,DAICHI,有永道場TeamResolve,フライ級 [ -56.7 Kg ]B,2026-06-28,https://www.shooto-mma.com/fighters/?id=1453,"NO (numeric id only, confirmed across all 27 weight-class listing pages + all=1 full listing; consistent with PR #234)",daichi,,,
1441,チェ ジウン,CHOIJI,ROAD GYM WONJU MMA,ウェルター級 [ -77.1 Kg ]B,2022-06-05,https://www.shooto-mma.com/fighters/?id=1441,"NO (numeric id only, confirmed across all 27 weight-class listing pages + all=1 full listing; consistent with PR #234)",choiji,,,
1194,チェ ウンジ,,MAX FC4 FearlessGYM,女子B,2019-05-06,https://www.shooto-mma.com/fighters/?id=1194,"NO (numeric id only, confirmed across all 27 weight-class listing pages + all=1 full listing; consistent with PR #234)",,,,
1166,チェルシー,CHELSEY,リバーサルジム立川ALPHA,女子B,2019-01-27,https://www.shooto-mma.com/fighters/?id=1166,"NO (numeric id only, confirmed across all 27 weight-class listing pages + all=1 full listing; consistent with PR #234)",chelsey,,,
580,近野 淳平,Junpei Chikano,ロデオスタイル,フェザー級 [ -65.8 Kg ]B,2011-10-16,https://www.shooto-mma.com/fighters/?id=580,"NO (numeric id only, confirmed across all 27 weight-class listing pages + all=1 full listing; consistent with PR #234)",junpei-chikano,,,
1890,築地 宏和,HIROKAZU CHIKUCHI,BLUE HOUSE,ライト級 [ -70.3 Kg ]B,2026-01-18,https://www.shooto-mma.com/fighters/?id=1890,"NO (numeric id only, confirmed across all 27 weight-class listing pages + all=1 full listing; consistent with PR #234)",hirokazu-chikuchi,,,
559,地浜 敏郎,Toshiro Chihama,KRAZY BEE,フェザー級 [ -65.8 Kg ]B,2014-01-12,https://www.shooto-mma.com/fighters/?id=559,"NO (numeric id only, confirmed across all 27 weight-class listing pages + all=1 full listing; consistent with PR #234)",toshiro-chihama,,,
72,千葉 JET 伸,Shin Chiba,有永道場 Team Resolve,ストロー級 [ -52.2 Kg ]B,2017-09-10,https://www.shooto-mma.com/fighters/?id=72,"NO (numeric id only, confirmed across all 27 weight-class listing pages + all=1 full listing; consistent with PR #234)",shin-chiba,,,
1313,CHAN 龍,CHAN RYU,MMA Zジム,フェザー級 [ -65.8 Kg ]B,2023-07-23,https://www.shooto-mma.com/fighters/?id=1313,"NO (numeric id only, confirmed across all 27 weight-class listing pages + all=1 full listing; consistent with PR #234)",chan-ryu,,,
1053,ちゃんまえ,Chanmae,総合格闘技道場コブラ会,バンタム級 [ -61.2 Kg ]B,2017-04-09,https://www.shooto-mma.com/fighters/?id=1053,"NO (numeric id only, confirmed across all 27 weight-class listing pages + all=1 full listing; consistent with PR #234)",chanmae,,,
865,忠侍,Chuji,,バンタム級 [ -61.2 Kg ]B,2013-04-07,https://www.shooto-mma.com/fighters/?id=865,"NO (numeric id only, confirmed across all 27 weight-class listing pages + all=1 full listing; consistent with PR #234)",chuji,,,
1299,チョウ スソン,SUSUNG,NAUGHTY HOUSE,バンタム級 [ -61.2 Kg ]B,2026-07-20,https://www.shooto-mma.com/fighters/?id=1299,"NO (numeric id only, confirmed across all 27 weight-class listing pages + all=1 full listing; consistent with PR #234)",susung,,YES,
405,チョモランマ１／２,Chomolungma 1/2,総斗會三村道場,ウェルター級 [ -77.1 Kg ]B,2014-02-23,https://www.shooto-mma.com/fighters/?id=405,"NO (numeric id only, confirmed across all 27 weight-class listing pages + all=1 full listing; consistent with PR #234)",chomolungma-12,,,
1948,チョン ウィング プイ,,修斗GYM香港,B,2026-04-19,https://www.shooto-mma.com/fighters/?id=1948,"NO (numeric id only, confirmed across all 27 weight-class listing pages + all=1 full listing; consistent with PR #234)",,,,
1135,ツゲ ダイジ,Daiji Tsuge,パラエストラ松戸,フライ級 [ -56.7 Kg ]B,2018-04-22,https://www.shooto-mma.com/fighters/?id=1135,"NO (numeric id only, confirmed across all 27 weight-class listing pages + all=1 full listing; consistent with PR #234)",daiji-tsuge,,,
1368,辻村 秀綱,SYUKO TSUJIMURA,TRIBE TOKYO M.M.A,バンタム級 [ -61.2 Kg ]B,2022-04-03,https://www.shooto-mma.com/fighters/?id=1368,"NO (numeric id only, confirmed across all 27 weight-class listing pages + all=1 full listing; consistent with PR #234)",syuko-tsujimura,,,
1243,津田 麗茉,REMA TSUDA,ブレイブハート,フライ級 [ -56.7 Kg ]B,2019-12-15,https://www.shooto-mma.com/fighters/?id=1243,"NO (numeric id only, confirmed across all 27 weight-class listing pages + all=1 full listing; consistent with PR #234)",rema-tsuda,,,
1905,堤 成矢,TSUTSUMI SEIYA,MASTER JAPAN FUKUOKA,フライ級 [ -56.7 Kg ]B,2026-05-17,https://www.shooto-mma.com/fighters/?id=1905,"NO (numeric id only, confirmed across all 27 weight-class listing pages + all=1 full listing; consistent with PR #234)",tsutsumi-seiya,,,
1296,椿 飛鳥,TSUBAKI ASUKA,フリー,フェザー級 [ -65.8 Kg ]B,2025-03-16,https://www.shooto-mma.com/fighters/?id=1296,"NO (numeric id only, confirmed across all 27 weight-class listing pages + all=1 full listing; consistent with PR #234)",tsubaki-asuka,tsubaki-asuka,,
1562,椿 馨,KAORU TSUBAKI,Katana Gym,フェザー級 [ -65.8 Kg ]B,2024-09-01,https://www.shooto-mma.com/fighters/?id=1562,"NO (numeric id only, confirmed across all 27 weight-class listing pages + all=1 full listing; consistent with PR #234)",kaoru-tsubaki,,,
1210,坪田 璃一,RIICHI TSUBOTA,総合格闘技ゴンズジム,キッズ・ジュニア修斗B,2022-07-03,https://www.shooto-mma.com/fighters/?id=1210,"NO (numeric id only, confirmed across all 27 weight-class listing pages + all=1 full listing; consistent with PR #234)",riichi-tsubota,,,
1898,TSUMIKI,TSUMIKI,fplus,CKCB,2026-01-18,https://www.shooto-mma.com/fighters/?id=1898,"NO (numeric id only, confirmed across all 27 weight-class listing pages + all=1 full listing; consistent with PR #234)",tsumiki,,,
1153,津村 有哉,Yuya Tsumura,リバーサルジム川口REDIPS,ストロー級 [ -52.2 Kg ]B,2020-11-23,https://www.shooto-mma.com/fighters/?id=1153,"NO (numeric id only, confirmed across all 27 weight-class listing pages + all=1 full listing; consistent with PR #234)",yuya-tsumura,,,
445,鶴見 一生,Issei Tsurumi,,ストロー級 [ -52.2 Kg ]B,2004-11-25,https://www.shooto-mma.com/fighters/?id=445,"NO (numeric id only, confirmed across all 27 weight-class listing pages + all=1 full listing; consistent with PR #234)",issei-tsurumi,,,
787,鶴屋 浩,Hiroshi Tsuruya,パラエストラ松戸,ライト級 [ -70.3 Kg ]B,2002-09-16,https://www.shooto-mma.com/fighters/?id=787,"NO (numeric id only, confirmed across all 27 weight-class listing pages + all=1 full listing; consistent with PR #234)",hiroshi-tsuruya,,,
1072,鶴屋 怜,Rei Tsuruya,パラエストラ千葉,キッズ・ジュニア修斗B,2017-01-29,https://www.shooto-mma.com/fighters/?id=1072,"NO (numeric id only, confirmed across all 27 weight-class listing pages + all=1 full listing; consistent with PR #234)",rei-tsuruya,tsuruya-rei,,
1734,手島 響,Hibiki Tejima,パラエストラ綾瀬,ライト級 [ -70.3 Kg ]B,2026-07-13,https://www.shooto-mma.com/fighters/?id=1734,"NO (numeric id only, confirmed across all 27 weight-class listing pages + all=1 full listing; consistent with PR #234)",hibiki-tejima,,,
963,手塚 基伸,Motonobu Tezuka,総合格闘技道場コブラ会,バンタム級 [ -61.2 Kg ]B,2020-03-29,https://www.shooto-mma.com/fighters/?id=963,"NO (numeric id only, confirmed across all 27 weight-class listing pages + all=1 full listing; consistent with PR #234)",motonobu-tezuka,,,
470,手塚 豊,Yutaka Teduka,,フライ級 [ -56.7 Kg ]B,2006-11-19,https://www.shooto-mma.com/fighters/?id=470,"NO (numeric id only, confirmed across all 27 weight-class listing pages + all=1 full listing; consistent with PR #234)",yutaka-teduka,,,
1324,寺嶋 直人,NAOTO TERASHIMA,SUBMIT MMA,フライ級 [ -56.7 Kg ]B,2024-11-17,https://www.shooto-mma.com/fighters/?id=1324,"NO (numeric id only, confirmed across all 27 weight-class listing pages + all=1 full listing; consistent with PR #234)",naoto-terashima,,,
1025,寺本 雄輝,Yuki Teramoto,"リバーサルジム新宿Me,We",バンタム級 [ -61.2 Kg ]B,2016-09-19,https://www.shooto-mma.com/fighters/?id=1025,"NO (numeric id only, confirmed across all 27 weight-class listing pages + all=1 full listing; consistent with PR #234)",yuki-teramoto,,,
1345,寺山 遼冴,RYOGA TERAYAMA,,新空手道連盟B,2021-07-04,https://www.shooto-mma.com/fighters/?id=1345,"NO (numeric id only, confirmed across all 27 weight-class listing pages + all=1 full listing; consistent with PR #234)",ryoga-terayama,,,
852,TERU,Teru,パーソナルスタイルス,フライ級 [ -56.7 Kg ]B,2014-11-09,https://www.shooto-mma.com/fighters/?id=852,"NO (numeric id only, confirmed across all 27 weight-class listing pages + all=1 full listing; consistent with PR #234)",teru,,,
73,天風 ゆうすけ,Yusuke Tenkaze,ピロクテテス新潟,ストロー級 [ -52.2 Kg ]B,2026-12-31,https://www.shooto-mma.com/fighters/?id=73,"NO (numeric id only, confirmed across all 27 weight-class listing pages + all=1 full listing; consistent with PR #234)",yusuke-tenkaze,,,
1484,天天 さくら,SAKURA TENTEN,総合格闘技ジムBATTLE,女子アトム級 [ -47.6 Kg ]B,2023-12-02,https://www.shooto-mma.com/fighters/?id=1484,"NO (numeric id only, confirmed across all 27 weight-class listing pages + all=1 full listing; consistent with PR #234)",sakura-tenten,,,
1160,天雷 智也,Tomoya Tenrai,SLACK,ライト級 [ -70.3 Kg ]B,2019-01-20,https://www.shooto-mma.com/fighters/?id=1160,"NO (numeric id only, confirmed across all 27 weight-class listing pages + all=1 full listing; consistent with PR #234)",tomoya-tenrai,,,
1198,デュアン ヴァン ヘルフォート,DUANE HELVOIRT,グレイシーバッハ・ネーデルランド,フェザー級 [ -65.8 Kg ]B,2019-07-15,https://www.shooto-mma.com/fighters/?id=1198,"NO (numeric id only, confirmed across all 27 weight-class listing pages + all=1 full listing; consistent with PR #234)",duane-helvoirt,,,
1260,透 暉鷹,HOIIN TOU,ISHITUNA MMA GYM,フェザー級 [ -65.8 Kg ]B,2020-01-19,https://www.shooto-mma.com/fighters/?id=1260,"NO (numeric id only, confirmed across all 27 weight-class listing pages + all=1 full listing; consistent with PR #234)",hoiin-tou,,,
1173,當房 桂,KEI TOUBOU,修斗GYMS直心会,バンタム級 [ -61.2 Kg ]B,2023-03-05,https://www.shooto-mma.com/fighters/?id=1173,"NO (numeric id only, confirmed across all 27 weight-class listing pages + all=1 full listing; consistent with PR #234)",kei-toubou,,,
1176,当真 佳直,YOSHINAO TOMA,reversaL Gym OKINAWA CROSS×LINE,ストロー級 [ -52.2 Kg ]B,2026-04-19,https://www.shooto-mma.com/fighters/?id=1176,"NO (numeric id only, confirmed across all 27 weight-class listing pages + all=1 full listing; consistent with PR #234)",yoshinao-toma,,,
1719,斗眞,TOUMA,REMAKE,CKCB,2024-07-28,https://www.shooto-mma.com/fighters/?id=1719,"NO (numeric id only, confirmed across all 27 weight-class listing pages + all=1 full listing; consistent with PR #234)",touma,,,
765,徳岡 靖之,Yasuyuki Tokuoka,,ウェルター級 [ -77.1 Kg ]B,2002-11-15,https://www.shooto-mma.com/fighters/?id=765,"NO (numeric id only, confirmed across all 27 weight-class listing pages + all=1 full listing; consistent with PR #234)",yasuyuki-tokuoka,,,
577,徳久 宜男,Norio Tokuhisa,マッハ道場,ライト級 [ -70.3 Kg ]B,2011-01-10,https://www.shooto-mma.com/fighters/?id=577,"NO (numeric id only, confirmed across all 27 weight-class listing pages + all=1 full listing; consistent with PR #234)",norio-tokuhisa,,,
1694,徳本 望愛,TOKUMOTO NOA,THE BLACKBELT JAPAN,女子アトム級 [ -47.6 Kg ]B,2026-04-19,https://www.shooto-mma.com/fighters/?id=1694,"NO (numeric id only, confirmed across all 27 weight-class listing pages + all=1 full listing; consistent with PR #234)",tokumoto-noa,,YES,
992,所 英男,Hideo Tokoro,リバーサルジム武蔵小杉所プラス,バンタム級 [ -61.2 Kg ]B,2013-10-05,https://www.shooto-mma.com/fighters/?id=992,"NO (numeric id only, confirmed across all 27 weight-class listing pages + all=1 full listing; consistent with PR #234)",hideo-tokoro,tokoro-hideo,,
141,戸澤 真澄美,Masumi Tozawa,GRABAKAジム,フライ級 [ -56.7 Kg ]B,2012-12-24,https://www.shooto-mma.com/fighters/?id=141,"NO (numeric id only, confirmed across all 27 weight-class listing pages + all=1 full listing; consistent with PR #234)",masumi-tozawa,,,
1512,轟 轟,GO TODOROKI,総合格闘技道場コブラ会,フェザー級 [ -65.8 Kg ]B,2025-11-16,https://www.shooto-mma.com/fighters/?id=1512,"NO (numeric id only, confirmed across all 27 weight-class listing pages + all=1 full listing; consistent with PR #234)",go-todoroki,,,
1655,外岡 一真,KAZUMA TONOOKA,全真会館,Stand upB,2023-12-17,https://www.shooto-mma.com/fighters/?id=1655,"NO (numeric id only, confirmed across all 27 weight-class listing pages + all=1 full listing; consistent with PR #234)",kazuma-tonooka,,,
74,友澤 Pinky 貴仁,Takahito Tomozawa,AACC,ストロー級 [ -52.2 Kg ]B,2013-04-21,https://www.shooto-mma.com/fighters/?id=74,"NO (numeric id only, confirmed across all 27 weight-class listing pages + all=1 full listing; consistent with PR #234)",takahito-tomozawa,,,
451,トモヒロック ☆ 84,Tomohilock84,PUREBRED大宮,フライ級 [ -56.7 Kg ]B,2010-05-16,https://www.shooto-mma.com/fighters/?id=451,"NO (numeric id only, confirmed across all 27 weight-class listing pages + all=1 full listing; consistent with PR #234)",tomohilock84,,,
1713,友利 琉偉,RUI TOMORI,パラエストラ小岩,ストロー級 [ -52.2 Kg ]B,2026-04-11,https://www.shooto-mma.com/fighters/?id=1713,"NO (numeric id only, confirmed across all 27 weight-class listing pages + all=1 full listing; consistent with PR #234)",rui-tomori,,YES,
467,豊島 考尚,Takahisa Toyoshima,,ストロー級 [ -52.2 Kg ]B,2009-11-29,https://www.shooto-mma.com/fighters/?id=467,"NO (numeric id only, confirmed across all 27 weight-class listing pages + all=1 full listing; consistent with PR #234)",takahisa-toyoshima,,,
1278,豊田 未空,MIKU TOYODA,X-TREME EBINA,キッズ・ジュニア修斗B,,https://www.shooto-mma.com/fighters/?id=1278,"NO (numeric id only, confirmed across all 27 weight-class listing pages + all=1 full listing; consistent with PR #234)",miku-toyoda,,,
468,鳥居 和行,Kazuyuki Torii,,ストロー級 [ -52.2 Kg ]B,2008-11-22,https://www.shooto-mma.com/fighters/?id=468,"NO (numeric id only, confirmed across all 27 weight-class listing pages + all=1 full listing; consistent with PR #234)",kazuyuki-torii,,,
449,鳥越 顕,Akira Torigoe,,フライ級 [ -56.7 Kg ]B,2013-10-05,https://www.shooto-mma.com/fighters/?id=449,"NO (numeric id only, confirmed across all 27 weight-class listing pages + all=1 full listing; consistent with PR #234)",akira-torigoe,,,
582,鳥谷 彰,Akira Toritani,パラエストラ博多,ライト級 [ -70.3 Kg ]B,2016-09-04,https://www.shooto-mma.com/fighters/?id=582,"NO (numeric id only, confirmed across all 27 weight-class listing pages + all=1 full listing; consistent with PR #234)",akira-toritani,,,
570,土肥 聖帝 潤,Jun Doi,MIBURO,フェザー級 [ -65.8 Kg ]B,2017-06-25,https://www.shooto-mma.com/fighters/?id=570,"NO (numeric id only, confirmed across all 27 weight-class listing pages + all=1 full listing; consistent with PR #234)",jun-doi,,,
1651,土井 淳,ATSUSHI DOI,修斗GYM大阪,ヘビー級 [ -120.2 Kg ]B,2023-12-17,https://www.shooto-mma.com/fighters/?id=1651,"NO (numeric id only, confirmed across all 27 weight-class listing pages + all=1 full listing; consistent with PR #234)",atsushi-doi,,,
1698,ドウ ガーシュエ,DEGAXUE,,バンタム級 [ -61.2 Kg ]B,2024-05-19,https://www.shooto-mma.com/fighters/?id=1698,"NO (numeric id only, confirmed across all 27 weight-class listing pages + all=1 full listing; consistent with PR #234)",degaxue,,,
359,堂垣 善史,Yoshifumi Dogaki,パレストラ加古川,ライト級 [ -70.3 Kg ]B,,https://www.shooto-mma.com/fighters/?id=359,"NO (numeric id only, confirmed across all 27 weight-class listing pages + all=1 full listing; consistent with PR #234)",yoshifumi-dogaki,,,
957,堂土 美来,Biraru Dodo,シューティングジム大阪,フェザー級 [ -65.8 Kg ]B,2015-06-21,https://www.shooto-mma.com/fighters/?id=957,"NO (numeric id only, confirmed across all 27 weight-class listing pages + all=1 full listing; consistent with PR #234)",biraru-dodo,,,
286,独眼竜 刺牙,Sasuga Dokuganryu,ブレイブハート,フェザー級 [ -65.8 Kg ]B,2013-09-22,https://www.shooto-mma.com/fighters/?id=286,"NO (numeric id only, confirmed across all 27 weight-class listing pages + all=1 full listing; consistent with PR #234)",sasuga-dokuganryu,,,
220,Dr.takuya,Dr.takuya,BURST,バンタム級 [ -61.2 Kg ]B,2015-06-21,https://www.shooto-mma.com/fighters/?id=220,"NO (numeric id only, confirmed across all 27 weight-class listing pages + all=1 full listing; consistent with PR #234)",drtakuya,,,
1287,内藤 啓人,KEITO NAITO,BELLWOOD FIGHT TEAM,新空手道連盟B,2021-07-04,https://www.shooto-mma.com/fighters/?id=1287,"NO (numeric id only, confirmed across all 27 weight-class listing pages + all=1 full listing; consistent with PR #234)",keito-naito,,,
15,内藤 太尊,Taison Naito,roots,フェザー級 [ -65.8 Kg ]B,2025-10-19,https://www.shooto-mma.com/fighters/?id=15,"NO (numeric id only, confirmed across all 27 weight-class listing pages + all=1 full listing; consistent with PR #234)",taison-naito,,,
142,内藤 頌貴,Nobutaka Naito,THE BLACKBELT JAPAN,ストロー級 [ -52.2 Kg ]B,2026-03-30,https://www.shooto-mma.com/fighters/?id=142,"NO (numeric id only, confirmed across all 27 weight-class listing pages + all=1 full listing; consistent with PR #234)",nobutaka-naito,,,
1575,直島 弘昌,Kosuke Naoshima,修斗GYM神戸,ライト級 [ -70.3 Kg ]B,2024-09-22,https://www.shooto-mma.com/fighters/?id=1575,"NO (numeric id only, confirmed across all 27 weight-class listing pages + all=1 full listing; consistent with PR #234)",kosuke-naoshima,,,
145,仲 ヒカル,Hikaru Naka,総合格闘技道場コブラ会,フライ級 [ -56.7 Kg ]B,2010-10-24,https://www.shooto-mma.com/fighters/?id=145,"NO (numeric id only, confirmed across all 27 weight-class listing pages + all=1 full listing; consistent with PR #234)",hikaru-naka,,,
459,仲 秀隆,Hidetaka Naka,,ストロー級 [ -52.2 Kg ]B,2009-10-04,https://www.shooto-mma.com/fighters/?id=459,"NO (numeric id only, confirmed across all 27 weight-class listing pages + all=1 full listing; consistent with PR #234)",hidetaka-naka,,,
1179,中池 武寛,TAKEHIRO NAKAIKE,パラエストラ小岩,フライ級 [ -56.7 Kg ]B,2026-07-20,https://www.shooto-mma.com/fighters/?id=1179,"NO (numeric id only, confirmed across all 27 weight-class listing pages + all=1 full listing; consistent with PR #234)",takehiro-nakaike,,YES,
1731,中尾 あづき,AZUKI NAKAO,AACC,トライアウトB,2024-12-15,https://www.shooto-mma.com/fighters/?id=1731,"NO (numeric id only, confirmed across all 27 weight-class listing pages + all=1 full listing; consistent with PR #234)",azuki-nakao,,,
1199,中川 マイケル,MICHAEL NAKAGAWA,Gracie Techinics,ストロー級 [ -52.2 Kg ]B,2019-09-22,https://www.shooto-mma.com/fighters/?id=1199,"NO (numeric id only, confirmed across all 27 weight-class listing pages + all=1 full listing; consistent with PR #234)",michael-nakagawa,,,
1254,中桐 涼輔,RYOSUKE NAKAGIRI,トイカツ道場,バンタム級 [ -61.2 Kg ]B,2022-04-03,https://www.shooto-mma.com/fighters/?id=1254,"NO (numeric id only, confirmed across all 27 weight-class listing pages + all=1 full listing; consistent with PR #234)",ryosuke-nakagiri,,,
597,中澤 伸悟,Shingo Nakazawa,パラエストラ大阪,フェザー級 [ -65.8 Kg ]B,2013-04-07,https://www.shooto-mma.com/fighters/?id=597,"NO (numeric id only, confirmed across all 27 weight-class listing pages + all=1 full listing; consistent with PR #234)",shingo-nakazawa,,,
847,中島 邦男,Kunio Nakajima,,ライト級 [ -70.3 Kg ]B,2010-07-19,https://www.shooto-mma.com/fighters/?id=847,"NO (numeric id only, confirmed across all 27 weight-class listing pages + all=1 full listing; consistent with PR #234)",kunio-nakajima,,,
144,仲宗根 武蔵,Musashi Nakasone,Theパラエストラ沖縄,フライ級 [ -56.7 Kg ]B,2019-11-03,https://www.shooto-mma.com/fighters/?id=144,"NO (numeric id only, confirmed across all 27 weight-class listing pages + all=1 full listing; consistent with PR #234)",musashi-nakasone,,,
622,中田 一樹,Kazuki Nakata,KING GYM,フライ級 [ -56.7 Kg ]B,2012-12-09,https://www.shooto-mma.com/fighters/?id=622,"NO (numeric id only, confirmed across all 27 weight-class listing pages + all=1 full listing; consistent with PR #234)",kazuki-nakata,,,
1275,中田 大貴,HIROTAKA NAKADA,和術慧舟會HEARTS,アマチュア修斗B,,https://www.shooto-mma.com/fighters/?id=1275,"NO (numeric id only, confirmed across all 27 weight-class listing pages + all=1 full listing; consistent with PR #234)",hirotaka-nakada,,,
877,中西 裕一,Yuichi Nakanishi,,ミドル級 [ -83.9 Kg ]B,2002-05-28,https://www.shooto-mma.com/fighters/?id=877,"NO (numeric id only, confirmed across all 27 weight-class listing pages + all=1 full listing; consistent with PR #234)",yuichi-nakanishi,,,
1483,中野 剛貴,GOUKI NAKANO,NAUGHTY HOUSE,バンタム級 [ -61.2 Kg ]B,2026-03-29,https://www.shooto-mma.com/fighters/?id=1483,"NO (numeric id only, confirmed across all 27 weight-class listing pages + all=1 full listing; consistent with PR #234)",gouki-nakano,,,
1654,中納 佑介,YUSUKE NAKANOU,9+nineplus lab.,Stand upB,2023-12-17,https://www.shooto-mma.com/fighters/?id=1654,"NO (numeric id only, confirmed across all 27 weight-class listing pages + all=1 full listing; consistent with PR #234)",yusuke-nakanou,,,
1686,中坊 一,HAJIME NAKABO,心技館,キッズ・ジュニア修斗B,2025-09-02,https://www.shooto-mma.com/fighters/?id=1686,"NO (numeric id only, confirmed across all 27 weight-class listing pages + all=1 full listing; consistent with PR #234)",hajime-nakabo,,,
1545,中村 修平,SHUHEI NAKAMURA,リバーサルジム東京スタンドアウト,フェザー級 [ -65.8 Kg ]B,2023-04-09,https://www.shooto-mma.com/fighters/?id=1545,"NO (numeric id only, confirmed across all 27 weight-class listing pages + all=1 full listing; consistent with PR #234)",shuhei-nakamura,,,
299,中村 憲輔,Kensuke Nakamura,和術慧舟會A-3,フェザー級 [ -65.8 Kg ]B,2011-08-06,https://www.shooto-mma.com/fighters/?id=299,"NO (numeric id only, confirmed across all 27 weight-class listing pages + all=1 full listing; consistent with PR #234)",kensuke-nakamura,,,
1347,中村 倫也,RINYA NAKAMURA,LDH martial arts,バンタム級 [ -61.2 Kg ]B,2022-01-16,https://www.shooto-mma.com/fighters/?id=1347,"NO (numeric id only, confirmed across all 27 weight-class listing pages + all=1 full listing; consistent with PR #234)",rinya-nakamura,nakamura-rinya,,
939,中村 大介,Daisuke Nakamura,夕月堂本舗,ライト級 [ -70.3 Kg ]B,2015-09-13,https://www.shooto-mma.com/fighters/?id=939,"NO (numeric id only, confirmed across all 27 weight-class listing pages + all=1 full listing; consistent with PR #234)",daisuke-nakamura,nakamura-daisuke,,
940,中村 優作,Yusaku Nakamura,TEAM FAUST,フライ級 [ -56.7 Kg ]B,2026-03-29,https://www.shooto-mma.com/fighters/?id=940,"NO (numeric id only, confirmed across all 27 weight-class listing pages + all=1 full listing; consistent with PR #234)",yusaku-nakamura,nakamura-yusaku,,YES
1274,中村 未来,MIKU NAKAMURA,マルスジム,女子アトム級 [ -47.6 Kg ]B,2026-07-20,https://www.shooto-mma.com/fighters/?id=1274,"NO (numeric id only, confirmed across all 27 weight-class listing pages + all=1 full listing; consistent with PR #234)",miku-nakamura,,YES,
221,中本 龍平,Ryuhei Nakamoto,MMA修斗ジム BLOWS,バンタム級 [ -61.2 Kg ]B,2017-06-25,https://www.shooto-mma.com/fighters/?id=221,"NO (numeric id only, confirmed across all 27 weight-class listing pages + all=1 full listing; consistent with PR #234)",ryuhei-nakamoto,,,
300,仲山 貴志,Takashi Nakayama,総合格闘技津田沼道場,フェザー級 [ -65.8 Kg ]B,2021-07-25,https://www.shooto-mma.com/fighters/?id=300,"NO (numeric id only, confirmed across all 27 weight-class listing pages + all=1 full listing; consistent with PR #234)",takashi-nakayama,,,
301,中山 浩彰,Hiroaki Nakayama,パラエストラ広島,フェザー級 [ -65.8 Kg ]B,2014-05-25,https://www.shooto-mma.com/fighters/?id=301,"NO (numeric id only, confirmed across all 27 weight-class listing pages + all=1 full listing; consistent with PR #234)",hiroaki-nakayama,,,
75,中山 勉,Tsutomu Nakayama,パラエストラ綾瀬,ストロー級 [ -52.2 Kg ]B,2015-04-18,https://www.shooto-mma.com/fighters/?id=75,"NO (numeric id only, confirmed across all 27 weight-class listing pages + all=1 full listing; consistent with PR #234)",tsutomu-nakayama,,,
1158,中山 慎平,Shinpei Nakayama,roots,フェザー級 [ -65.8 Kg ]B,2018-12-15,https://www.shooto-mma.com/fighters/?id=1158,"NO (numeric id only, confirmed across all 27 weight-class listing pages + all=1 full listing; consistent with PR #234)",shinpei-nakayama,,,
1180,中山 陽心,Haruto Nakayama,心技館,キッズ・ジュニア修斗B,2019-01-27,https://www.shooto-mma.com/fighters/?id=1180,"NO (numeric id only, confirmed across all 27 weight-class listing pages + all=1 full listing; consistent with PR #234)",haruto-nakayama,,,
1478,中山 流歌,LUCA NAKAYAMA,総合格闘技道場STF,キッズ・ジュニア修斗B,2022-07-17,https://www.shooto-mma.com/fighters/?id=1478,"NO (numeric id only, confirmed across all 27 weight-class listing pages + all=1 full listing; consistent with PR #234)",luca-nakayama,,,
762,中山 徹,Toru Nakayama,,ウェルター級 [ -77.1 Kg ]B,2002-03-13,https://www.shooto-mma.com/fighters/?id=762,"NO (numeric id only, confirmed across all 27 weight-class listing pages + all=1 full listing; consistent with PR #234)",toru-nakayama,,,
1548,永井 奏多,KANATA NAGAI,TRIBE TOKYO M.M.A,バンタム級 [ -61.2 Kg ]B,2025-09-21,https://www.shooto-mma.com/fighters/?id=1548,"NO (numeric id only, confirmed across all 27 weight-class listing pages + all=1 full listing; consistent with PR #234)",kanata-nagai,nagai-kanata,,YES
143,永井 美自戒,Mijikai Nagai,総合格闘技道場コブラ会,フライ級 [ -56.7 Kg ]B,2022-04-24,https://www.shooto-mma.com/fighters/?id=143,"NO (numeric id only, confirmed across all 27 weight-class listing pages + all=1 full listing; consistent with PR #234)",mijikai-nagai,,,
1297,永尾 音波,OTOHA NAGAO,AACC,女子B,2022-07-17,https://www.shooto-mma.com/fighters/?id=1297,"NO (numeric id only, confirmed across all 27 weight-class listing pages + all=1 full listing; consistent with PR #234)",otoha-nagao,,,
465,永添 潤,Jun Nagasoe,,フライ級 [ -56.7 Kg ]B,2009-10-18,https://www.shooto-mma.com/fighters/?id=465,"NO (numeric id only, confirmed across all 27 weight-class listing pages + all=1 full listing; consistent with PR #234)",jun-nagasoe,,,
406,長田 拓也,Takuya Nagata,BLOWS,ライト級 [ -70.3 Kg ]B,2022-07-03,https://www.shooto-mma.com/fighters/?id=406,"NO (numeric id only, confirmed across all 27 weight-class listing pages + all=1 full listing; consistent with PR #234)",takuya-nagata,,,
978,NACHI,,ERUPT,女子アトム級 [ -47.6 Kg ]B,2014-10-04,https://www.shooto-mma.com/fighters/?id=978,"NO (numeric id only, confirmed across all 27 weight-class listing pages + all=1 full listing; consistent with PR #234)",,,,
1338,鍋久保 雄太,YUYA NABEKUBO,修斗GYM東京,フライ級 [ -56.7 Kg ]B,2021-06-26,https://www.shooto-mma.com/fighters/?id=1338,"NO (numeric id only, confirmed across all 27 weight-class listing pages + all=1 full listing; consistent with PR #234)",yuya-nabekubo,,,
76,鍋島 潤,Jun Nabeshima,和術慧舟會東京道場,ストロー級 [ -52.2 Kg ]B,2015-01-25,https://www.shooto-mma.com/fighters/?id=76,"NO (numeric id only, confirmed across all 27 weight-class listing pages + all=1 full listing; consistent with PR #234)",jun-nabeshima,,,
1591,成尾 拓輝,HIROKI NARIO,究道会館,キックボクシングB,2023-12-17,https://www.shooto-mma.com/fighters/?id=1591,"NO (numeric id only, confirmed across all 27 weight-class listing pages + all=1 full listing; consistent with PR #234)",hiroki-nario,,,
871,南部 陽平,Yohei Nanbu,シューティングジム横浜,フェザー級 [ -65.8 Kg ]B,2002-11-03,https://www.shooto-mma.com/fighters/?id=871,"NO (numeric id only, confirmed across all 27 weight-class listing pages + all=1 full listing; consistent with PR #234)",yohei-nanbu,,,
885,新岡 勝明,Katsuaki Niioka,,ミドル級 [ -83.9 Kg ]B,2005-11-06,https://www.shooto-mma.com/fighters/?id=885,"NO (numeric id only, confirmed across all 27 weight-class listing pages + all=1 full listing; consistent with PR #234)",katsuaki-niioka,,,
558,新国 隆史,Takashi Niikuni,パラエストラ札幌,バンタム級 [ -61.2 Kg ]B,2011-10-16,https://www.shooto-mma.com/fighters/?id=558,"NO (numeric id only, confirmed across all 27 weight-class listing pages + all=1 full listing; consistent with PR #234)",takashi-niikuni,,,
222,仁牙 ヤスオ,Yasuo Niki,讃州四心会,バンタム級 [ -61.2 Kg ]B,2014-03-09,https://www.shooto-mma.com/fighters/?id=222,"NO (numeric id only, confirmed across all 27 weight-class listing pages + all=1 full listing; consistent with PR #234)",yasuo-niki,,,
1739,西尾 真輔,Shinsuke Nishio,総合格闘技宇留野道場,ライト級 [ -70.3 Kg ]B,2025-07-21,https://www.shooto-mma.com/fighters/?id=1739,"NO (numeric id only, confirmed across all 27 weight-class listing pages + all=1 full listing; consistent with PR #234)",shinsuke-nishio,nishio-shinsuke,,YES
1239,西岡 裕,YUTAKA NISHIOKA,パラエストラ千葉,バンタム級 [ -61.2 Kg ]B,2019-11-03,https://www.shooto-mma.com/fighters/?id=1239,"NO (numeric id only, confirmed across all 27 weight-class listing pages + all=1 full listing; consistent with PR #234)",yutaka-nishioka,,,
146,西後 SILDAN 祐樹,Yuki Nishigo,総合格闘技道場コブラ会,フライ級 [ -56.7 Kg ]B,2012-08-25,https://www.shooto-mma.com/fighters/?id=146,"NO (numeric id only, confirmed across all 27 weight-class listing pages + all=1 full listing; consistent with PR #234)",yuki-nishigo,,,
484,西澤 正樹,Masaki Nishizawa,,ストロー級 [ -52.2 Kg ]B,,https://www.shooto-mma.com/fighters/?id=484,"NO (numeric id only, confirmed across all 27 weight-class listing pages + all=1 full listing; consistent with PR #234)",masaki-nishizawa,,,
600,西野 英紀,Hideki Nishino,GUTSMAN,フェザー級 [ -65.8 Kg ]B,2010-07-04,https://www.shooto-mma.com/fighters/?id=600,"NO (numeric id only, confirmed across all 27 weight-class listing pages + all=1 full listing; consistent with PR #234)",hideki-nishino,,,
223,西村 大地,Daichi Nishimura,パラエストラ天満,フライ級 [ -56.7 Kg ]B,2026-04-26,https://www.shooto-mma.com/fighters/?id=223,"NO (numeric id only, confirmed across all 27 weight-class listing pages + all=1 full listing; consistent with PR #234)",daichi-nishimura,,,
888,沼 泰次,Yasuji Numa,V.T.L.,バンタム級 [ -61.2 Kg ]B,2004-03-04,https://www.shooto-mma.com/fighters/?id=888,"NO (numeric id only, confirmed across all 27 weight-class listing pages + all=1 full listing; consistent with PR #234)",yasuji-numa,,,
975,沼尻 和之,Kazuyuki Numajiri,マッハ道場,ライト級 [ -70.3 Kg ]B,2014-10-04,https://www.shooto-mma.com/fighters/?id=975,"NO (numeric id only, confirmed across all 27 weight-class listing pages + all=1 full listing; consistent with PR #234)",kazuyuki-numajiri,,,
224,沼尻 健,Takeshi Numajiri,AACC,バンタム級 [ -61.2 Kg ]B,2013-02-16,https://www.shooto-mma.com/fighters/?id=224,"NO (numeric id only, confirmed across all 27 weight-class listing pages + all=1 full listing; consistent with PR #234)",takeshi-numajiri,,,
1566,根井 博登,HIROTO NEI,THE BLACKBELT JAPAN,ストロー級 [ -52.2 Kg ]B,2024-10-20,https://www.shooto-mma.com/fighters/?id=1566,"NO (numeric id only, confirmed across all 27 weight-class listing pages + all=1 full listing; consistent with PR #234)",hiroto-nei,,,
1435,根井 真成美,MANAMI NEI,パラエストラ千葉,キッズ・ジュニア修斗B,2022-05-22,https://www.shooto-mma.com/fighters/?id=1435,"NO (numeric id only, confirmed across all 27 weight-class listing pages + all=1 full listing; consistent with PR #234)",manami-nei,,,
1623,ネイン デイネッシュ,NAIN DINESH,MASTER JAPAN FUKUOKA,ライト級 [ -70.3 Kg ]B,2026-06-28,https://www.shooto-mma.com/fighters/?id=1623,"NO (numeric id only, confirmed across all 27 weight-class listing pages + all=1 full listing; consistent with PR #234)",nain-dinesh,,YES,
302,農坂 Ninja 大昇,Hiroshi Nosaka,誠流会館,フェザー級 [ -65.8 Kg ]B,2011-03-21,https://www.shooto-mma.com/fighters/?id=302,"NO (numeric id only, confirmed across all 27 weight-class listing pages + all=1 full listing; consistent with PR #234)",hiroshi-nosaka,,,
1554,NOEL,NOEL,AACC,グラップリングB,2024-12-15,https://www.shooto-mma.com/fighters/?id=1554,"NO (numeric id only, confirmed across all 27 weight-class listing pages + all=1 full listing; consistent with PR #234)",noel,noel,,YES
1231,野澤 エディ,EDY NOZAWA,野澤道場,キッズ・ジュニア修斗B,2019-07-15,https://www.shooto-mma.com/fighters/?id=1231,"NO (numeric id only, confirmed across all 27 weight-class listing pages + all=1 full listing; consistent with PR #234)",edy-nozawa,,,
1185,野尻 定由,YASUYUKI NOJIRI,MASTER JAPAN FUKUOKA,バンタム級 [ -61.2 Kg ]B,2026-05-31,https://www.shooto-mma.com/fighters/?id=1185,"NO (numeric id only, confirmed across all 27 weight-class listing pages + all=1 full listing; consistent with PR #234)",yasuyuki-nojiri,,YES,
1141,野瀬 翔平,SHOHEI NOSE,MASTER JAPAN FUKUOKA,バンタム級 [ -61.2 Kg ]B,2026-06-28,https://www.shooto-mma.com/fighters/?id=1141,"NO (numeric id only, confirmed across all 27 weight-class listing pages + all=1 full listing; consistent with PR #234)",shohei-nose,nose-shohei,,YES
489,野中 公人,Kimihito Nonaka,,フェザー級 [ -65.8 Kg ]B,2003-02-23,https://www.shooto-mma.com/fighters/?id=489,"NO (numeric id only, confirmed across all 27 weight-class listing pages + all=1 full listing; consistent with PR #234)",kimihito-nonaka,,,
1225,NφB-force,NOB FORCE,毛利道場,バンタム級 [ -61.2 Kg ]B,2024-11-17,https://www.shooto-mma.com/fighters/?id=1225,"NO (numeric id only, confirmed across all 27 weight-class listing pages + all=1 full listing; consistent with PR #234)",nob-force,,,
621,呑谷 尚平,Shohei Nomitani,MMA修斗ジムBLOWS,フライ級 [ -56.7 Kg ]B,2014-04-27,https://www.shooto-mma.com/fighters/?id=621,"NO (numeric id only, confirmed across all 27 weight-class listing pages + all=1 full listing; consistent with PR #234)",shohei-nomitani,,,
1374,野村 駿太,SYUNTA NOMURA,BRAVE,ライト級 [ -70.3 Kg ]B,2021-11-06,https://www.shooto-mma.com/fighters/?id=1374,"NO (numeric id only, confirmed across all 27 weight-class listing pages + all=1 full listing; consistent with PR #234)",syunta-nomura,nomura-shunta,,
899,Nori,Nori,有永道場 Team Resolve,バンタム級 [ -61.2 Kg ]B,2018-07-01,https://www.shooto-mma.com/fighters/?id=899,"NO (numeric id only, confirmed across all 27 weight-class listing pages + all=1 full listing; consistent with PR #234)",nori,,,
1700,ハイライ ウーシャアモー,HAILAIWUSAMO,Team YFU,女子ストロー級B,2024-05-19,https://www.shooto-mma.com/fighters/?id=1700,"NO (numeric id only, confirmed across all 27 weight-class listing pages + all=1 full listing; consistent with PR #234)",hailaiwusamo,,YES,
527,ハウフ ローレン,Ralph Loren,,フライ級 [ -56.7 Kg ]B,2008-08-30,https://www.shooto-mma.com/fighters/?id=527,"NO (numeric id only, confirmed across all 27 weight-class listing pages + all=1 full listing; consistent with PR #234)",ralph-loren,,,
1303,南風原 吉良斗,KIRATO HAEBARA,THE BLACKBELT JAPAN,フェザー級 [ -65.8 Kg ]B,2025-06-22,https://www.shooto-mma.com/fighters/?id=1303,"NO (numeric id only, confirmed across all 27 weight-class listing pages + all=1 full listing; consistent with PR #234)",kirato-haebara,,,
1342,萩生田 真,MAKOTO HAGYUDA,トライデントジム,アマチュア修斗B,2021-06-26,https://www.shooto-mma.com/fighters/?id=1342,"NO (numeric id only, confirmed across all 27 weight-class listing pages + all=1 full listing; consistent with PR #234)",makoto-hagyuda,,,
755,橋本 平馬,Heima Hashimoto,パラエストラ東京,ライト級 [ -70.3 Kg ]B,2004-03-04,https://www.shooto-mma.com/fighters/?id=755,"NO (numeric id only, confirmed across all 27 weight-class listing pages + all=1 full listing; consistent with PR #234)",heima-hashimoto,,,
1560,蓮池 勇太,YUTA HASUIKE,飛翔塾,フライ級 [ -56.7 Kg ]B,2026-05-31,https://www.shooto-mma.com/fighters/?id=1560,"NO (numeric id only, confirmed across all 27 weight-class listing pages + all=1 full listing; consistent with PR #234)",yuta-hasuike,,,
1929,蓮沼 祐,TASUKU HASUNUMA,"リバーサルジム新宿Me,We",アマチュア修斗B,2026-04-11,https://www.shooto-mma.com/fighters/?id=1929,"NO (numeric id only, confirmed across all 27 weight-class listing pages + all=1 full listing; consistent with PR #234)",tasuku-hasunuma,,,
1118,長谷川 直弘,Naohiro Hasegawa,AACC,バンタム級 [ -61.2 Kg ]B,2018-10-26,https://www.shooto-mma.com/fighters/?id=1118,"NO (numeric id only, confirmed across all 27 weight-class listing pages + all=1 full listing; consistent with PR #234)",naohiro-hasegawa,,,
1137,長谷川 凌生,Ryousei Hasegawa,THE BLACKBELT JAPAN,キッズ・ジュニア修斗B,2025-09-02,https://www.shooto-mma.com/fighters/?id=1137,"NO (numeric id only, confirmed across all 27 weight-class listing pages + all=1 full listing; consistent with PR #234)",ryousei-hasegawa,,,
1302,畠山 隆称,RYUYA HATAKEYAMA,THE BLACKBELT JAPAN沖縄,ストロー級 [ -52.2 Kg ]B,2026-03-30,https://www.shooto-mma.com/fighters/?id=1302,"NO (numeric id only, confirmed across all 27 weight-class listing pages + all=1 full listing; consistent with PR #234)",ryuya-hatakeyama,,,
360,畠山 潤栄,Hatakeyama,パラエストラ綾瀬,ライト級 [ -70.3 Kg ]B,2016-10-29,https://www.shooto-mma.com/fighters/?id=360,"NO (numeric id only, confirmed across all 27 weight-class listing pages + all=1 full listing; consistent with PR #234)",hatakeyama,,,
1932,畑中 人龍,HIRYU HATANAKA,FIGHTER`S FLOW,アマチュア修斗B,2026-04-11,https://www.shooto-mma.com/fighters/?id=1932,"NO (numeric id only, confirmed across all 27 weight-class listing pages + all=1 full listing; consistent with PR #234)",hiryu-hatanaka,,,
1445,畑中 健太,KENTA HATANAKA,TEAM SPIRIT,キックボクシングB,2022-06-05,https://www.shooto-mma.com/fighters/?id=1445,"NO (numeric id only, confirmed across all 27 weight-class listing pages + all=1 full listing; consistent with PR #234)",kenta-hatanaka,,,
617,服部 謙一,Kenichi Hattori,NEX-SPORTS,ライト級 [ -70.3 Kg ]B,2011-10-02,https://www.shooto-mma.com/fighters/?id=617,"NO (numeric id only, confirmed across all 27 weight-class listing pages + all=1 full listing; consistent with PR #234)",kenichi-hattori,,,
225,服部 賢大,Kenta Hattori,修斗GYM神戸,バンタム級 [ -61.2 Kg ]B,2020-12-20,https://www.shooto-mma.com/fighters/?id=225,"NO (numeric id only, confirmed across all 27 weight-class listing pages + all=1 full listing; consistent with PR #234)",kenta-hattori,,,
863,花レメ TK 紋次郎,Monjiro Hanareme,総合格闘技道場コブラ会,バンタム級 [ -61.2 Kg ]B,2012-07-08,https://www.shooto-mma.com/fighters/?id=863,"NO (numeric id only, confirmed across all 27 weight-class listing pages + all=1 full listing; consistent with PR #234)",monjiro-hanareme,,,
557,HAMAJI,HAMAJI,Clube de Jiu-jitsu,バンタム級 [ -61.2 Kg ]B,2012-10-07,https://www.shooto-mma.com/fighters/?id=557,"NO (numeric id only, confirmed across all 27 weight-class listing pages + all=1 full listing; consistent with PR #234)",hamaji,,,
640,浜田 潤,Jun Hamada,,フライ級 [ -56.7 Kg ]B,2014-03-09,https://www.shooto-mma.com/fighters/?id=640,"NO (numeric id only, confirmed across all 27 weight-class listing pages + all=1 full listing; consistent with PR #234)",jun-hamada,,,
1402,浜松 ヤマト,YAMATO HAMAMATSU,T-GRIP TOKYO,フェザー級 [ -65.8 Kg ]B,2024-10-20,https://www.shooto-mma.com/fighters/?id=1402,"NO (numeric id only, confirmed across all 27 weight-class listing pages + all=1 full listing; consistent with PR #234)",yamato-hamamatsu,,,
227,早坂 俊明,Toshiaki Hayasaka,パラエストラ仙台,バンタム級 [ -61.2 Kg ]B,2015-02-11,https://www.shooto-mma.com/fighters/?id=227,"NO (numeric id only, confirmed across all 27 weight-class listing pages + all=1 full listing; consistent with PR #234)",toshiaki-hayasaka,,,
1895,林 美菜,MINA HAYASHI,FORWARD GYM,CKCB,2026-01-18,https://www.shooto-mma.com/fighters/?id=1895,"NO (numeric id only, confirmed across all 27 weight-class listing pages + all=1 full listing; consistent with PR #234)",mina-hayashi,,,
977,林 RICE 陽太,YOUTA HAYASHI,パラエストラ東大阪,ライト級 [ -70.3 Kg ]B,2020-12-20,https://www.shooto-mma.com/fighters/?id=977,"NO (numeric id only, confirmed across all 27 weight-class listing pages + all=1 full listing; consistent with PR #234)",youta-hayashi,,,
304,林崎 マニア 俊介,Shunsuke Hayashizaki,ノースキングスジム,フェザー級 [ -65.8 Kg ]B,2015-06-28,https://www.shooto-mma.com/fighters/?id=304,"NO (numeric id only, confirmed across all 27 weight-class listing pages + all=1 full listing; consistent with PR #234)",shunsuke-hayashizaki,,,
1589,HAYATO,HAYATO,CRAZY WOLF,キックボクシングB,2023-06-18,https://www.shooto-mma.com/fighters/?id=1589,"NO (numeric id only, confirmed across all 27 weight-class listing pages + all=1 full listing; consistent with PR #234)",hayato,,,
763,原 弘文,Hirofumi Hara,,ウェルター級 [ -77.1 Kg ]B,2002-05-28,https://www.shooto-mma.com/fighters/?id=763,"NO (numeric id only, confirmed across all 27 weight-class listing pages + all=1 full listing; consistent with PR #234)",hirofumi-hara,,,
303,原田 惟紘,Tadahiro Harada,パラエストラ北九州,フェザー級 [ -65.8 Kg ]B,2012-02-05,https://www.shooto-mma.com/fighters/?id=303,"NO (numeric id only, confirmed across all 27 weight-class listing pages + all=1 full listing; consistent with PR #234)",tadahiro-harada,,,
1188,原田 よき,Yoki Harada,赤崎道場A-SPIRIT,女子B,2023-08-20,https://www.shooto-mma.com/fighters/?id=1188,"NO (numeric id only, confirmed across all 27 weight-class listing pages + all=1 full listing; consistent with PR #234)",yoki-harada,,,
148,悠 輝平,Kohei Haruka,パラエストラ愛媛,フライ級 [ -56.7 Kg ]B,2015-12-23,https://www.shooto-mma.com/fighters/?id=148,"NO (numeric id only, confirmed across all 27 weight-class listing pages + all=1 full listing; consistent with PR #234)",kohei-haruka,,,
1439,ハワード 颯真,SOMA HAWARD,マルスジム,グラップリングB,2022-06-05,https://www.shooto-mma.com/fighters/?id=1439,"NO (numeric id only, confirmed across all 27 weight-class listing pages + all=1 full listing; consistent with PR #234)",soma-haward,,,
1037,ハンセン 玲雄,Reo Hansen,総合格闘技道場reliable,フェザー級 [ -65.8 Kg ]B,2019-09-22,https://www.shooto-mma.com/fighters/?id=1037,"NO (numeric id only, confirmed across all 27 weight-class listing pages + all=1 full listing; consistent with PR #234)",reo-hansen,,,
1414,HAMMER KATU,HAMMER KATU,有永道場 Team Resolve,フェザー級 [ -65.8 Kg ]B,2024-11-17,https://www.shooto-mma.com/fighters/?id=1414,"NO (numeric id only, confirmed across all 27 weight-class listing pages + all=1 full listing; consistent with PR #234)",hammer-katu,,,
1256,ハーレー,HARLEY,フリー,ウェルター級 [ -77.1 Kg ]B,2022-04-03,https://www.shooto-mma.com/fighters/?id=1256,"NO (numeric id only, confirmed across all 27 weight-class listing pages + all=1 full listing; consistent with PR #234)",harley,,,
1716,パク ボヒョン,BO HYUN PARK,WEST GYM,女子ストロー級B,2025-07-21,https://www.shooto-mma.com/fighters/?id=1716,"NO (numeric id only, confirmed across all 27 weight-class listing pages + all=1 full listing; consistent with PR #234)",bo-hyun-park,,YES,
1464,パク ソヨン,PARK SEO YOUNG,ROADジム・GUNSAN ROADジム,女子スーパーアトム級B,2024-12-15,https://www.shooto-mma.com/fighters/?id=1464,"NO (numeric id only, confirmed across all 27 weight-class listing pages + all=1 full listing; consistent with PR #234)",park-seo-young,,YES,
1704,ヒカル,HIKARU,柔術&MMAアカデミーG-face,フェザー級 [ -65.8 Kg ]B,2026-05-17,https://www.shooto-mma.com/fighters/?id=1704,"NO (numeric id only, confirmed across all 27 weight-class listing pages + all=1 full listing; consistent with PR #234)",hikaru,hikaru,,YES
77,樋口 サイコパス 将吾,Shogo Higuchi,修斗GYMS直心会,ストロー級 [ -52.2 Kg ]B,2015-12-23,https://www.shooto-mma.com/fighters/?id=77,"NO (numeric id only, confirmed across all 27 weight-class listing pages + all=1 full listing; consistent with PR #234)",shogo-higuchi,,,
770,飛田 拓人,Takuto Hida,,ライト級 [ -70.3 Kg ]B,2002-01-25,https://www.shooto-mma.com/fighters/?id=770,"NO (numeric id only, confirmed across all 27 weight-class listing pages + all=1 full listing; consistent with PR #234)",takuto-hida,,,
1322,一杉 芳樹,YOSHIKI HITOSUGI,駿東修闘クラブ,フライ級 [ -56.7 Kg ]B,2025-04-27,https://www.shooto-mma.com/fighters/?id=1322,"NO (numeric id only, confirmed across all 27 weight-class listing pages + all=1 full listing; consistent with PR #234)",yoshiki-hitosugi,,,
1658,人見 礼王,REO HITOMI,修斗GYM東京,バンタム級 [ -61.2 Kg ]B,2026-07-20,https://www.shooto-mma.com/fighters/?id=1658,"NO (numeric id only, confirmed across all 27 weight-class listing pages + all=1 full listing; consistent with PR #234)",reo-hitomi,,,
1122,日野 陽信,Hino,総合格闘技道場コブラ会,フェザー級 [ -65.8 Kg ]B,2019-05-12,https://www.shooto-mma.com/fighters/?id=1122,"NO (numeric id only, confirmed across all 27 weight-class listing pages + all=1 full listing; consistent with PR #234)",hino,,,
920,ヒヤマ NFC,NFC HIYAMA,NFC,女子アトム級 [ -47.6 Kg ]B,2026-01-18,https://www.shooto-mma.com/fighters/?id=920,"NO (numeric id only, confirmed across all 27 weight-class listing pages + all=1 full listing; consistent with PR #234)",nfc-hiyama,,,
1718,陽勇,HIYUU,TEAM3K,CKCB,2024-07-28,https://www.shooto-mma.com/fighters/?id=1718,"NO (numeric id only, confirmed across all 27 weight-class listing pages + all=1 full listing; consistent with PR #234)",hiyuu,,,
305,平川 智也,Tomoya Hirakawa,マスタージャパン,バンタム級 [ -61.2 Kg ]B,2025-10-11,https://www.shooto-mma.com/fighters/?id=305,"NO (numeric id only, confirmed across all 27 weight-class listing pages + all=1 full listing; consistent with PR #234)",tomoya-hirakawa,,,
1555,平澤 蒼唯,AOI HIRASAWA,AACC,キッズ・ジュニア修斗B,2023-04-09,https://www.shooto-mma.com/fighters/?id=1555,"NO (numeric id only, confirmed across all 27 weight-class listing pages + all=1 full listing; consistent with PR #234)",aoi-hirasawa,,,
1204,平澤 克明,KATSUAKI HIRASAWA,飛翔塾コンドル,フェザー級 [ -65.8 Kg ]B,2023-03-26,https://www.shooto-mma.com/fighters/?id=1204,"NO (numeric id only, confirmed across all 27 weight-class listing pages + all=1 full listing; consistent with PR #234)",katsuaki-hirasawa,,,
879,平瀬 龍彦,Tatsuhiko Hirase,パラエストラ加古川,ライト級 [ -70.3 Kg ]B,2012-07-08,https://www.shooto-mma.com/fighters/?id=879,"NO (numeric id only, confirmed across all 27 weight-class listing pages + all=1 full listing; consistent with PR #234)",tatsuhiko-hirase,,,
1627,平田 彩音,AYANE HIRATA,BURST,女子アトム級 [ -47.6 Kg ]B,2025-06-14,https://www.shooto-mma.com/fighters/?id=1627,"NO (numeric id only, confirmed across all 27 weight-class listing pages + all=1 full listing; consistent with PR #234)",ayane-hirata,,YES,
1437,平塚 亮介,RYOSUKE HIRATSUKA,大道塾札幌南支部,バンタム級 [ -61.2 Kg ]B,2022-06-05,https://www.shooto-mma.com/fighters/?id=1437,"NO (numeric id only, confirmed across all 27 weight-class listing pages + all=1 full listing; consistent with PR #234)",ryosuke-hiratsuka,,,
1329,平沼 ヤマト,YAMATO HIRANUMA,佐山道場,フェザー級 [ -65.8 Kg ]B,2021-05-16,https://www.shooto-mma.com/fighters/?id=1329,"NO (numeric id only, confirmed across all 27 weight-class listing pages + all=1 full listing; consistent with PR #234)",yamato-hiranuma,,,
407,平山 尚樹,Naoki Hirayama,アカデミア・アーザ水道橋,ウェルター級 [ -77.1 Kg ]B,2009-04-10,https://www.shooto-mma.com/fighters/?id=407,"NO (numeric id only, confirmed across all 27 weight-class listing pages + all=1 full listing; consistent with PR #234)",naoki-hirayama,,,
490,昼間 樹,Itsuki Hiruma,,ストロー級 [ -52.2 Kg ]B,2012-10-07,https://www.shooto-mma.com/fighters/?id=490,"NO (numeric id only, confirmed across all 27 weight-class listing pages + all=1 full listing; consistent with PR #234)",itsuki-hiruma,,,
442,HIRO,HIRO,総合格闘技道場STF,フライ級 [ -56.7 Kg ]B,2005-10-28,https://www.shooto-mma.com/fighters/?id=442,"NO (numeric id only, confirmed across all 27 weight-class listing pages + all=1 full listing; consistent with PR #234)",hiro,,,
710,広川 健信,Kenshin Hirokawa,フリー,ライト級 [ -70.3 Kg ]B,2013-05-12,https://www.shooto-mma.com/fighters/?id=710,"NO (numeric id only, confirmed across all 27 weight-class listing pages + all=1 full listing; consistent with PR #234)",kenshin-hirokawa,,,
428,洋樹,HIROKI,格闘サークルOZ,ミドル級 [ -83.9 Kg ]B,2008-02-23,https://www.shooto-mma.com/fighters/?id=428,"NO (numeric id only, confirmed across all 27 weight-class listing pages + all=1 full listing; consistent with PR #234)",hiroki,,,
306,廣瀬 貴行,Takayuki Hirose,パラエストラ葛西,フェザー級 [ -65.8 Kg ]B,2010-06-27,https://www.shooto-mma.com/fighters/?id=306,"NO (numeric id only, confirmed across all 27 weight-class listing pages + all=1 full listing; consistent with PR #234)",takayuki-hirose,,,
1195,廣瀬 里美,SATOMI HIROSE,パラエストラ松戸,女子B,2019-11-24,https://www.shooto-mma.com/fighters/?id=1195,"NO (numeric id only, confirmed across all 27 weight-class listing pages + all=1 full listing; consistent with PR #234)",satomi-hirose,,,
713,pie☆rrot,pierrot,BURST,ライト級 [ -70.3 Kg ]B,2014-07-06,https://www.shooto-mma.com/fighters/?id=713,"NO (numeric id only, confirmed across all 27 weight-class listing pages + all=1 full listing; consistent with PR #234)",pierrot,,,
585,ファン チョンホ,Hwang Jung Ho,リョン・プロモーション,フェザー級 [ -65.8 Kg ]B,2016-06-19,https://www.shooto-mma.com/fighters/?id=585,"NO (numeric id only, confirmed across all 27 weight-class listing pages + all=1 full listing; consistent with PR #234)",hwang-jung-ho,,,
1229,ファン チャンファン,HWANG CHANG HWAN,TEAM FINISH・ROAD FC,バンタム級 [ -61.2 Kg ]B,2019-07-15,https://www.shooto-mma.com/fighters/?id=1229,"NO (numeric id only, confirmed across all 27 weight-class listing pages + all=1 full listing; consistent with PR #234)",hwang-chang-hwan,,,
361,フォアマン,Foreman,和術慧舟會東京道場,ライト級 [ -70.3 Kg ]B,2013-02-16,https://www.shooto-mma.com/fighters/?id=361,"NO (numeric id only, confirmed across all 27 weight-class listing pages + all=1 full listing; consistent with PR #234)",foreman,,,
1455,深見 弦汰,GENTA FUKAMI,赤崎道場A-SPIRIT,ライト級 [ -70.3 Kg ]B,2026-05-17,https://www.shooto-mma.com/fighters/?id=1455,"NO (numeric id only, confirmed across all 27 weight-class listing pages + all=1 full listing; consistent with PR #234)",genta-fukami,,,
228,福島 秀和,Hidekazu Fukushima,MMA 修斗ジム BLOWS,バンタム級 [ -61.2 Kg ]B,2013-08-25,https://www.shooto-mma.com/fighters/?id=228,"NO (numeric id only, confirmed across all 27 weight-class listing pages + all=1 full listing; consistent with PR #234)",hidekazu-fukushima,,,
1887,福田 侑飛,YUSHI FUKUDA,ロータス福岡古賀道場,ライト級 [ -70.3 Kg ]B,2026-05-17,https://www.shooto-mma.com/fighters/?id=1887,"NO (numeric id only, confirmed across all 27 weight-class listing pages + all=1 full listing; consistent with PR #234)",yushi-fukuda,,,
149,福田 龍彌,Ryuya Fukuda,MIBURO,フライ級 [ -56.7 Kg ]B,2021-07-04,https://www.shooto-mma.com/fighters/?id=149,"NO (numeric id only, confirmed across all 27 weight-class listing pages + all=1 full listing; consistent with PR #234)",ryuya-fukuda,fukuda-ryuya,,
1128,福永 功,Isao Fukunaga,MMA Zジム,バンタム級 [ -61.2 Kg ]B,2019-04-07,https://www.shooto-mma.com/fighters/?id=1128,"NO (numeric id only, confirmed across all 27 weight-class listing pages + all=1 full listing; consistent with PR #234)",isao-fukunaga,,,
1467,福万 煌虎,FUKUMAN KID,BURST,キッズ・ジュニア修斗B,2025-04-20,https://www.shooto-mma.com/fighters/?id=1467,"NO (numeric id only, confirmed across all 27 weight-class listing pages + all=1 full listing; consistent with PR #234)",fukuman-kid,,,
1808,福元 大貴,DAIKI FUKUMOTO,リバーサルジム立川ALPHA,バンタム級 [ -61.2 Kg ]B,2026-04-11,https://www.shooto-mma.com/fighters/?id=1808,"NO (numeric id only, confirmed across all 27 weight-class listing pages + all=1 full listing; consistent with PR #234)",daiki-fukumoto,,,
678,福本 よう一,Yoichi Fukumoto,頂柔術,ライト級 [ -70.3 Kg ]B,2018-11-17,https://www.shooto-mma.com/fighters/?id=678,"NO (numeric id only, confirmed across all 27 weight-class listing pages + all=1 full listing; consistent with PR #234)",yoichi-fukumoto,,,
78,ふじい ☆ ペリー,Perry Fujii,BURST,ストロー級 [ -52.2 Kg ]B,2026-07-12,https://www.shooto-mma.com/fighters/?id=78,"NO (numeric id only, confirmed across all 27 weight-class listing pages + all=1 full listing; consistent with PR #234)",perry-fujii,,,
1148,藤井 伸樹,NOBUKI FUJII,ALLIANCE,バンタム級 [ -61.2 Kg ]B,2026-05-17,https://www.shooto-mma.com/fighters/?id=1148,"NO (numeric id only, confirmed across all 27 weight-class listing pages + all=1 full listing; consistent with PR #234)",nobuki-fujii,,YES,
362,藤石 義和,Yoshikazu Fujiishi,ピロクテテス新潟,ライト級 [ -70.3 Kg ]B,2015-09-21,https://www.shooto-mma.com/fighters/?id=362,"NO (numeric id only, confirmed across all 27 weight-class listing pages + all=1 full listing; consistent with PR #234)",yoshikazu-fujiishi,,,
972,藤岡 正義,Seigi Fujioka,シューティングジム大阪,フェザー級 [ -65.8 Kg ]B,2003-11-03,https://www.shooto-mma.com/fighters/?id=972,"NO (numeric id only, confirmed across all 27 weight-class listing pages + all=1 full listing; consistent with PR #234)",seigi-fujioka,,,
429,藤川 展康,Noriyasu Fujikawa,TEAMバナナ,ミドル級 [ -83.9 Kg ]B,,https://www.shooto-mma.com/fighters/?id=429,"NO (numeric id only, confirmed across all 27 weight-class listing pages + all=1 full listing; consistent with PR #234)",noriyasu-fujikawa,,,
473,藤川 翼,Tsubasa Fujikawa,PUREBRED福岡,ストロー級 [ -52.2 Kg ]B,2015-11-15,https://www.shooto-mma.com/fighters/?id=473,"NO (numeric id only, confirmed across all 27 weight-class listing pages + all=1 full listing; consistent with PR #234)",tsubasa-fujikawa,,,
229,藤川 智史,SATOSHI FUJIKAWA,総合格闘技道場ARMS,バンタム級 [ -61.2 Kg ]B,2026-05-24,https://www.shooto-mma.com/fighters/?id=229,"NO (numeric id only, confirmed across all 27 weight-class listing pages + all=1 full listing; consistent with PR #234)",satoshi-fujikawa,,,
1055,藤木 龍一郎,Ryuichiro Fujiki,和術慧舟會AKZA,フェザー級 [ -65.8 Kg ]B,2026-04-05,https://www.shooto-mma.com/fighters/?id=1055,"NO (numeric id only, confirmed across all 27 weight-class listing pages + all=1 full listing; consistent with PR #234)",ryuichiro-fujiki,,,
1028,藤島 崇志,Takashi Fujishima,R-BLOOD,ライト級 [ -70.3 Kg ]B,2016-09-19,https://www.shooto-mma.com/fighters/?id=1028,"NO (numeric id only, confirmed across all 27 weight-class listing pages + all=1 full listing; consistent with PR #234)",takashi-fujishima,,,
1547,藤田 ムネノリ,MUNENORI FUJITA,SUBMIT MMA,バンタム級 [ -61.2 Kg ]B,2026-07-13,https://www.shooto-mma.com/fighters/?id=1547,"NO (numeric id only, confirmed across all 27 weight-class listing pages + all=1 full listing; consistent with PR #234)",munenori-fujita,,,
1041,藤田 健吾,Kengo Fujita,総合格闘技reliable,フライ級 [ -56.7 Kg ]B,2018-02-24,https://www.shooto-mma.com/fighters/?id=1041,"NO (numeric id only, confirmed across all 27 weight-class listing pages + all=1 full listing; consistent with PR #234)",kengo-fujita,,,
307,藤田 ブロディ,Brody Fujita,パラエストラ松戸,フェザー級 [ -65.8 Kg ]B,2014-12-21,https://www.shooto-mma.com/fighters/?id=307,"NO (numeric id only, confirmed across all 27 weight-class listing pages + all=1 full listing; consistent with PR #234)",brody-fujita,,,
1156,藤田 寛士,Okito Fujita,坂口道場一族,キッズ・ジュニア修斗B,2018-11-17,https://www.shooto-mma.com/fighters/?id=1156,"NO (numeric id only, confirmed across all 27 weight-class listing pages + all=1 full listing; consistent with PR #234)",okito-fujita,,,
150,藤田 ケオン 寿大,Kazuki Fujita,AACC,フライ級 [ -56.7 Kg ]B,2016-12-18,https://www.shooto-mma.com/fighters/?id=150,"NO (numeric id only, confirmed across all 27 weight-class listing pages + all=1 full listing; consistent with PR #234)",kazuki-fujita,,,
151,藤田 成保,Nariyasu Fujita,T-Pleasure,フライ級 [ -56.7 Kg ]B,2016-11-06,https://www.shooto-mma.com/fighters/?id=151,"NO (numeric id only, confirmed across all 27 weight-class listing pages + all=1 full listing; consistent with PR #234)",nariyasu-fujita,,,
938,藤田 豊成,Toyonari Fujita,新格闘プロレス,ミドル級 [ -83.9 Kg ]B,,https://www.shooto-mma.com/fighters/?id=938,"NO (numeric id only, confirmed across all 27 weight-class listing pages + all=1 full listing; consistent with PR #234)",toyonari-fujita,,,
504,藤田 義弘,Yoshihiro Fujita,,バンタム級 [ -61.2 Kg ]B,2003-06-27,https://www.shooto-mma.com/fighters/?id=504,"NO (numeric id only, confirmed across all 27 weight-class listing pages + all=1 full listing; consistent with PR #234)",yoshihiro-fujita,,,
230,藤中 淳司,Atsushi Fujinaka,シューティングジム大阪,バンタム級 [ -61.2 Kg ]B,2016-11-13,https://www.shooto-mma.com/fighters/?id=230,"NO (numeric id only, confirmed across all 27 weight-class listing pages + all=1 full listing; consistent with PR #234)",atsushi-fujinaka,,,
1583,藤野 恵実,EMI FUJINO,JAPAN TOP TEAM,女子ストロー級B,2026-01-18,https://www.shooto-mma.com/fighters/?id=1583,"NO (numeric id only, confirmed across all 27 weight-class listing pages + all=1 full listing; consistent with PR #234)",emi-fujino,,YES,
1205,藤野 康弘,YASUHIRO FUJINO,パラエストラTB,フェザー級 [ -65.8 Kg ]B,2020-01-19,https://www.shooto-mma.com/fighters/?id=1205,"NO (numeric id only, confirmed across all 27 weight-class listing pages + all=1 full listing; consistent with PR #234)",yasuhiro-fujino,,,
1590,FUJIMON♡,FUJIMON,亀岡キックボクシングジム,キックボクシングB,2023-06-18,https://www.shooto-mma.com/fighters/?id=1590,"NO (numeric id only, confirmed across all 27 weight-class listing pages + all=1 full listing; consistent with PR #234)",fujimon,,,
693,藤原 敬典,Keisuke Fujiwara,秋本道場 Jungle Junction,バンタム級 [ -61.2 Kg ]B,2016-11-12,https://www.shooto-mma.com/fighters/?id=693,"NO (numeric id only, confirmed across all 27 weight-class listing pages + all=1 full listing; consistent with PR #234)",keisuke-fujiwara,,,
430,古川 ジュウザ 誠史,Seiji Furukawa,相補体術,ミドル級 [ -83.9 Kg ]B,2007-03-04,https://www.shooto-mma.com/fighters/?id=430,"NO (numeric id only, confirmed across all 27 weight-class listing pages + all=1 full listing; consistent with PR #234)",seiji-furukawa,,,
960,古澤 みゆき,Miyuki Furusawa,BURST,女子スーパーアトム級B,2020-12-20,https://www.shooto-mma.com/fighters/?id=960,"NO (numeric id only, confirmed across all 27 weight-class listing pages + all=1 full listing; consistent with PR #234)",miyuki-furusawa,,,
626,別所 竜也,Tatsuya Bessho,アンドレイオス,バンタム級 [ -61.2 Kg ]B,2019-09-22,https://www.shooto-mma.com/fighters/?id=626,"NO (numeric id only, confirmed across all 27 weight-class listing pages + all=1 full listing; consistent with PR #234)",tatsuya-bessho,,,
882,別府 セブン,Seven Beppu,総合格闘技道場コブラ会,ライト級 [ -70.3 Kg ]B,2011-04-03,https://www.shooto-mma.com/fighters/?id=882,"NO (numeric id only, confirmed across all 27 weight-class listing pages + all=1 full listing; consistent with PR #234)",seven-beppu,,,
1637,ホ ジュギョン,HEO KYUNG,TEAM J,女子B,2026-01-18,https://www.shooto-mma.com/fighters/?id=1637,"NO (numeric id only, confirmed across all 27 weight-class listing pages + all=1 full listing; consistent with PR #234)",heo-kyung,,,
1042,ほしの ゆたか,Yutaka Hoshino,和術慧舟會HEARTS,フェザー級 [ -65.8 Kg ]B,2019-03-24,https://www.shooto-mma.com/fighters/?id=1042,"NO (numeric id only, confirmed across all 27 weight-class listing pages + all=1 full listing; consistent with PR #234)",yutaka-hoshino,,,
363,星野 大介,Daisuke Hoshino,総合格闘技津田沼道場,ライト級 [ -70.3 Kg ]B,2018-11-17,https://www.shooto-mma.com/fighters/?id=363,"NO (numeric id only, confirmed across all 27 weight-class listing pages + all=1 full listing; consistent with PR #234)",daisuke-hoshino,,,
1319,宝珠山 桃花,MOMOKA HOSHUYAMA,赤崎道場A-SPIRIT,女子ストロー級B,2026-05-17,https://www.shooto-mma.com/fighters/?id=1319,"NO (numeric id only, confirmed across all 27 weight-class listing pages + all=1 full listing; consistent with PR #234)",momoka-hoshuyama,,YES,
526,細井 鷹飛呂,Takahiro Hosoi,,バンタム級 [ -61.2 Kg ]B,2013-06-08,https://www.shooto-mma.com/fighters/?id=526,"NO (numeric id only, confirmed across all 27 weight-class listing pages + all=1 full listing; consistent with PR #234)",takahiro-hosoi,,,
522,細谷 健二,Kenji Hosoya,和術慧舟會東京本部,フライ級 [ -56.7 Kg ]B,2009-09-20,https://www.shooto-mma.com/fighters/?id=522,"NO (numeric id only, confirmed across all 27 weight-class listing pages + all=1 full listing; consistent with PR #234)",kenji-hosoya,,,
1612,堀内 佑馬,YUMA HORIUCHI,タンタンファイトクラブ／チーム・オオヤマ,バンタム級 [ -61.2 Kg ]B,2025-05-18,https://www.shooto-mma.com/fighters/?id=1612,"NO (numeric id only, confirmed across all 27 weight-class listing pages + all=1 full listing; consistent with PR #234)",yuma-horiuchi,,,
153,堀川 55 滉介,KOSUKE HORIKAWA,TEAM一領具足,フライ級 [ -56.7 Kg ]B,2024-09-08,https://www.shooto-mma.com/fighters/?id=153,"NO (numeric id only, confirmed across all 27 weight-class listing pages + all=1 full listing; consistent with PR #234)",kosuke-horikawa,,,
154,堀川 裕太,Yuta Horikawa,9's MMA,フライ級 [ -56.7 Kg ]B,2014-11-09,https://www.shooto-mma.com/fighters/?id=154,"NO (numeric id only, confirmed across all 27 weight-class listing pages + all=1 full listing; consistent with PR #234)",yuta-horikawa,,,
1697,ホワーン ユエロァ,HUANGYUELE,,フェザー級 [ -65.8 Kg ]B,,https://www.shooto-mma.com/fighters/?id=1697,"NO (numeric id only, confirmed across all 27 weight-class listing pages + all=1 full listing; consistent with PR #234)",huangyuele,,,
1138,本郷 竣士,Shunji Hongou,心技館,キッズ・ジュニア修斗B,2018-03-25,https://www.shooto-mma.com/fighters/?id=1138,"NO (numeric id only, confirmed across all 27 weight-class listing pages + all=1 full listing; consistent with PR #234)",shunji-hongou,,,
1365,本多 弥彦 直樹,NAOKI HONDA,SAI-GYM,アマチュア修斗B,2025-08-31,https://www.shooto-mma.com/fighters/?id=1365,"NO (numeric id only, confirmed across all 27 weight-class listing pages + all=1 full listing; consistent with PR #234)",naoki-honda,,,
518,本間 祐輔,Yusuke Honma,パラエストラ札幌,フライ級 [ -56.7 Kg ]B,2010-12-18,https://www.shooto-mma.com/fighters/?id=518,"NO (numeric id only, confirmed across all 27 weight-class listing pages + all=1 full listing; consistent with PR #234)",yusuke-honma,,,
1944,ホーキ コンセイソン,,Revira Black Team,フライ級 [ -56.7 Kg ]B,,https://www.shooto-mma.com/fighters/?id=1944,"NO (numeric id only, confirmed across all 27 weight-class listing pages + all=1 full listing; consistent with PR #234)",,,,
579,MIKE,MIKE,AACC,ライト級 [ -70.3 Kg ]B,2011-04-29,https://www.shooto-mma.com/fighters/?id=579,"NO (numeric id only, confirmed across all 27 weight-class listing pages + all=1 full listing; consistent with PR #234)",mike,,,
511,マイク ハヤカワ,Mike Hayakawa,シューティングジム大阪,バンタム級 [ -61.2 Kg ]B,2010-02-21,https://www.shooto-mma.com/fighters/?id=511,"NO (numeric id only, confirmed across all 27 weight-class listing pages + all=1 full listing; consistent with PR #234)",mike-hayakawa,,,
37,マイコン ヴィリアン,Maicon William,ノックアウチ・ファイト,フライ級 [ -56.7 Kg ]B,2008-11-29,https://www.shooto-mma.com/fighters/?id=37,"NO (numeric id only, confirmed across all 27 weight-class listing pages + all=1 full listing; consistent with PR #234)",maicon-william,,,
1101,前川 大輔,Daisuke Maekawa,総合格闘技道場コブラ会,バンタム級 [ -61.2 Kg ]B,2023-12-17,https://www.shooto-mma.com/fighters/?id=1101,"NO (numeric id only, confirmed across all 27 weight-class listing pages + all=1 full listing; consistent with PR #234)",daisuke-maekawa,,,
308,前口 緑一色,Ryuiso Maeguchi,NASCER DO SOL,フェザー級 [ -65.8 Kg ]B,2016-11-13,https://www.shooto-mma.com/fighters/?id=308,"NO (numeric id only, confirmed across all 27 weight-class listing pages + all=1 full listing; consistent with PR #234)",ryuiso-maeguchi,,,
1573,前澤 智,TOMO MAESAWA,リバーサルジム東京スタンドアウト,グラップリングB,2026-05-17,https://www.shooto-mma.com/fighters/?id=1573,"NO (numeric id only, confirmed across all 27 weight-class listing pages + all=1 full listing; consistent with PR #234)",tomo-maesawa,,,
1544,前田 壮吉,SOKICHI MAEDA,リバーサルジム横浜グランドスラム,フライ級 [ -56.7 Kg ]B,2024-03-02,https://www.shooto-mma.com/fighters/?id=1544,"NO (numeric id only, confirmed across all 27 weight-class listing pages + all=1 full listing; consistent with PR #234)",sokichi-maeda,,,
884,前田 健太郎,Kentaro Maeda,,ウェルター級 [ -77.1 Kg ]B,2005-02-06,https://www.shooto-mma.com/fighters/?id=884,"NO (numeric id only, confirmed across all 27 weight-class listing pages + all=1 full listing; consistent with PR #234)",kentaro-maeda,,,
231,前田 貴史,Takashi Maeda,修斗GYM東京,バンタム級 [ -61.2 Kg ]B,2015-11-01,https://www.shooto-mma.com/fighters/?id=231,"NO (numeric id only, confirmed across all 27 weight-class listing pages + all=1 full listing; consistent with PR #234)",takashi-maeda,,,
79,前山 哲兵,Teppei Maeyama,AACC,ストロー級 [ -52.2 Kg ]B,2016-03-21,https://www.shooto-mma.com/fighters/?id=79,"NO (numeric id only, confirmed across all 27 weight-class listing pages + all=1 full listing; consistent with PR #234)",teppei-maeyama,,,
80,牧ヶ谷 篤,Atsushi Makigaya,和術慧舟會群馬支部,ストロー級 [ -52.2 Kg ]B,2025-05-18,https://www.shooto-mma.com/fighters/?id=80,"NO (numeric id only, confirmed across all 27 weight-class listing pages + all=1 full listing; consistent with PR #234)",atsushi-makigaya,,,
81,蒔田 Gandhi 伸吾,Shingo Makita,TKエスペランサ,ストロー級 [ -52.2 Kg ]B,2026-12-31,https://www.shooto-mma.com/fighters/?id=81,"NO (numeric id only, confirmed across all 27 weight-class listing pages + all=1 full listing; consistent with PR #234)",shingo-makita,,,
1945,マコア クーパー,,Tribe Of Judah,ウェルター級 [ -77.1 Kg ]B,2026-04-19,https://www.shooto-mma.com/fighters/?id=1945,"NO (numeric id only, confirmed across all 27 weight-class listing pages + all=1 full listing; consistent with PR #234)",,,,
569,マサト,Masato,フリー,フライ級 [ -56.7 Kg ]B,,https://www.shooto-mma.com/fighters/?id=569,"NO (numeric id only, confirmed across all 27 weight-class listing pages + all=1 full listing; consistent with PR #234)",masato,,,
309,摩嶋 一整,Kazumasa Mashima,毛利道場,フェザー級 [ -65.8 Kg ]B,2018-07-01,https://www.shooto-mma.com/fighters/?id=309,"NO (numeric id only, confirmed across all 27 weight-class listing pages + all=1 full listing; consistent with PR #234)",kazumasa-mashima,majima-kazumasa,,
1889,摩嶋 晶,AKIRA MAJIMA,毛利道場,女子フライ級B,2025-12-07,https://www.shooto-mma.com/fighters/?id=1889,"NO (numeric id only, confirmed across all 27 weight-class listing pages + all=1 full listing; consistent with PR #234)",akira-majima,,,
1551,増田 比呂斗,HIROTO MASUDA,マスタージャパン東京,ストロー級 [ -52.2 Kg ]B,2023-04-09,https://www.shooto-mma.com/fighters/?id=1551,"NO (numeric id only, confirmed across all 27 weight-class listing pages + all=1 full listing; consistent with PR #234)",hiroto-masuda,,,
408,増田 嘉晃,Yashiaki Masuda,パラエストラ大阪,ウェルター級 [ -77.1 Kg ]B,2010-10-24,https://www.shooto-mma.com/fighters/?id=408,"NO (numeric id only, confirmed across all 27 weight-class listing pages + all=1 full listing; consistent with PR #234)",yashiaki-masuda,,,
155,増田 恭介,Kyosuke Masuda,総合格闘技ゴンズジム,フライ級 [ -56.7 Kg ]B,2018-09-30,https://www.shooto-mma.com/fighters/?id=155,"NO (numeric id only, confirmed across all 27 weight-class listing pages + all=1 full listing; consistent with PR #234)",kyosuke-masuda,,,
458,増田 BULL 徹平,Teppei Masuda,,ストロー級 [ -52.2 Kg ]B,2010-12-26,https://www.shooto-mma.com/fighters/?id=458,"NO (numeric id only, confirmed across all 27 weight-class listing pages + all=1 full listing; consistent with PR #234)",teppei-masuda,,,
1126,マックス レアリ,Max,Versus Performance,バンタム級 [ -61.2 Kg ]B,2018-02-24,https://www.shooto-mma.com/fighters/?id=1126,"NO (numeric id only, confirmed across all 27 weight-class listing pages + all=1 full listing; consistent with PR #234)",max,,,
1460,松井 大樹,DAIKI MATSUI,MEIBUKAI,新空手道連盟B,2022-07-03,https://www.shooto-mma.com/fighters/?id=1460,"NO (numeric id only, confirmed across all 27 weight-class listing pages + all=1 full listing; consistent with PR #234)",daiki-matsui,,,
1209,松尾 晃弥,KOUYA MATSUO,BURST,キッズ・ジュニア修斗B,2023-04-16,https://www.shooto-mma.com/fighters/?id=1209,"NO (numeric id only, confirmed across all 27 weight-class listing pages + all=1 full listing; consistent with PR #234)",kouya-matsuo,,,
1714,松岡 拓,TAKU MATSUOKA,OOTA DOJO,フェザー級 [ -65.8 Kg ]B,2024-10-20,https://www.shooto-mma.com/fighters/?id=1714,"NO (numeric id only, confirmed across all 27 weight-class listing pages + all=1 full listing; consistent with PR #234)",taku-matsuoka,,,
1674,松川 瑛大,EITA MATSUKAWA,HAGANE GYM,キッズ・ジュニア修斗B,2024-03-23,https://www.shooto-mma.com/fighters/?id=1674,"NO (numeric id only, confirmed across all 27 weight-class listing pages + all=1 full listing; consistent with PR #234)",eita-matsukawa,,,
431,松木 睦,Atsushi Matsuki,ノースキングスジム,ミドル級 [ -83.9 Kg ]B,,https://www.shooto-mma.com/fighters/?id=431,"NO (numeric id only, confirmed across all 27 weight-class listing pages + all=1 full listing; consistent with PR #234)",atsushi-matsuki,,,
684,松下 直揮,Naoki Matsushita,,ライト級 [ -70.3 Kg ]B,2003-09-21,https://www.shooto-mma.com/fighters/?id=684,"NO (numeric id only, confirmed across all 27 weight-class listing pages + all=1 full listing; consistent with PR #234)",naoki-matsushita,,,
232,松下 祐介,Yusuke Matsushita,パラエストラTB,バンタム級 [ -61.2 Kg ]B,2026-07-20,https://www.shooto-mma.com/fighters/?id=232,"NO (numeric id only, confirmed across all 27 weight-class listing pages + all=1 full listing; consistent with PR #234)",yusuke-matsushita,,,
364,松嶋 こよみ,Koyomi Matsushima,AACC,ライト級 [ -70.3 Kg ]B,2015-12-20,https://www.shooto-mma.com/fighters/?id=364,"NO (numeric id only, confirmed across all 27 weight-class listing pages + all=1 full listing; consistent with PR #234)",koyomi-matsushima,matsushima-koyomi,,
1469,松根 浩人,HIROTO MATSUNE,THE BLACKBELT JAPAN,キッズ・ジュニア修斗B,2025-04-20,https://www.shooto-mma.com/fighters/?id=1469,"NO (numeric id only, confirmed across all 27 weight-class listing pages + all=1 full listing; consistent with PR #234)",hiroto-matsune,,,
156,松藤 裕晴,Hiroharu Matsufuji,和術慧舟會船橋道場,フライ級 [ -56.7 Kg ]B,2013-02-16,https://www.shooto-mma.com/fighters/?id=156,"NO (numeric id only, confirmed across all 27 weight-class listing pages + all=1 full listing; consistent with PR #234)",hiroharu-matsufuji,,,
1468,松村 祐紀,YUTO MATSUMURA,BURST,キッズ・ジュニア修斗B,2022-07-03,https://www.shooto-mma.com/fighters/?id=1468,"NO (numeric id only, confirmed across all 27 weight-class listing pages + all=1 full listing; consistent with PR #234)",yuto-matsumura,,,
771,松本 光央,Mitsuo Matsumoto,,ライト級 [ -70.3 Kg ]B,2002-03-13,https://www.shooto-mma.com/fighters/?id=771,"NO (numeric id only, confirmed across all 27 weight-class listing pages + all=1 full listing; consistent with PR #234)",mitsuo-matsumoto,,,
599,松本 大輔,Daisuke Matsumoto,PUREBRED京都,フェザー級 [ -65.8 Kg ]B,2008-10-05,https://www.shooto-mma.com/fighters/?id=599,"NO (numeric id only, confirmed across all 27 weight-class listing pages + all=1 full listing; consistent with PR #234)",daisuke-matsumoto,,,
1462,松山 和弘,KAZUHIRO MATSUYAMA,ReBORN経堂,新空手道連盟B,2022-07-03,https://www.shooto-mma.com/fighters/?id=1462,"NO (numeric id only, confirmed across all 27 weight-class listing pages + all=1 full listing; consistent with PR #234)",kazuhiro-matsuyama,,,
82,馬渕 剣山,Kenzan Mabuchi,MMA Zジム,ストロー級 [ -52.2 Kg ]B,2015-04-12,https://www.shooto-mma.com/fighters/?id=82,"NO (numeric id only, confirmed across all 27 weight-class listing pages + all=1 full listing; consistent with PR #234)",kenzan-mabuchi,,,
703,間宮 晃仁,Akihito Mamiya,MARS GYM,ライト級 [ -70.3 Kg ]B,2016-12-18,https://www.shooto-mma.com/fighters/?id=703,"NO (numeric id only, confirmed across all 27 weight-class listing pages + all=1 full listing; consistent with PR #234)",akihito-mamiya,,,
1488,マル ザ ヘンペーソク,,MIBURO,フライ級 [ -56.7 Kg ]B,2023-04-23,https://www.shooto-mma.com/fighters/?id=1488,"NO (numeric id only, confirmed across all 27 weight-class listing pages + all=1 full listing; consistent with PR #234)",,,,
545,丸井 憲一郎,Kenichiro Marui,Clube de Jiu-jitsu,バンタム級 [ -61.2 Kg ]B,2011-08-06,https://www.shooto-mma.com/fighters/?id=545,"NO (numeric id only, confirmed across all 27 weight-class listing pages + all=1 full listing; consistent with PR #234)",kenichiro-marui,,,
1553,丸山 帆波,HONAMI MARUYAMA,リバーサルジム横浜グランドスラム,アマチュア修斗B,2023-04-09,https://www.shooto-mma.com/fighters/?id=1553,"NO (numeric id only, confirmed across all 27 weight-class listing pages + all=1 full listing; consistent with PR #234)",honami-maruyama,,,
1444,丸山 大輝,DAIKI MARUYAMA,マルスジム,ストロー級 [ -52.2 Kg ]B,2022-06-05,https://www.shooto-mma.com/fighters/?id=1444,"NO (numeric id only, confirmed across all 27 weight-class listing pages + all=1 full listing; consistent with PR #234)",daiki-maruyama,,,
2058,マーウィン キランテ,,Sprawl MMA Fitness Gym,バンタム級 [ -61.2 Kg ]B,2026-07-13,https://www.shooto-mma.com/fighters/?id=2058,"NO (numeric id only, confirmed across all 27 weight-class listing pages + all=1 full listing; consistent with PR #234)",,,,
1169,マーカス ヘルド,MARKUS HELD,GERMAN TOP TEAM,フェザー級 [ -65.8 Kg ]B,2019-11-24,https://www.shooto-mma.com/fighters/?id=1169,"NO (numeric id only, confirmed across all 27 weight-class listing pages + all=1 full listing; consistent with PR #234)",markus-held,,,
634,三浦 殺気,Korosuke Miura,,フライ級 [ -56.7 Kg ]B,2011-04-10,https://www.shooto-mma.com/fighters/?id=634,"NO (numeric id only, confirmed across all 27 weight-class listing pages + all=1 full listing; consistent with PR #234)",korosuke-miura,,,
698,三浦 忍,Shinobu Miura,和術慧舟會タイガープレイス,ライト級 [ -70.3 Kg ]B,2009-09-04,https://www.shooto-mma.com/fighters/?id=698,"NO (numeric id only, confirmed across all 27 weight-class listing pages + all=1 full listing; consistent with PR #234)",shinobu-miura,,,
310,三上 譲治,Joji Mikami,修斗GYM東京,フェザー級 [ -65.8 Kg ]B,2017-12-17,https://www.shooto-mma.com/fighters/?id=310,"NO (numeric id only, confirmed across all 27 weight-class listing pages + all=1 full listing; consistent with PR #234)",joji-mikami,,,
610,海鬼袈侍鬼,Mikikajiki,相補体術,バンタム級 [ -61.2 Kg ]B,2014-03-09,https://www.shooto-mma.com/fighters/?id=610,"NO (numeric id only, confirmed across all 27 weight-class listing pages + all=1 full listing; consistent with PR #234)",mikikajiki,,,
409,御子柴 直司,Naoji Mikoshiba,国際空手道連盟 極真会館,ウェルター級 [ -77.1 Kg ]B,2010-05-16,https://www.shooto-mma.com/fighters/?id=409,"NO (numeric id only, confirmed across all 27 weight-class listing pages + all=1 full listing; consistent with PR #234)",naoji-mikoshiba,,,
1032,水島 宏,Hiroshi Mizushima,roots,バンタム級 [ -61.2 Kg ]B,2019-12-22,https://www.shooto-mma.com/fighters/?id=1032,"NO (numeric id only, confirmed across all 27 weight-class listing pages + all=1 full listing; consistent with PR #234)",hiroshi-mizushima,,,
157,水野 稜,Ryo Mizuno,roots,フライ級 [ -56.7 Kg ]B,2015-09-13,https://www.shooto-mma.com/fighters/?id=157,"NO (numeric id only, confirmed across all 27 weight-class listing pages + all=1 full listing; consistent with PR #234)",ryo-mizuno,,,
1250,水野 怜,REI MIZUNO,roots,ウェルター級 [ -77.1 Kg ]B,2019-12-22,https://www.shooto-mma.com/fighters/?id=1250,"NO (numeric id only, confirmed across all 27 weight-class listing pages + all=1 full listing; consistent with PR #234)",rei-mizuno,,,
311,溝口 直右,Naosuke Mizoguchi,誠流会,フェザー級 [ -65.8 Kg ]B,2016-09-04,https://www.shooto-mma.com/fighters/?id=311,"NO (numeric id only, confirmed across all 27 weight-class listing pages + all=1 full listing; consistent with PR #234)",naosuke-mizoguchi,,,
83,三谷 敏生,Toshio Mitani,総合格闘技道場コブラ会,ストロー級 [ -52.2 Kg ]B,2011-09-04,https://www.shooto-mma.com/fighters/?id=83,"NO (numeric id only, confirmed across all 27 weight-class listing pages + all=1 full listing; consistent with PR #234)",toshio-mitani,,,
861,御剣 おかぱー,Okapa Mitsurugi,総斗會三村道場,バンタム級 [ -61.2 Kg ]B,2012-12-09,https://www.shooto-mma.com/fighters/?id=861,"NO (numeric id only, confirmed across all 27 weight-class listing pages + all=1 full listing; consistent with PR #234)",okapa-mitsurugi,,,
1113,未定,Mitei,,ストロー級 [ -52.2 Kg ]B,,https://www.shooto-mma.com/fighters/?id=1113,"NO (numeric id only, confirmed across all 27 weight-class listing pages + all=1 full listing; consistent with PR #234)",mitei,,,
1886,翠川 百華,MOMOKA MIDORIKAWA,TRIBE TOKYO M.M.A,女子アトム級 [ -47.6 Kg ]B,2026-01-18,https://www.shooto-mma.com/fighters/?id=1886,"NO (numeric id only, confirmed across all 27 weight-class listing pages + all=1 full listing; consistent with PR #234)",momoka-midorikawa,,,
1127,南出 剛,Go Minamide,創道塾,バンタム級 [ -61.2 Kg ]B,2020-07-12,https://www.shooto-mma.com/fighters/?id=1127,"NO (numeric id only, confirmed across all 27 weight-class listing pages + all=1 full listing; consistent with PR #234)",go-minamide,,,
1264,峯 望実,NOZOMI MINE,TEAM SMOKER,ライト級 [ -70.3 Kg ]B,2020-01-19,https://www.shooto-mma.com/fighters/?id=1264,"NO (numeric id only, confirmed across all 27 weight-class listing pages + all=1 full listing; consistent with PR #234)",nozomi-mine,,,
84,箕輪 ひろば,Hiroba Minowa,総合格闘技道場STF,ストロー級 [ -52.2 Kg ]B,2020-01-26,https://www.shooto-mma.com/fighters/?id=84,"NO (numeric id only, confirmed across all 27 weight-class listing pages + all=1 full listing; consistent with PR #234)",hiroba-minowa,minowa-hiroba,,
1280,三村 結希,YUKI MIMURA,心技館,キッズ・ジュニア修斗B,,https://www.shooto-mma.com/fighters/?id=1280,"NO (numeric id only, confirmed across all 27 weight-class listing pages + all=1 full listing; consistent with PR #234)",yuki-mimura,,,
1281,宮城 壮一朗,SOUICHIRO MIYAGI,Freedom@oz,キッズ・ジュニア修斗B,,https://www.shooto-mma.com/fighters/?id=1281,"NO (numeric id only, confirmed across all 27 weight-class listing pages + all=1 full listing; consistent with PR #234)",souichiro-miyagi,,,
955,宮城 友一,Yuichi Miyagi,キックボクシングDROP,バンタム級 [ -61.2 Kg ]B,2026-02-18,https://www.shooto-mma.com/fighters/?id=955,"NO (numeric id only, confirmed across all 27 weight-class listing pages + all=1 full listing; consistent with PR #234)",yuichi-miyagi,,,
1970,ミヤギン,MIYAGIN,team Bonds,ヘビー級 [ -120.2 Kg ]B,2026-05-31,https://www.shooto-mma.com/fighters/?id=1970,"NO (numeric id only, confirmed across all 27 weight-class listing pages + all=1 full listing; consistent with PR #234)",miyagin,,,
1487,宮口 浩徳,HIRONORI MIYAGUCHI,マスタージャパン東京,ウェルター級 [ -77.1 Kg ]B,2022-10-15,https://www.shooto-mma.com/fighters/?id=1487,"NO (numeric id only, confirmed across all 27 weight-class listing pages + all=1 full listing; consistent with PR #234)",hironori-miyaguchi,,,
1013,三宅 力,Riki Miyake,,ライト級 [ -70.3 Kg ]B,2001-02-18,https://www.shooto-mma.com/fighters/?id=1013,"NO (numeric id only, confirmed across all 27 weight-class listing pages + all=1 full listing; consistent with PR #234)",riki-miyake,,,
1357,宮澤 ゴリラ 和郎,MIYAZAWA KAZUO,飛翔塾,バンタム級 [ -61.2 Kg ]B,2025-08-31,https://www.shooto-mma.com/fighters/?id=1357,"NO (numeric id only, confirmed across all 27 weight-class listing pages + all=1 full listing; consistent with PR #234)",miyazawa-kazuo,,,
1106,宮崎 清孝,Kiyotaka Miyazaki,有永道場 Team Resolve,フェザー級 [ -65.8 Kg ]B,2022-12-04,https://www.shooto-mma.com/fighters/?id=1106,"NO (numeric id only, confirmed across all 27 weight-class listing pages + all=1 full listing; consistent with PR #234)",kiyotaka-miyazaki,,,
1242,宮路 智之,MOTOSHI MIYAJI,THE BLACKBELT JAPAN,ライト級 [ -70.3 Kg ]B,2026-03-30,https://www.shooto-mma.com/fighters/?id=1242,"NO (numeric id only, confirmed across all 27 weight-class listing pages + all=1 full listing; consistent with PR #234)",motoshi-miyaji,,,
891,宮本 直哉,Naoya Miyamoto,,フェザー級 [ -65.8 Kg ]B,2002-04-21,https://www.shooto-mma.com/fighters/?id=891,"NO (numeric id only, confirmed across all 27 weight-class listing pages + all=1 full listing; consistent with PR #234)",naoya-miyamoto,,,
1639,MIYU,MIYU,DFC Team LEOS,女子B,2023-12-02,https://www.shooto-mma.com/fighters/?id=1639,"NO (numeric id only, confirmed across all 27 weight-class listing pages + all=1 full listing; consistent with PR #234)",miyu,,,
1251,三好 涼太,RYOTA MIYOSHI,総合格闘技道場CROWN,バンタム級 [ -61.2 Kg ]B,2019-12-22,https://www.shooto-mma.com/fighters/?id=1251,"NO (numeric id only, confirmed across all 27 weight-class listing pages + all=1 full listing; consistent with PR #234)",ryota-miyoshi,,,
1120,ムテカツ,Mutekatsu,総合格闘技ゴンズジム,フェザー級 [ -65.8 Kg ]B,2025-09-07,https://www.shooto-mma.com/fighters/?id=1120,"NO (numeric id only, confirmed across all 27 weight-class listing pages + all=1 full listing; consistent with PR #234)",mutekatsu,,,
1121,ムテカツ２,Mutekatsu２,総合格闘技ゴンズジム,フェザー級 [ -65.8 Kg ]B,,https://www.shooto-mma.com/fighters/?id=1121,"NO (numeric id only, confirmed across all 27 weight-class listing pages + all=1 full listing; consistent with PR #234)",mutekatsu２,,,
495,村井 Q太郎 貴史,Takashi Murai,毛利道場,ストロー級 [ -52.2 Kg ]B,2013-06-02,https://www.shooto-mma.com/fighters/?id=495,"NO (numeric id only, confirmed across all 27 weight-class listing pages + all=1 full listing; consistent with PR #234)",takashi-murai,,,
1354,村岡 倫行,MURAOKA,トライデントジム,ライト級 [ -70.3 Kg ]B,2021-10-02,https://www.shooto-mma.com/fighters/?id=1354,"NO (numeric id only, confirmed across all 27 weight-class listing pages + all=1 full listing; consistent with PR #234)",muraoka,,,
312,村田 俊,Shun Murata,ノースキングスジム,フェザー級 [ -65.8 Kg ]B,2016-10-29,https://www.shooto-mma.com/fighters/?id=312,"NO (numeric id only, confirmed across all 27 weight-class listing pages + all=1 full listing; consistent with PR #234)",shun-murata,,,
573,村田 崇,So Murata,修斗GYMS直心会,フェザー級 [ -65.8 Kg ]B,2016-06-19,https://www.shooto-mma.com/fighters/?id=573,"NO (numeric id only, confirmed across all 27 weight-class listing pages + all=1 full listing; consistent with PR #234)",so-murata,,,
666,村田 敏,Satoshi Murata,ノースキングスジム,フェザー級 [ -65.8 Kg ]B,2013-07-28,https://www.shooto-mma.com/fighters/?id=666,"NO (numeric id only, confirmed across all 27 weight-class listing pages + all=1 full listing; consistent with PR #234)",satoshi-murata,,,
866,村津 孝徳,Takanori Muratsu,ライジングサン,フェザー級 [ -65.8 Kg ]B,2018-05-13,https://www.shooto-mma.com/fighters/?id=866,"NO (numeric id only, confirmed across all 27 weight-class listing pages + all=1 full listing; consistent with PR #234)",takanori-muratsu,,,
562,村松 駿,Shun Muramatsu,MMA修斗ジムBLOWS,ライト級 [ -70.3 Kg ]B,2013-08-01,https://www.shooto-mma.com/fighters/?id=562,"NO (numeric id only, confirmed across all 27 weight-class listing pages + all=1 full listing; consistent with PR #234)",shun-muramatsu,,,
1328,村山 大介,DAISUKE MURAYAMA,マスタージャパン,フェザー級 [ -65.8 Kg ]B,2021-07-25,https://www.shooto-mma.com/fighters/?id=1328,"NO (numeric id only, confirmed across all 27 weight-class listing pages + all=1 full listing; consistent with PR #234)",daisuke-murayama,,,
870,村山 英慈,Eiji Murayama,シューティングジム八景,フェザー級 [ -65.8 Kg ]B,2004-03-22,https://www.shooto-mma.com/fighters/?id=870,"NO (numeric id only, confirmed across all 27 weight-class listing pages + all=1 full listing; consistent with PR #234)",eiji-murayama,,,
1983,ムン スンス,,YOUNG GYM,フライ級 [ -56.7 Kg ]B,2026-05-24,https://www.shooto-mma.com/fighters/?id=1983,"NO (numeric id only, confirmed across all 27 weight-class listing pages + all=1 full listing; consistent with PR #234)",,,,
1420,メイヘム 和成,MAYHEM KAZUNARI,パラエストラ小岩,フェザー級 [ -65.8 Kg ]B,2024-09-01,https://www.shooto-mma.com/fighters/?id=1420,"NO (numeric id only, confirmed across all 27 weight-class listing pages + all=1 full listing; consistent with PR #234)",mayhem-kazunari,,,
86,望月 アツシ,Atsushi Mochizuki,パラエストラ札幌,ストロー級 [ -52.2 Kg ]B,2011-10-16,https://www.shooto-mma.com/fighters/?id=86,"NO (numeric id only, confirmed across all 27 weight-class listing pages + all=1 full listing; consistent with PR #234)",atsushi-mochizuki,,,
1424,望月 陽円,,RISING SUN,バンタム級 [ -61.2 Kg ]B,,https://www.shooto-mma.com/fighters/?id=1424,"NO (numeric id only, confirmed across all 27 weight-class listing pages + all=1 full listing; consistent with PR #234)",,,,
440,茂木 康子,Yasuko Motegi,ストライプル,ストロー級 [ -52.2 Kg ]B,,https://www.shooto-mma.com/fighters/?id=440,"NO (numeric id only, confirmed across all 27 weight-class listing pages + all=1 full listing; consistent with PR #234)",yasuko-motegi,,,
1311,基山 幹太,KANTA MOTOYAMA,BELLWOOD FIGHT TEAM,新空手道連盟B,2021-12-19,https://www.shooto-mma.com/fighters/?id=1311,"NO (numeric id only, confirmed across all 27 weight-class listing pages + all=1 full listing; consistent with PR #234)",kanta-motoyama,,,
1059,森 修,Osamu Mori,トライデントジム,ライト級 [ -70.3 Kg ]B,2017-11-19,https://www.shooto-mma.com/fighters/?id=1059,"NO (numeric id only, confirmed across all 27 weight-class listing pages + all=1 full listing; consistent with PR #234)",osamu-mori,,,
87,森 道楽,Doraku Mori,NASCER DO SOL,ストロー級 [ -52.2 Kg ]B,2011-10-02,https://www.shooto-mma.com/fighters/?id=87,"NO (numeric id only, confirmed across all 27 weight-class listing pages + all=1 full listing; consistent with PR #234)",doraku-mori,,,
1679,森 貴史,Mori Takafumi,MMA Zジム,バンタム級 [ -61.2 Kg ]B,2025-10-26,https://www.shooto-mma.com/fighters/?id=1679,"NO (numeric id only, confirmed across all 27 weight-class listing pages + all=1 full listing; consistent with PR #234)",mori-takafumi,,,
457,森 卓也,Takuya Mori,,フライ級 [ -56.7 Kg ]B,2010-11-19,https://www.shooto-mma.com/fighters/?id=457,"NO (numeric id only, confirmed across all 27 weight-class listing pages + all=1 full listing; consistent with PR #234)",takuya-mori,,,
999,森 興二,Koji Mori,クロスワンジム湘南,フェザー級 [ -65.8 Kg ]B,2013-06-22,https://www.shooto-mma.com/fighters/?id=999,"NO (numeric id only, confirmed across all 27 weight-class listing pages + all=1 full listing; consistent with PR #234)",koji-mori,,,
1522,森川 祈,INORI MORIKAWA,誠空会,新空手道連盟B,2022-12-11,https://www.shooto-mma.com/fighters/?id=1522,"NO (numeric id only, confirmed across all 27 weight-class listing pages + all=1 full listing; consistent with PR #234)",inori-morikawa,,,
1060,モリシマン,MORISHIMAN,STYLE PLUS GYM,ライト級 [ -70.3 Kg ]B,2026-07-13,https://www.shooto-mma.com/fighters/?id=1060,"NO (numeric id only, confirmed across all 27 weight-class listing pages + all=1 full listing; consistent with PR #234)",morishiman,,,
1371,森田 興希,KOKI MORITA,パラエストラ松戸,フライ級 [ -56.7 Kg ]B,2022-10-15,https://www.shooto-mma.com/fighters/?id=1371,"NO (numeric id only, confirmed across all 27 weight-class listing pages + all=1 full listing; consistent with PR #234)",koki-morita,,,
1523,森藤 健心,KENSHIN MORITO,極真館大阪北摂,新空手道連盟B,2022-12-11,https://www.shooto-mma.com/fighters/?id=1523,"NO (numeric id only, confirmed across all 27 weight-class listing pages + all=1 full listing; consistent with PR #234)",kenshin-morito,,,
1683,森本 ユタカ,YUTAKA MORIMOTO,THE BLACKBELT JAPAN,バンタム級 [ -61.2 Kg ]B,2024-10-20,https://www.shooto-mma.com/fighters/?id=1683,"NO (numeric id only, confirmed across all 27 weight-class listing pages + all=1 full listing; consistent with PR #234)",yutaka-morimoto,,,
1119,守屋 雅史,Masashi Moriya,SUBMIT MMA,バンタム級 [ -61.2 Kg ]B,2017-12-17,https://www.shooto-mma.com/fighters/?id=1119,"NO (numeric id only, confirmed across all 27 weight-class listing pages + all=1 full listing; consistent with PR #234)",masashi-moriya,,,
1525,安田 竜也,TATSUYA YASUDA,士心館,Stand upB,2022-12-11,https://www.shooto-mma.com/fighters/?id=1525,"NO (numeric id only, confirmed across all 27 weight-class listing pages + all=1 full listing; consistent with PR #234)",tatsuya-yasuda,,,
158,ヤックル 真吾,Yakul Shingo,T-REX柔術アカデミー,フライ級 [ -56.7 Kg ]B,2024-09-22,https://www.shooto-mma.com/fighters/?id=158,"NO (numeric id only, confirmed across all 27 weight-class listing pages + all=1 full listing; consistent with PR #234)",yakul-shingo,,,
718,柳澤 雅樹,Masaki Yanagisawa,パラエストラ東京,フェザー級 [ -65.8 Kg ]B,2010-12-18,https://www.shooto-mma.com/fighters/?id=718,"NO (numeric id only, confirmed across all 27 weight-class listing pages + all=1 full listing; consistent with PR #234)",masaki-yanagisawa,,,
1688,矢野 博之,HIROYUKI YANO,修斗GYM東京,フライ級 [ -56.7 Kg ]B,2024-04-07,https://www.shooto-mma.com/fighters/?id=1688,"NO (numeric id only, confirmed across all 27 weight-class listing pages + all=1 full listing; consistent with PR #234)",hiroyuki-yano,,,
745,矢野 勝義,Katsuyoshi Yano,,ライト級 [ -70.3 Kg ]B,,https://www.shooto-mma.com/fighters/?id=745,"NO (numeric id only, confirmed across all 27 weight-class listing pages + all=1 full listing; consistent with PR #234)",katsuyoshi-yano,,,
512,矢作 尚紀,Naoki Yahagi,PUREBRED大宮,バンタム級 [ -61.2 Kg ]B,2007-06-02,https://www.shooto-mma.com/fighters/?id=512,"NO (numeric id only, confirmed across all 27 weight-class listing pages + all=1 full listing; consistent with PR #234)",naoki-yahagi,,,
506,山石 大樹,Daiki Yamaishi,,フライ級 [ -56.7 Kg ]B,2009-04-12,https://www.shooto-mma.com/fighters/?id=506,"NO (numeric id only, confirmed across all 27 weight-class listing pages + all=1 full listing; consistent with PR #234)",daiki-yamaishi,,,
1348,山内 渉,WATARU YAMAUCHI,FIGHT FARM,フライ級 [ -56.7 Kg ]B,2025-09-02,https://www.shooto-mma.com/fighters/?id=1348,"NO (numeric id only, confirmed across all 27 weight-class listing pages + all=1 full listing; consistent with PR #234)",wataru-yamauchi,,YES,
1449,山内 絵里,ERI YAMAUCHI,マルスジム,アマチュア修斗B,2022-06-05,https://www.shooto-mma.com/fighters/?id=1449,"NO (numeric id only, confirmed across all 27 weight-class listing pages + all=1 full listing; consistent with PR #234)",eri-yamauchi,,,
365,山川 唯,Yui Yamakawa,NEW GROUND,ライト級 [ -70.3 Kg ]B,2015-06-28,https://www.shooto-mma.com/fighters/?id=365,"NO (numeric id only, confirmed across all 27 weight-class listing pages + all=1 full listing; consistent with PR #234)",yui-yamakawa,,,
778,山口 さゆり,Sayuri Yamaguchi,和術慧舟會HEARTS,ストロー級 [ -52.2 Kg ]B,,https://www.shooto-mma.com/fighters/?id=778,"NO (numeric id only, confirmed across all 27 weight-class listing pages + all=1 full listing; consistent with PR #234)",sayuri-yamaguchi,,,
1034,山口 翔,Sho Yamaguchi,TEAMバナナ,バンタム級 [ -61.2 Kg ]B,2017-09-10,https://www.shooto-mma.com/fighters/?id=1034,"NO (numeric id only, confirmed across all 27 weight-class listing pages + all=1 full listing; consistent with PR #234)",sho-yamaguchi,,,
1352,山口 峻,YAMAGUCHI,ブレイブハート,フライ級 [ -56.7 Kg ]B,2022-08-21,https://www.shooto-mma.com/fighters/?id=1352,"NO (numeric id only, confirmed across all 27 weight-class listing pages + all=1 full listing; consistent with PR #234)",yamaguchi,,,
1652,山口 悠真,YUMA YAMAGUCHI,ジムファイターズ,Stand upB,2024-12-29,https://www.shooto-mma.com/fighters/?id=1652,"NO (numeric id only, confirmed across all 27 weight-class listing pages + all=1 full listing; consistent with PR #234)",yuma-yamaguchi,,,
961,山口 友花里,Yukari Yamaguchi,空手道白心会,女子アトム級 [ -47.6 Kg ]B,2015-06-21,https://www.shooto-mma.com/fighters/?id=961,"NO (numeric id only, confirmed across all 27 weight-class listing pages + all=1 full listing; consistent with PR #234)",yukari-yamaguchi,,,
313,山崎 ターザン 諭章,Tsuguaki Yamasaki,TKエスペランサ,フェザー級 [ -65.8 Kg ]B,2015-09-06,https://www.shooto-mma.com/fighters/?id=313,"NO (numeric id only, confirmed across all 27 weight-class listing pages + all=1 full listing; consistent with PR #234)",tsuguaki-yamasaki,,,
1556,山下 楓人,FUTO YAMASHITA,坂口道場,キッズ・ジュニア修斗B,2023-04-09,https://www.shooto-mma.com/fighters/?id=1556,"NO (numeric id only, confirmed across all 27 weight-class listing pages + all=1 full listing; consistent with PR #234)",futo-yamashita,,,
851,山下 悟史,Satoshi Yamashita,,バンタム級 [ -61.2 Kg ]B,2005-11-29,https://www.shooto-mma.com/fighters/?id=851,"NO (numeric id only, confirmed across all 27 weight-class listing pages + all=1 full listing; consistent with PR #234)",satoshi-yamashita,,,
1052,山城 翔,Sho Yamashiro,Theパラエストラ沖縄,バンタム級 [ -61.2 Kg ]B,2019-11-03,https://www.shooto-mma.com/fighters/?id=1052,"NO (numeric id only, confirmed across all 27 weight-class listing pages + all=1 full listing; consistent with PR #234)",sho-yamashiro,,,
1326,山田 崇太郎,SOTARO YAMADA,ThePandemonium,ウェルター級 [ -77.1 Kg ]B,2022-03-21,https://www.shooto-mma.com/fighters/?id=1326,"NO (numeric id only, confirmed across all 27 weight-class listing pages + all=1 full listing; consistent with PR #234)",sotaro-yamada,,,
1640,山田 海南江,KANAE YAMADA,IGLOO,グラップリングB,2023-12-02,https://www.shooto-mma.com/fighters/?id=1640,"NO (numeric id only, confirmed across all 27 weight-class listing pages + all=1 full listing; consistent with PR #234)",kanae-yamada,,,
662,山田 啓介,Keisuke Yamada,,フェザー級 [ -65.8 Kg ]B,2006-10-01,https://www.shooto-mma.com/fighters/?id=662,"NO (numeric id only, confirmed across all 27 weight-class listing pages + all=1 full listing; consistent with PR #234)",keisuke-yamada,,,
233,山田 丑伍郎,Ushigoro Yamada,修斗GYM東京,バンタム級 [ -61.2 Kg ]B,2016-10-16,https://www.shooto-mma.com/fighters/?id=233,"NO (numeric id only, confirmed across all 27 weight-class listing pages + all=1 full listing; consistent with PR #234)",ushigoro-yamada,,,
1272,山田 新大,ARATA YAMADA,建武館,キッズ・ジュニア修斗B,2020-01-26,https://www.shooto-mma.com/fighters/?id=1272,"NO (numeric id only, confirmed across all 27 weight-class listing pages + all=1 full listing; consistent with PR #234)",arata-yamada,,,
1131,大翔,Yamato,BURST,ストロー級 [ -52.2 Kg ]B,2019-11-03,https://www.shooto-mma.com/fighters/?id=1131,"NO (numeric id only, confirmed across all 27 weight-class listing pages + all=1 full listing; consistent with PR #234)",yamato,,,
501,大和,Yamato,,ストロー級 [ -52.2 Kg ]B,2012-07-08,https://www.shooto-mma.com/fighters/?id=501,"NO (numeric id only, confirmed across all 27 weight-class listing pages + all=1 full listing; consistent with PR #234)",yamato,,,
1026,山本 哲也,Tetsuya Yamamoto,SUBMIT MMA,フェザー級 [ -65.8 Kg ]B,2016-09-19,https://www.shooto-mma.com/fighters/?id=1026,"NO (numeric id only, confirmed across all 27 weight-class listing pages + all=1 full listing; consistent with PR #234)",tetsuya-yamamoto,,,
314,山本 健斗 デリカット,KENTO DERRICOTT,総合格闘技道場コブラ会,フェザー級 [ -65.8 Kg ]B,2025-11-22,https://www.shooto-mma.com/fighters/?id=314,"NO (numeric id only, confirmed across all 27 weight-class listing pages + all=1 full listing; consistent with PR #234)",kento-derricott,,,
1722,山本 壮馬,SOMA YAMAMOTO,パラエストラ和泉,フライ級 [ -56.7 Kg ]B,2026-04-26,https://www.shooto-mma.com/fighters/?id=1722,"NO (numeric id only, confirmed across all 27 weight-class listing pages + all=1 full listing; consistent with PR #234)",soma-yamamoto,,,
444,山本 高史,Takashi Yamamoto,ALIVE,ストロー級 [ -52.2 Kg ]B,2005-03-27,https://www.shooto-mma.com/fighters/?id=444,"NO (numeric id only, confirmed across all 27 weight-class listing pages + all=1 full listing; consistent with PR #234)",takashi-yamamoto,,,
478,山本 達也,Tatsuya Yamamoto,,ストロー級 [ -52.2 Kg ]B,2011-10-16,https://www.shooto-mma.com/fighters/?id=478,"NO (numeric id only, confirmed across all 27 weight-class listing pages + all=1 full listing; consistent with PR #234)",tatsuya-yamamoto,,,
1516,山本 敦章,YAMAMOTO NOBUAKI,THE BLACKBELT JAPAN,バンタム級 [ -61.2 Kg ]B,2026-07-13,https://www.shooto-mma.com/fighters/?id=1516,"NO (numeric id only, confirmed across all 27 weight-class listing pages + all=1 full listing; consistent with PR #234)",yamamoto-nobuaki,,,
1021,山本 勇気,Yuki Yamamoto,パラエストラ千葉,ライト級 [ -70.3 Kg ]B,2017-01-29,https://www.shooto-mma.com/fighters/?id=1021,"NO (numeric id only, confirmed across all 27 weight-class listing pages + all=1 full listing; consistent with PR #234)",yuki-yamamoto,,,
1534,山本 琢也,TAKUYA YAMAMOTO,パラエストラ千葉,フェザー級 [ -65.8 Kg ]B,2023-01-15,https://www.shooto-mma.com/fighters/?id=1534,"NO (numeric id only, confirmed across all 27 weight-class listing pages + all=1 full listing; consistent with PR #234)",takuya-yamamoto,,,
410,湯浅 ウエッサイ 友和,Tomokazu Yuasa,シューティングジム大阪,ウェルター級 [ -77.1 Kg ]B,2012-07-08,https://www.shooto-mma.com/fighters/?id=410,"NO (numeric id only, confirmed across all 27 weight-class listing pages + all=1 full listing; consistent with PR #234)",tomokazu-yuasa,,,
895,安永 有希,Yuki Yasunaga,東京イエローマンズ,フライ級 [ -56.7 Kg ]B,2009-09-20,https://www.shooto-mma.com/fighters/?id=895,"NO (numeric id only, confirmed across all 27 weight-class listing pages + all=1 full listing; consistent with PR #234)",yuki-yasunaga,,,
642,結城 大樹,DAIKI YUKI,MASTER JAPAN FUKUOKA,フェザー級 [ -65.8 Kg ]B,2026-05-17,https://www.shooto-mma.com/fighters/?id=642,"NO (numeric id only, confirmed across all 27 weight-class listing pages + all=1 full listing; consistent with PR #234)",daiki-yuki,,YES,
226,勇鬼,Yuki,ロデオスタイル,バンタム級 [ -61.2 Kg ]B,2008-06-26,https://www.shooto-mma.com/fighters/?id=226,"NO (numeric id only, confirmed across all 27 weight-class listing pages + all=1 full listing; consistent with PR #234)",yuki,,,
1058,Ju-sei Aquila,Ju-sei Aquila,パラエストラ小岩,ライト級 [ -70.3 Kg ]B,2018-08-03,https://www.shooto-mma.com/fighters/?id=1058,"NO (numeric id only, confirmed across all 27 weight-class listing pages + all=1 full listing; consistent with PR #234)",ju-sei-aquila,,,
315,湯川 和弥,Kazuya Yukawa,シューティングジム横浜,フェザー級 [ -65.8 Kg ]B,2015-12-20,https://www.shooto-mma.com/fighters/?id=315,"NO (numeric id only, confirmed across all 27 weight-class listing pages + all=1 full listing; consistent with PR #234)",kazuya-yukawa,,,
594,YUZO,YUZO,,ライト級 [ -70.3 Kg ]B,,https://www.shooto-mma.com/fighters/?id=594,"NO (numeric id only, confirmed across all 27 weight-class listing pages + all=1 full listing; consistent with PR #234)",yuzo,,,
583,ユータ＆ロック,Yuta & Rock,秋本道場Jungle Junction,フェザー級 [ -65.8 Kg ]B,2013-10-05,https://www.shooto-mma.com/fighters/?id=583,"NO (numeric id only, confirmed across all 27 weight-class listing pages + all=1 full listing; consistent with PR #234)",yuta-rock,,,
1344,鷹介,YOSUKE,,新空手道連盟B,2026-12-31,https://www.shooto-mma.com/fighters/?id=1344,"NO (numeric id only, confirmed across all 27 weight-class listing pages + all=1 full listing; consistent with PR #234)",yosuke,,,
720,YOKOSAI,YOKOSAI,SAI-GYM,フェザー級 [ -65.8 Kg ]B,2023-09-03,https://www.shooto-mma.com/fighters/?id=720,"NO (numeric id only, confirmed across all 27 weight-class listing pages + all=1 full listing; consistent with PR #234)",yokosai,,,
1434,横田 大空,KANATA YOKOTA,X-TREME EBINA,キッズ・ジュニア修斗B,2022-05-22,https://www.shooto-mma.com/fighters/?id=1434,"NO (numeric id only, confirmed across all 27 weight-class listing pages + all=1 full listing; consistent with PR #234)",kanata-yokota,,,
1232,横田 唯奈,YUINA YOKOTA,心技館,キッズ・ジュニア修斗B,2019-09-22,https://www.shooto-mma.com/fighters/?id=1232,"NO (numeric id only, confirmed across all 27 weight-class listing pages + all=1 full listing; consistent with PR #234)",yuina-yokota,,,
722,横山 ☆ 三等兵,Santohei Yokoyama,BURST,フライ級 [ -56.7 Kg ]B,2012-12-15,https://www.shooto-mma.com/fighters/?id=722,"NO (numeric id only, confirmed across all 27 weight-class listing pages + all=1 full listing; consistent with PR #234)",santohei-yokoyama,,,
1184,ヨシ イノウエ,YOSHI INOUE,パラエストラTB,ライト級 [ -70.3 Kg ]B,2025-09-21,https://www.shooto-mma.com/fighters/?id=1184,"NO (numeric id only, confirmed across all 27 weight-class listing pages + all=1 full listing; consistent with PR #234)",yoshi-inoue,,,
1073,吉井 龍城,Ryuki Yoshii,修斗GYMS直心会,キッズ・ジュニア修斗B,2017-01-29,https://www.shooto-mma.com/fighters/?id=1073,"NO (numeric id only, confirmed across all 27 weight-class listing pages + all=1 full listing; consistent with PR #234)",ryuki-yoshii,,,
1594,吉岡 龍輝,RYUKI YOSHIOKA,及川道場,キックボクシングB,2024-07-28,https://www.shooto-mma.com/fighters/?id=1594,"NO (numeric id only, confirmed across all 27 weight-class listing pages + all=1 full listing; consistent with PR #234)",ryuki-yoshioka,,,
411,吉川 雷鳴,Yoshioka Raimei,PUREBRED鳥取,ウェルター級 [ -77.1 Kg ]B,,https://www.shooto-mma.com/fighters/?id=411,"NO (numeric id only, confirmed across all 27 weight-class listing pages + all=1 full listing; consistent with PR #234)",yoshioka-raimei,,,
432,吉岡 直樹,Naoki Yoshioka,パラエストラ熊本,ミドル級 [ -83.9 Kg ]B,,https://www.shooto-mma.com/fighters/?id=432,"NO (numeric id only, confirmed across all 27 weight-class listing pages + all=1 full listing; consistent with PR #234)",naoki-yoshioka,,,
234,吉岡 信一,Shinichi Yoshioka,パラエストラ東京,バンタム級 [ -61.2 Kg ]B,2011-06-11,https://www.shooto-mma.com/fighters/?id=234,"NO (numeric id only, confirmed across all 27 weight-class listing pages + all=1 full listing; consistent with PR #234)",shinichi-yoshioka,,,
697,夜獅鬼,Yoshiki,パラエストラ札幌,フェザー級 [ -65.8 Kg ]B,2007-05-18,https://www.shooto-mma.com/fighters/?id=697,"NO (numeric id only, confirmed across all 27 weight-class listing pages + all=1 full listing; consistent with PR #234)",yoshiki,,,
584,吉田 真也,Shinya Yoshida,パラエストラ福島,フェザー級 [ -65.8 Kg ]B,2013-09-22,https://www.shooto-mma.com/fighters/?id=584,"NO (numeric id only, confirmed across all 27 weight-class listing pages + all=1 full listing; consistent with PR #234)",shinya-yoshida,,,
88,吉田 和行,Kazuyuki Yoshida,パラエストラ福島,ストロー級 [ -52.2 Kg ]B,2010-06-27,https://www.shooto-mma.com/fighters/?id=88,"NO (numeric id only, confirmed across all 27 weight-class listing pages + all=1 full listing; consistent with PR #234)",kazuyuki-yoshida,,,
89,吉田 朋彦,Tomohiko Yoshida,G-FREE,ストロー級 [ -52.2 Kg ]B,2014-04-27,https://www.shooto-mma.com/fighters/?id=89,"NO (numeric id only, confirmed across all 27 weight-class listing pages + all=1 full listing; consistent with PR #234)",tomohiko-yoshida,,,
873,吉田 ☆ １６号,Yoshida No.16,BURST,ライト級 [ -70.3 Kg ]B,2012-04-14,https://www.shooto-mma.com/fighters/?id=873,"NO (numeric id only, confirmed across all 27 weight-class listing pages + all=1 full listing; consistent with PR #234)",yoshida-no16,,,
886,吉田 善行,Yoshiyuki Yoshida,東京イエローマンズ,ウェルター級 [ -77.1 Kg ]B,2005-12-17,https://www.shooto-mma.com/fighters/?id=886,"NO (numeric id only, confirmed across all 27 weight-class listing pages + all=1 full listing; consistent with PR #234)",yoshiyuki-yoshida,,,
159,吉田 イサヲ,Isao Yoshida,ノースキングスジム,フライ級 [ -56.7 Kg ]B,2016-10-29,https://www.shooto-mma.com/fighters/?id=159,"NO (numeric id only, confirmed across all 27 weight-class listing pages + all=1 full listing; consistent with PR #234)",isao-yoshida,,,
441,吉田 正子,Masako Yoshida,アゲ♂アゲ☆,ストロー級 [ -52.2 Kg ]B,2007-01-26,https://www.shooto-mma.com/fighters/?id=441,"NO (numeric id only, confirmed across all 27 weight-class listing pages + all=1 full listing; consistent with PR #234)",masako-yoshida,,,
1558,吉成 はるか,HARUKA YOSHINARI,パラエストラ小岩,女子ストロー級B,2026-05-17,https://www.shooto-mma.com/fighters/?id=1558,"NO (numeric id only, confirmed across all 27 weight-class listing pages + all=1 full listing; consistent with PR #234)",haruka-yoshinari,,,
700,芳原 零,Rei Yoshihara,ブレイブハート,フライ級 [ -56.7 Kg ]B,2018-10-26,https://www.shooto-mma.com/fighters/?id=700,"NO (numeric id only, confirmed across all 27 weight-class listing pages + all=1 full listing; consistent with PR #234)",rei-yoshihara,,,
1541,吉村 柚咲,YUZUSA YOSHIMURA,X-TREAM EBINA,キッズ・ジュニア修斗B,2024-12-15,https://www.shooto-mma.com/fighters/?id=1541,"NO (numeric id only, confirmed across all 27 weight-class listing pages + all=1 full listing; consistent with PR #234)",yuzusa-yoshimura,,,
1901,吉村 拓海,TAKUMI YOSHIMURA,TRIBE TOKYO M.M.A,バンタム級 [ -61.2 Kg ]B,2026-04-11,https://www.shooto-mma.com/fighters/?id=1901,"NO (numeric id only, confirmed across all 27 weight-class listing pages + all=1 full listing; consistent with PR #234)",takumi-yoshimura,,,
474,吉村 KANICHIRO,Kanichiro Yoshimura,フリー,ストロー級 [ -52.2 Kg ]B,2013-09-01,https://www.shooto-mma.com/fighters/?id=474,"NO (numeric id only, confirmed across all 27 weight-class listing pages + all=1 full listing; consistent with PR #234)",kanichiro-yoshimura,,,
90,吉本 少彦名,Sukunahikona Yoshimoto,トリスケリオン柔術アカデミー,ストロー級 [ -52.2 Kg ]B,2016-11-13,https://www.shooto-mma.com/fighters/?id=90,"NO (numeric id only, confirmed across all 27 weight-class listing pages + all=1 full listing; consistent with PR #234)",sukunahikona-yoshimoto,,,
412,鎧 トシヒロ,Toshihiro Yoroi,シューティングジム大阪,ウェルター級 [ -77.1 Kg ]B,2009-04-29,https://www.shooto-mma.com/fighters/?id=412,"NO (numeric id only, confirmed across all 27 weight-class listing pages + all=1 full listing; consistent with PR #234)",toshihiro-yoroi,,,
1481,ライカ,RAIKA,RIGHT THING ACADEMY,女子フライ級B,2022-11-27,https://www.shooto-mma.com/fighters/?id=1481,"NO (numeric id only, confirmed across all 27 weight-class listing pages + all=1 full listing; consistent with PR #234)",raika,,,
1615,ライダーHIRO,RIDER HIRO,シューティング宇留野道場,バンタム級 [ -61.2 Kg ]B,2026-07-20,https://www.shooto-mma.com/fighters/?id=1615,"NO (numeric id only, confirmed across all 27 weight-class listing pages + all=1 full listing; consistent with PR #234)",rider-hiro,,,
860,雷也,Raiya,ゼロ戦クラブ,バンタム級 [ -61.2 Kg ]B,2012-07-08,https://www.shooto-mma.com/fighters/?id=860,"NO (numeric id only, confirmed across all 27 weight-class listing pages + all=1 full listing; consistent with PR #234)",raiya,,,
1097,ライリー ドゥトロ,RILEY DUTRO,I＆I TRAINING CENTER,フライ級 [ -56.7 Kg ]B,2018-01-28,https://www.shooto-mma.com/fighters/?id=1097,"NO (numeric id only, confirmed across all 27 weight-class listing pages + all=1 full listing; consistent with PR #234)",riley-dutro,,,
235,狸瑪猿 シュン,Shun Ribazaru,リバーサルジム東京スタンドアウト,バンタム級 [ -61.2 Kg ]B,2015-08-23,https://www.shooto-mma.com/fighters/?id=235,"NO (numeric id only, confirmed across all 27 weight-class listing pages + all=1 full listing; consistent with PR #234)",shun-ribazaru,,,
1320,柳 仙香,NORIKA RYU,ALLIANCE,女子ストロー級B,2022-07-17,https://www.shooto-mma.com/fighters/?id=1320,"NO (numeric id only, confirmed across all 27 weight-class listing pages + all=1 full listing; consistent with PR #234)",norika-ryu,,,
1493,亮我,RYOGA,総合格闘技ゴンズジム,フライ級 [ -56.7 Kg ]B,2025-11-16,https://www.shooto-mma.com/fighters/?id=1493,"NO (numeric id only, confirmed across all 27 weight-class listing pages + all=1 full listing; consistent with PR #234)",ryoga,ryoga,,YES
1699,リー グワーンジェン,LIGUANGZHEN,,女子ストロー級B,2024-05-19,https://www.shooto-mma.com/fighters/?id=1699,"NO (numeric id only, confirmed across all 27 weight-class listing pages + all=1 full listing; consistent with PR #234)",liguangzhen,,,
1921,ルケ コンセイソン,,Revira Black Team,フライ級 [ -56.7 Kg ]B,2026-03-30,https://www.shooto-mma.com/fighters/?id=1921,"NO (numeric id only, confirmed across all 27 weight-class listing pages + all=1 full listing; consistent with PR #234)",,,,
1076,ルーベン デュラン,Reuben Duran,CQUENCE JIUJITSU,バンタム級 [ -61.2 Kg ]B,2017-07-23,https://www.shooto-mma.com/fighters/?id=1076,"NO (numeric id only, confirmed across all 27 weight-class listing pages + all=1 full listing; consistent with PR #234)",reuben-duran,,,
413,レッツ 豪太,Gota Let's,総合格闘技道場コブラ会,ウェルター級 [ -77.1 Kg ]B,2011-12-18,https://www.shooto-mma.com/fighters/?id=413,"NO (numeric id only, confirmed across all 27 weight-class listing pages + all=1 full listing; consistent with PR #234)",gota-lets,,,
872,ＲＥＤスレイヤー がい,Red Slayer Guy,,フェザー級 [ -65.8 Kg ]B,2001-08-15,https://www.shooto-mma.com/fighters/?id=872,"NO (numeric id only, confirmed across all 27 weight-class listing pages + all=1 full listing; consistent with PR #234)",red-slayer-guy,,,
91,Red Pine ☆ 大助,Daisuke Red Pine,BURST,ストロー級 [ -52.2 Kg ]B,2018-04-22,https://www.shooto-mma.com/fighters/?id=91,"NO (numeric id only, confirmed across all 27 weight-class listing pages + all=1 full listing; consistent with PR #234)",daisuke-red-pine,,,
1703,ロ ジュンヨン,ZHENGYONG LU,Team YFU,フライ級 [ -56.7 Kg ]B,2024-05-19,https://www.shooto-mma.com/fighters/?id=1703,"NO (numeric id only, confirmed across all 27 weight-class listing pages + all=1 full listing; consistent with PR #234)",zhengyong-lu,,,
1535,ロイベ・デ・オリベイラ・ネイト,LOIBE DE OLIVEIRA NETO,EVOLUCAO THAI,フェザー級 [ -65.8 Kg ]B,2023-05-21,https://www.shooto-mma.com/fighters/?id=1535,"NO (numeric id only, confirmed across all 27 weight-class listing pages + all=1 full listing; consistent with PR #234)",loibe-de-oliveira-neto,,,
1587,老翁,ROUOU,ネックススポーツ,フェザー級 [ -65.8 Kg ]B,2024-09-29,https://www.shooto-mma.com/fighters/?id=1587,"NO (numeric id only, confirmed across all 27 weight-class listing pages + all=1 full listing; consistent with PR #234)",rouou,,,
160,六本木 洋,Hiroshi Roppongi,総合格闘技道場STF,フライ級 [ -56.7 Kg ]B,2020-11-29,https://www.shooto-mma.com/fighters/?id=160,"NO (numeric id only, confirmed across all 27 weight-class listing pages + all=1 full listing; consistent with PR #234)",hiroshi-roppongi,,,
1187,ロドニー モンダラ,RODNEY MONDALA,UFC GYM BJ PENN,バンタム級 [ -61.2 Kg ]B,2019-03-24,https://www.shooto-mma.com/fighters/?id=1187,"NO (numeric id only, confirmed across all 27 weight-class listing pages + all=1 full listing; consistent with PR #234)",rodney-mondala,,,
1089,論田 愛空隆,Akuri Ronda,心技館,フェザー級 [ -65.8 Kg ]B,2022-09-19,https://www.shooto-mma.com/fighters/?id=1089,"NO (numeric id only, confirmed across all 27 weight-class listing pages + all=1 full listing; consistent with PR #234)",akuri-ronda,,,
1174,若林 耕平,KOUSUKE WAKABAYASHI,総合格闘技道場コブラ会,ストロー級 [ -52.2 Kg ]B,2019-06-30,https://www.shooto-mma.com/fighters/?id=1174,"NO (numeric id only, confirmed across all 27 weight-class listing pages + all=1 full listing; consistent with PR #234)",kousuke-wakabayashi,,,
958,若松 佑弥,Yuya Wakamatsu,TRIBE TOKYO M.M.A,フライ級 [ -56.7 Kg ]B,2015-06-21,https://www.shooto-mma.com/fighters/?id=958,"NO (numeric id only, confirmed across all 27 weight-class listing pages + all=1 full listing; consistent with PR #234)",yuya-wakamatsu,yuya-wakamatsu,,
1454,若宮 龍斗,RYUTO WAKAMIYA,KAMIKAZE DOJO MMA,フライ級 [ -56.7 Kg ]B,2026-05-17,https://www.shooto-mma.com/fighters/?id=1454,"NO (numeric id only, confirmed across all 27 weight-class listing pages + all=1 full listing; consistent with PR #234)",ryuto-wakamiya,,,
1035,脇本 恭平,Kyohei Wakimoto,チームツチヤマン,ウェルター級 [ -77.1 Kg ]B,2017-09-10,https://www.shooto-mma.com/fighters/?id=1035,"NO (numeric id only, confirmed across all 27 weight-class listing pages + all=1 full listing; consistent with PR #234)",kyohei-wakimoto,,,
1047,脇山 直明,Naoaki Wakiyama,相補体術,ストロー級 [ -52.2 Kg ]B,,https://www.shooto-mma.com/fighters/?id=1047,"NO (numeric id only, confirmed across all 27 weight-class listing pages + all=1 full listing; consistent with PR #234)",naoaki-wakiyama,,,
1536,渡辺 彩華,AYAKA WATANABE,AACC/IDEA ASAKUSA,女子スーパーアトム級B,2026-07-20,https://www.shooto-mma.com/fighters/?id=1536,"NO (numeric id only, confirmed across all 27 weight-class listing pages + all=1 full listing; consistent with PR #234)",ayaka-watanabe,,YES,
554,久遠,Hisae,ZERO,女子アトム級 [ -47.6 Kg ]B,2023-05-21,https://www.shooto-mma.com/fighters/?id=554,"NO (numeric id only, confirmed across all 27 weight-class listing pages + all=1 full listing; consistent with PR #234)",hisae,,,
572,渡辺 紘司,Hiroshi Watanabe,緒方道場,フェザー級 [ -65.8 Kg ]B,2015-10-15,https://www.shooto-mma.com/fighters/?id=572,"NO (numeric id only, confirmed across all 27 weight-class listing pages + all=1 full listing; consistent with PR #234)",hiroshi-watanabe,,,
630,渡邊 MAD 康司,Koji Watanabe,,バンタム級 [ -61.2 Kg ]B,2004-01-24,https://www.shooto-mma.com/fighters/?id=630,"NO (numeric id only, confirmed across all 27 weight-class listing pages + all=1 full listing; consistent with PR #234)",koji-watanabe,,,
1149,渡邉 櫂,KAI WATANABE,SHOOTO GYM K'z FACTORY,キッズ・ジュニア修斗B,2018-09-23,https://www.shooto-mma.com/fighters/?id=1149,"NO (numeric id only, confirmed across all 27 weight-class listing pages + all=1 full listing; consistent with PR #234)",kai-watanabe,,,
1002,渡部 修斗,Shooto Watanabe,NEXUSENSE,バンタム級 [ -61.2 Kg ]B,2013-06-22,https://www.shooto-mma.com/fighters/?id=1002,"NO (numeric id only, confirmed across all 27 weight-class listing pages + all=1 full listing; consistent with PR #234)",shooto-watanabe,,,
1263,綿谷 誠,MAKOTO WATAYA,BLOWS,バンタム級 [ -61.2 Kg ]B,2022-12-11,https://www.shooto-mma.com/fighters/?id=1263,"NO (numeric id only, confirmed across all 27 weight-class listing pages + all=1 full listing; consistent with PR #234)",makoto-wataya,,,
628,亘理 崇麿,Takamaro Watari,,バンタム級 [ -61.2 Kg ]B,2006-05-12,https://www.shooto-mma.com/fighters/?id=628,"NO (numeric id only, confirmed across all 27 weight-class listing pages + all=1 full listing; consistent with PR #234)",takamaro-watari,,,
1408,和田 千聖,CHISATO WADA,毛利道場,女子ストロー級B,2022-12-04,https://www.shooto-mma.com/fighters/?id=1408,"NO (numeric id only, confirmed across all 27 weight-class listing pages + all=1 full listing; consistent with PR #234)",chisato-wada,,,
1426,和田 教良,YOSHINORI WADA,ガイオジム,バンタム級 [ -61.2 Kg ]B,2023-06-18,https://www.shooto-mma.com/fighters/?id=1426,"NO (numeric id only, confirmed across all 27 weight-class listing pages + all=1 full listing; consistent with PR #234)",yoshinori-wada,,,
923,割田 康士,Yasushi Warita,拳桜会,ウェルター級 [ -77.1 Kg ]B,,https://www.shooto-mma.com/fighters/?id=923,"NO (numeric id only, confirmed across all 27 weight-class listing pages + all=1 full listing; consistent with PR #234)",yasushi-warita,,,
1919,ヴィクター バレンズエラ,,MMA MASTERS,ウェルター級 [ -77.1 Kg ]B,2026-03-30,https://www.shooto-mma.com/fighters/?id=1919,"NO (numeric id only, confirmed across all 27 weight-class listing pages + all=1 full listing; consistent with PR #234)",,,YES,
